{
  "elastic_constants_GPa": {
    "C11": 110.50537545888,
    "C12": 1.9417877476800003,
    "C13": 31.017117166539997,
    "C33": 90.469656426,
    "C44": 22.30113807184,
    "C66": 19.24135131792,
    "B_Voigt": 48.825827945031115
  },
  "full_C_GPa": [
    [
      110.50537545888,
      1.9417877476800003,
      29.950604956639996,
      0.0,
      0.0,
      0.0
    ],
    [
      1.9417877476800003,
      110.50537545888,
      29.98002598312,
      0.0,
      0.0,
      0.0
    ],
    [
      32.068918863200004,
      32.068918863200004,
      90.469656426,
      0.0,
      0.0,
      0.0
    ],
    [
      -0.0,
      0.0,
      0.0,
      22.30113807184,
      -0.0,
      -0.0
    ],
    [
      0.0,
      0.0,
      0.0,
      0.0,
      22.30113807184,
      0.0
    ],
    [
      0.0,
      0.0,
      0.0,
      -0.0,
      0.0,
      19.24135131792
    ]
  ],
  "stresses_GPa": {
    "xx_p": [
      0.5375221537896,
      -0.0,
      0.12445094201040001,
      -0.0,
      0.0,
      0.0
    ],
    "xx_m": [
      -0.5675316007992,
      -0.019417877476800002,
      -0.1962382466216,
      0.0,
      0.0,
      0.0
    ],
    "yy_p": [
      -0.0,
      0.5375221537896,
      0.12445094201040001,
      -0.0,
      0.0,
      0.0
    ],
    "yy_m": [
      -0.019417877476800002,
      -0.5675316007992,
      -0.1962382466216,
      -0.0,
      0.0,
      0.0
    ],
    "zz_p": [
      0.10856358771119999,
      0.10885779797600001,
      0.4239569915768,
      0.0,
      0.0,
      0.0
    ],
    "zz_m": [
      -0.1909424618552,
      -0.1909424618552,
      -0.4807395726832,
      0.0,
      0.0,
      0.0
    ],
    "yz_p": [
      -0.001471051324,
      -0.0105915695328,
      -0.017064195358399998,
      0.11150569035920001,
      0.0,
      -0.0
    ],
    "yz_m": [
      -0.001471051324,
      -0.0105915695328,
      -0.017064195358399998,
      -0.11150569035920001,
      0.0,
      0.0
    ],
    "xz_p": [
      -0.0108857797976,
      -0.001471051324,
      -0.017064195358399998,
      -0.0,
      0.11150569035920001,
      0.0
    ],
    "xz_m": [
      -0.0108857797976,
      -0.001471051324,
      -0.017064195358399998,
      0.0,
      -0.11150569035920001,
      0.0
    ],
    "xy_p": [
      -0.012945251651200002,
      -0.0126510413864,
      -0.043248908925599995,
      -0.0,
      0.0,
      0.0962067565896
    ],
    "xy_m": [
      -0.012945251651200002,
      -0.0126510413864,
      -0.043248908925599995,
      0.0,
      0.0,
      -0.0962067565896
    ]
  }
}