{
  "elastic_constants_GPa": {
    "C11": 106.48940534436,
    "C12": -0.9414728473599976,
    "C13": 31.98801104038,
    "C33": 76.11219550376,
    "C44": 21.06545495968,
    "C66": 16.59345893472,
    "B_Voigt": 46.12890051769778
  },
  "full_C_GPa": [
    [
      106.47469483111999,
      -0.9414728473599976,
      32.745602472239995,
      0.0,
      0.0,
      0.0
    ],
    [
      -0.9414728473599976,
      106.5041158576,
      32.77502349872,
      0.0,
      0.0,
      0.0
    ],
    [
      31.21570909528,
      31.21570909528,
      76.11219550376,
      0.0,
      0.0,
      0.0
    ],
    [
      0.0,
      -0.0,
      0.0,
      21.06545495968,
      -0.0,
      0.0
    ],
    [
      0.0,
      0.0,
      0.0,
      0.0,
      21.06545495968,
      0.0
    ],
    [
      0.0,
      0.0,
      0.0,
      0.0,
      0.0,
      16.59345893472
    ]
  ],
  "stresses_GPa": {
    "xx_p": [
      0.1409267168392,
      -0.3848270263584,
      0.3430491687568,
      0.0,
      0.0,
      0.0
    ],
    "xx_m": [
      -0.923820231472,
      -0.3754122978848,
      0.030892077804,
      -0.0,
      0.0,
      0.0
    ],
    "yy_p": [
      -0.3848270263584,
      0.141220927104,
      0.3430491687568,
      -0.0,
      0.0,
      0.0
    ],
    "yy_m": [
      -0.3754122978848,
      -0.923820231472,
      0.030892077804,
      0.0,
      0.0,
      0.0
    ],
    "zz_p": [
      -0.23124926813279997,
      -0.230955057868,
      0.47103063394480005,
      -0.0,
      0.0,
      0.0
    ],
    "zz_m": [
      -0.5587052928552,
      -0.5587052928552,
      -0.2900913210928,
      -0.0,
      0.0,
      0.0
    ],
    "yz_p": [
      -0.3801196621216,
      -0.37511808762,
      0.1841756257648,
      0.1053272747984,
      0.0,
      0.0
    ],
    "yz_m": [
      -0.3801196621216,
      -0.37511808762,
      0.1841756257648,
      -0.1053272747984,
      0.0,
      0.0
    ],
    "xz_p": [
      -0.37511808762,
      -0.3801196621216,
      0.1841756257648,
      -0.0,
      0.1053272747984,
      0.0
    ],
    "xz_m": [
      -0.37511808762,
      -0.3801196621216,
      0.1841756257648,
      0.0,
      -0.1053272747984,
      0.0
    ],
    "xy_p": [
      -0.3774717697384,
      -0.3771775594736,
      0.192707723444,
      0.0,
      0.0,
      0.0829672946736
    ],
    "xy_m": [
      -0.3774717697384,
      -0.3771775594736,
      0.192707723444,
      -0.0,
      0.0,
      -0.0829672946736
    ]
  }
}