
The number of threads in each node for OpenMP parallelization is 1.


*******************************************************
*******************************************************
 Welcome to OpenMX   Ver. 3.9.9                           
 Copyright (C), 2002-2019, T. Ozaki                    
 OpenMX comes with ABSOLUTELY NO WARRANTY.             
 This is free software, and you are welcome to         
 redistribute it under the constitution of the GNU-GPL.
*******************************************************
*******************************************************



<Input_std>  Your input file was normally read.
<Input_std>  The system includes 1 species and 4 atoms.

*******************************************************
                     PAO and VPS                       
*******************************************************

<SetPara_DFT>  PAOs of species Sn were normally found.
<SetPara_DFT>  VPSs of species Sn were normally found.
               Sn_PBE19.vps is j-dependent.
               In case of scf.SpinOrbit.Coupling=off,
               j-dependent pseudo potentials are averaged by j-degeneracy,
               which corresponds to a scalar relativistic treatment.

*******************************************************
     Fourier transform of PAO and projectors of VNL    
*******************************************************

<FT_PAO>          Fourier transform of pseudo atomic orbitals
<FT_NLP>          Fourier transform of non-local projectors
<FT_ProExpn_VNA>  Fourier transform of VNA separable projectors
<FT_VNA>          Fourier transform of VNA potentials
<FT_ProductPAO>   Fourier transform of product of PAOs

*******************************************************
  Allocation of atoms to processors at MD_iter=    1     
*******************************************************

 proc =   0  # of atoms=   1  estimated weight=         1.00000
 proc =   1  # of atoms=   1  estimated weight=         1.00000
 proc =   2  # of atoms=   1  estimated weight=         1.00000
 proc =   3  # of atoms=   1  estimated weight=         1.00000
 proc =   4  # of atoms=   0  estimated weight=         0.00000
 proc =   5  # of atoms=   0  estimated weight=         0.00000
 proc =   6  # of atoms=   0  estimated weight=         0.00000
 proc =   7  # of atoms=   0  estimated weight=         0.00000
 proc =   8  # of atoms=   0  estimated weight=         0.00000
 proc =   9  # of atoms=   0  estimated weight=         0.00000
 proc =  10  # of atoms=   0  estimated weight=         0.00000
 proc =  11  # of atoms=   0  estimated weight=         0.00000
 proc =  12  # of atoms=   0  estimated weight=         0.00000
 proc =  13  # of atoms=   0  estimated weight=         0.00000
 proc =  14  # of atoms=   0  estimated weight=         0.00000
 proc =  15  # of atoms=   0  estimated weight=         0.00000




*******************************************************
        Analysis of neighbors and setting of grids        
*******************************************************

TFNAN=     216   Average FNAN=  54.00000
TSNAN=       0   Average SNAN=   0.00000
<truncation> CpyCell= 1 ct_AN=   1 FNAN SNAN  54   0
<truncation> CpyCell= 1 ct_AN=   2 FNAN SNAN  54   0
<truncation> CpyCell= 1 ct_AN=   3 FNAN SNAN  54   0
<truncation> CpyCell= 1 ct_AN=   4 FNAN SNAN  54   0
TFNAN=     256   Average FNAN=  64.00000
TSNAN=       0   Average SNAN=   0.00000
<truncation> CpyCell= 2 ct_AN=   1 FNAN SNAN  64   0
<truncation> CpyCell= 2 ct_AN=   2 FNAN SNAN  64   0
<truncation> CpyCell= 2 ct_AN=   3 FNAN SNAN  64   0
<truncation> CpyCell= 2 ct_AN=   4 FNAN SNAN  64   0
TFNAN=     256   Average FNAN=  64.00000
TSNAN=       0   Average SNAN=   0.00000
<truncation> CpyCell= 3 ct_AN=   1 FNAN SNAN  64   0
<truncation> CpyCell= 3 ct_AN=   2 FNAN SNAN  64   0
<truncation> CpyCell= 3 ct_AN=   3 FNAN SNAN  64   0
<truncation> CpyCell= 3 ct_AN=   4 FNAN SNAN  64   0
TFNAN=     256   Average FNAN=  64.00000
TSNAN=       0   Average SNAN=   0.00000
<truncation> CpyCell= 3 ct_AN=   1 FNAN SNAN  64   0
<truncation> CpyCell= 3 ct_AN=   2 FNAN SNAN  64   0
<truncation> CpyCell= 3 ct_AN=   3 FNAN SNAN  64   0
<truncation> CpyCell= 3 ct_AN=   4 FNAN SNAN  64   0
<Check_System> The system is bulk.
lattice vectors (bohr)
A  = 11.281295655248,  0.000000000000, -0.028203239138
B  =  0.000000000000, 11.281295655248,  0.000000000000
C  = -0.015204829790,  0.000000000000,  6.081931916162
reciprocal lattice vectors (bohr^-1)
RA =  0.556959481370, -0.000000000000,  0.001392398703
RB = -0.000000000000,  0.556956000374, -0.000000000000
RC =  0.002582742073, -0.000000000000,  1.033096829091
Grid_Origin  0.000000000000  0.000000000000  0.000000000000
Cell_Volume =    774.028233187484 (Bohr^3)
GridVol     =      0.011467084936 (Bohr^3)
Grid_Origin  0.000000000000  0.000000000000  0.000000000000
Cell_Volume =    774.028233187484 (Bohr^3)
GridVol     =      0.011467084936 (Bohr^3)
<UCell_Box> Info. of cutoff energy and num. of grids
lattice vectors (bohr)
A  = 11.281295655248,  0.000000000000, -0.028203239138
B  =  0.000000000000, 11.281295655248,  0.000000000000
C  = -0.015204829790,  0.000000000000,  6.081931916162
reciprocal lattice vectors (bohr^-1)
RA =  0.556959481370, -0.000000000000,  0.001392398703
RB = -0.000000000000,  0.556956000374, -0.000000000000
RC =  0.002582742073, -0.000000000000,  1.033096829091
Required cutoff energy (Ryd) for 3D-grids = 200.0000
    Used cutoff energy (Ryd) for 3D-grids = 193.8786, 193.8750, 194.5146
Num. of grids of a-, b-, and c-axes = 50, 50, 27
Grid_Origin  0.000000000000  0.000000000000  0.000000000000
Cell_Volume =    774.028233187484 (Bohr^3)
GridVol     =      0.011467084936 (Bohr^3)
Cell vectors (bohr) of the grid cell (gtv)
  gtv_a =  0.225625913105,  0.000000000000, -0.000564064783
  gtv_b =  0.000000000000,  0.225625913105,  0.000000000000
  gtv_c = -0.000563141844,  0.000000000000,  0.225256737636
  |gtv_a| =  0.225626618185
  |gtv_b| =  0.225625913105
  |gtv_c| =  0.225257441562
Num. of grids overlapping with atom    1 = 125071
Num. of grids overlapping with atom    2 = 125318
Num. of grids overlapping with atom    3 = 125230
Num. of grids overlapping with atom    4 = 125230

*******************************************************
             SCF calculation at MD = 1                
*******************************************************

<MD= 1>  Calculation of the overlap matrix
<MD= 1>  Calculation of the nonlocal matrix
<MD= 1>  Calculation of the VNA projector matrix

******************* MD= 1  SCF= 1 *******************
<Band>  Solving the eigenvalue problem...
 KGrids1:  -0.45833  -0.37500  -0.29167  -0.20833  -0.12500  -0.04167   0.04167   0.12500   0.20833   0.29167   0.37500   0.45833 
 KGrids2:  -0.45833  -0.37500  -0.29167  -0.20833  -0.12500  -0.04167   0.04167   0.12500   0.20833   0.29167   0.37500   0.45833 
 KGrids3:  -0.47500  -0.42500  -0.37500  -0.32500  -0.27500  -0.22500  -0.17500  -0.12500  -0.07500  -0.02500   0.02500   0.07500   0.12500   0.17500   0.22500   0.27500   0.32500   0.37500   0.42500   0.47500 
<Band_DFT>  Eigen, time=0.800158
<Band_DFT>  DM, time=1.987304
    1   Sn  MulP   7.0000  7.0000 sum  14.0000
    2   Sn  MulP   7.0000  7.0000 sum  14.0000
    3   Sn  MulP   7.0000  7.0000 sum  14.0000
    4   Sn  MulP   7.0000  7.0000 sum  14.0000
 Sum of MulP: up   =    28.00000 down          =    28.00000
              total=    56.00000 ideal(neutral)=    56.00000
<DFT>  Total Spin Moment (muB) =  0.000000000000
<DFT>  Mixing_weight= 0.100000000000
<DFT>  Uele   =  -41.307672450077  dUele     =   1.000000000000
<DFT>  NormRD =    1.000000000000  Criterion =   0.000000100000

******************* MD= 1  SCF= 2 *******************
<Poisson>  Poisson's equation using FFT...
<Set_Hamiltonian>  Hamiltonian matrix for VNA+dVH+Vxc...
<Band>  Solving the eigenvalue problem...
 KGrids1:  -0.45833  -0.37500  -0.29167  -0.20833  -0.12500  -0.04167   0.04167   0.12500   0.20833   0.29167   0.37500   0.45833 
 KGrids2:  -0.45833  -0.37500  -0.29167  -0.20833  -0.12500  -0.04167   0.04167   0.12500   0.20833   0.29167   0.37500   0.45833 
 KGrids3:  -0.47500  -0.42500  -0.37500  -0.32500  -0.27500  -0.22500  -0.17500  -0.12500  -0.07500  -0.02500   0.02500   0.07500   0.12500   0.17500   0.22500   0.27500   0.32500   0.37500   0.42500   0.47500 
<Band_DFT>  Eigen, time=0.795872
<Band_DFT>  DM, time=1.989849
    1   Sn  MulP   7.0000  7.0000 sum  14.0000
    2   Sn  MulP   7.0000  7.0000 sum  14.0000
    3   Sn  MulP   7.0000  7.0000 sum  14.0000
    4   Sn  MulP   7.0000  7.0000 sum  14.0000
 Sum of MulP: up   =    28.00000 down          =    28.00000
              total=    56.00000 ideal(neutral)=    56.00000
<DFT>  Total Spin Moment (muB) =  0.000000000000
<DFT>  Mixing_weight= 0.124974163345
<DFT>  Uele   =  -41.307672450077  dUele     =   0.000000000000
<DFT>  NormRD =    0.447028646979  Criterion =   0.000000100000

******************* MD= 1  SCF= 3 *******************
<Poisson>  Poisson's equation using FFT...
<Set_Hamiltonian>  Hamiltonian matrix for VNA+dVH+Vxc...
<Band>  Solving the eigenvalue problem...
 KGrids1:  -0.45833  -0.37500  -0.29167  -0.20833  -0.12500  -0.04167   0.04167   0.12500   0.20833   0.29167   0.37500   0.45833 
 KGrids2:  -0.45833  -0.37500  -0.29167  -0.20833  -0.12500  -0.04167   0.04167   0.12500   0.20833   0.29167   0.37500   0.45833 
 KGrids3:  -0.47500  -0.42500  -0.37500  -0.32500  -0.27500  -0.22500  -0.17500  -0.12500  -0.07500  -0.02500   0.02500   0.07500   0.12500   0.17500   0.22500   0.27500   0.32500   0.37500   0.42500   0.47500 
<Band_DFT>  Eigen, time=0.744977
<Band_DFT>  DM, time=2.044472
    1   Sn  MulP   7.0000  7.0000 sum  14.0000
    2   Sn  MulP   7.0000  7.0000 sum  14.0000
    3   Sn  MulP   7.0000  7.0000 sum  14.0000
    4   Sn  MulP   7.0000  7.0000 sum  14.0000
 Sum of MulP: up   =    28.00000 down          =    28.00000
              total=    56.00000 ideal(neutral)=    56.00000
<DFT>  Total Spin Moment (muB) =  0.000000000000
<DFT>  Mixing_weight= 0.400000000000
<DFT>  Uele   =  -41.401197947887  dUele     =   0.093525497810
<DFT>  NormRD =    0.401759683685  Criterion =   0.000000100000

******************* MD= 1  SCF= 4 *******************
<Poisson>  Poisson's equation using FFT...
<Set_Hamiltonian>  Hamiltonian matrix for VNA+dVH+Vxc...
<Band>  Solving the eigenvalue problem...
 KGrids1:  -0.45833  -0.37500  -0.29167  -0.20833  -0.12500  -0.04167   0.04167   0.12500   0.20833   0.29167   0.37500   0.45833 
 KGrids2:  -0.45833  -0.37500  -0.29167  -0.20833  -0.12500  -0.04167   0.04167   0.12500   0.20833   0.29167   0.37500   0.45833 
 KGrids3:  -0.47500  -0.42500  -0.37500  -0.32500  -0.27500  -0.22500  -0.17500  -0.12500  -0.07500  -0.02500   0.02500   0.07500   0.12500   0.17500   0.22500   0.27500   0.32500   0.37500   0.42500   0.47500 
<Band_DFT>  Eigen, time=0.754238
<Band_DFT>  DM, time=2.049770
    1   Sn  MulP   7.0000  7.0000 sum  14.0000
    2   Sn  MulP   7.0000  7.0000 sum  14.0000
    3   Sn  MulP   7.0000  7.0000 sum  14.0000
    4   Sn  MulP   7.0000  7.0000 sum  14.0000
 Sum of MulP: up   =    28.00000 down          =    28.00000
              total=    56.00000 ideal(neutral)=    56.00000
<DFT>  Total Spin Moment (muB) =  0.000000000000
<DFT>  Mixing_weight= 0.400000000000
<DFT>  Uele   =  -41.668285610648  dUele     =   0.267087662761
<DFT>  NormRD =    0.274559796487  Criterion =   0.000000100000

******************* MD= 1  SCF= 5 *******************
<Poisson>  Poisson's equation using FFT...
<Set_Hamiltonian>  Hamiltonian matrix for VNA+dVH+Vxc...
<Band>  Solving the eigenvalue problem...
 KGrids1:  -0.45833  -0.37500  -0.29167  -0.20833  -0.12500  -0.04167   0.04167   0.12500   0.20833   0.29167   0.37500   0.45833 
 KGrids2:  -0.45833  -0.37500  -0.29167  -0.20833  -0.12500  -0.04167   0.04167   0.12500   0.20833   0.29167   0.37500   0.45833 
 KGrids3:  -0.47500  -0.42500  -0.37500  -0.32500  -0.27500  -0.22500  -0.17500  -0.12500  -0.07500  -0.02500   0.02500   0.07500   0.12500   0.17500   0.22500   0.27500   0.32500   0.37500   0.42500   0.47500 
<Band_DFT>  Eigen, time=0.751850
<Band_DFT>  DM, time=2.051477
    1   Sn  MulP   7.0000  7.0000 sum  14.0000
    2   Sn  MulP   7.0000  7.0000 sum  14.0000
    3   Sn  MulP   7.0000  7.0000 sum  14.0000
    4   Sn  MulP   7.0000  7.0000 sum  14.0000
 Sum of MulP: up   =    28.00000 down          =    28.00000
              total=    56.00000 ideal(neutral)=    56.00000
<DFT>  Total Spin Moment (muB) =  0.000000000000
<DFT>  Mixing_weight= 0.040000000000
<DFT>  Uele   =  -41.843854434854  dUele     =   0.175568824206
<DFT>  NormRD =    0.198647116331  Criterion =   0.000000100000

******************* MD= 1  SCF= 6 *******************
<Poisson>  Poisson's equation using FFT...
<Set_Hamiltonian>  Hamiltonian matrix for VNA+dVH+Vxc...
<Band>  Solving the eigenvalue problem...
 KGrids1:  -0.45833  -0.37500  -0.29167  -0.20833  -0.12500  -0.04167   0.04167   0.12500   0.20833   0.29167   0.37500   0.45833 
 KGrids2:  -0.45833  -0.37500  -0.29167  -0.20833  -0.12500  -0.04167   0.04167   0.12500   0.20833   0.29167   0.37500   0.45833 
 KGrids3:  -0.47500  -0.42500  -0.37500  -0.32500  -0.27500  -0.22500  -0.17500  -0.12500  -0.07500  -0.02500   0.02500   0.07500   0.12500   0.17500   0.22500   0.27500   0.32500   0.37500   0.42500   0.47500 
<Band_DFT>  Eigen, time=0.749953
<Band_DFT>  DM, time=1.794850
    1   Sn  MulP   7.0000  7.0000 sum  14.0001
    2   Sn  MulP   7.0000  7.0000 sum  14.0000
    3   Sn  MulP   7.0000  7.0000 sum  14.0000
    4   Sn  MulP   7.0000  7.0000 sum  14.0000
 Sum of MulP: up   =    28.00000 down          =    28.00000
              total=    56.00000 ideal(neutral)=    56.00000
<DFT>  Total Spin Moment (muB) =  0.000000000000
<DFT>  Mixing_weight= 0.040000000000
<DFT>  Uele   =  -42.207973299564  dUele     =   0.364118864710
<DFT>  NormRD =    0.007979544311  Criterion =   0.000000100000

******************* MD= 1  SCF= 7 *******************
<Poisson>  Poisson's equation using FFT...
<Set_Hamiltonian>  Hamiltonian matrix for VNA+dVH+Vxc...
<Band>  Solving the eigenvalue problem...
 KGrids1:  -0.45833  -0.37500  -0.29167  -0.20833  -0.12500  -0.04167   0.04167   0.12500   0.20833   0.29167   0.37500   0.45833 
 KGrids2:  -0.45833  -0.37500  -0.29167  -0.20833  -0.12500  -0.04167   0.04167   0.12500   0.20833   0.29167   0.37500   0.45833 
 KGrids3:  -0.47500  -0.42500  -0.37500  -0.32500  -0.27500  -0.22500  -0.17500  -0.12500  -0.07500  -0.02500   0.02500   0.07500   0.12500   0.17500   0.22500   0.27500   0.32500   0.37500   0.42500   0.47500 
<Band_DFT>  Eigen, time=0.581461
<Band_DFT>  DM, time=1.798741
    1   Sn  MulP   7.0000  7.0000 sum  14.0001
    2   Sn  MulP   7.0000  7.0000 sum  13.9999
    3   Sn  MulP   7.0000  7.0000 sum  14.0000
    4   Sn  MulP   7.0000  7.0000 sum  14.0000
 Sum of MulP: up   =    28.00000 down          =    28.00000
              total=    56.00000 ideal(neutral)=    56.00000
<DFT>  Total Spin Moment (muB) =  0.000000000000
<DFT>  Mixing_weight= 0.040000000000
<DFT>  Uele   =  -42.207945509101  dUele     =   0.000027790463
<DFT>  NormRD =    0.002954895788  Criterion =   0.000000100000

******************* MD= 1  SCF= 8 *******************
<Poisson>  Poisson's equation using FFT...
<Set_Hamiltonian>  Hamiltonian matrix for VNA+dVH+Vxc...
<Band>  Solving the eigenvalue problem...
 KGrids1:  -0.45833  -0.37500  -0.29167  -0.20833  -0.12500  -0.04167   0.04167   0.12500   0.20833   0.29167   0.37500   0.45833 
 KGrids2:  -0.45833  -0.37500  -0.29167  -0.20833  -0.12500  -0.04167   0.04167   0.12500   0.20833   0.29167   0.37500   0.45833 
 KGrids3:  -0.47500  -0.42500  -0.37500  -0.32500  -0.27500  -0.22500  -0.17500  -0.12500  -0.07500  -0.02500   0.02500   0.07500   0.12500   0.17500   0.22500   0.27500   0.32500   0.37500   0.42500   0.47500 
<Band_DFT>  Eigen, time=0.735962
<Band_DFT>  DM, time=1.545603
    1   Sn  MulP   7.0000  7.0000 sum  14.0000
    2   Sn  MulP   7.0000  7.0000 sum  14.0000
    3   Sn  MulP   7.0000  7.0000 sum  14.0000
    4   Sn  MulP   7.0000  7.0000 sum  14.0000
 Sum of MulP: up   =    28.00000 down          =    28.00000
              total=    56.00000 ideal(neutral)=    56.00000
<DFT>  Total Spin Moment (muB) =  0.000000000000
<DFT>  Mixing_weight= 0.040000000000
<DFT>  Uele   =  -42.213742129026  dUele     =   0.005796619925
<DFT>  NormRD =    0.000952774669  Criterion =   0.000000100000

******************* MD= 1  SCF= 9 *******************
<Poisson>  Poisson's equation using FFT...
<Set_Hamiltonian>  Hamiltonian matrix for VNA+dVH+Vxc...
<Band>  Solving the eigenvalue problem...
 KGrids1:  -0.45833  -0.37500  -0.29167  -0.20833  -0.12500  -0.04167   0.04167   0.12500   0.20833   0.29167   0.37500   0.45833 
 KGrids2:  -0.45833  -0.37500  -0.29167  -0.20833  -0.12500  -0.04167   0.04167   0.12500   0.20833   0.29167   0.37500   0.45833 
 KGrids3:  -0.47500  -0.42500  -0.37500  -0.32500  -0.27500  -0.22500  -0.17500  -0.12500  -0.07500  -0.02500   0.02500   0.07500   0.12500   0.17500   0.22500   0.27500   0.32500   0.37500   0.42500   0.47500 
<Band_DFT>  Eigen, time=0.566237
<Band_DFT>  DM, time=1.988536
    1   Sn  MulP   7.0001  7.0001 sum  14.0001
    2   Sn  MulP   6.9999  6.9999 sum  13.9999
    3   Sn  MulP   7.0000  7.0000 sum  14.0000
    4   Sn  MulP   7.0000  7.0000 sum  14.0000
 Sum of MulP: up   =    28.00000 down          =    28.00000
              total=    56.00000 ideal(neutral)=    56.00000
<DFT>  Total Spin Moment (muB) =  0.000000000000
<DFT>  Mixing_weight= 0.040000000000
<DFT>  Uele   =  -42.212020394636  dUele     =   0.001721734390
<DFT>  NormRD =    0.000222719749  Criterion =   0.000000100000

******************* MD= 1  SCF=10 *******************
<Poisson>  Poisson's equation using FFT...
<Set_Hamiltonian>  Hamiltonian matrix for VNA+dVH+Vxc...
<Band>  Solving the eigenvalue problem...
 KGrids1:  -0.45833  -0.37500  -0.29167  -0.20833  -0.12500  -0.04167   0.04167   0.12500   0.20833   0.29167   0.37500   0.45833 
 KGrids2:  -0.45833  -0.37500  -0.29167  -0.20833  -0.12500  -0.04167   0.04167   0.12500   0.20833   0.29167   0.37500   0.45833 
 KGrids3:  -0.47500  -0.42500  -0.37500  -0.32500  -0.27500  -0.22500  -0.17500  -0.12500  -0.07500  -0.02500   0.02500   0.07500   0.12500   0.17500   0.22500   0.27500   0.32500   0.37500   0.42500   0.47500 
<Band_DFT>  Eigen, time=0.796169
<Band_DFT>  DM, time=1.457180
    1   Sn  MulP   7.0000  7.0000 sum  14.0000
    2   Sn  MulP   7.0000  7.0000 sum  14.0000
    3   Sn  MulP   7.0000  7.0000 sum  14.0000
    4   Sn  MulP   7.0000  7.0000 sum  14.0000
 Sum of MulP: up   =    28.00000 down          =    28.00000
              total=    56.00000 ideal(neutral)=    56.00000
<DFT>  Total Spin Moment (muB) =  0.000000000000
<DFT>  Mixing_weight= 0.040000000000
<DFT>  Uele   =  -42.211990069147  dUele     =   0.000030325490
<DFT>  NormRD =    0.000061397987  Criterion =   0.000000100000

******************* MD= 1  SCF=11 *******************
<Poisson>  Poisson's equation using FFT...
<Set_Hamiltonian>  Hamiltonian matrix for VNA+dVH+Vxc...
<Band>  Solving the eigenvalue problem...
 KGrids1:  -0.45833  -0.37500  -0.29167  -0.20833  -0.12500  -0.04167   0.04167   0.12500   0.20833   0.29167   0.37500   0.45833 
 KGrids2:  -0.45833  -0.37500  -0.29167  -0.20833  -0.12500  -0.04167   0.04167   0.12500   0.20833   0.29167   0.37500   0.45833 
 KGrids3:  -0.47500  -0.42500  -0.37500  -0.32500  -0.27500  -0.22500  -0.17500  -0.12500  -0.07500  -0.02500   0.02500   0.07500   0.12500   0.17500   0.22500   0.27500   0.32500   0.37500   0.42500   0.47500 
<Band_DFT>  Eigen, time=0.516715
<Band_DFT>  DM, time=1.396702
    1   Sn  MulP   7.0000  7.0000 sum  14.0001
    2   Sn  MulP   7.0000  7.0000 sum  14.0000
    3   Sn  MulP   7.0000  7.0000 sum  14.0000
    4   Sn  MulP   7.0000  7.0000 sum  14.0000
 Sum of MulP: up   =    28.00000 down          =    28.00000
              total=    56.00000 ideal(neutral)=    56.00000
<DFT>  Total Spin Moment (muB) =  0.000000000000
<DFT>  Mixing_weight= 0.040000000000
<DFT>  Uele   =  -42.211971173155  dUele     =   0.000018895992
<DFT>  NormRD =    0.000016428023  Criterion =   0.000000100000

******************* MD= 1  SCF=12 *******************
<Poisson>  Poisson's equation using FFT...
<Set_Hamiltonian>  Hamiltonian matrix for VNA+dVH+Vxc...
<Band>  Solving the eigenvalue problem...
 KGrids1:  -0.45833  -0.37500  -0.29167  -0.20833  -0.12500  -0.04167   0.04167   0.12500   0.20833   0.29167   0.37500   0.45833 
 KGrids2:  -0.45833  -0.37500  -0.29167  -0.20833  -0.12500  -0.04167   0.04167   0.12500   0.20833   0.29167   0.37500   0.45833 
 KGrids3:  -0.47500  -0.42500  -0.37500  -0.32500  -0.27500  -0.22500  -0.17500  -0.12500  -0.07500  -0.02500   0.02500   0.07500   0.12500   0.17500   0.22500   0.27500   0.32500   0.37500   0.42500   0.47500 
<Band_DFT>  Eigen, time=0.793717
<Band_DFT>  DM, time=1.721500
    1   Sn  MulP   7.0000  7.0000 sum  14.0001
    2   Sn  MulP   7.0000  7.0000 sum  14.0000
    3   Sn  MulP   7.0000  7.0000 sum  14.0000
    4   Sn  MulP   7.0000  7.0000 sum  14.0000
 Sum of MulP: up   =    28.00000 down          =    28.00000
              total=    56.00000 ideal(neutral)=    56.00000
<DFT>  Total Spin Moment (muB) =  0.000000000000
<DFT>  Mixing_weight= 0.040000000000
<DFT>  Uele   =  -42.211948120506  dUele     =   0.000023052649
<DFT>  NormRD =    0.000003853439  Criterion =   0.000000100000

******************* MD= 1  SCF=13 *******************
<Poisson>  Poisson's equation using FFT...
<Set_Hamiltonian>  Hamiltonian matrix for VNA+dVH+Vxc...
<Band>  Solving the eigenvalue problem...
 KGrids1:  -0.45833  -0.37500  -0.29167  -0.20833  -0.12500  -0.04167   0.04167   0.12500   0.20833   0.29167   0.37500   0.45833 
 KGrids2:  -0.45833  -0.37500  -0.29167  -0.20833  -0.12500  -0.04167   0.04167   0.12500   0.20833   0.29167   0.37500   0.45833 
 KGrids3:  -0.47500  -0.42500  -0.37500  -0.32500  -0.27500  -0.22500  -0.17500  -0.12500  -0.07500  -0.02500   0.02500   0.07500   0.12500   0.17500   0.22500   0.27500   0.32500   0.37500   0.42500   0.47500 
<Band_DFT>  Eigen, time=0.738808
<Band_DFT>  DM, time=2.034319
    1   Sn  MulP   7.0000  7.0000 sum  14.0001
    2   Sn  MulP   7.0000  7.0000 sum  14.0000
    3   Sn  MulP   7.0000  7.0000 sum  14.0000
    4   Sn  MulP   7.0000  7.0000 sum  14.0000
 Sum of MulP: up   =    28.00000 down          =    28.00000
              total=    56.00000 ideal(neutral)=    56.00000
<DFT>  Total Spin Moment (muB) =  0.000000000000
<DFT>  Mixing_weight= 0.040000000000
<DFT>  Uele   =  -42.211948883409  dUele     =   0.000000762903
<DFT>  NormRD =    0.000004132058  Criterion =   0.000000100000

******************* MD= 1  SCF=14 *******************
<Poisson>  Poisson's equation using FFT...
<Set_Hamiltonian>  Hamiltonian matrix for VNA+dVH+Vxc...
<Band>  Solving the eigenvalue problem...
 KGrids1:  -0.45833  -0.37500  -0.29167  -0.20833  -0.12500  -0.04167   0.04167   0.12500   0.20833   0.29167   0.37500   0.45833 
 KGrids2:  -0.45833  -0.37500  -0.29167  -0.20833  -0.12500  -0.04167   0.04167   0.12500   0.20833   0.29167   0.37500   0.45833 
 KGrids3:  -0.47500  -0.42500  -0.37500  -0.32500  -0.27500  -0.22500  -0.17500  -0.12500  -0.07500  -0.02500   0.02500   0.07500   0.12500   0.17500   0.22500   0.27500   0.32500   0.37500   0.42500   0.47500 
<Band_DFT>  Eigen, time=0.737031
<Band_DFT>  DM, time=2.035166
    1   Sn  MulP   7.0000  7.0000 sum  14.0001
    2   Sn  MulP   7.0000  7.0000 sum  14.0000
    3   Sn  MulP   7.0000  7.0000 sum  14.0000
    4   Sn  MulP   7.0000  7.0000 sum  14.0000
 Sum of MulP: up   =    28.00000 down          =    28.00000
              total=    56.00000 ideal(neutral)=    56.00000
<DFT>  Total Spin Moment (muB) =  0.000000000000
<DFT>  Mixing_weight= 0.040000000000
<DFT>  Uele   =  -42.211949069303  dUele     =   0.000000185894
<DFT>  NormRD =    0.000000253356  Criterion =   0.000000100000

******************* MD= 1  SCF=15 *******************
<Poisson>  Poisson's equation using FFT...
<Set_Hamiltonian>  Hamiltonian matrix for VNA+dVH+Vxc...
<Band>  Solving the eigenvalue problem...
 KGrids1:  -0.45833  -0.37500  -0.29167  -0.20833  -0.12500  -0.04167   0.04167   0.12500   0.20833   0.29167   0.37500   0.45833 
 KGrids2:  -0.45833  -0.37500  -0.29167  -0.20833  -0.12500  -0.04167   0.04167   0.12500   0.20833   0.29167   0.37500   0.45833 
 KGrids3:  -0.47500  -0.42500  -0.37500  -0.32500  -0.27500  -0.22500  -0.17500  -0.12500  -0.07500  -0.02500   0.02500   0.07500   0.12500   0.17500   0.22500   0.27500   0.32500   0.37500   0.42500   0.47500 
<Band_DFT>  Eigen, time=0.745206
<Band_DFT>  DM, time=2.048442
    1   Sn  MulP   7.0000  7.0000 sum  14.0001
    2   Sn  MulP   7.0000  7.0000 sum  14.0000
    3   Sn  MulP   7.0000  7.0000 sum  14.0000
    4   Sn  MulP   7.0000  7.0000 sum  14.0000
 Sum of MulP: up   =    28.00000 down          =    28.00000
              total=    56.00000 ideal(neutral)=    56.00000
<DFT>  Total Spin Moment (muB) =  0.000000000000
<DFT>  Mixing_weight= 0.040000000000
<DFT>  Uele   =  -42.211949052582  dUele     =   0.000000016721
<DFT>  NormRD =    0.000000313885  Criterion =   0.000000100000
<MD= 1>  Force calculation
  Force calculation #1
  Force calculation #2
  Force calculation #3
  Force calculation #4
  Force calculation #5
  Stress calculation #1
  Stress calculation #2
  Stress calculation #3
  Stress calculation #4
  Stress calculation #5
<MD= 1>  Total Energy
  Force calculation #6
  Force calculation #7

*******************************************************
                  Dipole moment (Debye)                 
*******************************************************

 Absolute D      520.18510219

                      Dx                Dy                Dz
 Total           -361.90681445     -362.13876874      -92.04080815
 Core             400.62732778      401.43891146      323.62987603
 Electron        -762.53414223     -763.57768020     -415.67068418
 Back ground       -0.00000000       -0.00000000       -0.00000000

*******************************************************
               Stress tensor (Hartree/bohr^3)            
*******************************************************

      -0.00000058        0.00000000       -0.00000388 
       0.00000000       -0.00000034        0.00000000 
      -0.00000388        0.00000000       -0.00000114 

*******************************************************
                Total Energy (Hartree) at MD = 1        
*******************************************************

  Uele  =     -42.211949052582

  Ukin  =     203.437053003020
  UH0   =   -2703.969767981256
  UH1   =       0.004900427556
  Una   =    -149.420247745629
  Unl   =     -47.912596031759
  Uxc0  =     -25.237066709726
  Uxc1  =     -25.237066709726
  Ucore =    2464.177512762386
  Uhub  =       0.000000000000
  Ucs   =       0.000000000000
  Uzs   =       0.000000000000
  Uzo   =       0.000000000000
  Uef   =       0.000000000000
  UvdW  =       0.000000000000
  Uch   =       0.000000000000
  Utot  =    -284.157278985133

  UpV   =       0.000000000000
  Enpy  =    -284.157278985133
  Note:

  Uele:   band energy
  Ukin:   kinetic energy
  UH0:    electric part of screened Coulomb energy
  UH1:    difference electron-electron Coulomb energy
  Una:    neutral atom potential energy
  Unl:    non-local potential energy
  Uxc0:   exchange-correlation energy for alpha spin
  Uxc1:   exchange-correlation energy for beta spin
  Ucore:  core-core Coulomb energy
  Uhub:   LDA+U energy
  Ucs:    constraint energy for spin orientation
  Uzs:    Zeeman term for spin magnetic moment
  Uzo:    Zeeman term for orbital magnetic moment
  Uef:    electric energy by electric field
  UvdW:   semi-empirical vdW energy 
  Uch:    penalty term to create a core hole
  UpV:    pressure times volume
  Enpy:   Enthalpy = Utot + UpV
  (see also PRB 72, 045121(2005) for the energy contributions)


*******************************************************
           Computational times (s) at MD = 1            
*******************************************************

  DFT in total      =   54.20624

  Set_OLP_Kin       =    0.73783
  Set_Nonlocal      =    1.02019
  Set_ProExpn_VNA   =    2.52314
  Set_Hamiltonian   =    3.58624
  Poisson           =    0.00348
  diagonalization   =   39.62390
  Mixing_DM         =    0.01247
  Force             =    2.64826
  Total_Energy      =    0.44332
  Set_Aden_Grid     =    0.00903
  Set_Orbitals_Grid =    0.09828
  Set_Density_Grid  =    1.20279
  RestartFileDFT    =    0.00280
  Mulliken_Charge   =    0.00191
  FFT(2D)_Density   =    0.00653

The SCF was achieved at MD=   1

*******************************************************
             MD or geometry opt. at MD = 1              
*******************************************************

<Steepest_Descent>  SD_scaling= 1.259817203711
<Steepest_Descent>  |Maximum force| (Hartree/Bohr) = 0.001032570244
<Steepest_Descent>  Criterion       (Hartree/Bohr) = 0.000100000000

  atom=  1, XYZ(ang) Fxyz(a.u.)=   0.0001    0.0000    0.0000    -0.0002   -0.0000   -0.0000
  atom=  2, XYZ(ang) Fxyz(a.u.)=   2.9810    2.9849    1.6017    -0.0002   -0.0000    0.0000
  atom=  3, XYZ(ang) Fxyz(a.u.)=  -0.0021    2.9849    0.8053     0.0001    0.0000   -0.0010
  atom=  4, XYZ(ang) Fxyz(a.u.)=   2.9787   -0.0000    2.4057     0.0002    0.0000    0.0010

*******************************************************
        Analysis of neighbors and setting of grids        
*******************************************************


*******************************************************
  Allocation of atoms to processors at MD_iter=    2     
*******************************************************

 proc =   0  # of atoms=   1  estimated weight=         1.00000
 proc =   1  # of atoms=   1  estimated weight=         1.00000
 proc =   2  # of atoms=   1  estimated weight=         1.00000
 proc =   3  # of atoms=   1  estimated weight=         1.00000
 proc =   4  # of atoms=   0  estimated weight=         0.00000
 proc =   5  # of atoms=   0  estimated weight=         0.00000
 proc =   6  # of atoms=   0  estimated weight=         0.00000
 proc =   7  # of atoms=   0  estimated weight=         0.00000
 proc =   8  # of atoms=   0  estimated weight=         0.00000
 proc =   9  # of atoms=   0  estimated weight=         0.00000
 proc =  10  # of atoms=   0  estimated weight=         0.00000
 proc =  11  # of atoms=   0  estimated weight=         0.00000
 proc =  12  # of atoms=   0  estimated weight=         0.00000
 proc =  13  # of atoms=   0  estimated weight=         0.00000
 proc =  14  # of atoms=   0  estimated weight=         0.00000
 proc =  15  # of atoms=   0  estimated weight=         0.00000



TFNAN=     256   Average FNAN=  64.00000
TSNAN=       0   Average SNAN=   0.00000
<truncation> CpyCell= 3 ct_AN=   1 FNAN SNAN  64   0
<truncation> CpyCell= 3 ct_AN=   2 FNAN SNAN  64   0
<truncation> CpyCell= 3 ct_AN=   3 FNAN SNAN  64   0
<truncation> CpyCell= 3 ct_AN=   4 FNAN SNAN  64   0
<UCell_Box> Info. of cutoff energy and num. of grids
lattice vectors (bohr)
A  = 11.281295655248,  0.000000000000, -0.028203239138
B  =  0.000000000000, 11.281295655248,  0.000000000000
C  = -0.015204829790,  0.000000000000,  6.081931916162
reciprocal lattice vectors (bohr^-1)
RA =  0.556959481370, -0.000000000000,  0.001392398703
RB = -0.000000000000,  0.556956000374, -0.000000000000
RC =  0.002582742073, -0.000000000000,  1.033096829091
Required cutoff energy (Ryd) for 3D-grids = 200.0000
    Used cutoff energy (Ryd) for 3D-grids = 193.8786, 193.8750, 194.5146
Num. of grids of a-, b-, and c-axes = 50, 50, 27
Cell_Volume =    774.028233187484 (Bohr^3)
GridVol     =      0.011467084936 (Bohr^3)
Cell vectors (bohr) of the grid cell (gtv)
  gtv_a =  0.225625913105,  0.000000000000, -0.000564064783
  gtv_b =  0.000000000000,  0.225625913105,  0.000000000000
  gtv_c = -0.000563141844,  0.000000000000,  0.225256737636
  |gtv_a| =  0.225626618185
  |gtv_b| =  0.225625913105
  |gtv_c| =  0.225257441562
Num. of grids overlapping with atom    1 = 125067
Num. of grids overlapping with atom    2 = 125312
Num. of grids overlapping with atom    3 = 125233
Num. of grids overlapping with atom    4 = 125236

*******************************************************
             SCF calculation at MD = 2                
*******************************************************

<MD= 2>  Calculation of the overlap matrix
<MD= 2>  Calculation of the nonlocal matrix
<MD= 2>  Calculation of the VNA projector matrix

******************* MD= 2  SCF= 1 *******************
<Restart>  Found restart files
<Poisson>  Poisson's equation using FFT...
<Band>  Solving the eigenvalue problem...
 KGrids1:  -0.45833  -0.37500  -0.29167  -0.20833  -0.12500  -0.04167   0.04167   0.12500   0.20833   0.29167   0.37500   0.45833 
 KGrids2:  -0.45833  -0.37500  -0.29167  -0.20833  -0.12500  -0.04167   0.04167   0.12500   0.20833   0.29167   0.37500   0.45833 
 KGrids3:  -0.47500  -0.42500  -0.37500  -0.32500  -0.27500  -0.22500  -0.17500  -0.12500  -0.07500  -0.02500   0.02500   0.07500   0.12500   0.17500   0.22500   0.27500   0.32500   0.37500   0.42500   0.47500 
<Band_DFT>  Eigen, time=0.737750
<Band_DFT>  DM, time=2.034919
    1   Sn  MulP   7.0000  7.0000 sum  14.0000
    2   Sn  MulP   7.0000  7.0000 sum  14.0000
    3   Sn  MulP   7.0000  7.0000 sum  14.0000
    4   Sn  MulP   7.0000  7.0000 sum  14.0000
 Sum of MulP: up   =    28.00000 down          =    28.00000
              total=    56.00000 ideal(neutral)=    56.00000
<DFT>  Total Spin Moment (muB) =  0.000000000000
<DFT>  Mixing_weight= 0.400000000000
<DFT>  Uele   =  -42.211951297582  dUele     =   1.000000000000
<DFT>  NormRD =    1.000000000000  Criterion =   0.000000100000

******************* MD= 2  SCF= 2 *******************
<Poisson>  Poisson's equation using FFT...
<Set_Hamiltonian>  Hamiltonian matrix for VNA+dVH+Vxc...
<Band>  Solving the eigenvalue problem...
 KGrids1:  -0.45833  -0.37500  -0.29167  -0.20833  -0.12500  -0.04167   0.04167   0.12500   0.20833   0.29167   0.37500   0.45833 
 KGrids2:  -0.45833  -0.37500  -0.29167  -0.20833  -0.12500  -0.04167   0.04167   0.12500   0.20833   0.29167   0.37500   0.45833 
 KGrids3:  -0.47500  -0.42500  -0.37500  -0.32500  -0.27500  -0.22500  -0.17500  -0.12500  -0.07500  -0.02500   0.02500   0.07500   0.12500   0.17500   0.22500   0.27500   0.32500   0.37500   0.42500   0.47500 
<Band_DFT>  Eigen, time=0.615282
<Band_DFT>  DM, time=1.809159
    1   Sn  MulP   7.0000  7.0000 sum  14.0000
    2   Sn  MulP   7.0000  7.0000 sum  14.0000
    3   Sn  MulP   7.0000  7.0000 sum  14.0000
    4   Sn  MulP   7.0000  7.0000 sum  14.0000
 Sum of MulP: up   =    28.00000 down          =    28.00000
              total=    56.00000 ideal(neutral)=    56.00000
<DFT>  Total Spin Moment (muB) =  0.000000000000
<DFT>  Mixing_weight= 0.400000000000
<DFT>  Uele   =  -42.211943342467  dUele     =   0.000007955116
<DFT>  NormRD =    0.000249887505  Criterion =   0.000000100000

******************* MD= 2  SCF= 3 *******************
<Poisson>  Poisson's equation using FFT...
<Set_Hamiltonian>  Hamiltonian matrix for VNA+dVH+Vxc...
<Band>  Solving the eigenvalue problem...
 KGrids1:  -0.45833  -0.37500  -0.29167  -0.20833  -0.12500  -0.04167   0.04167   0.12500   0.20833   0.29167   0.37500   0.45833 
 KGrids2:  -0.45833  -0.37500  -0.29167  -0.20833  -0.12500  -0.04167   0.04167   0.12500   0.20833   0.29167   0.37500   0.45833 
 KGrids3:  -0.47500  -0.42500  -0.37500  -0.32500  -0.27500  -0.22500  -0.17500  -0.12500  -0.07500  -0.02500   0.02500   0.07500   0.12500   0.17500   0.22500   0.27500   0.32500   0.37500   0.42500   0.47500 
<Band_DFT>  Eigen, time=0.792015
<Band_DFT>  DM, time=2.004534
    1   Sn  MulP   7.0000  7.0000 sum  14.0000
    2   Sn  MulP   7.0000  7.0000 sum  14.0000
    3   Sn  MulP   7.0000  7.0000 sum  14.0000
    4   Sn  MulP   7.0000  7.0000 sum  14.0000
 Sum of MulP: up   =    28.00000 down          =    28.00000
              total=    56.00000 ideal(neutral)=    56.00000
<DFT>  Total Spin Moment (muB) =  0.000000000000
<DFT>  Mixing_weight= 0.040000000000
<DFT>  Uele   =  -42.211938487727  dUele     =   0.000004854739
<DFT>  NormRD =    0.000170362571  Criterion =   0.000000100000

******************* MD= 2  SCF= 4 *******************
<Poisson>  Poisson's equation using FFT...
<Set_Hamiltonian>  Hamiltonian matrix for VNA+dVH+Vxc...
<Band>  Solving the eigenvalue problem...
 KGrids1:  -0.45833  -0.37500  -0.29167  -0.20833  -0.12500  -0.04167   0.04167   0.12500   0.20833   0.29167   0.37500   0.45833 
 KGrids2:  -0.45833  -0.37500  -0.29167  -0.20833  -0.12500  -0.04167   0.04167   0.12500   0.20833   0.29167   0.37500   0.45833 
 KGrids3:  -0.47500  -0.42500  -0.37500  -0.32500  -0.27500  -0.22500  -0.17500  -0.12500  -0.07500  -0.02500   0.02500   0.07500   0.12500   0.17500   0.22500   0.27500   0.32500   0.37500   0.42500   0.47500 
<Band_DFT>  Eigen, time=0.737190
<Band_DFT>  DM, time=2.037356
    1   Sn  MulP   7.0000  7.0000 sum  14.0001
    2   Sn  MulP   7.0000  7.0000 sum  14.0000
    3   Sn  MulP   7.0000  7.0000 sum  14.0000
    4   Sn  MulP   7.0000  7.0000 sum  14.0000
 Sum of MulP: up   =    28.00000 down          =    28.00000
              total=    56.00000 ideal(neutral)=    56.00000
<DFT>  Total Spin Moment (muB) =  0.000000000000
<DFT>  Mixing_weight= 0.040000000000
<DFT>  Uele   =  -42.211930403462  dUele     =   0.000008084265
<DFT>  NormRD =    0.000015928519  Criterion =   0.000000100000

******************* MD= 2  SCF= 5 *******************
<Poisson>  Poisson's equation using FFT...
<Set_Hamiltonian>  Hamiltonian matrix for VNA+dVH+Vxc...
<Band>  Solving the eigenvalue problem...
 KGrids1:  -0.45833  -0.37500  -0.29167  -0.20833  -0.12500  -0.04167   0.04167   0.12500   0.20833   0.29167   0.37500   0.45833 
 KGrids2:  -0.45833  -0.37500  -0.29167  -0.20833  -0.12500  -0.04167   0.04167   0.12500   0.20833   0.29167   0.37500   0.45833 
 KGrids3:  -0.47500  -0.42500  -0.37500  -0.32500  -0.27500  -0.22500  -0.17500  -0.12500  -0.07500  -0.02500   0.02500   0.07500   0.12500   0.17500   0.22500   0.27500   0.32500   0.37500   0.42500   0.47500 
<Band_DFT>  Eigen, time=0.734794
<Band_DFT>  DM, time=2.037994
    1   Sn  MulP   7.0000  7.0000 sum  14.0001
    2   Sn  MulP   7.0000  7.0000 sum  14.0000
    3   Sn  MulP   7.0000  7.0000 sum  14.0000
    4   Sn  MulP   7.0000  7.0000 sum  14.0000
 Sum of MulP: up   =    28.00000 down          =    28.00000
              total=    56.00000 ideal(neutral)=    56.00000
<DFT>  Total Spin Moment (muB) =  0.000000000000
<DFT>  Mixing_weight= 0.040000000000
<DFT>  Uele   =  -42.211930759002  dUele     =   0.000000355539
<DFT>  NormRD =    0.000008079087  Criterion =   0.000000100000

******************* MD= 2  SCF= 6 *******************
<Poisson>  Poisson's equation using FFT...
<Set_Hamiltonian>  Hamiltonian matrix for VNA+dVH+Vxc...
<Band>  Solving the eigenvalue problem...
 KGrids1:  -0.45833  -0.37500  -0.29167  -0.20833  -0.12500  -0.04167   0.04167   0.12500   0.20833   0.29167   0.37500   0.45833 
 KGrids2:  -0.45833  -0.37500  -0.29167  -0.20833  -0.12500  -0.04167   0.04167   0.12500   0.20833   0.29167   0.37500   0.45833 
 KGrids3:  -0.47500  -0.42500  -0.37500  -0.32500  -0.27500  -0.22500  -0.17500  -0.12500  -0.07500  -0.02500   0.02500   0.07500   0.12500   0.17500   0.22500   0.27500   0.32500   0.37500   0.42500   0.47500 
<Band_DFT>  Eigen, time=0.751915
<Band_DFT>  DM, time=2.036684
    1   Sn  MulP   7.0000  7.0000 sum  14.0001
    2   Sn  MulP   7.0000  7.0000 sum  14.0000
    3   Sn  MulP   7.0000  7.0000 sum  14.0000
    4   Sn  MulP   7.0000  7.0000 sum  14.0000
 Sum of MulP: up   =    28.00000 down          =    28.00000
              total=    56.00000 ideal(neutral)=    56.00000
<DFT>  Total Spin Moment (muB) =  0.000000000000
<DFT>  Mixing_weight= 0.040000000000
<DFT>  Uele   =  -42.211930858468  dUele     =   0.000000099466
<DFT>  NormRD =    0.000008888358  Criterion =   0.000000100000
<MD= 2>  Force calculation
  Force calculation #1
  Force calculation #2
  Force calculation #3
  Force calculation #4
  Force calculation #5
  Stress calculation #1
  Stress calculation #2
  Stress calculation #3
  Stress calculation #4
  Stress calculation #5
<MD= 2>  Total Energy
  Force calculation #6
  Force calculation #7

*******************************************************
                  Dipole moment (Debye)                 
*******************************************************

 Absolute D      520.17569411

                      Dx                Dy                Dz
 Total           -361.89148318     -362.13875714      -92.04796426
 Core             400.62732860      401.43891146      323.62983185
 Electron        -762.51881178     -763.57766860     -415.67779611
 Back ground       -0.00000000       -0.00000000       -0.00000000

*******************************************************
               Stress tensor (Hartree/bohr^3)            
*******************************************************

      -0.00000059        0.00000000       -0.00000383 
       0.00000000       -0.00000027        0.00000000 
      -0.00000383        0.00000000       -0.00000119 

*******************************************************
                Total Energy (Hartree) at MD = 2        
*******************************************************

  Uele  =     -42.211930858468

  Ukin  =     203.437111678399
  UH0   =   -2703.969748422031
  UH1   =       0.004900334359
  Una   =    -149.420275610701
  Unl   =     -47.912621697836
  Uxc0  =     -25.237070298366
  Uxc1  =     -25.237070298366
  Ucore =    2464.177491887199
  Uhub  =       0.000000000000
  Ucs   =       0.000000000000
  Uzs   =       0.000000000000
  Uzo   =       0.000000000000
  Uef   =       0.000000000000
  UvdW  =       0.000000000000
  Uch   =       0.000000000000
  Utot  =    -284.157282427344

  UpV   =       0.000000000000
  Enpy  =    -284.157282427344
  Note:

  Uele:   band energy
  Ukin:   kinetic energy
  UH0:    electric part of screened Coulomb energy
  UH1:    difference electron-electron Coulomb energy
  Una:    neutral atom potential energy
  Unl:    non-local potential energy
  Uxc0:   exchange-correlation energy for alpha spin
  Uxc1:   exchange-correlation energy for beta spin
  Ucore:  core-core Coulomb energy
  Uhub:   LDA+U energy
  Ucs:    constraint energy for spin orientation
  Uzs:    Zeeman term for spin magnetic moment
  Uzo:    Zeeman term for orbital magnetic moment
  Uef:    electric energy by electric field
  UvdW:   semi-empirical vdW energy 
  Uch:    penalty term to create a core hole
  UpV:    pressure times volume
  Enpy:   Enthalpy = Utot + UpV
  (see also PRB 72, 045121(2005) for the energy contributions)


*******************************************************
           Computational times (s) at MD = 2            
*******************************************************

  DFT in total      =   29.55882

  Set_OLP_Kin       =    0.91508
  Set_Nonlocal      =    1.57787
  Set_ProExpn_VNA   =    2.91763
  Set_Hamiltonian   =    1.48551
  Poisson           =    0.00211
  diagonalization   =   16.65477
  Mixing_DM         =    0.00541
  Force             =    2.54605
  Total_Energy      =    0.45901
  Set_Aden_Grid     =    0.16641
  Set_Orbitals_Grid =    0.10106
  Set_Density_Grid  =    0.58117
  RestartFileDFT    =    0.02698
  Mulliken_Charge   =    0.00104
  FFT(2D)_Density   =    0.00199

The SCF was achieved at MD=   2

*******************************************************
             MD or geometry opt. at MD = 2              
*******************************************************

<Steepest_Descent>  SD_scaling= 1.259817203711
<Steepest_Descent>  |Maximum force| (Hartree/Bohr) = 0.001054962897
<Steepest_Descent>  Criterion       (Hartree/Bohr) = 0.000100000000

  atom=  1, XYZ(ang) Fxyz(a.u.)=   0.0002    0.0000   -0.0000    -0.0001   -0.0000    0.0000
  atom=  2, XYZ(ang) Fxyz(a.u.)=   2.9811    2.9849    1.6017    -0.0001   -0.0000    0.0000
  atom=  3, XYZ(ang) Fxyz(a.u.)=  -0.0021    2.9849    0.8059    -0.0000   -0.0000   -0.0010
  atom=  4, XYZ(ang) Fxyz(a.u.)=   2.9785    0.0000    2.4050     0.0003   -0.0000    0.0010

*******************************************************
        Analysis of neighbors and setting of grids        
*******************************************************


*******************************************************
  Allocation of atoms to processors at MD_iter=    3     
*******************************************************

 proc =   0  # of atoms=   1  estimated weight=         1.00000
 proc =   1  # of atoms=   1  estimated weight=         1.00000
 proc =   2  # of atoms=   1  estimated weight=         1.00000
 proc =   3  # of atoms=   1  estimated weight=         1.00000
 proc =   4  # of atoms=   0  estimated weight=         0.00000
 proc =   5  # of atoms=   0  estimated weight=         0.00000
 proc =   6  # of atoms=   0  estimated weight=         0.00000
 proc =   7  # of atoms=   0  estimated weight=         0.00000
 proc =   8  # of atoms=   0  estimated weight=         0.00000
 proc =   9  # of atoms=   0  estimated weight=         0.00000
 proc =  10  # of atoms=   0  estimated weight=         0.00000
 proc =  11  # of atoms=   0  estimated weight=         0.00000
 proc =  12  # of atoms=   0  estimated weight=         0.00000
 proc =  13  # of atoms=   0  estimated weight=         0.00000
 proc =  14  # of atoms=   0  estimated weight=         0.00000
 proc =  15  # of atoms=   0  estimated weight=         0.00000



TFNAN=     256   Average FNAN=  64.00000
TSNAN=       0   Average SNAN=   0.00000
<truncation> CpyCell= 3 ct_AN=   1 FNAN SNAN  64   0
<truncation> CpyCell= 3 ct_AN=   2 FNAN SNAN  64   0
<truncation> CpyCell= 3 ct_AN=   3 FNAN SNAN  64   0
<truncation> CpyCell= 3 ct_AN=   4 FNAN SNAN  64   0
<UCell_Box> Info. of cutoff energy and num. of grids
lattice vectors (bohr)
A  = 11.281295655248,  0.000000000000, -0.028203239138
B  =  0.000000000000, 11.281295655248,  0.000000000000
C  = -0.015204829790,  0.000000000000,  6.081931916162
reciprocal lattice vectors (bohr^-1)
RA =  0.556959481370, -0.000000000000,  0.001392398703
RB = -0.000000000000,  0.556956000374, -0.000000000000
RC =  0.002582742073, -0.000000000000,  1.033096829091
Required cutoff energy (Ryd) for 3D-grids = 200.0000
    Used cutoff energy (Ryd) for 3D-grids = 193.8786, 193.8750, 194.5146
Num. of grids of a-, b-, and c-axes = 50, 50, 27
Cell_Volume =    774.028233187484 (Bohr^3)
GridVol     =      0.011467084936 (Bohr^3)
Cell vectors (bohr) of the grid cell (gtv)
  gtv_a =  0.225625913105,  0.000000000000, -0.000564064783
  gtv_b =  0.000000000000,  0.225625913105,  0.000000000000
  gtv_c = -0.000563141844,  0.000000000000,  0.225256737636
  |gtv_a| =  0.225626618185
  |gtv_b| =  0.225625913105
  |gtv_c| =  0.225257441562
Num. of grids overlapping with atom    1 = 125067
Num. of grids overlapping with atom    2 = 125312
Num. of grids overlapping with atom    3 = 125240
Num. of grids overlapping with atom    4 = 125238

*******************************************************
             SCF calculation at MD = 3                
*******************************************************

<MD= 3>  Calculation of the overlap matrix
<MD= 3>  Calculation of the nonlocal matrix
<MD= 3>  Calculation of the VNA projector matrix

******************* MD= 3  SCF= 1 *******************
<Restart>  Found restart files
<Poisson>  Poisson's equation using FFT...
<Band>  Solving the eigenvalue problem...
 KGrids1:  -0.45833  -0.37500  -0.29167  -0.20833  -0.12500  -0.04167   0.04167   0.12500   0.20833   0.29167   0.37500   0.45833 
 KGrids2:  -0.45833  -0.37500  -0.29167  -0.20833  -0.12500  -0.04167   0.04167   0.12500   0.20833   0.29167   0.37500   0.45833 
 KGrids3:  -0.47500  -0.42500  -0.37500  -0.32500  -0.27500  -0.22500  -0.17500  -0.12500  -0.07500  -0.02500   0.02500   0.07500   0.12500   0.17500   0.22500   0.27500   0.32500   0.37500   0.42500   0.47500 
<Band_DFT>  Eigen, time=0.790598
<Band_DFT>  DM, time=1.987412
    1   Sn  MulP   7.0000  7.0000 sum  14.0000
    2   Sn  MulP   7.0000  7.0000 sum  14.0000
    3   Sn  MulP   7.0000  7.0000 sum  14.0000
    4   Sn  MulP   7.0000  7.0000 sum  14.0000
 Sum of MulP: up   =    28.00000 down          =    28.00000
              total=    56.00000 ideal(neutral)=    56.00000
<DFT>  Total Spin Moment (muB) =  0.000000000000
<DFT>  Mixing_weight= 0.400000000000
<DFT>  Uele   =  -42.211932939682  dUele     =   1.000000000000
<DFT>  NormRD =    1.000000000000  Criterion =   0.000000100000

******************* MD= 3  SCF= 2 *******************
<Poisson>  Poisson's equation using FFT...
<Set_Hamiltonian>  Hamiltonian matrix for VNA+dVH+Vxc...
<Band>  Solving the eigenvalue problem...
 KGrids1:  -0.45833  -0.37500  -0.29167  -0.20833  -0.12500  -0.04167   0.04167   0.12500   0.20833   0.29167   0.37500   0.45833 
 KGrids2:  -0.45833  -0.37500  -0.29167  -0.20833  -0.12500  -0.04167   0.04167   0.12500   0.20833   0.29167   0.37500   0.45833 
 KGrids3:  -0.47500  -0.42500  -0.37500  -0.32500  -0.27500  -0.22500  -0.17500  -0.12500  -0.07500  -0.02500   0.02500   0.07500   0.12500   0.17500   0.22500   0.27500   0.32500   0.37500   0.42500   0.47500 
<Band_DFT>  Eigen, time=0.744938
<Band_DFT>  DM, time=2.043361
    1   Sn  MulP   7.0000  7.0000 sum  14.0000
    2   Sn  MulP   7.0000  7.0000 sum  14.0000
    3   Sn  MulP   7.0000  7.0000 sum  14.0000
    4   Sn  MulP   7.0000  7.0000 sum  14.0000
 Sum of MulP: up   =    28.00000 down          =    28.00000
              total=    56.00000 ideal(neutral)=    56.00000
<DFT>  Total Spin Moment (muB) =  0.000000000000
<DFT>  Mixing_weight= 0.400000000000
<DFT>  Uele   =  -42.211925124346  dUele     =   0.000007815336
<DFT>  NormRD =    0.000247430307  Criterion =   0.000000100000

******************* MD= 3  SCF= 3 *******************
<Poisson>  Poisson's equation using FFT...
<Set_Hamiltonian>  Hamiltonian matrix for VNA+dVH+Vxc...
<Band>  Solving the eigenvalue problem...
 KGrids1:  -0.45833  -0.37500  -0.29167  -0.20833  -0.12500  -0.04167   0.04167   0.12500   0.20833   0.29167   0.37500   0.45833 
 KGrids2:  -0.45833  -0.37500  -0.29167  -0.20833  -0.12500  -0.04167   0.04167   0.12500   0.20833   0.29167   0.37500   0.45833 
 KGrids3:  -0.47500  -0.42500  -0.37500  -0.32500  -0.27500  -0.22500  -0.17500  -0.12500  -0.07500  -0.02500   0.02500   0.07500   0.12500   0.17500   0.22500   0.27500   0.32500   0.37500   0.42500   0.47500 
<Band_DFT>  Eigen, time=0.744473
<Band_DFT>  DM, time=2.043706
    1   Sn  MulP   7.0000  7.0000 sum  14.0000
    2   Sn  MulP   7.0000  7.0000 sum  14.0000
    3   Sn  MulP   7.0000  7.0000 sum  14.0000
    4   Sn  MulP   7.0000  7.0000 sum  14.0000
 Sum of MulP: up   =    28.00000 down          =    28.00000
              total=    56.00000 ideal(neutral)=    56.00000
<DFT>  Total Spin Moment (muB) =  0.000000000000
<DFT>  Mixing_weight= 0.040000000000
<DFT>  Uele   =  -42.211920351597  dUele     =   0.000004772749
<DFT>  NormRD =    0.000168377425  Criterion =   0.000000100000

******************* MD= 3  SCF= 4 *******************
<Poisson>  Poisson's equation using FFT...
<Set_Hamiltonian>  Hamiltonian matrix for VNA+dVH+Vxc...
<Band>  Solving the eigenvalue problem...
 KGrids1:  -0.45833  -0.37500  -0.29167  -0.20833  -0.12500  -0.04167   0.04167   0.12500   0.20833   0.29167   0.37500   0.45833 
 KGrids2:  -0.45833  -0.37500  -0.29167  -0.20833  -0.12500  -0.04167   0.04167   0.12500   0.20833   0.29167   0.37500   0.45833 
 KGrids3:  -0.47500  -0.42500  -0.37500  -0.32500  -0.27500  -0.22500  -0.17500  -0.12500  -0.07500  -0.02500   0.02500   0.07500   0.12500   0.17500   0.22500   0.27500   0.32500   0.37500   0.42500   0.47500 
<Band_DFT>  Eigen, time=0.739843
<Band_DFT>  DM, time=2.037436
    1   Sn  MulP   7.0000  7.0000 sum  14.0000
    2   Sn  MulP   7.0000  7.0000 sum  14.0000
    3   Sn  MulP   7.0000  7.0000 sum  14.0000
    4   Sn  MulP   7.0000  7.0000 sum  14.0000
 Sum of MulP: up   =    28.00000 down          =    28.00000
              total=    56.00000 ideal(neutral)=    56.00000
<DFT>  Total Spin Moment (muB) =  0.000000000000
<DFT>  Mixing_weight= 0.040000000000
<DFT>  Uele   =  -42.211912359304  dUele     =   0.000007992293
<DFT>  NormRD =    0.000016344508  Criterion =   0.000000100000

******************* MD= 3  SCF= 5 *******************
<Poisson>  Poisson's equation using FFT...
<Set_Hamiltonian>  Hamiltonian matrix for VNA+dVH+Vxc...
<Band>  Solving the eigenvalue problem...
 KGrids1:  -0.45833  -0.37500  -0.29167  -0.20833  -0.12500  -0.04167   0.04167   0.12500   0.20833   0.29167   0.37500   0.45833 
 KGrids2:  -0.45833  -0.37500  -0.29167  -0.20833  -0.12500  -0.04167   0.04167   0.12500   0.20833   0.29167   0.37500   0.45833 
 KGrids3:  -0.47500  -0.42500  -0.37500  -0.32500  -0.27500  -0.22500  -0.17500  -0.12500  -0.07500  -0.02500   0.02500   0.07500   0.12500   0.17500   0.22500   0.27500   0.32500   0.37500   0.42500   0.47500 
<Band_DFT>  Eigen, time=0.739502
<Band_DFT>  DM, time=2.038571
    1   Sn  MulP   7.0000  7.0000 sum  14.0000
    2   Sn  MulP   7.0000  7.0000 sum  14.0000
    3   Sn  MulP   7.0000  7.0000 sum  14.0000
    4   Sn  MulP   7.0000  7.0000 sum  14.0000
 Sum of MulP: up   =    28.00000 down          =    28.00000
              total=    56.00000 ideal(neutral)=    56.00000
<DFT>  Total Spin Moment (muB) =  0.000000000000
<DFT>  Mixing_weight= 0.040000000000
<DFT>  Uele   =  -42.211912739163  dUele     =   0.000000379859
<DFT>  NormRD =    0.000010853434  Criterion =   0.000000100000

******************* MD= 3  SCF= 6 *******************
<Poisson>  Poisson's equation using FFT...
<Set_Hamiltonian>  Hamiltonian matrix for VNA+dVH+Vxc...
<Band>  Solving the eigenvalue problem...
 KGrids1:  -0.45833  -0.37500  -0.29167  -0.20833  -0.12500  -0.04167   0.04167   0.12500   0.20833   0.29167   0.37500   0.45833 
 KGrids2:  -0.45833  -0.37500  -0.29167  -0.20833  -0.12500  -0.04167   0.04167   0.12500   0.20833   0.29167   0.37500   0.45833 
 KGrids3:  -0.47500  -0.42500  -0.37500  -0.32500  -0.27500  -0.22500  -0.17500  -0.12500  -0.07500  -0.02500   0.02500   0.07500   0.12500   0.17500   0.22500   0.27500   0.32500   0.37500   0.42500   0.47500 
<Band_DFT>  Eigen, time=0.742186
<Band_DFT>  DM, time=2.036623
    1   Sn  MulP   7.0000  7.0000 sum  14.0000
    2   Sn  MulP   7.0000  7.0000 sum  14.0000
    3   Sn  MulP   7.0000  7.0000 sum  14.0000
    4   Sn  MulP   7.0000  7.0000 sum  14.0000
 Sum of MulP: up   =    28.00000 down          =    28.00000
              total=    56.00000 ideal(neutral)=    56.00000
<DFT>  Total Spin Moment (muB) =  0.000000000000
<DFT>  Mixing_weight= 0.040000000000
<DFT>  Uele   =  -42.211912810057  dUele     =   0.000000070894
<DFT>  NormRD =    0.000007116064  Criterion =   0.000000100000
<MD= 3>  Force calculation
  Force calculation #1
  Force calculation #2
  Force calculation #3
  Force calculation #4
  Force calculation #5
  Stress calculation #1
  Stress calculation #2
  Stress calculation #3
  Stress calculation #4
  Stress calculation #5
<MD= 3>  Total Energy
  Force calculation #6
  Force calculation #7

*******************************************************
                  Dipole moment (Debye)                 
*******************************************************

 Absolute D      520.15347439

                      Dx                Dy                Dz
 Total           -361.85732959     -362.13873141      -92.05677136
 Core             400.62677379      401.43891499      323.62710915
 Electron        -762.48410338     -763.57764640     -415.68388050
 Back ground       -0.00000000       -0.00000000       -0.00000000

*******************************************************
               Stress tensor (Hartree/bohr^3)            
*******************************************************

      -0.00000052        0.00000000       -0.00000378 
       0.00000000       -0.00000018        0.00000000 
      -0.00000378        0.00000000       -0.00000097 

*******************************************************
                Total Energy (Hartree) at MD = 3        
*******************************************************

  Uele  =     -42.211912810057

  Ukin  =     203.437169002993
  UH0   =   -2703.969717946635
  UH1   =       0.004900241643
  Una   =    -149.420303101104
  Unl   =     -47.912646738284
  Uxc0  =     -25.237073549077
  Uxc1  =     -25.237073549077
  Ucore =    2464.177460431267
  Uhub  =       0.000000000000
  Ucs   =       0.000000000000
  Uzs   =       0.000000000000
  Uzo   =       0.000000000000
  Uef   =       0.000000000000
  UvdW  =       0.000000000000
  Uch   =       0.000000000000
  Utot  =    -284.157285208273

  UpV   =       0.000000000000
  Enpy  =    -284.157285208273
  Note:

  Uele:   band energy
  Ukin:   kinetic energy
  UH0:    electric part of screened Coulomb energy
  UH1:    difference electron-electron Coulomb energy
  Una:    neutral atom potential energy
  Unl:    non-local potential energy
  Uxc0:   exchange-correlation energy for alpha spin
  Uxc1:   exchange-correlation energy for beta spin
  Ucore:  core-core Coulomb energy
  Uhub:   LDA+U energy
  Ucs:    constraint energy for spin orientation
  Uzs:    Zeeman term for spin magnetic moment
  Uzo:    Zeeman term for orbital magnetic moment
  Uef:    electric energy by electric field
  UvdW:   semi-empirical vdW energy 
  Uch:    penalty term to create a core hole
  UpV:    pressure times volume
  Enpy:   Enthalpy = Utot + UpV
  (see also PRB 72, 045121(2005) for the energy contributions)


*******************************************************
           Computational times (s) at MD = 3            
*******************************************************

  DFT in total      =   29.56448

  Set_OLP_Kin       =    0.69603
  Set_Nonlocal      =    1.81152
  Set_ProExpn_VNA   =    3.17961
  Set_Hamiltonian   =    1.34702
  Poisson           =    0.00189
  diagonalization   =   17.01523
  Mixing_DM         =    0.00483
  Force             =    2.54676
  Total_Energy      =    0.34573
  Set_Aden_Grid     =    0.30814
  Set_Orbitals_Grid =    0.09793
  Set_Density_Grid  =    0.53704
  RestartFileDFT    =    0.00329
  Mulliken_Charge   =    0.00098
  FFT(2D)_Density   =    0.00206

The SCF was achieved at MD=   3

*******************************************************
             MD or geometry opt. at MD = 3              
*******************************************************

<Steepest_Descent>  SD_scaling= 1.259817203711
<Steepest_Descent>  |Maximum force| (Hartree/Bohr) = 0.001001465150
<Steepest_Descent>  Criterion       (Hartree/Bohr) = 0.000100000000

  atom=  1, XYZ(ang) Fxyz(a.u.)=   0.0003    0.0000   -0.0000    -0.0001   -0.0000    0.0000
  atom=  2, XYZ(ang) Fxyz(a.u.)=   2.9812    2.9849    1.6017    -0.0001   -0.0000    0.0000
  atom=  3, XYZ(ang) Fxyz(a.u.)=  -0.0020    2.9849    0.8066    -0.0000    0.0000   -0.0010
  atom=  4, XYZ(ang) Fxyz(a.u.)=   2.9784    0.0000    2.4044     0.0002   -0.0000    0.0010

*******************************************************
        Analysis of neighbors and setting of grids        
*******************************************************


*******************************************************
  Allocation of atoms to processors at MD_iter=    4     
*******************************************************

 proc =   0  # of atoms=   1  estimated weight=         1.00000
 proc =   1  # of atoms=   1  estimated weight=         1.00000
 proc =   2  # of atoms=   1  estimated weight=         1.00000
 proc =   3  # of atoms=   1  estimated weight=         1.00000
 proc =   4  # of atoms=   0  estimated weight=         0.00000
 proc =   5  # of atoms=   0  estimated weight=         0.00000
 proc =   6  # of atoms=   0  estimated weight=         0.00000
 proc =   7  # of atoms=   0  estimated weight=         0.00000
 proc =   8  # of atoms=   0  estimated weight=         0.00000
 proc =   9  # of atoms=   0  estimated weight=         0.00000
 proc =  10  # of atoms=   0  estimated weight=         0.00000
 proc =  11  # of atoms=   0  estimated weight=         0.00000
 proc =  12  # of atoms=   0  estimated weight=         0.00000
 proc =  13  # of atoms=   0  estimated weight=         0.00000
 proc =  14  # of atoms=   0  estimated weight=         0.00000
 proc =  15  # of atoms=   0  estimated weight=         0.00000



TFNAN=     256   Average FNAN=  64.00000
TSNAN=       0   Average SNAN=   0.00000
<truncation> CpyCell= 3 ct_AN=   1 FNAN SNAN  64   0
<truncation> CpyCell= 3 ct_AN=   2 FNAN SNAN  64   0
<truncation> CpyCell= 3 ct_AN=   3 FNAN SNAN  64   0
<truncation> CpyCell= 3 ct_AN=   4 FNAN SNAN  64   0
<UCell_Box> Info. of cutoff energy and num. of grids
lattice vectors (bohr)
A  = 11.281295655248,  0.000000000000, -0.028203239138
B  =  0.000000000000, 11.281295655248,  0.000000000000
C  = -0.015204829790,  0.000000000000,  6.081931916162
reciprocal lattice vectors (bohr^-1)
RA =  0.556959481370, -0.000000000000,  0.001392398703
RB = -0.000000000000,  0.556956000374, -0.000000000000
RC =  0.002582742073, -0.000000000000,  1.033096829091
Required cutoff energy (Ryd) for 3D-grids = 200.0000
    Used cutoff energy (Ryd) for 3D-grids = 193.8786, 193.8750, 194.5146
Num. of grids of a-, b-, and c-axes = 50, 50, 27
Cell_Volume =    774.028233187484 (Bohr^3)
GridVol     =      0.011467084936 (Bohr^3)
Cell vectors (bohr) of the grid cell (gtv)
  gtv_a =  0.225625913105,  0.000000000000, -0.000564064783
  gtv_b =  0.000000000000,  0.225625913105,  0.000000000000
  gtv_c = -0.000563141844,  0.000000000000,  0.225256737636
  |gtv_a| =  0.225626618185
  |gtv_b| =  0.225625913105
  |gtv_c| =  0.225257441562
Num. of grids overlapping with atom    1 = 125063
Num. of grids overlapping with atom    2 = 125312
Num. of grids overlapping with atom    3 = 125232
Num. of grids overlapping with atom    4 = 125226

*******************************************************
             SCF calculation at MD = 4                
*******************************************************

<MD= 4>  Calculation of the overlap matrix
<MD= 4>  Calculation of the nonlocal matrix
<MD= 4>  Calculation of the VNA projector matrix

******************* MD= 4  SCF= 1 *******************
<Restart>  Found restart files
<Poisson>  Poisson's equation using FFT...
<Band>  Solving the eigenvalue problem...
 KGrids1:  -0.45833  -0.37500  -0.29167  -0.20833  -0.12500  -0.04167   0.04167   0.12500   0.20833   0.29167   0.37500   0.45833 
 KGrids2:  -0.45833  -0.37500  -0.29167  -0.20833  -0.12500  -0.04167   0.04167   0.12500   0.20833   0.29167   0.37500   0.45833 
 KGrids3:  -0.47500  -0.42500  -0.37500  -0.32500  -0.27500  -0.22500  -0.17500  -0.12500  -0.07500  -0.02500   0.02500   0.07500   0.12500   0.17500   0.22500   0.27500   0.32500   0.37500   0.42500   0.47500 
<Band_DFT>  Eigen, time=0.745389
<Band_DFT>  DM, time=1.818736
    1   Sn  MulP   7.0000  7.0000 sum  14.0000
    2   Sn  MulP   7.0000  7.0000 sum  14.0000
    3   Sn  MulP   7.0000  7.0000 sum  14.0000
    4   Sn  MulP   7.0000  7.0000 sum  14.0000
 Sum of MulP: up   =    28.00000 down          =    28.00000
              total=    56.00000 ideal(neutral)=    56.00000
<DFT>  Total Spin Moment (muB) =  0.000000000000
<DFT>  Mixing_weight= 0.400000000000
<DFT>  Uele   =  -42.211896645012  dUele     =   1.000000000000
<DFT>  NormRD =    1.000000000000  Criterion =   0.000000100000

******************* MD= 4  SCF= 2 *******************
<Poisson>  Poisson's equation using FFT...
<Set_Hamiltonian>  Hamiltonian matrix for VNA+dVH+Vxc...
<Band>  Solving the eigenvalue problem...
 KGrids1:  -0.45833  -0.37500  -0.29167  -0.20833  -0.12500  -0.04167   0.04167   0.12500   0.20833   0.29167   0.37500   0.45833 
 KGrids2:  -0.45833  -0.37500  -0.29167  -0.20833  -0.12500  -0.04167   0.04167   0.12500   0.20833   0.29167   0.37500   0.45833 
 KGrids3:  -0.47500  -0.42500  -0.37500  -0.32500  -0.27500  -0.22500  -0.17500  -0.12500  -0.07500  -0.02500   0.02500   0.07500   0.12500   0.17500   0.22500   0.27500   0.32500   0.37500   0.42500   0.47500 
<Band_DFT>  Eigen, time=0.741271
<Band_DFT>  DM, time=2.035761
    1   Sn  MulP   7.0000  7.0000 sum  14.0000
    2   Sn  MulP   7.0000  7.0000 sum  14.0000
    3   Sn  MulP   7.0000  7.0000 sum  14.0000
    4   Sn  MulP   7.0000  7.0000 sum  14.0000
 Sum of MulP: up   =    28.00000 down          =    28.00000
              total=    56.00000 ideal(neutral)=    56.00000
<DFT>  Total Spin Moment (muB) =  0.000000000000
<DFT>  Mixing_weight= 0.400000000000
<DFT>  Uele   =  -42.211896181188  dUele     =   0.000000463824
<DFT>  NormRD =    0.000019319657  Criterion =   0.000000100000

******************* MD= 4  SCF= 3 *******************
<Poisson>  Poisson's equation using FFT...
<Set_Hamiltonian>  Hamiltonian matrix for VNA+dVH+Vxc...
<Band>  Solving the eigenvalue problem...
 KGrids1:  -0.45833  -0.37500  -0.29167  -0.20833  -0.12500  -0.04167   0.04167   0.12500   0.20833   0.29167   0.37500   0.45833 
 KGrids2:  -0.45833  -0.37500  -0.29167  -0.20833  -0.12500  -0.04167   0.04167   0.12500   0.20833   0.29167   0.37500   0.45833 
 KGrids3:  -0.47500  -0.42500  -0.37500  -0.32500  -0.27500  -0.22500  -0.17500  -0.12500  -0.07500  -0.02500   0.02500   0.07500   0.12500   0.17500   0.22500   0.27500   0.32500   0.37500   0.42500   0.47500 
<Band_DFT>  Eigen, time=0.790869
<Band_DFT>  DM, time=1.986096
    1   Sn  MulP   7.0000  7.0000 sum  14.0000
    2   Sn  MulP   7.0000  7.0000 sum  14.0000
    3   Sn  MulP   7.0000  7.0000 sum  14.0000
    4   Sn  MulP   7.0000  7.0000 sum  14.0000
 Sum of MulP: up   =    28.00000 down          =    28.00000
              total=    56.00000 ideal(neutral)=    56.00000
<DFT>  Total Spin Moment (muB) =  0.000000000000
<DFT>  Mixing_weight= 0.040000000000
<DFT>  Uele   =  -42.211895881766  dUele     =   0.000000299422
<DFT>  NormRD =    0.000013155220  Criterion =   0.000000100000

******************* MD= 4  SCF= 4 *******************
<Poisson>  Poisson's equation using FFT...
<Set_Hamiltonian>  Hamiltonian matrix for VNA+dVH+Vxc...
<Band>  Solving the eigenvalue problem...
 KGrids1:  -0.45833  -0.37500  -0.29167  -0.20833  -0.12500  -0.04167   0.04167   0.12500   0.20833   0.29167   0.37500   0.45833 
 KGrids2:  -0.45833  -0.37500  -0.29167  -0.20833  -0.12500  -0.04167   0.04167   0.12500   0.20833   0.29167   0.37500   0.45833 
 KGrids3:  -0.47500  -0.42500  -0.37500  -0.32500  -0.27500  -0.22500  -0.17500  -0.12500  -0.07500  -0.02500   0.02500   0.07500   0.12500   0.17500   0.22500   0.27500   0.32500   0.37500   0.42500   0.47500 
<Band_DFT>  Eigen, time=0.740116
<Band_DFT>  DM, time=2.038319
    1   Sn  MulP   7.0000  7.0000 sum  14.0000
    2   Sn  MulP   7.0000  7.0000 sum  14.0000
    3   Sn  MulP   7.0000  7.0000 sum  14.0000
    4   Sn  MulP   7.0000  7.0000 sum  14.0000
 Sum of MulP: up   =    28.00000 down          =    28.00000
              total=    56.00000 ideal(neutral)=    56.00000
<DFT>  Total Spin Moment (muB) =  0.000000000000
<DFT>  Mixing_weight= 0.040000000000
<DFT>  Uele   =  -42.211895207673  dUele     =   0.000000674093
<DFT>  NormRD =    0.000001501574  Criterion =   0.000000100000

******************* MD= 4  SCF= 5 *******************
<Poisson>  Poisson's equation using FFT...
<Set_Hamiltonian>  Hamiltonian matrix for VNA+dVH+Vxc...
<Band>  Solving the eigenvalue problem...
 KGrids1:  -0.45833  -0.37500  -0.29167  -0.20833  -0.12500  -0.04167   0.04167   0.12500   0.20833   0.29167   0.37500   0.45833 
 KGrids2:  -0.45833  -0.37500  -0.29167  -0.20833  -0.12500  -0.04167   0.04167   0.12500   0.20833   0.29167   0.37500   0.45833 
 KGrids3:  -0.47500  -0.42500  -0.37500  -0.32500  -0.27500  -0.22500  -0.17500  -0.12500  -0.07500  -0.02500   0.02500   0.07500   0.12500   0.17500   0.22500   0.27500   0.32500   0.37500   0.42500   0.47500 
<Band_DFT>  Eigen, time=0.790830
<Band_DFT>  DM, time=1.985470
    1   Sn  MulP   7.0000  7.0000 sum  14.0000
    2   Sn  MulP   7.0000  7.0000 sum  14.0000
    3   Sn  MulP   7.0000  7.0000 sum  14.0000
    4   Sn  MulP   7.0000  7.0000 sum  14.0000
 Sum of MulP: up   =    28.00000 down          =    28.00000
              total=    56.00000 ideal(neutral)=    56.00000
<DFT>  Total Spin Moment (muB) =  0.000000000000
<DFT>  Mixing_weight= 0.040000000000
<DFT>  Uele   =  -42.211895302553  dUele     =   0.000000094880
<DFT>  NormRD =    0.000001857030  Criterion =   0.000000100000
<MD= 4>  Force calculation
  Force calculation #1
  Force calculation #2
  Force calculation #3
  Force calculation #4
  Force calculation #5
  Stress calculation #1
  Stress calculation #2
  Stress calculation #3
  Stress calculation #4
  Stress calculation #5
<MD= 4>  Total Energy
  Force calculation #6
  Force calculation #7

*******************************************************
                  Dipole moment (Debye)                 
*******************************************************

 Absolute D      520.13658832

                      Dx                Dy                Dz
 Total           -361.83103875     -362.13870755      -92.06479461
 Core             400.62715163      401.43891733      323.62552784
 Electron        -762.45819038     -763.57762488     -415.69032245
 Back ground       -0.00000000       -0.00000000       -0.00000000

*******************************************************
               Stress tensor (Hartree/bohr^3)            
*******************************************************

      -0.00000043        0.00000000       -0.00000377 
       0.00000000       -0.00000009        0.00000000 
      -0.00000377        0.00000000       -0.00000077 

*******************************************************
                Total Energy (Hartree) at MD = 4        
*******************************************************

  Uele  =     -42.211895302553

  Ukin  =     203.437224917543
  UH0   =   -2703.969676414114
  UH1   =       0.004900151798
  Una   =    -149.420330227776
  Unl   =     -47.912671002252
  Uxc0  =     -25.237076688271
  Uxc1  =     -25.237076688271
  Ucore =    2464.177418178335
  Uhub  =       0.000000000000
  Ucs   =       0.000000000000
  Uzs   =       0.000000000000
  Uzo   =       0.000000000000
  Uef   =       0.000000000000
  UvdW  =       0.000000000000
  Uch   =       0.000000000000
  Utot  =    -284.157287773008

  UpV   =       0.000000000000
  Enpy  =    -284.157287773008
  Note:

  Uele:   band energy
  Ukin:   kinetic energy
  UH0:    electric part of screened Coulomb energy
  UH1:    difference electron-electron Coulomb energy
  Una:    neutral atom potential energy
  Unl:    non-local potential energy
  Uxc0:   exchange-correlation energy for alpha spin
  Uxc1:   exchange-correlation energy for beta spin
  Ucore:  core-core Coulomb energy
  Uhub:   LDA+U energy
  Ucs:    constraint energy for spin orientation
  Uzs:    Zeeman term for spin magnetic moment
  Uzo:    Zeeman term for orbital magnetic moment
  Uef:    electric energy by electric field
  UvdW:   semi-empirical vdW energy 
  Uch:    penalty term to create a core hole
  UpV:    pressure times volume
  Enpy:   Enthalpy = Utot + UpV
  (see also PRB 72, 045121(2005) for the energy contributions)


*******************************************************
           Computational times (s) at MD = 4            
*******************************************************

  DFT in total      =   25.55449

  Set_OLP_Kin       =    0.69656
  Set_Nonlocal      =    1.25403
  Set_ProExpn_VNA   =    2.89478
  Set_Hamiltonian   =    1.36375
  Poisson           =    0.00099
  diagonalization   =   13.96381
  Mixing_DM         =    0.00402
  Force             =    2.64522
  Total_Energy      =    0.34330
  Set_Aden_Grid     =    0.00719
  Set_Orbitals_Grid =    0.09907
  Set_Density_Grid  =    0.55423
  RestartFileDFT    =    0.00298
  Mulliken_Charge   =    0.00092
  FFT(2D)_Density   =    0.00171

The SCF was achieved at MD=   4

*******************************************************
             MD or geometry opt. at MD = 4              
*******************************************************

<Steepest_Descent>  SD_scaling= 1.259817203711
<Steepest_Descent>  |Maximum force| (Hartree/Bohr) = 0.001046633382
<Steepest_Descent>  Criterion       (Hartree/Bohr) = 0.000100000000

  atom=  1, XYZ(ang) Fxyz(a.u.)=   0.0003    0.0000   -0.0000    -0.0001    0.0000    0.0000
  atom=  2, XYZ(ang) Fxyz(a.u.)=   2.9812    2.9849    1.6017    -0.0001    0.0000    0.0001
  atom=  3, XYZ(ang) Fxyz(a.u.)=  -0.0021    2.9849    0.8073     0.0000   -0.0000   -0.0010
  atom=  4, XYZ(ang) Fxyz(a.u.)=   2.9782    0.0000    2.4037     0.0002    0.0000    0.0010

*******************************************************
        Analysis of neighbors and setting of grids        
*******************************************************


*******************************************************
  Allocation of atoms to processors at MD_iter=    5     
*******************************************************

 proc =   0  # of atoms=   1  estimated weight=         1.00000
 proc =   1  # of atoms=   1  estimated weight=         1.00000
 proc =   2  # of atoms=   1  estimated weight=         1.00000
 proc =   3  # of atoms=   1  estimated weight=         1.00000
 proc =   4  # of atoms=   0  estimated weight=         0.00000
 proc =   5  # of atoms=   0  estimated weight=         0.00000
 proc =   6  # of atoms=   0  estimated weight=         0.00000
 proc =   7  # of atoms=   0  estimated weight=         0.00000
 proc =   8  # of atoms=   0  estimated weight=         0.00000
 proc =   9  # of atoms=   0  estimated weight=         0.00000
 proc =  10  # of atoms=   0  estimated weight=         0.00000
 proc =  11  # of atoms=   0  estimated weight=         0.00000
 proc =  12  # of atoms=   0  estimated weight=         0.00000
 proc =  13  # of atoms=   0  estimated weight=         0.00000
 proc =  14  # of atoms=   0  estimated weight=         0.00000
 proc =  15  # of atoms=   0  estimated weight=         0.00000



TFNAN=     256   Average FNAN=  64.00000
TSNAN=       0   Average SNAN=   0.00000
<truncation> CpyCell= 3 ct_AN=   1 FNAN SNAN  64   0
<truncation> CpyCell= 3 ct_AN=   2 FNAN SNAN  64   0
<truncation> CpyCell= 3 ct_AN=   3 FNAN SNAN  64   0
<truncation> CpyCell= 3 ct_AN=   4 FNAN SNAN  64   0
<UCell_Box> Info. of cutoff energy and num. of grids
lattice vectors (bohr)
A  = 11.281295655248,  0.000000000000, -0.028203239138
B  =  0.000000000000, 11.281295655248,  0.000000000000
C  = -0.015204829790,  0.000000000000,  6.081931916162
reciprocal lattice vectors (bohr^-1)
RA =  0.556959481370, -0.000000000000,  0.001392398703
RB = -0.000000000000,  0.556956000374, -0.000000000000
RC =  0.002582742073, -0.000000000000,  1.033096829091
Required cutoff energy (Ryd) for 3D-grids = 200.0000
    Used cutoff energy (Ryd) for 3D-grids = 193.8786, 193.8750, 194.5146
Num. of grids of a-, b-, and c-axes = 50, 50, 27
Cell_Volume =    774.028233187484 (Bohr^3)
GridVol     =      0.011467084936 (Bohr^3)
Cell vectors (bohr) of the grid cell (gtv)
  gtv_a =  0.225625913105,  0.000000000000, -0.000564064783
  gtv_b =  0.000000000000,  0.225625913105,  0.000000000000
  gtv_c = -0.000563141844,  0.000000000000,  0.225256737636
  |gtv_a| =  0.225626618185
  |gtv_b| =  0.225625913105
  |gtv_c| =  0.225257441562
Num. of grids overlapping with atom    1 = 125063
Num. of grids overlapping with atom    2 = 125308
Num. of grids overlapping with atom    3 = 125226
Num. of grids overlapping with atom    4 = 125216

*******************************************************
             SCF calculation at MD = 5                
*******************************************************

<MD= 5>  Calculation of the overlap matrix
<MD= 5>  Calculation of the nonlocal matrix
<MD= 5>  Calculation of the VNA projector matrix

******************* MD= 5  SCF= 1 *******************
<Restart>  Found restart files
<Poisson>  Poisson's equation using FFT...
<Band>  Solving the eigenvalue problem...
 KGrids1:  -0.45833  -0.37500  -0.29167  -0.20833  -0.12500  -0.04167   0.04167   0.12500   0.20833   0.29167   0.37500   0.45833 
 KGrids2:  -0.45833  -0.37500  -0.29167  -0.20833  -0.12500  -0.04167   0.04167   0.12500   0.20833   0.29167   0.37500   0.45833 
 KGrids3:  -0.47500  -0.42500  -0.37500  -0.32500  -0.27500  -0.22500  -0.17500  -0.12500  -0.07500  -0.02500   0.02500   0.07500   0.12500   0.17500   0.22500   0.27500   0.32500   0.37500   0.42500   0.47500 
<Band_DFT>  Eigen, time=0.779658
<Band_DFT>  DM, time=1.754722
    1   Sn  MulP   7.0000  7.0000 sum  14.0000
    2   Sn  MulP   7.0000  7.0000 sum  14.0001
    3   Sn  MulP   7.0000  7.0000 sum  14.0000
    4   Sn  MulP   7.0000  7.0000 sum  14.0000
 Sum of MulP: up   =    28.00000 down          =    28.00000
              total=    56.00000 ideal(neutral)=    56.00000
<DFT>  Total Spin Moment (muB) =  0.000000000000
<DFT>  Mixing_weight= 0.400000000000
<DFT>  Uele   =  -42.211875996397  dUele     =   1.000000000000
<DFT>  NormRD =    1.000000000000  Criterion =   0.000000100000

******************* MD= 5  SCF= 2 *******************
<Poisson>  Poisson's equation using FFT...
<Set_Hamiltonian>  Hamiltonian matrix for VNA+dVH+Vxc...
<Band>  Solving the eigenvalue problem...
 KGrids1:  -0.45833  -0.37500  -0.29167  -0.20833  -0.12500  -0.04167   0.04167   0.12500   0.20833   0.29167   0.37500   0.45833 
 KGrids2:  -0.45833  -0.37500  -0.29167  -0.20833  -0.12500  -0.04167   0.04167   0.12500   0.20833   0.29167   0.37500   0.45833 
 KGrids3:  -0.47500  -0.42500  -0.37500  -0.32500  -0.27500  -0.22500  -0.17500  -0.12500  -0.07500  -0.02500   0.02500   0.07500   0.12500   0.17500   0.22500   0.27500   0.32500   0.37500   0.42500   0.47500 
<Band_DFT>  Eigen, time=0.735510
<Band_DFT>  DM, time=1.811032
    1   Sn  MulP   7.0000  7.0000 sum  14.0000
    2   Sn  MulP   7.0000  7.0000 sum  14.0001
    3   Sn  MulP   7.0000  7.0000 sum  14.0000
    4   Sn  MulP   7.0000  7.0000 sum  14.0000
 Sum of MulP: up   =    28.00000 down          =    28.00000
              total=    56.00000 ideal(neutral)=    56.00000
<DFT>  Total Spin Moment (muB) =  0.000000000000
<DFT>  Mixing_weight= 0.400000000000
<DFT>  Uele   =  -42.211876515137  dUele     =   0.000000518740
<DFT>  NormRD =    0.000012156160  Criterion =   0.000000100000

******************* MD= 5  SCF= 3 *******************
<Poisson>  Poisson's equation using FFT...
<Set_Hamiltonian>  Hamiltonian matrix for VNA+dVH+Vxc...
<Band>  Solving the eigenvalue problem...
 KGrids1:  -0.45833  -0.37500  -0.29167  -0.20833  -0.12500  -0.04167   0.04167   0.12500   0.20833   0.29167   0.37500   0.45833 
 KGrids2:  -0.45833  -0.37500  -0.29167  -0.20833  -0.12500  -0.04167   0.04167   0.12500   0.20833   0.29167   0.37500   0.45833 
 KGrids3:  -0.47500  -0.42500  -0.37500  -0.32500  -0.27500  -0.22500  -0.17500  -0.12500  -0.07500  -0.02500   0.02500   0.07500   0.12500   0.17500   0.22500   0.27500   0.32500   0.37500   0.42500   0.47500 
<Band_DFT>  Eigen, time=0.737025
<Band_DFT>  DM, time=1.921135
    1   Sn  MulP   7.0000  7.0000 sum  14.0000
    2   Sn  MulP   7.0000  7.0000 sum  14.0001
    3   Sn  MulP   7.0000  7.0000 sum  14.0000
    4   Sn  MulP   7.0000  7.0000 sum  14.0000
 Sum of MulP: up   =    28.00000 down          =    28.00000
              total=    56.00000 ideal(neutral)=    56.00000
<DFT>  Total Spin Moment (muB) =  0.000000000000
<DFT>  Mixing_weight= 0.040000000000
<DFT>  Uele   =  -42.211876856490  dUele     =   0.000000341353
<DFT>  NormRD =    0.000008201088  Criterion =   0.000000100000

******************* MD= 5  SCF= 4 *******************
<Poisson>  Poisson's equation using FFT...
<Set_Hamiltonian>  Hamiltonian matrix for VNA+dVH+Vxc...
<Band>  Solving the eigenvalue problem...
 KGrids1:  -0.45833  -0.37500  -0.29167  -0.20833  -0.12500  -0.04167   0.04167   0.12500   0.20833   0.29167   0.37500   0.45833 
 KGrids2:  -0.45833  -0.37500  -0.29167  -0.20833  -0.12500  -0.04167   0.04167   0.12500   0.20833   0.29167   0.37500   0.45833 
 KGrids3:  -0.47500  -0.42500  -0.37500  -0.32500  -0.27500  -0.22500  -0.17500  -0.12500  -0.07500  -0.02500   0.02500   0.07500   0.12500   0.17500   0.22500   0.27500   0.32500   0.37500   0.42500   0.47500 
<Band_DFT>  Eigen, time=0.738921
<Band_DFT>  DM, time=1.924454
    1   Sn  MulP   7.0000  7.0000 sum  14.0000
    2   Sn  MulP   7.0000  7.0000 sum  14.0001
    3   Sn  MulP   7.0000  7.0000 sum  14.0000
    4   Sn  MulP   7.0000  7.0000 sum  14.0000
 Sum of MulP: up   =    28.00000 down          =    28.00000
              total=    56.00000 ideal(neutral)=    56.00000
<DFT>  Total Spin Moment (muB) =  0.000000000000
<DFT>  Mixing_weight= 0.040000000000
<DFT>  Uele   =  -42.211877705342  dUele     =   0.000000848852
<DFT>  NormRD =    0.000001109401  Criterion =   0.000000100000

******************* MD= 5  SCF= 5 *******************
<Poisson>  Poisson's equation using FFT...
<Set_Hamiltonian>  Hamiltonian matrix for VNA+dVH+Vxc...
<Band>  Solving the eigenvalue problem...
 KGrids1:  -0.45833  -0.37500  -0.29167  -0.20833  -0.12500  -0.04167   0.04167   0.12500   0.20833   0.29167   0.37500   0.45833 
 KGrids2:  -0.45833  -0.37500  -0.29167  -0.20833  -0.12500  -0.04167   0.04167   0.12500   0.20833   0.29167   0.37500   0.45833 
 KGrids3:  -0.47500  -0.42500  -0.37500  -0.32500  -0.27500  -0.22500  -0.17500  -0.12500  -0.07500  -0.02500   0.02500   0.07500   0.12500   0.17500   0.22500   0.27500   0.32500   0.37500   0.42500   0.47500 
<Band_DFT>  Eigen, time=0.738412
<Band_DFT>  DM, time=1.807095
    1   Sn  MulP   7.0000  7.0000 sum  14.0000
    2   Sn  MulP   7.0000  7.0000 sum  14.0001
    3   Sn  MulP   7.0000  7.0000 sum  14.0000
    4   Sn  MulP   7.0000  7.0000 sum  14.0000
 Sum of MulP: up   =    28.00000 down          =    28.00000
              total=    56.00000 ideal(neutral)=    56.00000
<DFT>  Total Spin Moment (muB) =  0.000000000000
<DFT>  Mixing_weight= 0.040000000000
<DFT>  Uele   =  -42.211877559193  dUele     =   0.000000146149
<DFT>  NormRD =    0.000001128267  Criterion =   0.000000100000

******************* MD= 5  SCF= 6 *******************
<Poisson>  Poisson's equation using FFT...
<Set_Hamiltonian>  Hamiltonian matrix for VNA+dVH+Vxc...
<Band>  Solving the eigenvalue problem...
 KGrids1:  -0.45833  -0.37500  -0.29167  -0.20833  -0.12500  -0.04167   0.04167   0.12500   0.20833   0.29167   0.37500   0.45833 
 KGrids2:  -0.45833  -0.37500  -0.29167  -0.20833  -0.12500  -0.04167   0.04167   0.12500   0.20833   0.29167   0.37500   0.45833 
 KGrids3:  -0.47500  -0.42500  -0.37500  -0.32500  -0.27500  -0.22500  -0.17500  -0.12500  -0.07500  -0.02500   0.02500   0.07500   0.12500   0.17500   0.22500   0.27500   0.32500   0.37500   0.42500   0.47500 
<Band_DFT>  Eigen, time=0.736618
<Band_DFT>  DM, time=1.829097
    1   Sn  MulP   7.0000  7.0000 sum  14.0000
    2   Sn  MulP   7.0000  7.0000 sum  14.0001
    3   Sn  MulP   7.0000  7.0000 sum  14.0000
    4   Sn  MulP   7.0000  7.0000 sum  14.0000
 Sum of MulP: up   =    28.00000 down          =    28.00000
              total=    56.00000 ideal(neutral)=    56.00000
<DFT>  Total Spin Moment (muB) =  0.000000000000
<DFT>  Mixing_weight= 0.040000000000
<DFT>  Uele   =  -42.211877558477  dUele     =   0.000000000716
<DFT>  NormRD =    0.000000195056  Criterion =   0.000000100000
<MD= 5>  Force calculation
  Force calculation #1
  Force calculation #2
  Force calculation #3
  Force calculation #4
  Force calculation #5
  Stress calculation #1
  Stress calculation #2
  Stress calculation #3
  Stress calculation #4
  Stress calculation #5
<MD= 5>  Total Energy
  Force calculation #6
  Force calculation #7

*******************************************************
                  Dipole moment (Debye)                 
*******************************************************

 Absolute D      520.13188556

                      Dx                Dy                Dz
 Total           -361.82245001     -362.13869921      -92.07201296
 Core             400.62558456      401.43891613      323.62546323
 Electron        -762.44803457     -763.57761535     -415.69747619
 Back ground       -0.00000000       -0.00000000       -0.00000000

*******************************************************
               Stress tensor (Hartree/bohr^3)            
*******************************************************

      -0.00000037        0.00000000       -0.00000377 
       0.00000000       -0.00000005        0.00000000 
      -0.00000377        0.00000000       -0.00000064 

*******************************************************
                Total Energy (Hartree) at MD = 5        
*******************************************************

  Uele  =     -42.211877558477

  Ukin  =     203.437281507815
  UH0   =   -2703.969620820029
  UH1   =       0.004900060152
  Una   =    -149.420357674342
  Unl   =     -47.912695630994
  Uxc0  =     -25.237080155647
  Uxc1  =     -25.237080155647
  Ucore =    2464.177361952187
  Uhub  =       0.000000000000
  Ucs   =       0.000000000000
  Uzs   =       0.000000000000
  Uzo   =       0.000000000000
  Uef   =       0.000000000000
  UvdW  =       0.000000000000
  Uch   =       0.000000000000
  Utot  =    -284.157290916505

  UpV   =       0.000000000000
  Enpy  =    -284.157290916505
  Note:

  Uele:   band energy
  Ukin:   kinetic energy
  UH0:    electric part of screened Coulomb energy
  UH1:    difference electron-electron Coulomb energy
  Una:    neutral atom potential energy
  Unl:    non-local potential energy
  Uxc0:   exchange-correlation energy for alpha spin
  Uxc1:   exchange-correlation energy for beta spin
  Ucore:  core-core Coulomb energy
  Uhub:   LDA+U energy
  Ucs:    constraint energy for spin orientation
  Uzs:    Zeeman term for spin magnetic moment
  Uzo:    Zeeman term for orbital magnetic moment
  Uef:    electric energy by electric field
  UvdW:   semi-empirical vdW energy 
  Uch:    penalty term to create a core hole
  UpV:    pressure times volume
  Enpy:   Enthalpy = Utot + UpV
  (see also PRB 72, 045121(2005) for the energy contributions)


*******************************************************
           Computational times (s) at MD = 5            
*******************************************************

  DFT in total      =   27.43839

  Set_OLP_Kin       =    0.86465
  Set_Nonlocal      =    1.15824
  Set_ProExpn_VNA   =    3.01707
  Set_Hamiltonian   =    1.46363
  Poisson           =    0.00107
  diagonalization   =   15.83827
  Mixing_DM         =    0.00456
  Force             =    2.01780
  Total_Energy      =    0.40997
  Set_Aden_Grid     =    0.00739
  Set_Orbitals_Grid =    0.12501
  Set_Density_Grid  =    0.54093
  RestartFileDFT    =    0.00303
  Mulliken_Charge   =    0.00100
  FFT(2D)_Density   =    0.00197

The SCF was achieved at MD=   5

*******************************************************
             MD or geometry opt. at MD = 5              
*******************************************************

<BFGS>  |Maximum force| (Hartree/Bohr) = 0.001024089764
<BFGS>  Criterion       (Hartree/Bohr) = 0.000100000000

     atom=   1, XYZ(ang) Fxyz(a.u.)=   0.0003   -0.0000   -0.0000    -0.0001    0.0000    0.0000
     atom=   2, XYZ(ang) Fxyz(a.u.)=   2.9813    2.9849    1.6016    -0.0001   -0.0000    0.0001
     atom=   3, XYZ(ang) Fxyz(a.u.)=  -0.0021    2.9849    0.8078     0.0001    0.0000   -0.0010
     atom=   4, XYZ(ang) Fxyz(a.u.)=   2.9782    0.0000    2.4032     0.0001   -0.0000    0.0010

*******************************************************
        Analysis of neighbors and setting of grids        
*******************************************************


*******************************************************
  Allocation of atoms to processors at MD_iter=    6     
*******************************************************

 proc =   0  # of atoms=   1  estimated weight=         1.00000
 proc =   1  # of atoms=   1  estimated weight=         1.00000
 proc =   2  # of atoms=   1  estimated weight=         1.00000
 proc =   3  # of atoms=   1  estimated weight=         1.00000
 proc =   4  # of atoms=   0  estimated weight=         0.00000
 proc =   5  # of atoms=   0  estimated weight=         0.00000
 proc =   6  # of atoms=   0  estimated weight=         0.00000
 proc =   7  # of atoms=   0  estimated weight=         0.00000
 proc =   8  # of atoms=   0  estimated weight=         0.00000
 proc =   9  # of atoms=   0  estimated weight=         0.00000
 proc =  10  # of atoms=   0  estimated weight=         0.00000
 proc =  11  # of atoms=   0  estimated weight=         0.00000
 proc =  12  # of atoms=   0  estimated weight=         0.00000
 proc =  13  # of atoms=   0  estimated weight=         0.00000
 proc =  14  # of atoms=   0  estimated weight=         0.00000
 proc =  15  # of atoms=   0  estimated weight=         0.00000



TFNAN=     256   Average FNAN=  64.00000
TSNAN=       0   Average SNAN=   0.00000
<truncation> CpyCell= 3 ct_AN=   1 FNAN SNAN  64   0
<truncation> CpyCell= 3 ct_AN=   2 FNAN SNAN  64   0
<truncation> CpyCell= 3 ct_AN=   3 FNAN SNAN  64   0
<truncation> CpyCell= 3 ct_AN=   4 FNAN SNAN  64   0
<UCell_Box> Info. of cutoff energy and num. of grids
lattice vectors (bohr)
A  = 11.281295655248,  0.000000000000, -0.028203239138
B  =  0.000000000000, 11.281295655248,  0.000000000000
C  = -0.015204829790,  0.000000000000,  6.081931916162
reciprocal lattice vectors (bohr^-1)
RA =  0.556959481370, -0.000000000000,  0.001392398703
RB = -0.000000000000,  0.556956000374, -0.000000000000
RC =  0.002582742073, -0.000000000000,  1.033096829091
Required cutoff energy (Ryd) for 3D-grids = 200.0000
    Used cutoff energy (Ryd) for 3D-grids = 193.8786, 193.8750, 194.5146
Num. of grids of a-, b-, and c-axes = 50, 50, 27
Cell_Volume =    774.028233187484 (Bohr^3)
GridVol     =      0.011467084936 (Bohr^3)
Cell vectors (bohr) of the grid cell (gtv)
  gtv_a =  0.225625913105,  0.000000000000, -0.000564064783
  gtv_b =  0.000000000000,  0.225625913105,  0.000000000000
  gtv_c = -0.000563141844,  0.000000000000,  0.225256737636
  |gtv_a| =  0.225626618185
  |gtv_b| =  0.225625913105
  |gtv_c| =  0.225257441562
Num. of grids overlapping with atom    1 = 125061
Num. of grids overlapping with atom    2 = 125312
Num. of grids overlapping with atom    3 = 125224
Num. of grids overlapping with atom    4 = 125215

*******************************************************
             SCF calculation at MD = 6                
*******************************************************

<MD= 6>  Calculation of the overlap matrix
<MD= 6>  Calculation of the nonlocal matrix
<MD= 6>  Calculation of the VNA projector matrix

******************* MD= 6  SCF= 1 *******************
<Restart>  Found restart files
<Poisson>  Poisson's equation using FFT...
<Band>  Solving the eigenvalue problem...
 KGrids1:  -0.45833  -0.37500  -0.29167  -0.20833  -0.12500  -0.04167   0.04167   0.12500   0.20833   0.29167   0.37500   0.45833 
 KGrids2:  -0.45833  -0.37500  -0.29167  -0.20833  -0.12500  -0.04167   0.04167   0.12500   0.20833   0.29167   0.37500   0.45833 
 KGrids3:  -0.47500  -0.42500  -0.37500  -0.32500  -0.27500  -0.22500  -0.17500  -0.12500  -0.07500  -0.02500   0.02500   0.07500   0.12500   0.17500   0.22500   0.27500   0.32500   0.37500   0.42500   0.47500 
<Band_DFT>  Eigen, time=0.745848
<Band_DFT>  DM, time=1.866147
    1   Sn  MulP   7.0000  7.0000 sum  14.0000
    2   Sn  MulP   7.0000  7.0000 sum  14.0001
    3   Sn  MulP   7.0000  7.0000 sum  13.9999
    4   Sn  MulP   7.0000  7.0000 sum  14.0000
 Sum of MulP: up   =    28.00000 down          =    28.00000
              total=    56.00000 ideal(neutral)=    56.00000
<DFT>  Total Spin Moment (muB) =  0.000000000000
<DFT>  Mixing_weight= 0.400000000000
<DFT>  Uele   =  -42.211872360178  dUele     =   1.000000000000
<DFT>  NormRD =    1.000000000000  Criterion =   0.000000100000

******************* MD= 6  SCF= 2 *******************
<Poisson>  Poisson's equation using FFT...
<Set_Hamiltonian>  Hamiltonian matrix for VNA+dVH+Vxc...
<Band>  Solving the eigenvalue problem...
 KGrids1:  -0.45833  -0.37500  -0.29167  -0.20833  -0.12500  -0.04167   0.04167   0.12500   0.20833   0.29167   0.37500   0.45833 
 KGrids2:  -0.45833  -0.37500  -0.29167  -0.20833  -0.12500  -0.04167   0.04167   0.12500   0.20833   0.29167   0.37500   0.45833 
 KGrids3:  -0.47500  -0.42500  -0.37500  -0.32500  -0.27500  -0.22500  -0.17500  -0.12500  -0.07500  -0.02500   0.02500   0.07500   0.12500   0.17500   0.22500   0.27500   0.32500   0.37500   0.42500   0.47500 
<Band_DFT>  Eigen, time=0.740886
<Band_DFT>  DM, time=1.885501
    1   Sn  MulP   7.0000  7.0000 sum  14.0000
    2   Sn  MulP   7.0000  7.0000 sum  14.0001
    3   Sn  MulP   7.0000  7.0000 sum  13.9999
    4   Sn  MulP   7.0000  7.0000 sum  14.0000
 Sum of MulP: up   =    28.00000 down          =    28.00000
              total=    56.00000 ideal(neutral)=    56.00000
<DFT>  Total Spin Moment (muB) =  0.000000000000
<DFT>  Mixing_weight= 0.400000000000
<DFT>  Uele   =  -42.211869658912  dUele     =   0.000002701266
<DFT>  NormRD =    0.000009502551  Criterion =   0.000000100000

******************* MD= 6  SCF= 3 *******************
<Poisson>  Poisson's equation using FFT...
<Set_Hamiltonian>  Hamiltonian matrix for VNA+dVH+Vxc...
<Band>  Solving the eigenvalue problem...
 KGrids1:  -0.45833  -0.37500  -0.29167  -0.20833  -0.12500  -0.04167   0.04167   0.12500   0.20833   0.29167   0.37500   0.45833 
 KGrids2:  -0.45833  -0.37500  -0.29167  -0.20833  -0.12500  -0.04167   0.04167   0.12500   0.20833   0.29167   0.37500   0.45833 
 KGrids3:  -0.47500  -0.42500  -0.37500  -0.32500  -0.27500  -0.22500  -0.17500  -0.12500  -0.07500  -0.02500   0.02500   0.07500   0.12500   0.17500   0.22500   0.27500   0.32500   0.37500   0.42500   0.47500 
<Band_DFT>  Eigen, time=0.741137
<Band_DFT>  DM, time=1.802445
    1   Sn  MulP   7.0000  7.0000 sum  14.0000
    2   Sn  MulP   7.0000  7.0000 sum  14.0001
    3   Sn  MulP   7.0000  7.0000 sum  13.9999
    4   Sn  MulP   7.0000  7.0000 sum  14.0000
 Sum of MulP: up   =    28.00000 down          =    28.00000
              total=    56.00000 ideal(neutral)=    56.00000
<DFT>  Total Spin Moment (muB) =  0.000000000000
<DFT>  Mixing_weight= 0.040000000000
<DFT>  Uele   =  -42.211867875975  dUele     =   0.000001782937
<DFT>  NormRD =    0.000006518218  Criterion =   0.000000100000

******************* MD= 6  SCF= 4 *******************
<Poisson>  Poisson's equation using FFT...
<Set_Hamiltonian>  Hamiltonian matrix for VNA+dVH+Vxc...
<Band>  Solving the eigenvalue problem...
 KGrids1:  -0.45833  -0.37500  -0.29167  -0.20833  -0.12500  -0.04167   0.04167   0.12500   0.20833   0.29167   0.37500   0.45833 
 KGrids2:  -0.45833  -0.37500  -0.29167  -0.20833  -0.12500  -0.04167   0.04167   0.12500   0.20833   0.29167   0.37500   0.45833 
 KGrids3:  -0.47500  -0.42500  -0.37500  -0.32500  -0.27500  -0.22500  -0.17500  -0.12500  -0.07500  -0.02500   0.02500   0.07500   0.12500   0.17500   0.22500   0.27500   0.32500   0.37500   0.42500   0.47500 
<Band_DFT>  Eigen, time=0.623070
<Band_DFT>  DM, time=1.484237
    1   Sn  MulP   7.0000  7.0000 sum  14.0000
    2   Sn  MulP   7.0000  7.0000 sum  14.0001
    3   Sn  MulP   7.0000  7.0000 sum  13.9999
    4   Sn  MulP   7.0000  7.0000 sum  14.0000
 Sum of MulP: up   =    28.00000 down          =    28.00000
              total=    56.00000 ideal(neutral)=    56.00000
<DFT>  Total Spin Moment (muB) =  0.000000000000
<DFT>  Mixing_weight= 0.040000000000
<DFT>  Uele   =  -42.211863425365  dUele     =   0.000004450610
<DFT>  NormRD =    0.000001102354  Criterion =   0.000000100000

******************* MD= 6  SCF= 5 *******************
<Poisson>  Poisson's equation using FFT...
<Set_Hamiltonian>  Hamiltonian matrix for VNA+dVH+Vxc...
<Band>  Solving the eigenvalue problem...
 KGrids1:  -0.45833  -0.37500  -0.29167  -0.20833  -0.12500  -0.04167   0.04167   0.12500   0.20833   0.29167   0.37500   0.45833 
 KGrids2:  -0.45833  -0.37500  -0.29167  -0.20833  -0.12500  -0.04167   0.04167   0.12500   0.20833   0.29167   0.37500   0.45833 
 KGrids3:  -0.47500  -0.42500  -0.37500  -0.32500  -0.27500  -0.22500  -0.17500  -0.12500  -0.07500  -0.02500   0.02500   0.07500   0.12500   0.17500   0.22500   0.27500   0.32500   0.37500   0.42500   0.47500 
<Band_DFT>  Eigen, time=0.513570
<Band_DFT>  DM, time=1.385407
    1   Sn  MulP   7.0000  7.0000 sum  14.0000
    2   Sn  MulP   7.0000  7.0000 sum  14.0001
    3   Sn  MulP   7.0000  7.0000 sum  13.9999
    4   Sn  MulP   7.0000  7.0000 sum  14.0000
 Sum of MulP: up   =    28.00000 down          =    28.00000
              total=    56.00000 ideal(neutral)=    56.00000
<DFT>  Total Spin Moment (muB) =  0.000000000000
<DFT>  Mixing_weight= 0.040000000000
<DFT>  Uele   =  -42.211864078353  dUele     =   0.000000652988
<DFT>  NormRD =    0.000001124869  Criterion =   0.000000100000

******************* MD= 6  SCF= 6 *******************
<Poisson>  Poisson's equation using FFT...
<Set_Hamiltonian>  Hamiltonian matrix for VNA+dVH+Vxc...
<Band>  Solving the eigenvalue problem...
 KGrids1:  -0.45833  -0.37500  -0.29167  -0.20833  -0.12500  -0.04167   0.04167   0.12500   0.20833   0.29167   0.37500   0.45833 
 KGrids2:  -0.45833  -0.37500  -0.29167  -0.20833  -0.12500  -0.04167   0.04167   0.12500   0.20833   0.29167   0.37500   0.45833 
 KGrids3:  -0.47500  -0.42500  -0.37500  -0.32500  -0.27500  -0.22500  -0.17500  -0.12500  -0.07500  -0.02500   0.02500   0.07500   0.12500   0.17500   0.22500   0.27500   0.32500   0.37500   0.42500   0.47500 
<Band_DFT>  Eigen, time=0.801772
<Band_DFT>  DM, time=2.000918
    1   Sn  MulP   7.0000  7.0000 sum  14.0000
    2   Sn  MulP   7.0000  7.0000 sum  14.0001
    3   Sn  MulP   7.0000  7.0000 sum  13.9999
    4   Sn  MulP   7.0000  7.0000 sum  14.0000
 Sum of MulP: up   =    28.00000 down          =    28.00000
              total=    56.00000 ideal(neutral)=    56.00000
<DFT>  Total Spin Moment (muB) =  0.000000000000
<DFT>  Mixing_weight= 0.040000000000
<DFT>  Uele   =  -42.211864148361  dUele     =   0.000000070008
<DFT>  NormRD =    0.000000136101  Criterion =   0.000000100000
<MD= 6>  Force calculation
  Force calculation #1
  Force calculation #2
  Force calculation #3
  Force calculation #4
  Force calculation #5
  Stress calculation #1
  Stress calculation #2
  Stress calculation #3
  Stress calculation #4
  Stress calculation #5
<MD= 6>  Total Energy
  Force calculation #6
  Force calculation #7

*******************************************************
                  Dipole moment (Debye)                 
*******************************************************

 Absolute D      520.13792317

                      Dx                Dy                Dz
 Total           -361.82963735     -362.13869422      -92.07789529
 Core             400.62452114      401.43891418      323.62457992
 Electron        -762.45415848     -763.57760841     -415.70247521
 Back ground       -0.00000000       -0.00000000       -0.00000000

*******************************************************
               Stress tensor (Hartree/bohr^3)            
*******************************************************

      -0.00000037        0.00000000       -0.00000379 
       0.00000000       -0.00000005        0.00000000 
      -0.00000379        0.00000000       -0.00000058 

*******************************************************
                Total Energy (Hartree) at MD = 6        
*******************************************************

  Uele  =     -42.211864148361

  Ukin  =     203.437325533815
  UH0   =   -2703.969568449334
  UH1   =       0.004899988783
  Una   =    -149.420378952532
  Unl   =     -47.912714948563
  Uxc0  =     -25.237082886927
  Uxc1  =     -25.237082886927
  Ucore =    2464.177309180005
  Uhub  =       0.000000000000
  Ucs   =       0.000000000000
  Uzs   =       0.000000000000
  Uzo   =       0.000000000000
  Uef   =       0.000000000000
  UvdW  =       0.000000000000
  Uch   =       0.000000000000
  Utot  =    -284.157293421680

  UpV   =       0.000000000000
  Enpy  =    -284.157293421680
  Note:

  Uele:   band energy
  Ukin:   kinetic energy
  UH0:    electric part of screened Coulomb energy
  UH1:    difference electron-electron Coulomb energy
  Una:    neutral atom potential energy
  Unl:    non-local potential energy
  Uxc0:   exchange-correlation energy for alpha spin
  Uxc1:   exchange-correlation energy for beta spin
  Ucore:  core-core Coulomb energy
  Uhub:   LDA+U energy
  Ucs:    constraint energy for spin orientation
  Uzs:    Zeeman term for spin magnetic moment
  Uzo:    Zeeman term for orbital magnetic moment
  Uef:    electric energy by electric field
  UvdW:   semi-empirical vdW energy 
  Uch:    penalty term to create a core hole
  UpV:    pressure times volume
  Enpy:   Enthalpy = Utot + UpV
  (see also PRB 72, 045121(2005) for the energy contributions)


*******************************************************
           Computational times (s) at MD = 6            
*******************************************************

  DFT in total      =   27.18164

  Set_OLP_Kin       =    0.69852
  Set_Nonlocal      =    1.37879
  Set_ProExpn_VNA   =    2.92437
  Set_Hamiltonian   =    1.41988
  Poisson           =    0.00104
  diagonalization   =   14.93374
  Mixing_DM         =    0.00451
  Force             =    2.63551
  Total_Energy      =    0.40932
  Set_Aden_Grid     =    0.00725
  Set_Orbitals_Grid =    0.09722
  Set_Density_Grid  =    0.50429
  RestartFileDFT    =    0.00368
  Mulliken_Charge   =    0.00100
  FFT(2D)_Density   =    0.00171

The SCF was achieved at MD=   6

*******************************************************
             MD or geometry opt. at MD = 6              
*******************************************************

<BFGS>  |Maximum force| (Hartree/Bohr) = 0.000952499517
<BFGS>  Criterion       (Hartree/Bohr) = 0.000100000000

     atom=   1, XYZ(ang) Fxyz(a.u.)=   0.0008    0.0000   -0.0001    -0.0001   -0.0000    0.0000
     atom=   2, XYZ(ang) Fxyz(a.u.)=   2.9820    2.9849    1.6009    -0.0001   -0.0000    0.0001
     atom=   3, XYZ(ang) Fxyz(a.u.)=  -0.0032    2.9849    0.8161     0.0001   -0.0000   -0.0010
     atom=   4, XYZ(ang) Fxyz(a.u.)=   2.9782   -0.0000    2.3953     0.0000    0.0000    0.0009

*******************************************************
        Analysis of neighbors and setting of grids        
*******************************************************


*******************************************************
  Allocation of atoms to processors at MD_iter=    7     
*******************************************************

 proc =   0  # of atoms=   1  estimated weight=         1.00000
 proc =   1  # of atoms=   1  estimated weight=         1.00000
 proc =   2  # of atoms=   1  estimated weight=         1.00000
 proc =   3  # of atoms=   1  estimated weight=         1.00000
 proc =   4  # of atoms=   0  estimated weight=         0.00000
 proc =   5  # of atoms=   0  estimated weight=         0.00000
 proc =   6  # of atoms=   0  estimated weight=         0.00000
 proc =   7  # of atoms=   0  estimated weight=         0.00000
 proc =   8  # of atoms=   0  estimated weight=         0.00000
 proc =   9  # of atoms=   0  estimated weight=         0.00000
 proc =  10  # of atoms=   0  estimated weight=         0.00000
 proc =  11  # of atoms=   0  estimated weight=         0.00000
 proc =  12  # of atoms=   0  estimated weight=         0.00000
 proc =  13  # of atoms=   0  estimated weight=         0.00000
 proc =  14  # of atoms=   0  estimated weight=         0.00000
 proc =  15  # of atoms=   0  estimated weight=         0.00000



TFNAN=     256   Average FNAN=  64.00000
TSNAN=       0   Average SNAN=   0.00000
<truncation> CpyCell= 3 ct_AN=   1 FNAN SNAN  64   0
<truncation> CpyCell= 3 ct_AN=   2 FNAN SNAN  64   0
<truncation> CpyCell= 3 ct_AN=   3 FNAN SNAN  64   0
<truncation> CpyCell= 3 ct_AN=   4 FNAN SNAN  64   0
<UCell_Box> Info. of cutoff energy and num. of grids
lattice vectors (bohr)
A  = 11.281295655248,  0.000000000000, -0.028203239138
B  =  0.000000000000, 11.281295655248,  0.000000000000
C  = -0.015204829790,  0.000000000000,  6.081931916162
reciprocal lattice vectors (bohr^-1)
RA =  0.556959481370, -0.000000000000,  0.001392398703
RB = -0.000000000000,  0.556956000374, -0.000000000000
RC =  0.002582742073, -0.000000000000,  1.033096829091
Required cutoff energy (Ryd) for 3D-grids = 200.0000
    Used cutoff energy (Ryd) for 3D-grids = 193.8786, 193.8750, 194.5146
Num. of grids of a-, b-, and c-axes = 50, 50, 27
Cell_Volume =    774.028233187484 (Bohr^3)
GridVol     =      0.011467084936 (Bohr^3)
Cell vectors (bohr) of the grid cell (gtv)
  gtv_a =  0.225625913105,  0.000000000000, -0.000564064783
  gtv_b =  0.000000000000,  0.225625913105,  0.000000000000
  gtv_c = -0.000563141844,  0.000000000000,  0.225256737636
  |gtv_a| =  0.225626618185
  |gtv_b| =  0.225625913105
  |gtv_c| =  0.225257441562
Num. of grids overlapping with atom    1 = 125062
Num. of grids overlapping with atom    2 = 125303
Num. of grids overlapping with atom    3 = 125170
Num. of grids overlapping with atom    4 = 125174

*******************************************************
             SCF calculation at MD = 7                
*******************************************************

<MD= 7>  Calculation of the overlap matrix
<MD= 7>  Calculation of the nonlocal matrix
<MD= 7>  Calculation of the VNA projector matrix

******************* MD= 7  SCF= 1 *******************
<Restart>  Found restart files
<Poisson>  Poisson's equation using FFT...
<Band>  Solving the eigenvalue problem...
 KGrids1:  -0.45833  -0.37500  -0.29167  -0.20833  -0.12500  -0.04167   0.04167   0.12500   0.20833   0.29167   0.37500   0.45833 
 KGrids2:  -0.45833  -0.37500  -0.29167  -0.20833  -0.12500  -0.04167   0.04167   0.12500   0.20833   0.29167   0.37500   0.45833 
 KGrids3:  -0.47500  -0.42500  -0.37500  -0.32500  -0.27500  -0.22500  -0.17500  -0.12500  -0.07500  -0.02500   0.02500   0.07500   0.12500   0.17500   0.22500   0.27500   0.32500   0.37500   0.42500   0.47500 
<Band_DFT>  Eigen, time=0.748261
<Band_DFT>  DM, time=1.926216
    1   Sn  MulP   6.9998  6.9998 sum  13.9995
    2   Sn  MulP   7.0004  7.0004 sum  14.0008
    3   Sn  MulP   6.9999  6.9999 sum  13.9999
    4   Sn  MulP   6.9999  6.9999 sum  13.9998
 Sum of MulP: up   =    28.00000 down          =    28.00000
              total=    56.00000 ideal(neutral)=    56.00000
<DFT>  Total Spin Moment (muB) =  0.000000000000
<DFT>  Mixing_weight= 0.400000000000
<DFT>  Uele   =  -42.211882414129  dUele     =   1.000000000000
<DFT>  NormRD =    1.000000000000  Criterion =   0.000000100000

******************* MD= 7  SCF= 2 *******************
<Poisson>  Poisson's equation using FFT...
<Set_Hamiltonian>  Hamiltonian matrix for VNA+dVH+Vxc...
<Band>  Solving the eigenvalue problem...
 KGrids1:  -0.45833  -0.37500  -0.29167  -0.20833  -0.12500  -0.04167   0.04167   0.12500   0.20833   0.29167   0.37500   0.45833 
 KGrids2:  -0.45833  -0.37500  -0.29167  -0.20833  -0.12500  -0.04167   0.04167   0.12500   0.20833   0.29167   0.37500   0.45833 
 KGrids3:  -0.47500  -0.42500  -0.37500  -0.32500  -0.27500  -0.22500  -0.17500  -0.12500  -0.07500  -0.02500   0.02500   0.07500   0.12500   0.17500   0.22500   0.27500   0.32500   0.37500   0.42500   0.47500 
<Band_DFT>  Eigen, time=0.745915
<Band_DFT>  DM, time=2.039323
    1   Sn  MulP   6.9999  6.9999 sum  13.9997
    2   Sn  MulP   7.0003  7.0003 sum  14.0006
    3   Sn  MulP   6.9999  6.9999 sum  13.9999
    4   Sn  MulP   6.9999  6.9999 sum  13.9998
 Sum of MulP: up   =    28.00000 down          =    28.00000
              total=    56.00000 ideal(neutral)=    56.00000
<DFT>  Total Spin Moment (muB) =  0.000000000000
<DFT>  Mixing_weight= 0.400000000000
<DFT>  Uele   =  -42.211816435385  dUele     =   0.000065978743
<DFT>  NormRD =    0.002879179988  Criterion =   0.000000100000

******************* MD= 7  SCF= 3 *******************
<Poisson>  Poisson's equation using FFT...
<Set_Hamiltonian>  Hamiltonian matrix for VNA+dVH+Vxc...
<Band>  Solving the eigenvalue problem...
 KGrids1:  -0.45833  -0.37500  -0.29167  -0.20833  -0.12500  -0.04167   0.04167   0.12500   0.20833   0.29167   0.37500   0.45833 
 KGrids2:  -0.45833  -0.37500  -0.29167  -0.20833  -0.12500  -0.04167   0.04167   0.12500   0.20833   0.29167   0.37500   0.45833 
 KGrids3:  -0.47500  -0.42500  -0.37500  -0.32500  -0.27500  -0.22500  -0.17500  -0.12500  -0.07500  -0.02500   0.02500   0.07500   0.12500   0.17500   0.22500   0.27500   0.32500   0.37500   0.42500   0.47500 
<Band_DFT>  Eigen, time=0.609390
<Band_DFT>  DM, time=1.388249
    1   Sn  MulP   6.9999  6.9999 sum  13.9998
    2   Sn  MulP   7.0002  7.0002 sum  14.0005
    3   Sn  MulP   6.9999  6.9999 sum  13.9999
    4   Sn  MulP   6.9999  6.9999 sum  13.9999
 Sum of MulP: up   =    28.00000 down          =    28.00000
              total=    56.00000 ideal(neutral)=    56.00000
<DFT>  Total Spin Moment (muB) =  0.000000000000
<DFT>  Mixing_weight= 0.040000000000
<DFT>  Uele   =  -42.211776833278  dUele     =   0.000039602108
<DFT>  NormRD =    0.001954271885  Criterion =   0.000000100000

******************* MD= 7  SCF= 4 *******************
<Poisson>  Poisson's equation using FFT...
<Set_Hamiltonian>  Hamiltonian matrix for VNA+dVH+Vxc...
<Band>  Solving the eigenvalue problem...
 KGrids1:  -0.45833  -0.37500  -0.29167  -0.20833  -0.12500  -0.04167   0.04167   0.12500   0.20833   0.29167   0.37500   0.45833 
 KGrids2:  -0.45833  -0.37500  -0.29167  -0.20833  -0.12500  -0.04167   0.04167   0.12500   0.20833   0.29167   0.37500   0.45833 
 KGrids3:  -0.47500  -0.42500  -0.37500  -0.32500  -0.27500  -0.22500  -0.17500  -0.12500  -0.07500  -0.02500   0.02500   0.07500   0.12500   0.17500   0.22500   0.27500   0.32500   0.37500   0.42500   0.47500 
<Band_DFT>  Eigen, time=0.591197
<Band_DFT>  DM, time=1.923975
    1   Sn  MulP   7.0000  7.0000 sum  13.9999
    2   Sn  MulP   7.0002  7.0002 sum  14.0004
    3   Sn  MulP   6.9999  6.9999 sum  13.9998
    4   Sn  MulP   6.9999  6.9999 sum  13.9999
 Sum of MulP: up   =    28.00000 down          =    28.00000
              total=    56.00000 ideal(neutral)=    56.00000
<DFT>  Total Spin Moment (muB) =  0.000000000000
<DFT>  Mixing_weight= 0.040000000000
<DFT>  Uele   =  -42.211716549090  dUele     =   0.000060284188
<DFT>  NormRD =    0.000189708688  Criterion =   0.000000100000

******************* MD= 7  SCF= 5 *******************
<Poisson>  Poisson's equation using FFT...
<Set_Hamiltonian>  Hamiltonian matrix for VNA+dVH+Vxc...
<Band>  Solving the eigenvalue problem...
 KGrids1:  -0.45833  -0.37500  -0.29167  -0.20833  -0.12500  -0.04167   0.04167   0.12500   0.20833   0.29167   0.37500   0.45833 
 KGrids2:  -0.45833  -0.37500  -0.29167  -0.20833  -0.12500  -0.04167   0.04167   0.12500   0.20833   0.29167   0.37500   0.45833 
 KGrids3:  -0.47500  -0.42500  -0.37500  -0.32500  -0.27500  -0.22500  -0.17500  -0.12500  -0.07500  -0.02500   0.02500   0.07500   0.12500   0.17500   0.22500   0.27500   0.32500   0.37500   0.42500   0.47500 
<Band_DFT>  Eigen, time=0.746005
<Band_DFT>  DM, time=2.043736
    1   Sn  MulP   7.0000  7.0000 sum  13.9999
    2   Sn  MulP   7.0002  7.0002 sum  14.0004
    3   Sn  MulP   6.9999  6.9999 sum  13.9998
    4   Sn  MulP   6.9999  6.9999 sum  13.9999
 Sum of MulP: up   =    28.00000 down          =    28.00000
              total=    56.00000 ideal(neutral)=    56.00000
<DFT>  Total Spin Moment (muB) =  0.000000000000
<DFT>  Mixing_weight= 0.040000000000
<DFT>  Uele   =  -42.211720759886  dUele     =   0.000004210797
<DFT>  NormRD =    0.000074059710  Criterion =   0.000000100000

******************* MD= 7  SCF= 6 *******************
<Poisson>  Poisson's equation using FFT...
<Set_Hamiltonian>  Hamiltonian matrix for VNA+dVH+Vxc...
<Band>  Solving the eigenvalue problem...
 KGrids1:  -0.45833  -0.37500  -0.29167  -0.20833  -0.12500  -0.04167   0.04167   0.12500   0.20833   0.29167   0.37500   0.45833 
 KGrids2:  -0.45833  -0.37500  -0.29167  -0.20833  -0.12500  -0.04167   0.04167   0.12500   0.20833   0.29167   0.37500   0.45833 
 KGrids3:  -0.47500  -0.42500  -0.37500  -0.32500  -0.27500  -0.22500  -0.17500  -0.12500  -0.07500  -0.02500   0.02500   0.07500   0.12500   0.17500   0.22500   0.27500   0.32500   0.37500   0.42500   0.47500 
<Band_DFT>  Eigen, time=0.744804
<Band_DFT>  DM, time=1.520611
    1   Sn  MulP   7.0000  7.0000 sum  13.9999
    2   Sn  MulP   7.0002  7.0002 sum  14.0004
    3   Sn  MulP   6.9999  6.9999 sum  13.9998
    4   Sn  MulP   6.9999  6.9999 sum  13.9999
 Sum of MulP: up   =    28.00000 down          =    28.00000
              total=    56.00000 ideal(neutral)=    56.00000
<DFT>  Total Spin Moment (muB) =  0.000000000000
<DFT>  Mixing_weight= 0.040000000000
<DFT>  Uele   =  -42.211721226137  dUele     =   0.000000466251
<DFT>  NormRD =    0.000055243973  Criterion =   0.000000100000

******************* MD= 7  SCF= 7 *******************
<Poisson>  Poisson's equation using FFT...
<Set_Hamiltonian>  Hamiltonian matrix for VNA+dVH+Vxc...
<Band>  Solving the eigenvalue problem...
 KGrids1:  -0.45833  -0.37500  -0.29167  -0.20833  -0.12500  -0.04167   0.04167   0.12500   0.20833   0.29167   0.37500   0.45833 
 KGrids2:  -0.45833  -0.37500  -0.29167  -0.20833  -0.12500  -0.04167   0.04167   0.12500   0.20833   0.29167   0.37500   0.45833 
 KGrids3:  -0.47500  -0.42500  -0.37500  -0.32500  -0.27500  -0.22500  -0.17500  -0.12500  -0.07500  -0.02500   0.02500   0.07500   0.12500   0.17500   0.22500   0.27500   0.32500   0.37500   0.42500   0.47500 
<Band_DFT>  Eigen, time=0.517036
<Band_DFT>  DM, time=1.392236
    1   Sn  MulP   7.0000  7.0000 sum  13.9999
    2   Sn  MulP   7.0002  7.0002 sum  14.0004
    3   Sn  MulP   6.9999  6.9999 sum  13.9998
    4   Sn  MulP   6.9999  6.9999 sum  13.9999
 Sum of MulP: up   =    28.00000 down          =    28.00000
              total=    56.00000 ideal(neutral)=    56.00000
<DFT>  Total Spin Moment (muB) =  0.000000000000
<DFT>  Mixing_weight= 0.040000000000
<DFT>  Uele   =  -42.211721006844  dUele     =   0.000000219294
<DFT>  NormRD =    0.000013923764  Criterion =   0.000000100000

******************* MD= 7  SCF= 8 *******************
<Poisson>  Poisson's equation using FFT...
<Set_Hamiltonian>  Hamiltonian matrix for VNA+dVH+Vxc...
<Band>  Solving the eigenvalue problem...
 KGrids1:  -0.45833  -0.37500  -0.29167  -0.20833  -0.12500  -0.04167   0.04167   0.12500   0.20833   0.29167   0.37500   0.45833 
 KGrids2:  -0.45833  -0.37500  -0.29167  -0.20833  -0.12500  -0.04167   0.04167   0.12500   0.20833   0.29167   0.37500   0.45833 
 KGrids3:  -0.47500  -0.42500  -0.37500  -0.32500  -0.27500  -0.22500  -0.17500  -0.12500  -0.07500  -0.02500   0.02500   0.07500   0.12500   0.17500   0.22500   0.27500   0.32500   0.37500   0.42500   0.47500 
<Band_DFT>  Eigen, time=0.517987
<Band_DFT>  DM, time=1.391285
    1   Sn  MulP   7.0000  7.0000 sum  13.9999
    2   Sn  MulP   7.0002  7.0002 sum  14.0004
    3   Sn  MulP   6.9999  6.9999 sum  13.9998
    4   Sn  MulP   6.9999  6.9999 sum  13.9999
 Sum of MulP: up   =    28.00000 down          =    28.00000
              total=    56.00000 ideal(neutral)=    56.00000
<DFT>  Total Spin Moment (muB) =  0.000000000000
<DFT>  Mixing_weight= 0.040000000000
<DFT>  Uele   =  -42.211720756933  dUele     =   0.000000249911
<DFT>  NormRD =    0.000007260721  Criterion =   0.000000100000

******************* MD= 7  SCF= 9 *******************
<Poisson>  Poisson's equation using FFT...
<Set_Hamiltonian>  Hamiltonian matrix for VNA+dVH+Vxc...
<Band>  Solving the eigenvalue problem...
 KGrids1:  -0.45833  -0.37500  -0.29167  -0.20833  -0.12500  -0.04167   0.04167   0.12500   0.20833   0.29167   0.37500   0.45833 
 KGrids2:  -0.45833  -0.37500  -0.29167  -0.20833  -0.12500  -0.04167   0.04167   0.12500   0.20833   0.29167   0.37500   0.45833 
 KGrids3:  -0.47500  -0.42500  -0.37500  -0.32500  -0.27500  -0.22500  -0.17500  -0.12500  -0.07500  -0.02500   0.02500   0.07500   0.12500   0.17500   0.22500   0.27500   0.32500   0.37500   0.42500   0.47500 
<Band_DFT>  Eigen, time=0.512384
<Band_DFT>  DM, time=1.387811
    1   Sn  MulP   7.0000  7.0000 sum  13.9999
    2   Sn  MulP   7.0002  7.0002 sum  14.0004
    3   Sn  MulP   6.9999  6.9999 sum  13.9998
    4   Sn  MulP   6.9999  6.9999 sum  13.9999
 Sum of MulP: up   =    28.00000 down          =    28.00000
              total=    56.00000 ideal(neutral)=    56.00000
<DFT>  Total Spin Moment (muB) =  0.000000000000
<DFT>  Mixing_weight= 0.040000000000
<DFT>  Uele   =  -42.211720679313  dUele     =   0.000000077621
<DFT>  NormRD =    0.000002480105  Criterion =   0.000000100000
<MD= 7>  Force calculation
  Force calculation #1
  Force calculation #2
  Force calculation #3
  Force calculation #4
  Force calculation #5
  Stress calculation #1
  Stress calculation #2
  Stress calculation #3
  Stress calculation #4
  Stress calculation #5
<MD= 7>  Total Energy
  Force calculation #6
  Force calculation #7

*******************************************************
                  Dipole moment (Debye)                 
*******************************************************

 Absolute D      520.28862892

                      Dx                Dy                Dz
 Total           -362.02188278     -362.13867394      -92.17371969
 Core             400.62812576      401.43893179      323.59444395
 Electron        -762.65000854     -763.57760573     -415.76816364
 Back ground       -0.00000000       -0.00000000       -0.00000000

*******************************************************
               Stress tensor (Hartree/bohr^3)            
*******************************************************

      -0.00000046        0.00000000       -0.00000328 
       0.00000000        0.00000027        0.00000000 
      -0.00000328        0.00000000       -0.00000043 

*******************************************************
                Total Energy (Hartree) at MD = 7        
*******************************************************

  Uele  =     -42.211720679313

  Ukin  =     203.438000549561
  UH0   =   -2703.967697089166
  UH1   =       0.004899097721
  Una   =    -149.420712296898
  Unl   =     -47.913003075168
  Uxc0  =     -25.237114938060
  Uxc1  =     -25.237114938060
  Ucore =    2464.175434965292
  Uhub  =       0.000000000000
  Ucs   =       0.000000000000
  Uzs   =       0.000000000000
  Uzo   =       0.000000000000
  Uef   =       0.000000000000
  UvdW  =       0.000000000000
  Uch   =       0.000000000000
  Utot  =    -284.157307724779

  UpV   =       0.000000000000
  Enpy  =    -284.157307724779
  Note:

  Uele:   band energy
  Ukin:   kinetic energy
  UH0:    electric part of screened Coulomb energy
  UH1:    difference electron-electron Coulomb energy
  Una:    neutral atom potential energy
  Unl:    non-local potential energy
  Uxc0:   exchange-correlation energy for alpha spin
  Uxc1:   exchange-correlation energy for beta spin
  Ucore:  core-core Coulomb energy
  Uhub:   LDA+U energy
  Ucs:    constraint energy for spin orientation
  Uzs:    Zeeman term for spin magnetic moment
  Uzo:    Zeeman term for orbital magnetic moment
  Uef:    electric energy by electric field
  UvdW:   semi-empirical vdW energy 
  Uch:    penalty term to create a core hole
  UpV:    pressure times volume
  Enpy:   Enthalpy = Utot + UpV
  (see also PRB 72, 045121(2005) for the energy contributions)


*******************************************************
           Computational times (s) at MD = 7            
*******************************************************

  DFT in total      =   34.12391

  Set_OLP_Kin       =    0.69746
  Set_Nonlocal      =    1.41627
  Set_ProExpn_VNA   =    3.20035
  Set_Hamiltonian   =    2.20150
  Poisson           =    0.00149
  diagonalization   =   21.27382
  Mixing_DM         =    0.00643
  Force             =    2.03831
  Total_Energy      =    0.41390
  Set_Aden_Grid     =    0.16900
  Set_Orbitals_Grid =    0.09862
  Set_Density_Grid  =    0.78140
  RestartFileDFT    =    0.04015
  Mulliken_Charge   =    0.00140
  FFT(2D)_Density   =    0.00225

The SCF was achieved at MD=   7

*******************************************************
             MD or geometry opt. at MD = 7              
*******************************************************

<BFGS>  |Maximum force| (Hartree/Bohr) = 0.000904127094
<BFGS>  Criterion       (Hartree/Bohr) = 0.000100000000

     atom=   1, XYZ(ang) Fxyz(a.u.)=   0.0022    0.0000   -0.0004     0.0001    0.0000   -0.0000
     atom=   2, XYZ(ang) Fxyz(a.u.)=   2.9843    2.9849    1.5979     0.0000    0.0000    0.0002
     atom=   3, XYZ(ang) Fxyz(a.u.)=  -0.0067    2.9849    0.8458    -0.0001   -0.0000   -0.0008
     atom=   4, XYZ(ang) Fxyz(a.u.)=   2.9777   -0.0000    2.3666     0.0002    0.0000    0.0009

*******************************************************
        Analysis of neighbors and setting of grids        
*******************************************************


*******************************************************
  Allocation of atoms to processors at MD_iter=    8     
*******************************************************

 proc =   0  # of atoms=   1  estimated weight=         1.00000
 proc =   1  # of atoms=   1  estimated weight=         1.00000
 proc =   2  # of atoms=   1  estimated weight=         1.00000
 proc =   3  # of atoms=   1  estimated weight=         1.00000
 proc =   4  # of atoms=   0  estimated weight=         0.00000
 proc =   5  # of atoms=   0  estimated weight=         0.00000
 proc =   6  # of atoms=   0  estimated weight=         0.00000
 proc =   7  # of atoms=   0  estimated weight=         0.00000
 proc =   8  # of atoms=   0  estimated weight=         0.00000
 proc =   9  # of atoms=   0  estimated weight=         0.00000
 proc =  10  # of atoms=   0  estimated weight=         0.00000
 proc =  11  # of atoms=   0  estimated weight=         0.00000
 proc =  12  # of atoms=   0  estimated weight=         0.00000
 proc =  13  # of atoms=   0  estimated weight=         0.00000
 proc =  14  # of atoms=   0  estimated weight=         0.00000
 proc =  15  # of atoms=   0  estimated weight=         0.00000



TFNAN=     256   Average FNAN=  64.00000
TSNAN=       0   Average SNAN=   0.00000
<truncation> CpyCell= 3 ct_AN=   1 FNAN SNAN  64   0
<truncation> CpyCell= 3 ct_AN=   2 FNAN SNAN  64   0
<truncation> CpyCell= 3 ct_AN=   3 FNAN SNAN  64   0
<truncation> CpyCell= 3 ct_AN=   4 FNAN SNAN  64   0
<UCell_Box> Info. of cutoff energy and num. of grids
lattice vectors (bohr)
A  = 11.281295655248,  0.000000000000, -0.028203239138
B  =  0.000000000000, 11.281295655248,  0.000000000000
C  = -0.015204829790,  0.000000000000,  6.081931916162
reciprocal lattice vectors (bohr^-1)
RA =  0.556959481370, -0.000000000000,  0.001392398703
RB = -0.000000000000,  0.556956000374, -0.000000000000
RC =  0.002582742073, -0.000000000000,  1.033096829091
Required cutoff energy (Ryd) for 3D-grids = 200.0000
    Used cutoff energy (Ryd) for 3D-grids = 193.8786, 193.8750, 194.5146
Num. of grids of a-, b-, and c-axes = 50, 50, 27
Cell_Volume =    774.028233187484 (Bohr^3)
GridVol     =      0.011467084936 (Bohr^3)
Cell vectors (bohr) of the grid cell (gtv)
  gtv_a =  0.225625913105,  0.000000000000, -0.000564064783
  gtv_b =  0.000000000000,  0.225625913105,  0.000000000000
  gtv_c = -0.000563141844,  0.000000000000,  0.225256737636
  |gtv_a| =  0.225626618185
  |gtv_b| =  0.225625913105
  |gtv_c| =  0.225257441562
Num. of grids overlapping with atom    1 = 125091
Num. of grids overlapping with atom    2 = 125334
Num. of grids overlapping with atom    3 = 125191
Num. of grids overlapping with atom    4 = 125117

*******************************************************
             SCF calculation at MD = 8                
*******************************************************

<MD= 8>  Calculation of the overlap matrix
<MD= 8>  Calculation of the nonlocal matrix
<MD= 8>  Calculation of the VNA projector matrix

******************* MD= 8  SCF= 1 *******************
<Restart>  Found restart files
<Poisson>  Poisson's equation using FFT...
<Band>  Solving the eigenvalue problem...
 KGrids1:  -0.45833  -0.37500  -0.29167  -0.20833  -0.12500  -0.04167   0.04167   0.12500   0.20833   0.29167   0.37500   0.45833 
 KGrids2:  -0.45833  -0.37500  -0.29167  -0.20833  -0.12500  -0.04167   0.04167   0.12500   0.20833   0.29167   0.37500   0.45833 
 KGrids3:  -0.47500  -0.42500  -0.37500  -0.32500  -0.27500  -0.22500  -0.17500  -0.12500  -0.07500  -0.02500   0.02500   0.07500   0.12500   0.17500   0.22500   0.27500   0.32500   0.37500   0.42500   0.47500 
<Band_DFT>  Eigen, time=0.744511
<Band_DFT>  DM, time=2.042220
    1   Sn  MulP   6.9997  6.9997 sum  13.9994
    2   Sn  MulP   7.0008  7.0008 sum  14.0017
    3   Sn  MulP   6.9997  6.9997 sum  13.9995
    4   Sn  MulP   6.9997  6.9997 sum  13.9994
 Sum of MulP: up   =    28.00000 down          =    28.00000
              total=    56.00000 ideal(neutral)=    56.00000
<DFT>  Total Spin Moment (muB) =  0.000000000000
<DFT>  Mixing_weight= 0.400000000000
<DFT>  Uele   =  -42.211354997673  dUele     =   1.000000000000
<DFT>  NormRD =    1.000000000000  Criterion =   0.000000100000

******************* MD= 8  SCF= 2 *******************
<Poisson>  Poisson's equation using FFT...
<Set_Hamiltonian>  Hamiltonian matrix for VNA+dVH+Vxc...
<Band>  Solving the eigenvalue problem...
 KGrids1:  -0.45833  -0.37500  -0.29167  -0.20833  -0.12500  -0.04167   0.04167   0.12500   0.20833   0.29167   0.37500   0.45833 
 KGrids2:  -0.45833  -0.37500  -0.29167  -0.20833  -0.12500  -0.04167   0.04167   0.12500   0.20833   0.29167   0.37500   0.45833 
 KGrids3:  -0.47500  -0.42500  -0.37500  -0.32500  -0.27500  -0.22500  -0.17500  -0.12500  -0.07500  -0.02500   0.02500   0.07500   0.12500   0.17500   0.22500   0.27500   0.32500   0.37500   0.42500   0.47500 
<Band_DFT>  Eigen, time=0.748510
<Band_DFT>  DM, time=2.042092
    1   Sn  MulP   6.9997  6.9997 sum  13.9994
    2   Sn  MulP   7.0008  7.0008 sum  14.0017
    3   Sn  MulP   6.9997  6.9997 sum  13.9995
    4   Sn  MulP   6.9997  6.9997 sum  13.9994
 Sum of MulP: up   =    28.00000 down          =    28.00000
              total=    56.00000 ideal(neutral)=    56.00000
<DFT>  Total Spin Moment (muB) =  0.000000000000
<DFT>  Mixing_weight= 0.400000000000
<DFT>  Uele   =  -42.211499181703  dUele     =   0.000144184030
<DFT>  NormRD =    0.001493390254  Criterion =   0.000000100000

******************* MD= 8  SCF= 3 *******************
<Poisson>  Poisson's equation using FFT...
<Set_Hamiltonian>  Hamiltonian matrix for VNA+dVH+Vxc...
<Band>  Solving the eigenvalue problem...
 KGrids1:  -0.45833  -0.37500  -0.29167  -0.20833  -0.12500  -0.04167   0.04167   0.12500   0.20833   0.29167   0.37500   0.45833 
 KGrids2:  -0.45833  -0.37500  -0.29167  -0.20833  -0.12500  -0.04167   0.04167   0.12500   0.20833   0.29167   0.37500   0.45833 
 KGrids3:  -0.47500  -0.42500  -0.37500  -0.32500  -0.27500  -0.22500  -0.17500  -0.12500  -0.07500  -0.02500   0.02500   0.07500   0.12500   0.17500   0.22500   0.27500   0.32500   0.37500   0.42500   0.47500 
<Band_DFT>  Eigen, time=0.746566
<Band_DFT>  DM, time=1.718815
    1   Sn  MulP   6.9997  6.9997 sum  13.9994
    2   Sn  MulP   7.0008  7.0008 sum  14.0017
    3   Sn  MulP   6.9997  6.9997 sum  13.9995
    4   Sn  MulP   6.9997  6.9997 sum  13.9995
 Sum of MulP: up   =    28.00000 down          =    28.00000
              total=    56.00000 ideal(neutral)=    56.00000
<DFT>  Total Spin Moment (muB) =  0.000000000000
<DFT>  Mixing_weight= 0.040000000000
<DFT>  Uele   =  -42.211585825642  dUele     =   0.000086643940
<DFT>  NormRD =    0.000952846201  Criterion =   0.000000100000

******************* MD= 8  SCF= 4 *******************
<Poisson>  Poisson's equation using FFT...
<Set_Hamiltonian>  Hamiltonian matrix for VNA+dVH+Vxc...
<Band>  Solving the eigenvalue problem...
 KGrids1:  -0.45833  -0.37500  -0.29167  -0.20833  -0.12500  -0.04167   0.04167   0.12500   0.20833   0.29167   0.37500   0.45833 
 KGrids2:  -0.45833  -0.37500  -0.29167  -0.20833  -0.12500  -0.04167   0.04167   0.12500   0.20833   0.29167   0.37500   0.45833 
 KGrids3:  -0.47500  -0.42500  -0.37500  -0.32500  -0.27500  -0.22500  -0.17500  -0.12500  -0.07500  -0.02500   0.02500   0.07500   0.12500   0.17500   0.22500   0.27500   0.32500   0.37500   0.42500   0.47500 
<Band_DFT>  Eigen, time=0.788027
<Band_DFT>  DM, time=1.989024
    1   Sn  MulP   6.9997  6.9997 sum  13.9994
    2   Sn  MulP   7.0008  7.0008 sum  14.0017
    3   Sn  MulP   6.9997  6.9997 sum  13.9995
    4   Sn  MulP   6.9997  6.9997 sum  13.9995
 Sum of MulP: up   =    28.00000 down          =    28.00000
              total=    56.00000 ideal(neutral)=    56.00000
<DFT>  Total Spin Moment (muB) =  0.000000000000
<DFT>  Mixing_weight= 0.040000000000
<DFT>  Uele   =  -42.211713871101  dUele     =   0.000128045458
<DFT>  NormRD =    0.000041677446  Criterion =   0.000000100000

******************* MD= 8  SCF= 5 *******************
<Poisson>  Poisson's equation using FFT...
<Set_Hamiltonian>  Hamiltonian matrix for VNA+dVH+Vxc...
<Band>  Solving the eigenvalue problem...
 KGrids1:  -0.45833  -0.37500  -0.29167  -0.20833  -0.12500  -0.04167   0.04167   0.12500   0.20833   0.29167   0.37500   0.45833 
 KGrids2:  -0.45833  -0.37500  -0.29167  -0.20833  -0.12500  -0.04167   0.04167   0.12500   0.20833   0.29167   0.37500   0.45833 
 KGrids3:  -0.47500  -0.42500  -0.37500  -0.32500  -0.27500  -0.22500  -0.17500  -0.12500  -0.07500  -0.02500   0.02500   0.07500   0.12500   0.17500   0.22500   0.27500   0.32500   0.37500   0.42500   0.47500 
<Band_DFT>  Eigen, time=0.744575
<Band_DFT>  DM, time=1.935631
    1   Sn  MulP   6.9997  6.9997 sum  13.9994
    2   Sn  MulP   7.0008  7.0008 sum  14.0017
    3   Sn  MulP   6.9997  6.9997 sum  13.9995
    4   Sn  MulP   6.9997  6.9997 sum  13.9995
 Sum of MulP: up   =    28.00000 down          =    28.00000
              total=    56.00000 ideal(neutral)=    56.00000
<DFT>  Total Spin Moment (muB) =  0.000000000000
<DFT>  Mixing_weight= 0.040000000000
<DFT>  Uele   =  -42.211705099362  dUele     =   0.000008771738
<DFT>  NormRD =    0.000049515886  Criterion =   0.000000100000

******************* MD= 8  SCF= 6 *******************
<Poisson>  Poisson's equation using FFT...
<Set_Hamiltonian>  Hamiltonian matrix for VNA+dVH+Vxc...
<Band>  Solving the eigenvalue problem...
 KGrids1:  -0.45833  -0.37500  -0.29167  -0.20833  -0.12500  -0.04167   0.04167   0.12500   0.20833   0.29167   0.37500   0.45833 
 KGrids2:  -0.45833  -0.37500  -0.29167  -0.20833  -0.12500  -0.04167   0.04167   0.12500   0.20833   0.29167   0.37500   0.45833 
 KGrids3:  -0.47500  -0.42500  -0.37500  -0.32500  -0.27500  -0.22500  -0.17500  -0.12500  -0.07500  -0.02500   0.02500   0.07500   0.12500   0.17500   0.22500   0.27500   0.32500   0.37500   0.42500   0.47500 
<Band_DFT>  Eigen, time=0.514144
<Band_DFT>  DM, time=1.386213
    1   Sn  MulP   6.9997  6.9997 sum  13.9994
    2   Sn  MulP   7.0008  7.0008 sum  14.0017
    3   Sn  MulP   6.9997  6.9997 sum  13.9995
    4   Sn  MulP   6.9997  6.9997 sum  13.9995
 Sum of MulP: up   =    28.00000 down          =    28.00000
              total=    56.00000 ideal(neutral)=    56.00000
<DFT>  Total Spin Moment (muB) =  0.000000000000
<DFT>  Mixing_weight= 0.040000000000
<DFT>  Uele   =  -42.211706061248  dUele     =   0.000000961886
<DFT>  NormRD =    0.000024817588  Criterion =   0.000000100000

******************* MD= 8  SCF= 7 *******************
<Poisson>  Poisson's equation using FFT...
<Set_Hamiltonian>  Hamiltonian matrix for VNA+dVH+Vxc...
<Band>  Solving the eigenvalue problem...
 KGrids1:  -0.45833  -0.37500  -0.29167  -0.20833  -0.12500  -0.04167   0.04167   0.12500   0.20833   0.29167   0.37500   0.45833 
 KGrids2:  -0.45833  -0.37500  -0.29167  -0.20833  -0.12500  -0.04167   0.04167   0.12500   0.20833   0.29167   0.37500   0.45833 
 KGrids3:  -0.47500  -0.42500  -0.37500  -0.32500  -0.27500  -0.22500  -0.17500  -0.12500  -0.07500  -0.02500   0.02500   0.07500   0.12500   0.17500   0.22500   0.27500   0.32500   0.37500   0.42500   0.47500 
<Band_DFT>  Eigen, time=0.798451
<Band_DFT>  DM, time=1.358708
    1   Sn  MulP   6.9997  6.9997 sum  13.9994
    2   Sn  MulP   7.0008  7.0008 sum  14.0017
    3   Sn  MulP   6.9997  6.9997 sum  13.9995
    4   Sn  MulP   6.9997  6.9997 sum  13.9995
 Sum of MulP: up   =    28.00000 down          =    28.00000
              total=    56.00000 ideal(neutral)=    56.00000
<DFT>  Total Spin Moment (muB) =  0.000000000000
<DFT>  Mixing_weight= 0.040000000000
<DFT>  Uele   =  -42.211706923160  dUele     =   0.000000861912
<DFT>  NormRD =    0.000005944514  Criterion =   0.000000100000

******************* MD= 8  SCF= 8 *******************
<Poisson>  Poisson's equation using FFT...
<Set_Hamiltonian>  Hamiltonian matrix for VNA+dVH+Vxc...
<Band>  Solving the eigenvalue problem...
 KGrids1:  -0.45833  -0.37500  -0.29167  -0.20833  -0.12500  -0.04167   0.04167   0.12500   0.20833   0.29167   0.37500   0.45833 
 KGrids2:  -0.45833  -0.37500  -0.29167  -0.20833  -0.12500  -0.04167   0.04167   0.12500   0.20833   0.29167   0.37500   0.45833 
 KGrids3:  -0.47500  -0.42500  -0.37500  -0.32500  -0.27500  -0.22500  -0.17500  -0.12500  -0.07500  -0.02500   0.02500   0.07500   0.12500   0.17500   0.22500   0.27500   0.32500   0.37500   0.42500   0.47500 
<Band_DFT>  Eigen, time=0.744620
<Band_DFT>  DM, time=1.831231
    1   Sn  MulP   6.9997  6.9997 sum  13.9994
    2   Sn  MulP   7.0008  7.0008 sum  14.0017
    3   Sn  MulP   6.9997  6.9997 sum  13.9995
    4   Sn  MulP   6.9997  6.9997 sum  13.9995
 Sum of MulP: up   =    28.00000 down          =    28.00000
              total=    56.00000 ideal(neutral)=    56.00000
<DFT>  Total Spin Moment (muB) =  0.000000000000
<DFT>  Mixing_weight= 0.040000000000
<DFT>  Uele   =  -42.211707241745  dUele     =   0.000000318585
<DFT>  NormRD =    0.000001326071  Criterion =   0.000000100000

******************* MD= 8  SCF= 9 *******************
<Poisson>  Poisson's equation using FFT...
<Set_Hamiltonian>  Hamiltonian matrix for VNA+dVH+Vxc...
<Band>  Solving the eigenvalue problem...
 KGrids1:  -0.45833  -0.37500  -0.29167  -0.20833  -0.12500  -0.04167   0.04167   0.12500   0.20833   0.29167   0.37500   0.45833 
 KGrids2:  -0.45833  -0.37500  -0.29167  -0.20833  -0.12500  -0.04167   0.04167   0.12500   0.20833   0.29167   0.37500   0.45833 
 KGrids3:  -0.47500  -0.42500  -0.37500  -0.32500  -0.27500  -0.22500  -0.17500  -0.12500  -0.07500  -0.02500   0.02500   0.07500   0.12500   0.17500   0.22500   0.27500   0.32500   0.37500   0.42500   0.47500 
<Band_DFT>  Eigen, time=0.744315
<Band_DFT>  DM, time=1.857475
    1   Sn  MulP   6.9997  6.9997 sum  13.9994
    2   Sn  MulP   7.0008  7.0008 sum  14.0017
    3   Sn  MulP   6.9997  6.9997 sum  13.9995
    4   Sn  MulP   6.9997  6.9997 sum  13.9995
 Sum of MulP: up   =    28.00000 down          =    28.00000
              total=    56.00000 ideal(neutral)=    56.00000
<DFT>  Total Spin Moment (muB) =  0.000000000000
<DFT>  Mixing_weight= 0.040000000000
<DFT>  Uele   =  -42.211707148968  dUele     =   0.000000092777
<DFT>  NormRD =    0.000000778080  Criterion =   0.000000100000
<MD= 8>  Force calculation
  Force calculation #1
  Force calculation #2
  Force calculation #3
  Force calculation #4
  Force calculation #5
  Stress calculation #1
  Stress calculation #2
  Stress calculation #3
  Stress calculation #4
  Stress calculation #5
<MD= 8>  Total Energy
  Force calculation #6
  Force calculation #7

*******************************************************
                  Dipole moment (Debye)                 
*******************************************************

 Absolute D      520.80675582

                      Dx                Dy                Dz
 Total           -362.68072239     -362.13922251      -92.50704860
 Core             400.61056766      401.43897328      323.44272124
 Electron        -763.29129005     -763.57819578     -415.94976984
 Back ground       -0.00000000       -0.00000000       -0.00000000

*******************************************************
               Stress tensor (Hartree/bohr^3)            
*******************************************************

      -0.00000243        0.00000000       -0.00000247 
       0.00000000       -0.00000017        0.00000000 
      -0.00000247        0.00000000       -0.00000014 

*******************************************************
                Total Energy (Hartree) at MD = 8        
*******************************************************

  Uele  =     -42.211707148968

  Ukin  =     203.438598337656
  UH0   =   -2703.944144823564
  UH1   =       0.004897948268
  Una   =    -149.420984742386
  Unl   =     -47.913274007045
  Uxc0  =     -25.237139016668
  Uxc1  =     -25.237139016668
  Ucore =    2464.151907786661
  Uhub  =       0.000000000000
  Ucs   =       0.000000000000
  Uzs   =       0.000000000000
  Uzo   =       0.000000000000
  Uef   =       0.000000000000
  UvdW  =       0.000000000000
  Uch   =       0.000000000000
  Utot  =    -284.157277533747

  UpV   =       0.000000000000
  Enpy  =    -284.157277533747
  Note:

  Uele:   band energy
  Ukin:   kinetic energy
  UH0:    electric part of screened Coulomb energy
  UH1:    difference electron-electron Coulomb energy
  Una:    neutral atom potential energy
  Unl:    non-local potential energy
  Uxc0:   exchange-correlation energy for alpha spin
  Uxc1:   exchange-correlation energy for beta spin
  Ucore:  core-core Coulomb energy
  Uhub:   LDA+U energy
  Ucs:    constraint energy for spin orientation
  Uzs:    Zeeman term for spin magnetic moment
  Uzo:    Zeeman term for orbital magnetic moment
  Uef:    electric energy by electric field
  UvdW:   semi-empirical vdW energy 
  Uch:    penalty term to create a core hole
  UpV:    pressure times volume
  Enpy:   Enthalpy = Utot + UpV
  (see also PRB 72, 045121(2005) for the energy contributions)


*******************************************************
           Computational times (s) at MD = 8            
*******************************************************

  DFT in total      =   35.21649

  Set_OLP_Kin       =    0.69932
  Set_Nonlocal      =    1.45365
  Set_ProExpn_VNA   =    2.68163
  Set_Hamiltonian   =    2.15291
  Poisson           =    0.00148
  diagonalization   =   23.24185
  Mixing_DM         =    0.00658
  Force             =    1.73208
  Total_Energy      =    0.34442
  Set_Aden_Grid     =    0.15029
  Set_Orbitals_Grid =    0.09734
  Set_Density_Grid  =    0.75320
  RestartFileDFT    =    0.03951
  Mulliken_Charge   =    0.00132
  FFT(2D)_Density   =    0.00238

The SCF was achieved at MD=   8

*******************************************************
             MD or geometry opt. at MD = 8              
*******************************************************

<BFGS>  |Maximum force| (Hartree/Bohr) = 0.000971682110
<BFGS>  Criterion       (Hartree/Bohr) = 0.000100000000

     atom=   1, XYZ(ang) Fxyz(a.u.)=   0.0010    0.0000   -0.0002     0.0004    0.0000   -0.0000
     atom=   2, XYZ(ang) Fxyz(a.u.)=   2.9823    2.9849    1.6001     0.0009    0.0000   -0.0004
     atom=   3, XYZ(ang) Fxyz(a.u.)=  -0.0041    2.9849    0.8243    -0.0001   -0.0000    0.0010
     atom=   4, XYZ(ang) Fxyz(a.u.)=   2.9779   -0.0000    2.3874     0.0003    0.0000   -0.0009

*******************************************************
        Analysis of neighbors and setting of grids        
*******************************************************


*******************************************************
  Allocation of atoms to processors at MD_iter=    9     
*******************************************************

 proc =   0  # of atoms=   1  estimated weight=         1.00000
 proc =   1  # of atoms=   1  estimated weight=         1.00000
 proc =   2  # of atoms=   1  estimated weight=         1.00000
 proc =   3  # of atoms=   1  estimated weight=         1.00000
 proc =   4  # of atoms=   0  estimated weight=         0.00000
 proc =   5  # of atoms=   0  estimated weight=         0.00000
 proc =   6  # of atoms=   0  estimated weight=         0.00000
 proc =   7  # of atoms=   0  estimated weight=         0.00000
 proc =   8  # of atoms=   0  estimated weight=         0.00000
 proc =   9  # of atoms=   0  estimated weight=         0.00000
 proc =  10  # of atoms=   0  estimated weight=         0.00000
 proc =  11  # of atoms=   0  estimated weight=         0.00000
 proc =  12  # of atoms=   0  estimated weight=         0.00000
 proc =  13  # of atoms=   0  estimated weight=         0.00000
 proc =  14  # of atoms=   0  estimated weight=         0.00000
 proc =  15  # of atoms=   0  estimated weight=         0.00000



TFNAN=     256   Average FNAN=  64.00000
TSNAN=       0   Average SNAN=   0.00000
<truncation> CpyCell= 3 ct_AN=   1 FNAN SNAN  64   0
<truncation> CpyCell= 3 ct_AN=   2 FNAN SNAN  64   0
<truncation> CpyCell= 3 ct_AN=   3 FNAN SNAN  64   0
<truncation> CpyCell= 3 ct_AN=   4 FNAN SNAN  64   0
<UCell_Box> Info. of cutoff energy and num. of grids
lattice vectors (bohr)
A  = 11.281295655248,  0.000000000000, -0.028203239138
B  =  0.000000000000, 11.281295655248,  0.000000000000
C  = -0.015204829790,  0.000000000000,  6.081931916162
reciprocal lattice vectors (bohr^-1)
RA =  0.556959481370, -0.000000000000,  0.001392398703
RB = -0.000000000000,  0.556956000374, -0.000000000000
RC =  0.002582742073, -0.000000000000,  1.033096829091
Required cutoff energy (Ryd) for 3D-grids = 200.0000
    Used cutoff energy (Ryd) for 3D-grids = 193.8786, 193.8750, 194.5146
Num. of grids of a-, b-, and c-axes = 50, 50, 27
Cell_Volume =    774.028233187484 (Bohr^3)
GridVol     =      0.011467084936 (Bohr^3)
Cell vectors (bohr) of the grid cell (gtv)
  gtv_a =  0.225625913105,  0.000000000000, -0.000564064783
  gtv_b =  0.000000000000,  0.225625913105,  0.000000000000
  gtv_c = -0.000563141844,  0.000000000000,  0.225256737636
  |gtv_a| =  0.225626618185
  |gtv_b| =  0.225625913105
  |gtv_c| =  0.225257441562
Num. of grids overlapping with atom    1 = 125064
Num. of grids overlapping with atom    2 = 125305
Num. of grids overlapping with atom    3 = 125126
Num. of grids overlapping with atom    4 = 125150

*******************************************************
             SCF calculation at MD = 9                
*******************************************************

<MD= 9>  Calculation of the overlap matrix
<MD= 9>  Calculation of the nonlocal matrix
<MD= 9>  Calculation of the VNA projector matrix

******************* MD= 9  SCF= 1 *******************
<Restart>  Found restart files
<Poisson>  Poisson's equation using FFT...
<Band>  Solving the eigenvalue problem...
 KGrids1:  -0.45833  -0.37500  -0.29167  -0.20833  -0.12500  -0.04167   0.04167   0.12500   0.20833   0.29167   0.37500   0.45833 
 KGrids2:  -0.45833  -0.37500  -0.29167  -0.20833  -0.12500  -0.04167   0.04167   0.12500   0.20833   0.29167   0.37500   0.45833 
 KGrids3:  -0.47500  -0.42500  -0.37500  -0.32500  -0.27500  -0.22500  -0.17500  -0.12500  -0.07500  -0.02500   0.02500   0.07500   0.12500   0.17500   0.22500   0.27500   0.32500   0.37500   0.42500   0.47500 
<Band_DFT>  Eigen, time=0.744331
<Band_DFT>  DM, time=2.045031
    1   Sn  MulP   6.9999  6.9999 sum  13.9998
    2   Sn  MulP   7.0004  7.0004 sum  14.0007
    3   Sn  MulP   6.9999  6.9999 sum  13.9997
    4   Sn  MulP   6.9999  6.9999 sum  13.9998
 Sum of MulP: up   =    28.00000 down          =    28.00000
              total=    56.00000 ideal(neutral)=    56.00000
<DFT>  Total Spin Moment (muB) =  0.000000000000
<DFT>  Mixing_weight= 0.400000000000
<DFT>  Uele   =  -42.211731606835  dUele     =   1.000000000000
<DFT>  NormRD =    1.000000000000  Criterion =   0.000000100000

******************* MD= 9  SCF= 2 *******************
<Poisson>  Poisson's equation using FFT...
<Set_Hamiltonian>  Hamiltonian matrix for VNA+dVH+Vxc...
<Band>  Solving the eigenvalue problem...
 KGrids1:  -0.45833  -0.37500  -0.29167  -0.20833  -0.12500  -0.04167   0.04167   0.12500   0.20833   0.29167   0.37500   0.45833 
 KGrids2:  -0.45833  -0.37500  -0.29167  -0.20833  -0.12500  -0.04167   0.04167   0.12500   0.20833   0.29167   0.37500   0.45833 
 KGrids3:  -0.47500  -0.42500  -0.37500  -0.32500  -0.27500  -0.22500  -0.17500  -0.12500  -0.07500  -0.02500   0.02500   0.07500   0.12500   0.17500   0.22500   0.27500   0.32500   0.37500   0.42500   0.47500 
<Band_DFT>  Eigen, time=0.744140
<Band_DFT>  DM, time=1.925909
    1   Sn  MulP   6.9999  6.9999 sum  13.9998
    2   Sn  MulP   7.0004  7.0004 sum  14.0007
    3   Sn  MulP   6.9999  6.9999 sum  13.9997
    4   Sn  MulP   6.9999  6.9999 sum  13.9998
 Sum of MulP: up   =    28.00000 down          =    28.00000
              total=    56.00000 ideal(neutral)=    56.00000
<DFT>  Total Spin Moment (muB) =  0.000000000000
<DFT>  Mixing_weight= 0.400000000000
<DFT>  Uele   =  -42.211684140339  dUele     =   0.000047466496
<DFT>  NormRD =    0.000542054896  Criterion =   0.000000100000

******************* MD= 9  SCF= 3 *******************
<Poisson>  Poisson's equation using FFT...
<Set_Hamiltonian>  Hamiltonian matrix for VNA+dVH+Vxc...
<Band>  Solving the eigenvalue problem...
 KGrids1:  -0.45833  -0.37500  -0.29167  -0.20833  -0.12500  -0.04167   0.04167   0.12500   0.20833   0.29167   0.37500   0.45833 
 KGrids2:  -0.45833  -0.37500  -0.29167  -0.20833  -0.12500  -0.04167   0.04167   0.12500   0.20833   0.29167   0.37500   0.45833 
 KGrids3:  -0.47500  -0.42500  -0.37500  -0.32500  -0.27500  -0.22500  -0.17500  -0.12500  -0.07500  -0.02500   0.02500   0.07500   0.12500   0.17500   0.22500   0.27500   0.32500   0.37500   0.42500   0.47500 
<Band_DFT>  Eigen, time=0.745855
<Band_DFT>  DM, time=1.932117
    1   Sn  MulP   6.9999  6.9999 sum  13.9998
    2   Sn  MulP   7.0004  7.0004 sum  14.0007
    3   Sn  MulP   6.9999  6.9999 sum  13.9997
    4   Sn  MulP   6.9999  6.9999 sum  13.9998
 Sum of MulP: up   =    28.00000 down          =    28.00000
              total=    56.00000 ideal(neutral)=    56.00000
<DFT>  Total Spin Moment (muB) =  0.000000000000
<DFT>  Mixing_weight= 0.040000000000
<DFT>  Uele   =  -42.211655767147  dUele     =   0.000028373192
<DFT>  NormRD =    0.000345809342  Criterion =   0.000000100000

******************* MD= 9  SCF= 4 *******************
<Poisson>  Poisson's equation using FFT...
<Set_Hamiltonian>  Hamiltonian matrix for VNA+dVH+Vxc...
<Band>  Solving the eigenvalue problem...
 KGrids1:  -0.45833  -0.37500  -0.29167  -0.20833  -0.12500  -0.04167   0.04167   0.12500   0.20833   0.29167   0.37500   0.45833 
 KGrids2:  -0.45833  -0.37500  -0.29167  -0.20833  -0.12500  -0.04167   0.04167   0.12500   0.20833   0.29167   0.37500   0.45833 
 KGrids3:  -0.47500  -0.42500  -0.37500  -0.32500  -0.27500  -0.22500  -0.17500  -0.12500  -0.07500  -0.02500   0.02500   0.07500   0.12500   0.17500   0.22500   0.27500   0.32500   0.37500   0.42500   0.47500 
<Band_DFT>  Eigen, time=0.748663
<Band_DFT>  DM, time=1.827448
    1   Sn  MulP   6.9999  6.9999 sum  13.9998
    2   Sn  MulP   7.0004  7.0004 sum  14.0007
    3   Sn  MulP   6.9999  6.9999 sum  13.9997
    4   Sn  MulP   6.9999  6.9999 sum  13.9997
 Sum of MulP: up   =    28.00000 down          =    28.00000
              total=    56.00000 ideal(neutral)=    56.00000
<DFT>  Total Spin Moment (muB) =  0.000000000000
<DFT>  Mixing_weight= 0.040000000000
<DFT>  Uele   =  -42.211615933727  dUele     =   0.000039833421
<DFT>  NormRD =    0.000014891990  Criterion =   0.000000100000

******************* MD= 9  SCF= 5 *******************
<Poisson>  Poisson's equation using FFT...
<Set_Hamiltonian>  Hamiltonian matrix for VNA+dVH+Vxc...
<Band>  Solving the eigenvalue problem...
 KGrids1:  -0.45833  -0.37500  -0.29167  -0.20833  -0.12500  -0.04167   0.04167   0.12500   0.20833   0.29167   0.37500   0.45833 
 KGrids2:  -0.45833  -0.37500  -0.29167  -0.20833  -0.12500  -0.04167   0.04167   0.12500   0.20833   0.29167   0.37500   0.45833 
 KGrids3:  -0.47500  -0.42500  -0.37500  -0.32500  -0.27500  -0.22500  -0.17500  -0.12500  -0.07500  -0.02500   0.02500   0.07500   0.12500   0.17500   0.22500   0.27500   0.32500   0.37500   0.42500   0.47500 
<Band_DFT>  Eigen, time=0.751625
<Band_DFT>  DM, time=1.834221
    1   Sn  MulP   6.9999  6.9999 sum  13.9998
    2   Sn  MulP   7.0004  7.0004 sum  14.0007
    3   Sn  MulP   6.9999  6.9999 sum  13.9997
    4   Sn  MulP   6.9999  6.9999 sum  13.9998
 Sum of MulP: up   =    28.00000 down          =    28.00000
              total=    56.00000 ideal(neutral)=    56.00000
<DFT>  Total Spin Moment (muB) =  0.000000000000
<DFT>  Mixing_weight= 0.040000000000
<DFT>  Uele   =  -42.211618207204  dUele     =   0.000002273477
<DFT>  NormRD =    0.000017718130  Criterion =   0.000000100000

******************* MD= 9  SCF= 6 *******************
<Poisson>  Poisson's equation using FFT...
<Set_Hamiltonian>  Hamiltonian matrix for VNA+dVH+Vxc...
<Band>  Solving the eigenvalue problem...
 KGrids1:  -0.45833  -0.37500  -0.29167  -0.20833  -0.12500  -0.04167   0.04167   0.12500   0.20833   0.29167   0.37500   0.45833 
 KGrids2:  -0.45833  -0.37500  -0.29167  -0.20833  -0.12500  -0.04167   0.04167   0.12500   0.20833   0.29167   0.37500   0.45833 
 KGrids3:  -0.47500  -0.42500  -0.37500  -0.32500  -0.27500  -0.22500  -0.17500  -0.12500  -0.07500  -0.02500   0.02500   0.07500   0.12500   0.17500   0.22500   0.27500   0.32500   0.37500   0.42500   0.47500 
<Band_DFT>  Eigen, time=0.750757
<Band_DFT>  DM, time=1.840898
    1   Sn  MulP   6.9999  6.9999 sum  13.9998
    2   Sn  MulP   7.0004  7.0004 sum  14.0007
    3   Sn  MulP   6.9999  6.9999 sum  13.9997
    4   Sn  MulP   6.9999  6.9999 sum  13.9997
 Sum of MulP: up   =    28.00000 down          =    28.00000
              total=    56.00000 ideal(neutral)=    56.00000
<DFT>  Total Spin Moment (muB) =  0.000000000000
<DFT>  Mixing_weight= 0.040000000000
<DFT>  Uele   =  -42.211617980852  dUele     =   0.000000226352
<DFT>  NormRD =    0.000009089827  Criterion =   0.000000100000

******************* MD= 9  SCF= 7 *******************
<Poisson>  Poisson's equation using FFT...
<Set_Hamiltonian>  Hamiltonian matrix for VNA+dVH+Vxc...
<Band>  Solving the eigenvalue problem...
 KGrids1:  -0.45833  -0.37500  -0.29167  -0.20833  -0.12500  -0.04167   0.04167   0.12500   0.20833   0.29167   0.37500   0.45833 
 KGrids2:  -0.45833  -0.37500  -0.29167  -0.20833  -0.12500  -0.04167   0.04167   0.12500   0.20833   0.29167   0.37500   0.45833 
 KGrids3:  -0.47500  -0.42500  -0.37500  -0.32500  -0.27500  -0.22500  -0.17500  -0.12500  -0.07500  -0.02500   0.02500   0.07500   0.12500   0.17500   0.22500   0.27500   0.32500   0.37500   0.42500   0.47500 
<Band_DFT>  Eigen, time=0.659453
<Band_DFT>  DM, time=1.925193
    1   Sn  MulP   6.9999  6.9999 sum  13.9998
    2   Sn  MulP   7.0004  7.0004 sum  14.0007
    3   Sn  MulP   6.9999  6.9999 sum  13.9997
    4   Sn  MulP   6.9999  6.9999 sum  13.9997
 Sum of MulP: up   =    28.00000 down          =    28.00000
              total=    56.00000 ideal(neutral)=    56.00000
<DFT>  Total Spin Moment (muB) =  0.000000000000
<DFT>  Mixing_weight= 0.040000000000
<DFT>  Uele   =  -42.211617788878  dUele     =   0.000000191974
<DFT>  NormRD =    0.000002449163  Criterion =   0.000000100000

******************* MD= 9  SCF= 8 *******************
<Poisson>  Poisson's equation using FFT...
<Set_Hamiltonian>  Hamiltonian matrix for VNA+dVH+Vxc...
<Band>  Solving the eigenvalue problem...
 KGrids1:  -0.45833  -0.37500  -0.29167  -0.20833  -0.12500  -0.04167   0.04167   0.12500   0.20833   0.29167   0.37500   0.45833 
 KGrids2:  -0.45833  -0.37500  -0.29167  -0.20833  -0.12500  -0.04167   0.04167   0.12500   0.20833   0.29167   0.37500   0.45833 
 KGrids3:  -0.47500  -0.42500  -0.37500  -0.32500  -0.27500  -0.22500  -0.17500  -0.12500  -0.07500  -0.02500   0.02500   0.07500   0.12500   0.17500   0.22500   0.27500   0.32500   0.37500   0.42500   0.47500 
<Band_DFT>  Eigen, time=0.748657
<Band_DFT>  DM, time=1.920609
    1   Sn  MulP   6.9999  6.9999 sum  13.9998
    2   Sn  MulP   7.0004  7.0004 sum  14.0007
    3   Sn  MulP   6.9999  6.9999 sum  13.9997
    4   Sn  MulP   6.9999  6.9999 sum  13.9997
 Sum of MulP: up   =    28.00000 down          =    28.00000
              total=    56.00000 ideal(neutral)=    56.00000
<DFT>  Total Spin Moment (muB) =  0.000000000000
<DFT>  Mixing_weight= 0.040000000000
<DFT>  Uele   =  -42.211617764263  dUele     =   0.000000024615
<DFT>  NormRD =    0.000000515760  Criterion =   0.000000100000
<MD= 9>  Force calculation
  Force calculation #1
  Force calculation #2
  Force calculation #3
  Force calculation #4
  Force calculation #5
  Stress calculation #1
  Stress calculation #2
  Stress calculation #3
  Stress calculation #4
  Stress calculation #5
<MD= 9>  Total Energy
  Force calculation #6
  Force calculation #7

*******************************************************
                  Dipole moment (Debye)                 
*******************************************************

 Absolute D      520.45198874

                      Dx                Dy                Dz
 Total           -362.23258116     -362.13875553      -92.26782470
 Core             400.59190294      401.43893727      323.55183427
 Electron        -762.82448410     -763.57769280     -415.81965898
 Back ground       -0.00000000       -0.00000000       -0.00000000

*******************************************************
               Stress tensor (Hartree/bohr^3)            
*******************************************************

      -0.00000107        0.00000000       -0.00000293 
       0.00000000        0.00000007       -0.00000000 
      -0.00000293       -0.00000000        0.00000079 

*******************************************************
                Total Energy (Hartree) at MD = 9        
*******************************************************

  Uele  =     -42.211617764263

  Ukin  =     203.438506023161
  UH0   =   -2703.963840093390
  UH1   =       0.004898310175
  Una   =    -149.420959231034
  Unl   =     -47.913221971025
  Uxc0  =     -25.237140420326
  Uxc1  =     -25.237140420326
  Ucore =    2464.171579603093
  Uhub  =       0.000000000000
  Ucs   =       0.000000000000
  Uzs   =       0.000000000000
  Uzo   =       0.000000000000
  Uef   =       0.000000000000
  UvdW  =       0.000000000000
  Uch   =       0.000000000000
  Utot  =    -284.157318199671

  UpV   =       0.000000000000
  Enpy  =    -284.157318199671
  Note:

  Uele:   band energy
  Ukin:   kinetic energy
  UH0:    electric part of screened Coulomb energy
  UH1:    difference electron-electron Coulomb energy
  Una:    neutral atom potential energy
  Unl:    non-local potential energy
  Uxc0:   exchange-correlation energy for alpha spin
  Uxc1:   exchange-correlation energy for beta spin
  Ucore:  core-core Coulomb energy
  Uhub:   LDA+U energy
  Ucs:    constraint energy for spin orientation
  Uzs:    Zeeman term for spin magnetic moment
  Uzo:    Zeeman term for orbital magnetic moment
  Uef:    electric energy by electric field
  UvdW:   semi-empirical vdW energy 
  Uch:    penalty term to create a core hole
  UpV:    pressure times volume
  Enpy:   Enthalpy = Utot + UpV
  (see also PRB 72, 045121(2005) for the energy contributions)


*******************************************************
           Computational times (s) at MD = 9            
*******************************************************

  DFT in total      =   34.00502

  Set_OLP_Kin       =    0.69748
  Set_Nonlocal      =    0.95369
  Set_ProExpn_VNA   =    2.78199
  Set_Hamiltonian   =    2.56101
  Poisson           =    0.00129
  diagonalization   =   21.58283
  Mixing_DM         =    0.00611
  Force             =    2.05035
  Total_Energy      =    0.42089
  Set_Aden_Grid     =    0.00719
  Set_Orbitals_Grid =    0.09707
  Set_Density_Grid  =    0.94669
  RestartFileDFT    =    0.00655
  Mulliken_Charge   =    0.00134
  FFT(2D)_Density   =    0.00211

The SCF was achieved at MD=   9

*******************************************************
             MD or geometry opt. at MD = 9              
*******************************************************

<BFGS>  |Maximum force| (Hartree/Bohr) = 0.000235417570
<BFGS>  Criterion       (Hartree/Bohr) = 0.000100000000

     atom=   1, XYZ(ang) Fxyz(a.u.)=   0.0011    0.0000   -0.0002     0.0002    0.0000   -0.0000
     atom=   2, XYZ(ang) Fxyz(a.u.)=   2.9825    2.9849    1.5998     0.0001    0.0000    0.0002
     atom=   3, XYZ(ang) Fxyz(a.u.)=  -0.0043    2.9849    0.8260     0.0001    0.0000   -0.0000
     atom=   4, XYZ(ang) Fxyz(a.u.)=   2.9780   -0.0000    2.3857    -0.0002    0.0000   -0.0001

*******************************************************
        Analysis of neighbors and setting of grids        
*******************************************************


*******************************************************
  Allocation of atoms to processors at MD_iter=   10     
*******************************************************

 proc =   0  # of atoms=   1  estimated weight=         1.00000
 proc =   1  # of atoms=   1  estimated weight=         1.00000
 proc =   2  # of atoms=   1  estimated weight=         1.00000
 proc =   3  # of atoms=   1  estimated weight=         1.00000
 proc =   4  # of atoms=   0  estimated weight=         0.00000
 proc =   5  # of atoms=   0  estimated weight=         0.00000
 proc =   6  # of atoms=   0  estimated weight=         0.00000
 proc =   7  # of atoms=   0  estimated weight=         0.00000
 proc =   8  # of atoms=   0  estimated weight=         0.00000
 proc =   9  # of atoms=   0  estimated weight=         0.00000
 proc =  10  # of atoms=   0  estimated weight=         0.00000
 proc =  11  # of atoms=   0  estimated weight=         0.00000
 proc =  12  # of atoms=   0  estimated weight=         0.00000
 proc =  13  # of atoms=   0  estimated weight=         0.00000
 proc =  14  # of atoms=   0  estimated weight=         0.00000
 proc =  15  # of atoms=   0  estimated weight=         0.00000



TFNAN=     256   Average FNAN=  64.00000
TSNAN=       0   Average SNAN=   0.00000
<truncation> CpyCell= 3 ct_AN=   1 FNAN SNAN  64   0
<truncation> CpyCell= 3 ct_AN=   2 FNAN SNAN  64   0
<truncation> CpyCell= 3 ct_AN=   3 FNAN SNAN  64   0
<truncation> CpyCell= 3 ct_AN=   4 FNAN SNAN  64   0
<UCell_Box> Info. of cutoff energy and num. of grids
lattice vectors (bohr)
A  = 11.281295655248,  0.000000000000, -0.028203239138
B  =  0.000000000000, 11.281295655248,  0.000000000000
C  = -0.015204829790,  0.000000000000,  6.081931916162
reciprocal lattice vectors (bohr^-1)
RA =  0.556959481370, -0.000000000000,  0.001392398703
RB = -0.000000000000,  0.556956000374, -0.000000000000
RC =  0.002582742073, -0.000000000000,  1.033096829091
Required cutoff energy (Ryd) for 3D-grids = 200.0000
    Used cutoff energy (Ryd) for 3D-grids = 193.8786, 193.8750, 194.5146
Num. of grids of a-, b-, and c-axes = 50, 50, 27
Cell_Volume =    774.028233187484 (Bohr^3)
GridVol     =      0.011467084936 (Bohr^3)
Cell vectors (bohr) of the grid cell (gtv)
  gtv_a =  0.225625913105,  0.000000000000, -0.000564064783
  gtv_b =  0.000000000000,  0.225625913105,  0.000000000000
  gtv_c = -0.000563141844,  0.000000000000,  0.225256737636
  |gtv_a| =  0.225626618185
  |gtv_b| =  0.225625913105
  |gtv_c| =  0.225257441562
Num. of grids overlapping with atom    1 = 125060
Num. of grids overlapping with atom    2 = 125309
Num. of grids overlapping with atom    3 = 125101
Num. of grids overlapping with atom    4 = 125136

*******************************************************
             SCF calculation at MD =10                
*******************************************************

<MD=10>  Calculation of the overlap matrix
<MD=10>  Calculation of the nonlocal matrix
<MD=10>  Calculation of the VNA projector matrix

******************* MD=10  SCF= 1 *******************
<Restart>  Found restart files
<Poisson>  Poisson's equation using FFT...
<Band>  Solving the eigenvalue problem...
 KGrids1:  -0.45833  -0.37500  -0.29167  -0.20833  -0.12500  -0.04167   0.04167   0.12500   0.20833   0.29167   0.37500   0.45833 
 KGrids2:  -0.45833  -0.37500  -0.29167  -0.20833  -0.12500  -0.04167   0.04167   0.12500   0.20833   0.29167   0.37500   0.45833 
 KGrids3:  -0.47500  -0.42500  -0.37500  -0.32500  -0.27500  -0.22500  -0.17500  -0.12500  -0.07500  -0.02500   0.02500   0.07500   0.12500   0.17500   0.22500   0.27500   0.32500   0.37500   0.42500   0.47500 
<Band_DFT>  Eigen, time=0.744238
<Band_DFT>  DM, time=2.040258
    1   Sn  MulP   6.9999  6.9999 sum  13.9998
    2   Sn  MulP   7.0004  7.0004 sum  14.0008
    3   Sn  MulP   6.9999  6.9999 sum  13.9997
    4   Sn  MulP   6.9999  6.9999 sum  13.9997
 Sum of MulP: up   =    28.00000 down          =    28.00000
              total=    56.00000 ideal(neutral)=    56.00000
<DFT>  Total Spin Moment (muB) =  0.000000000000
<DFT>  Mixing_weight= 0.400000000000
<DFT>  Uele   =  -42.211615360349  dUele     =   1.000000000000
<DFT>  NormRD =    1.000000000000  Criterion =   0.000000100000

******************* MD=10  SCF= 2 *******************
<Poisson>  Poisson's equation using FFT...
<Set_Hamiltonian>  Hamiltonian matrix for VNA+dVH+Vxc...
<Band>  Solving the eigenvalue problem...
 KGrids1:  -0.45833  -0.37500  -0.29167  -0.20833  -0.12500  -0.04167   0.04167   0.12500   0.20833   0.29167   0.37500   0.45833 
 KGrids2:  -0.45833  -0.37500  -0.29167  -0.20833  -0.12500  -0.04167   0.04167   0.12500   0.20833   0.29167   0.37500   0.45833 
 KGrids3:  -0.47500  -0.42500  -0.37500  -0.32500  -0.27500  -0.22500  -0.17500  -0.12500  -0.07500  -0.02500   0.02500   0.07500   0.12500   0.17500   0.22500   0.27500   0.32500   0.37500   0.42500   0.47500 
<Band_DFT>  Eigen, time=0.739262
<Band_DFT>  DM, time=2.038456
    1   Sn  MulP   6.9999  6.9999 sum  13.9998
    2   Sn  MulP   7.0004  7.0004 sum  14.0008
    3   Sn  MulP   6.9999  6.9999 sum  13.9997
    4   Sn  MulP   6.9999  6.9999 sum  13.9997
 Sum of MulP: up   =    28.00000 down          =    28.00000
              total=    56.00000 ideal(neutral)=    56.00000
<DFT>  Total Spin Moment (muB) =  0.000000000000
<DFT>  Mixing_weight= 0.400000000000
<DFT>  Uele   =  -42.211610448612  dUele     =   0.000004911737
<DFT>  NormRD =    0.000050564396  Criterion =   0.000000100000

******************* MD=10  SCF= 3 *******************
<Poisson>  Poisson's equation using FFT...
<Set_Hamiltonian>  Hamiltonian matrix for VNA+dVH+Vxc...
<Band>  Solving the eigenvalue problem...
 KGrids1:  -0.45833  -0.37500  -0.29167  -0.20833  -0.12500  -0.04167   0.04167   0.12500   0.20833   0.29167   0.37500   0.45833 
 KGrids2:  -0.45833  -0.37500  -0.29167  -0.20833  -0.12500  -0.04167   0.04167   0.12500   0.20833   0.29167   0.37500   0.45833 
 KGrids3:  -0.47500  -0.42500  -0.37500  -0.32500  -0.27500  -0.22500  -0.17500  -0.12500  -0.07500  -0.02500   0.02500   0.07500   0.12500   0.17500   0.22500   0.27500   0.32500   0.37500   0.42500   0.47500 
<Band_DFT>  Eigen, time=0.732851
<Band_DFT>  DM, time=2.029437
    1   Sn  MulP   6.9999  6.9999 sum  13.9998
    2   Sn  MulP   7.0004  7.0004 sum  14.0008
    3   Sn  MulP   6.9999  6.9999 sum  13.9997
    4   Sn  MulP   6.9999  6.9999 sum  13.9997
 Sum of MulP: up   =    28.00000 down          =    28.00000
              total=    56.00000 ideal(neutral)=    56.00000
<DFT>  Total Spin Moment (muB) =  0.000000000000
<DFT>  Mixing_weight= 0.040000000000
<DFT>  Uele   =  -42.211607458297  dUele     =   0.000002990315
<DFT>  NormRD =    0.000033170150  Criterion =   0.000000100000

******************* MD=10  SCF= 4 *******************
<Poisson>  Poisson's equation using FFT...
<Set_Hamiltonian>  Hamiltonian matrix for VNA+dVH+Vxc...
<Band>  Solving the eigenvalue problem...
 KGrids1:  -0.45833  -0.37500  -0.29167  -0.20833  -0.12500  -0.04167   0.04167   0.12500   0.20833   0.29167   0.37500   0.45833 
 KGrids2:  -0.45833  -0.37500  -0.29167  -0.20833  -0.12500  -0.04167   0.04167   0.12500   0.20833   0.29167   0.37500   0.45833 
 KGrids3:  -0.47500  -0.42500  -0.37500  -0.32500  -0.27500  -0.22500  -0.17500  -0.12500  -0.07500  -0.02500   0.02500   0.07500   0.12500   0.17500   0.22500   0.27500   0.32500   0.37500   0.42500   0.47500 
<Band_DFT>  Eigen, time=0.526204
<Band_DFT>  DM, time=1.385793
    1   Sn  MulP   6.9999  6.9999 sum  13.9998
    2   Sn  MulP   7.0004  7.0004 sum  14.0008
    3   Sn  MulP   6.9999  6.9999 sum  13.9997
    4   Sn  MulP   6.9999  6.9999 sum  13.9997
 Sum of MulP: up   =    28.00000 down          =    28.00000
              total=    56.00000 ideal(neutral)=    56.00000
<DFT>  Total Spin Moment (muB) =  0.000000000000
<DFT>  Mixing_weight= 0.040000000000
<DFT>  Uele   =  -42.211602561406  dUele     =   0.000004896891
<DFT>  NormRD =    0.000003242952  Criterion =   0.000000100000

******************* MD=10  SCF= 5 *******************
<Poisson>  Poisson's equation using FFT...
<Set_Hamiltonian>  Hamiltonian matrix for VNA+dVH+Vxc...
<Band>  Solving the eigenvalue problem...
 KGrids1:  -0.45833  -0.37500  -0.29167  -0.20833  -0.12500  -0.04167   0.04167   0.12500   0.20833   0.29167   0.37500   0.45833 
 KGrids2:  -0.45833  -0.37500  -0.29167  -0.20833  -0.12500  -0.04167   0.04167   0.12500   0.20833   0.29167   0.37500   0.45833 
 KGrids3:  -0.47500  -0.42500  -0.37500  -0.32500  -0.27500  -0.22500  -0.17500  -0.12500  -0.07500  -0.02500   0.02500   0.07500   0.12500   0.17500   0.22500   0.27500   0.32500   0.37500   0.42500   0.47500 
<Band_DFT>  Eigen, time=0.515086
<Band_DFT>  DM, time=1.388378
    1   Sn  MulP   6.9999  6.9999 sum  13.9998
    2   Sn  MulP   7.0004  7.0004 sum  14.0008
    3   Sn  MulP   6.9999  6.9999 sum  13.9997
    4   Sn  MulP   6.9999  6.9999 sum  13.9997
 Sum of MulP: up   =    28.00000 down          =    28.00000
              total=    56.00000 ideal(neutral)=    56.00000
<DFT>  Total Spin Moment (muB) =  0.000000000000
<DFT>  Mixing_weight= 0.040000000000
<DFT>  Uele   =  -42.211602869774  dUele     =   0.000000308369
<DFT>  NormRD =    0.000003186047  Criterion =   0.000000100000

******************* MD=10  SCF= 6 *******************
<Poisson>  Poisson's equation using FFT...
<Set_Hamiltonian>  Hamiltonian matrix for VNA+dVH+Vxc...
<Band>  Solving the eigenvalue problem...
 KGrids1:  -0.45833  -0.37500  -0.29167  -0.20833  -0.12500  -0.04167   0.04167   0.12500   0.20833   0.29167   0.37500   0.45833 
 KGrids2:  -0.45833  -0.37500  -0.29167  -0.20833  -0.12500  -0.04167   0.04167   0.12500   0.20833   0.29167   0.37500   0.45833 
 KGrids3:  -0.47500  -0.42500  -0.37500  -0.32500  -0.27500  -0.22500  -0.17500  -0.12500  -0.07500  -0.02500   0.02500   0.07500   0.12500   0.17500   0.22500   0.27500   0.32500   0.37500   0.42500   0.47500 
<Band_DFT>  Eigen, time=0.515513
<Band_DFT>  DM, time=1.389383
    1   Sn  MulP   6.9999  6.9999 sum  13.9998
    2   Sn  MulP   7.0004  7.0004 sum  14.0008
    3   Sn  MulP   6.9999  6.9999 sum  13.9997
    4   Sn  MulP   6.9999  6.9999 sum  13.9997
 Sum of MulP: up   =    28.00000 down          =    28.00000
              total=    56.00000 ideal(neutral)=    56.00000
<DFT>  Total Spin Moment (muB) =  0.000000000000
<DFT>  Mixing_weight= 0.040000000000
<DFT>  Uele   =  -42.211602849552  dUele     =   0.000000020223
<DFT>  NormRD =    0.000000977491  Criterion =   0.000000100000
<MD=10>  Force calculation
  Force calculation #1
  Force calculation #2
  Force calculation #3
  Force calculation #4
  Force calculation #5
  Stress calculation #1
  Stress calculation #2
  Stress calculation #3
  Stress calculation #4
  Stress calculation #5
<MD=10>  Total Energy
  Force calculation #6
  Force calculation #7

*******************************************************
                  Dipole moment (Debye)                 
*******************************************************

 Absolute D      520.50466933

                      Dx                Dy                Dz
 Total           -362.30375969     -362.13878327      -92.28541682
 Core             400.58693902      401.43893657      323.54001274
 Electron        -762.89069870     -763.57771984     -415.82542956
 Back ground       -0.00000000       -0.00000000       -0.00000000

*******************************************************
               Stress tensor (Hartree/bohr^3)            
*******************************************************

      -0.00000134        0.00000000       -0.00000296 
       0.00000000       -0.00000029       -0.00000000 
      -0.00000296       -0.00000000        0.00000091 

*******************************************************
                Total Energy (Hartree) at MD =10        
*******************************************************

  Uele  =     -42.211602849552

  Ukin  =     203.438585229901
  UH0   =   -2703.962764059867
  UH1   =       0.004898169403
  Una   =    -149.420997555243
  Unl   =     -47.913256616662
  Uxc0  =     -25.237144568350
  Uxc1  =     -25.237144568350
  Ucore =    2464.170504501088
  Uhub  =       0.000000000000
  Ucs   =       0.000000000000
  Uzs   =       0.000000000000
  Uzo   =       0.000000000000
  Uef   =       0.000000000000
  UvdW  =       0.000000000000
  Uch   =       0.000000000000
  Utot  =    -284.157319468080

  UpV   =       0.000000000000
  Enpy  =    -284.157319468080
  Note:

  Uele:   band energy
  Ukin:   kinetic energy
  UH0:    electric part of screened Coulomb energy
  UH1:    difference electron-electron Coulomb energy
  Una:    neutral atom potential energy
  Unl:    non-local potential energy
  Uxc0:   exchange-correlation energy for alpha spin
  Uxc1:   exchange-correlation energy for beta spin
  Ucore:  core-core Coulomb energy
  Uhub:   LDA+U energy
  Ucs:    constraint energy for spin orientation
  Uzs:    Zeeman term for spin magnetic moment
  Uzo:    Zeeman term for orbital magnetic moment
  Uef:    electric energy by electric field
  UvdW:   semi-empirical vdW energy 
  Uch:    penalty term to create a core hole
  UpV:    pressure times volume
  Enpy:   Enthalpy = Utot + UpV
  (see also PRB 72, 045121(2005) for the energy contributions)


*******************************************************
           Computational times (s) at MD =10            
*******************************************************

  DFT in total      =   25.46031

  Set_OLP_Kin       =    0.69746
  Set_Nonlocal      =    1.46891
  Set_ProExpn_VNA   =    2.64134
  Set_Hamiltonian   =    1.45347
  Poisson           =    0.00091
  diagonalization   =   14.36871
  Mixing_DM         =    0.00414
  Force             =    1.95492
  Total_Energy      =    0.41113
  Set_Aden_Grid     =    0.00709
  Set_Orbitals_Grid =    0.09748
  Set_Density_Grid  =    0.54945
  RestartFileDFT    =    0.00426
  Mulliken_Charge   =    0.00098
  FFT(2D)_Density   =    0.00166

The SCF was achieved at MD=  10

*******************************************************
             MD or geometry opt. at MD =10              
*******************************************************

<BFGS>  |Maximum force| (Hartree/Bohr) = 0.000408337360
<BFGS>  Criterion       (Hartree/Bohr) = 0.000100000000

     atom=   1, XYZ(ang) Fxyz(a.u.)=   0.0010    0.0000   -0.0002     0.0002    0.0000   -0.0000
     atom=   2, XYZ(ang) Fxyz(a.u.)=   2.9824    2.9849    1.5997     0.0001    0.0000    0.0002
     atom=   3, XYZ(ang) Fxyz(a.u.)=  -0.0044    2.9849    0.8264     0.0001    0.0000   -0.0004
     atom=   4, XYZ(ang) Fxyz(a.u.)=   2.9780   -0.0000    2.3853     0.0000    0.0000    0.0003

*******************************************************
        Analysis of neighbors and setting of grids        
*******************************************************


*******************************************************
  Allocation of atoms to processors at MD_iter=   11     
*******************************************************

 proc =   0  # of atoms=   1  estimated weight=         1.00000
 proc =   1  # of atoms=   1  estimated weight=         1.00000
 proc =   2  # of atoms=   1  estimated weight=         1.00000
 proc =   3  # of atoms=   1  estimated weight=         1.00000
 proc =   4  # of atoms=   0  estimated weight=         0.00000
 proc =   5  # of atoms=   0  estimated weight=         0.00000
 proc =   6  # of atoms=   0  estimated weight=         0.00000
 proc =   7  # of atoms=   0  estimated weight=         0.00000
 proc =   8  # of atoms=   0  estimated weight=         0.00000
 proc =   9  # of atoms=   0  estimated weight=         0.00000
 proc =  10  # of atoms=   0  estimated weight=         0.00000
 proc =  11  # of atoms=   0  estimated weight=         0.00000
 proc =  12  # of atoms=   0  estimated weight=         0.00000
 proc =  13  # of atoms=   0  estimated weight=         0.00000
 proc =  14  # of atoms=   0  estimated weight=         0.00000
 proc =  15  # of atoms=   0  estimated weight=         0.00000



TFNAN=     256   Average FNAN=  64.00000
TSNAN=       0   Average SNAN=   0.00000
<truncation> CpyCell= 3 ct_AN=   1 FNAN SNAN  64   0
<truncation> CpyCell= 3 ct_AN=   2 FNAN SNAN  64   0
<truncation> CpyCell= 3 ct_AN=   3 FNAN SNAN  64   0
<truncation> CpyCell= 3 ct_AN=   4 FNAN SNAN  64   0
<UCell_Box> Info. of cutoff energy and num. of grids
lattice vectors (bohr)
A  = 11.281295655248,  0.000000000000, -0.028203239138
B  =  0.000000000000, 11.281295655248,  0.000000000000
C  = -0.015204829790,  0.000000000000,  6.081931916162
reciprocal lattice vectors (bohr^-1)
RA =  0.556959481370, -0.000000000000,  0.001392398703
RB = -0.000000000000,  0.556956000374, -0.000000000000
RC =  0.002582742073, -0.000000000000,  1.033096829091
Required cutoff energy (Ryd) for 3D-grids = 200.0000
    Used cutoff energy (Ryd) for 3D-grids = 193.8786, 193.8750, 194.5146
Num. of grids of a-, b-, and c-axes = 50, 50, 27
Cell_Volume =    774.028233187484 (Bohr^3)
GridVol     =      0.011467084936 (Bohr^3)
Cell vectors (bohr) of the grid cell (gtv)
  gtv_a =  0.225625913105,  0.000000000000, -0.000564064783
  gtv_b =  0.000000000000,  0.225625913105,  0.000000000000
  gtv_c = -0.000563141844,  0.000000000000,  0.225256737636
  |gtv_a| =  0.225626618185
  |gtv_b| =  0.225625913105
  |gtv_c| =  0.225257441562
Num. of grids overlapping with atom    1 = 125064
Num. of grids overlapping with atom    2 = 125307
Num. of grids overlapping with atom    3 = 125088
Num. of grids overlapping with atom    4 = 125133

*******************************************************
             SCF calculation at MD =11                
*******************************************************

<MD=11>  Calculation of the overlap matrix
<MD=11>  Calculation of the nonlocal matrix
<MD=11>  Calculation of the VNA projector matrix

******************* MD=11  SCF= 1 *******************
<Restart>  Found restart files
<Poisson>  Poisson's equation using FFT...
<Band>  Solving the eigenvalue problem...
 KGrids1:  -0.45833  -0.37500  -0.29167  -0.20833  -0.12500  -0.04167   0.04167   0.12500   0.20833   0.29167   0.37500   0.45833 
 KGrids2:  -0.45833  -0.37500  -0.29167  -0.20833  -0.12500  -0.04167   0.04167   0.12500   0.20833   0.29167   0.37500   0.45833 
 KGrids3:  -0.47500  -0.42500  -0.37500  -0.32500  -0.27500  -0.22500  -0.17500  -0.12500  -0.07500  -0.02500   0.02500   0.07500   0.12500   0.17500   0.22500   0.27500   0.32500   0.37500   0.42500   0.47500 
<Band_DFT>  Eigen, time=0.645683
<Band_DFT>  DM, time=1.397222
    1   Sn  MulP   6.9999  6.9999 sum  13.9997
    2   Sn  MulP   7.0004  7.0004 sum  14.0008
    3   Sn  MulP   6.9999  6.9999 sum  13.9997
    4   Sn  MulP   6.9999  6.9999 sum  13.9997
 Sum of MulP: up   =    28.00000 down          =    28.00000
              total=    56.00000 ideal(neutral)=    56.00000
<DFT>  Total Spin Moment (muB) =  0.000000000000
<DFT>  Mixing_weight= 0.400000000000
<DFT>  Uele   =  -42.211589456858  dUele     =   1.000000000000
<DFT>  NormRD =    1.000000000000  Criterion =   0.000000100000

******************* MD=11  SCF= 2 *******************
<Poisson>  Poisson's equation using FFT...
<Set_Hamiltonian>  Hamiltonian matrix for VNA+dVH+Vxc...
<Band>  Solving the eigenvalue problem...
 KGrids1:  -0.45833  -0.37500  -0.29167  -0.20833  -0.12500  -0.04167   0.04167   0.12500   0.20833   0.29167   0.37500   0.45833 
 KGrids2:  -0.45833  -0.37500  -0.29167  -0.20833  -0.12500  -0.04167   0.04167   0.12500   0.20833   0.29167   0.37500   0.45833 
 KGrids3:  -0.47500  -0.42500  -0.37500  -0.32500  -0.27500  -0.22500  -0.17500  -0.12500  -0.07500  -0.02500   0.02500   0.07500   0.12500   0.17500   0.22500   0.27500   0.32500   0.37500   0.42500   0.47500 
<Band_DFT>  Eigen, time=0.521650
<Band_DFT>  DM, time=1.394461
    1   Sn  MulP   6.9999  6.9999 sum  13.9997
    2   Sn  MulP   7.0004  7.0004 sum  14.0008
    3   Sn  MulP   6.9999  6.9999 sum  13.9997
    4   Sn  MulP   6.9999  6.9999 sum  13.9997
 Sum of MulP: up   =    28.00000 down          =    28.00000
              total=    56.00000 ideal(neutral)=    56.00000
<DFT>  Total Spin Moment (muB) =  0.000000000000
<DFT>  Mixing_weight= 0.400000000000
<DFT>  Uele   =  -42.211593223842  dUele     =   0.000003766985
<DFT>  NormRD =    0.000025849180  Criterion =   0.000000100000

******************* MD=11  SCF= 3 *******************
<Poisson>  Poisson's equation using FFT...
<Set_Hamiltonian>  Hamiltonian matrix for VNA+dVH+Vxc...
<Band>  Solving the eigenvalue problem...
 KGrids1:  -0.45833  -0.37500  -0.29167  -0.20833  -0.12500  -0.04167   0.04167   0.12500   0.20833   0.29167   0.37500   0.45833 
 KGrids2:  -0.45833  -0.37500  -0.29167  -0.20833  -0.12500  -0.04167   0.04167   0.12500   0.20833   0.29167   0.37500   0.45833 
 KGrids3:  -0.47500  -0.42500  -0.37500  -0.32500  -0.27500  -0.22500  -0.17500  -0.12500  -0.07500  -0.02500   0.02500   0.07500   0.12500   0.17500   0.22500   0.27500   0.32500   0.37500   0.42500   0.47500 
<Band_DFT>  Eigen, time=0.521248
<Band_DFT>  DM, time=1.395912
    1   Sn  MulP   6.9999  6.9999 sum  13.9997
    2   Sn  MulP   7.0004  7.0004 sum  14.0008
    3   Sn  MulP   6.9999  6.9999 sum  13.9997
    4   Sn  MulP   6.9999  6.9999 sum  13.9997
 Sum of MulP: up   =    28.00000 down          =    28.00000
              total=    56.00000 ideal(neutral)=    56.00000
<DFT>  Total Spin Moment (muB) =  0.000000000000
<DFT>  Mixing_weight= 0.040000000000
<DFT>  Uele   =  -42.211595551406  dUele     =   0.000002327564
<DFT>  NormRD =    0.000016677036  Criterion =   0.000000100000

******************* MD=11  SCF= 4 *******************
<Poisson>  Poisson's equation using FFT...
<Set_Hamiltonian>  Hamiltonian matrix for VNA+dVH+Vxc...
<Band>  Solving the eigenvalue problem...
 KGrids1:  -0.45833  -0.37500  -0.29167  -0.20833  -0.12500  -0.04167   0.04167   0.12500   0.20833   0.29167   0.37500   0.45833 
 KGrids2:  -0.45833  -0.37500  -0.29167  -0.20833  -0.12500  -0.04167   0.04167   0.12500   0.20833   0.29167   0.37500   0.45833 
 KGrids3:  -0.47500  -0.42500  -0.37500  -0.32500  -0.27500  -0.22500  -0.17500  -0.12500  -0.07500  -0.02500   0.02500   0.07500   0.12500   0.17500   0.22500   0.27500   0.32500   0.37500   0.42500   0.47500 
<Band_DFT>  Eigen, time=0.514284
<Band_DFT>  DM, time=1.386872
    1   Sn  MulP   6.9999  6.9999 sum  13.9997
    2   Sn  MulP   7.0004  7.0004 sum  14.0008
    3   Sn  MulP   6.9999  6.9999 sum  13.9997
    4   Sn  MulP   6.9999  6.9999 sum  13.9997
 Sum of MulP: up   =    28.00000 down          =    28.00000
              total=    56.00000 ideal(neutral)=    56.00000
<DFT>  Total Spin Moment (muB) =  0.000000000000
<DFT>  Mixing_weight= 0.040000000000
<DFT>  Uele   =  -42.211599705640  dUele     =   0.000004154233
<DFT>  NormRD =    0.000001169466  Criterion =   0.000000100000

******************* MD=11  SCF= 5 *******************
<Poisson>  Poisson's equation using FFT...
<Set_Hamiltonian>  Hamiltonian matrix for VNA+dVH+Vxc...
<Band>  Solving the eigenvalue problem...
 KGrids1:  -0.45833  -0.37500  -0.29167  -0.20833  -0.12500  -0.04167   0.04167   0.12500   0.20833   0.29167   0.37500   0.45833 
 KGrids2:  -0.45833  -0.37500  -0.29167  -0.20833  -0.12500  -0.04167   0.04167   0.12500   0.20833   0.29167   0.37500   0.45833 
 KGrids3:  -0.47500  -0.42500  -0.37500  -0.32500  -0.27500  -0.22500  -0.17500  -0.12500  -0.07500  -0.02500   0.02500   0.07500   0.12500   0.17500   0.22500   0.27500   0.32500   0.37500   0.42500   0.47500 
<Band_DFT>  Eigen, time=0.649700
<Band_DFT>  DM, time=1.389541
    1   Sn  MulP   6.9999  6.9999 sum  13.9997
    2   Sn  MulP   7.0004  7.0004 sum  14.0008
    3   Sn  MulP   6.9999  6.9999 sum  13.9997
    4   Sn  MulP   6.9999  6.9999 sum  13.9997
 Sum of MulP: up   =    28.00000 down          =    28.00000
              total=    56.00000 ideal(neutral)=    56.00000
<DFT>  Total Spin Moment (muB) =  0.000000000000
<DFT>  Mixing_weight= 0.040000000000
<DFT>  Uele   =  -42.211599292992  dUele     =   0.000000412647
<DFT>  NormRD =    0.000001055759  Criterion =   0.000000100000

******************* MD=11  SCF= 6 *******************
<Poisson>  Poisson's equation using FFT...
<Set_Hamiltonian>  Hamiltonian matrix for VNA+dVH+Vxc...
<Band>  Solving the eigenvalue problem...
 KGrids1:  -0.45833  -0.37500  -0.29167  -0.20833  -0.12500  -0.04167   0.04167   0.12500   0.20833   0.29167   0.37500   0.45833 
 KGrids2:  -0.45833  -0.37500  -0.29167  -0.20833  -0.12500  -0.04167   0.04167   0.12500   0.20833   0.29167   0.37500   0.45833 
 KGrids3:  -0.47500  -0.42500  -0.37500  -0.32500  -0.27500  -0.22500  -0.17500  -0.12500  -0.07500  -0.02500   0.02500   0.07500   0.12500   0.17500   0.22500   0.27500   0.32500   0.37500   0.42500   0.47500 
<Band_DFT>  Eigen, time=0.599718
<Band_DFT>  DM, time=2.031202
    1   Sn  MulP   6.9999  6.9999 sum  13.9997
    2   Sn  MulP   7.0004  7.0004 sum  14.0008
    3   Sn  MulP   6.9999  6.9999 sum  13.9997
    4   Sn  MulP   6.9999  6.9999 sum  13.9997
 Sum of MulP: up   =    28.00000 down          =    28.00000
              total=    56.00000 ideal(neutral)=    56.00000
<DFT>  Total Spin Moment (muB) =  0.000000000000
<DFT>  Mixing_weight= 0.040000000000
<DFT>  Uele   =  -42.211599309074  dUele     =   0.000000016082
<DFT>  NormRD =    0.000000567880  Criterion =   0.000000100000
<MD=11>  Force calculation
  Force calculation #1
  Force calculation #2
  Force calculation #3
  Force calculation #4
  Force calculation #5
  Stress calculation #1
  Stress calculation #2
  Stress calculation #3
  Stress calculation #4
  Stress calculation #5
<MD=11>  Total Energy
  Force calculation #6
  Force calculation #7

*******************************************************
                  Dipole moment (Debye)                 
*******************************************************

 Absolute D      520.53124082

                      Dx                Dy                Dz
 Total           -362.34133468     -362.13880085      -92.28769565
 Core             400.57834669      401.43893371      323.53715258
 Electron        -762.91968137     -763.57773456     -415.82484823
 Back ground       -0.00000000       -0.00000000       -0.00000000

*******************************************************
               Stress tensor (Hartree/bohr^3)            
*******************************************************

      -0.00000140        0.00000000       -0.00000298 
       0.00000000       -0.00000034       -0.00000000 
      -0.00000298       -0.00000000        0.00000093 

*******************************************************
                Total Energy (Hartree) at MD =11        
*******************************************************

  Uele  =     -42.211599309074

  Ukin  =     203.438600989192
  UH0   =   -2703.962510169637
  UH1   =       0.004898132680
  Una   =    -149.421004946567
  Unl   =     -47.913263865209
  Uxc0  =     -25.237145531394
  Uxc1  =     -25.237145531394
  Ucore =    2464.170250919175
  Uhub  =       0.000000000000
  Ucs   =       0.000000000000
  Uzs   =       0.000000000000
  Uzo   =       0.000000000000
  Uef   =       0.000000000000
  UvdW  =       0.000000000000
  Uch   =       0.000000000000
  Utot  =    -284.157320003155

  UpV   =       0.000000000000
  Enpy  =    -284.157320003155
  Note:

  Uele:   band energy
  Ukin:   kinetic energy
  UH0:    electric part of screened Coulomb energy
  UH1:    difference electron-electron Coulomb energy
  Una:    neutral atom potential energy
  Unl:    non-local potential energy
  Uxc0:   exchange-correlation energy for alpha spin
  Uxc1:   exchange-correlation energy for beta spin
  Ucore:  core-core Coulomb energy
  Uhub:   LDA+U energy
  Ucs:    constraint energy for spin orientation
  Uzs:    Zeeman term for spin magnetic moment
  Uzo:    Zeeman term for orbital magnetic moment
  Uef:    electric energy by electric field
  UvdW:   semi-empirical vdW energy 
  Uch:    penalty term to create a core hole
  UpV:    pressure times volume
  Enpy:   Enthalpy = Utot + UpV
  (see also PRB 72, 045121(2005) for the energy contributions)


*******************************************************
           Computational times (s) at MD =11            
*******************************************************

  DFT in total      =   24.44424

  Set_OLP_Kin       =    0.70034
  Set_Nonlocal      =    1.46501
  Set_ProExpn_VNA   =    2.91009
  Set_Hamiltonian   =    1.49167
  Poisson           =    0.00110
  diagonalization   =   12.81187
  Mixing_DM         =    0.00436
  Force             =    2.21813
  Total_Energy      =    0.41220
  Set_Aden_Grid     =    0.00714
  Set_Orbitals_Grid =    0.10003
  Set_Density_Grid  =    0.56421
  RestartFileDFT    =    0.00293
  Mulliken_Charge   =    0.00103
  FFT(2D)_Density   =    0.00163

The SCF was achieved at MD=  11

*******************************************************
             MD or geometry opt. at MD =11              
*******************************************************

<BFGS>  |Maximum force| (Hartree/Bohr) = 0.000370346704
<BFGS>  Criterion       (Hartree/Bohr) = 0.000100000000

     atom=   1, XYZ(ang) Fxyz(a.u.)=   0.0004    0.0000   -0.0001     0.0002    0.0000   -0.0000
     atom=   2, XYZ(ang) Fxyz(a.u.)=   2.9820    2.9849    1.5987     0.0001    0.0000    0.0002
     atom=   3, XYZ(ang) Fxyz(a.u.)=  -0.0052    2.9849    0.8303     0.0001    0.0000   -0.0003
     atom=   4, XYZ(ang) Fxyz(a.u.)=   2.9779   -0.0000    2.3813     0.0001    0.0000    0.0004

*******************************************************
        Analysis of neighbors and setting of grids        
*******************************************************


*******************************************************
  Allocation of atoms to processors at MD_iter=   12     
*******************************************************

 proc =   0  # of atoms=   1  estimated weight=         1.00000
 proc =   1  # of atoms=   1  estimated weight=         1.00000
 proc =   2  # of atoms=   1  estimated weight=         1.00000
 proc =   3  # of atoms=   1  estimated weight=         1.00000
 proc =   4  # of atoms=   0  estimated weight=         0.00000
 proc =   5  # of atoms=   0  estimated weight=         0.00000
 proc =   6  # of atoms=   0  estimated weight=         0.00000
 proc =   7  # of atoms=   0  estimated weight=         0.00000
 proc =   8  # of atoms=   0  estimated weight=         0.00000
 proc =   9  # of atoms=   0  estimated weight=         0.00000
 proc =  10  # of atoms=   0  estimated weight=         0.00000
 proc =  11  # of atoms=   0  estimated weight=         0.00000
 proc =  12  # of atoms=   0  estimated weight=         0.00000
 proc =  13  # of atoms=   0  estimated weight=         0.00000
 proc =  14  # of atoms=   0  estimated weight=         0.00000
 proc =  15  # of atoms=   0  estimated weight=         0.00000



TFNAN=     256   Average FNAN=  64.00000
TSNAN=       0   Average SNAN=   0.00000
<truncation> CpyCell= 3 ct_AN=   1 FNAN SNAN  64   0
<truncation> CpyCell= 3 ct_AN=   2 FNAN SNAN  64   0
<truncation> CpyCell= 3 ct_AN=   3 FNAN SNAN  64   0
<truncation> CpyCell= 3 ct_AN=   4 FNAN SNAN  64   0
<UCell_Box> Info. of cutoff energy and num. of grids
lattice vectors (bohr)
A  = 11.281295655248,  0.000000000000, -0.028203239138
B  =  0.000000000000, 11.281295655248,  0.000000000000
C  = -0.015204829790,  0.000000000000,  6.081931916162
reciprocal lattice vectors (bohr^-1)
RA =  0.556959481370, -0.000000000000,  0.001392398703
RB = -0.000000000000,  0.556956000374, -0.000000000000
RC =  0.002582742073, -0.000000000000,  1.033096829091
Required cutoff energy (Ryd) for 3D-grids = 200.0000
    Used cutoff energy (Ryd) for 3D-grids = 193.8786, 193.8750, 194.5146
Num. of grids of a-, b-, and c-axes = 50, 50, 27
Cell_Volume =    774.028233187484 (Bohr^3)
GridVol     =      0.011467084936 (Bohr^3)
Cell vectors (bohr) of the grid cell (gtv)
  gtv_a =  0.225625913105,  0.000000000000, -0.000564064783
  gtv_b =  0.000000000000,  0.225625913105,  0.000000000000
  gtv_c = -0.000563141844,  0.000000000000,  0.225256737636
  |gtv_a| =  0.225626618185
  |gtv_b| =  0.225625913105
  |gtv_c| =  0.225257441562
Num. of grids overlapping with atom    1 = 125066
Num. of grids overlapping with atom    2 = 125307
Num. of grids overlapping with atom    3 = 125082
Num. of grids overlapping with atom    4 = 125112

*******************************************************
             SCF calculation at MD =12                
*******************************************************

<MD=12>  Calculation of the overlap matrix
<MD=12>  Calculation of the nonlocal matrix
<MD=12>  Calculation of the VNA projector matrix

******************* MD=12  SCF= 1 *******************
<Restart>  Found restart files
<Poisson>  Poisson's equation using FFT...
<Band>  Solving the eigenvalue problem...
 KGrids1:  -0.45833  -0.37500  -0.29167  -0.20833  -0.12500  -0.04167   0.04167   0.12500   0.20833   0.29167   0.37500   0.45833 
 KGrids2:  -0.45833  -0.37500  -0.29167  -0.20833  -0.12500  -0.04167   0.04167   0.12500   0.20833   0.29167   0.37500   0.45833 
 KGrids3:  -0.47500  -0.42500  -0.37500  -0.32500  -0.27500  -0.22500  -0.17500  -0.12500  -0.07500  -0.02500   0.02500   0.07500   0.12500   0.17500   0.22500   0.27500   0.32500   0.37500   0.42500   0.47500 
<Band_DFT>  Eigen, time=0.792522
<Band_DFT>  DM, time=1.863029
    1   Sn  MulP   6.9997  6.9997 sum  13.9995
    2   Sn  MulP   7.0006  7.0006 sum  14.0012
    3   Sn  MulP   6.9998  6.9998 sum  13.9997
    4   Sn  MulP   6.9998  6.9998 sum  13.9996
 Sum of MulP: up   =    28.00000 down          =    28.00000
              total=    56.00000 ideal(neutral)=    56.00000
<DFT>  Total Spin Moment (muB) =  0.000000000000
<DFT>  Mixing_weight= 0.400000000000
<DFT>  Uele   =  -42.211594142995  dUele     =   1.000000000000
<DFT>  NormRD =    1.000000000000  Criterion =   0.000000100000

******************* MD=12  SCF= 2 *******************
<Poisson>  Poisson's equation using FFT...
<Set_Hamiltonian>  Hamiltonian matrix for VNA+dVH+Vxc...
<Band>  Solving the eigenvalue problem...
 KGrids1:  -0.45833  -0.37500  -0.29167  -0.20833  -0.12500  -0.04167   0.04167   0.12500   0.20833   0.29167   0.37500   0.45833 
 KGrids2:  -0.45833  -0.37500  -0.29167  -0.20833  -0.12500  -0.04167   0.04167   0.12500   0.20833   0.29167   0.37500   0.45833 
 KGrids3:  -0.47500  -0.42500  -0.37500  -0.32500  -0.27500  -0.22500  -0.17500  -0.12500  -0.07500  -0.02500   0.02500   0.07500   0.12500   0.17500   0.22500   0.27500   0.32500   0.37500   0.42500   0.47500 
<Band_DFT>  Eigen, time=0.747468
<Band_DFT>  DM, time=1.912835
    1   Sn  MulP   6.9998  6.9998 sum  13.9996
    2   Sn  MulP   7.0005  7.0005 sum  14.0011
    3   Sn  MulP   6.9998  6.9998 sum  13.9997
    4   Sn  MulP   6.9998  6.9998 sum  13.9996
 Sum of MulP: up   =    28.00000 down          =    28.00000
              total=    56.00000 ideal(neutral)=    56.00000
<DFT>  Total Spin Moment (muB) =  0.000000000000
<DFT>  Mixing_weight= 0.400000000000
<DFT>  Uele   =  -42.211585988416  dUele     =   0.000008154579
<DFT>  NormRD =    0.001473646614  Criterion =   0.000000100000

******************* MD=12  SCF= 3 *******************
<Poisson>  Poisson's equation using FFT...
<Set_Hamiltonian>  Hamiltonian matrix for VNA+dVH+Vxc...
<Band>  Solving the eigenvalue problem...
 KGrids1:  -0.45833  -0.37500  -0.29167  -0.20833  -0.12500  -0.04167   0.04167   0.12500   0.20833   0.29167   0.37500   0.45833 
 KGrids2:  -0.45833  -0.37500  -0.29167  -0.20833  -0.12500  -0.04167   0.04167   0.12500   0.20833   0.29167   0.37500   0.45833 
 KGrids3:  -0.47500  -0.42500  -0.37500  -0.32500  -0.27500  -0.22500  -0.17500  -0.12500  -0.07500  -0.02500   0.02500   0.07500   0.12500   0.17500   0.22500   0.27500   0.32500   0.37500   0.42500   0.47500 
<Band_DFT>  Eigen, time=0.747509
<Band_DFT>  DM, time=1.661634
    1   Sn  MulP   6.9998  6.9998 sum  13.9996
    2   Sn  MulP   7.0005  7.0005 sum  14.0010
    3   Sn  MulP   6.9998  6.9998 sum  13.9997
    4   Sn  MulP   6.9998  6.9998 sum  13.9996
 Sum of MulP: up   =    28.00000 down          =    28.00000
              total=    56.00000 ideal(neutral)=    56.00000
<DFT>  Total Spin Moment (muB) =  0.000000000000
<DFT>  Mixing_weight= 0.040000000000
<DFT>  Uele   =  -42.211581658081  dUele     =   0.000004330336
<DFT>  NormRD =    0.000993743217  Criterion =   0.000000100000

******************* MD=12  SCF= 4 *******************
<Poisson>  Poisson's equation using FFT...
<Set_Hamiltonian>  Hamiltonian matrix for VNA+dVH+Vxc...
<Band>  Solving the eigenvalue problem...
 KGrids1:  -0.45833  -0.37500  -0.29167  -0.20833  -0.12500  -0.04167   0.04167   0.12500   0.20833   0.29167   0.37500   0.45833 
 KGrids2:  -0.45833  -0.37500  -0.29167  -0.20833  -0.12500  -0.04167   0.04167   0.12500   0.20833   0.29167   0.37500   0.45833 
 KGrids3:  -0.47500  -0.42500  -0.37500  -0.32500  -0.27500  -0.22500  -0.17500  -0.12500  -0.07500  -0.02500   0.02500   0.07500   0.12500   0.17500   0.22500   0.27500   0.32500   0.37500   0.42500   0.47500 
<Band_DFT>  Eigen, time=0.787170
<Band_DFT>  DM, time=1.233947
    1   Sn  MulP   6.9998  6.9998 sum  13.9997
    2   Sn  MulP   7.0005  7.0005 sum  14.0010
    3   Sn  MulP   6.9998  6.9998 sum  13.9997
    4   Sn  MulP   6.9998  6.9998 sum  13.9997
 Sum of MulP: up   =    28.00000 down          =    28.00000
              total=    56.00000 ideal(neutral)=    56.00000
<DFT>  Total Spin Moment (muB) =  0.000000000000
<DFT>  Mixing_weight= 0.040000000000
<DFT>  Uele   =  -42.211581691668  dUele     =   0.000000033587
<DFT>  NormRD =    0.000092162377  Criterion =   0.000000100000
<MD=12>  Force calculation
  Force calculation #1
  Force calculation #2
  Force calculation #3
  Force calculation #4
  Force calculation #5
  Stress calculation #1
  Stress calculation #2
  Stress calculation #3
  Stress calculation #4
  Stress calculation #5
<MD=12>  Total Energy
  Force calculation #6
  Force calculation #7

*******************************************************
                  Dipole moment (Debye)                 
*******************************************************

 Absolute D      520.85830193

                      Dx                Dy                Dz
 Total           -362.80242014     -362.13892444      -92.32103786
 Core             400.45034765      401.43891411      323.46645388
 Electron        -763.25276779     -763.57783856     -415.78749174
 Back ground       -0.00000000       -0.00000000       -0.00000000

*******************************************************
               Stress tensor (Hartree/bohr^3)            
*******************************************************

      -0.00000193        0.00000000       -0.00000317 
       0.00000000       -0.00000074        0.00000000 
      -0.00000317        0.00000000        0.00000017 

*******************************************************
                Total Energy (Hartree) at MD =12        
*******************************************************

  Uele  =     -42.211581691668

  Ukin  =     203.438737020134
  UH0   =   -2703.959633006505
  UH1   =       0.004897873886
  Una   =    -149.421070807154
  Unl   =     -47.913323870818
  Uxc0  =     -25.237152124105
  Uxc1  =     -25.237152124105
  Ucore =    2464.167377476645
  Uhub  =       0.000000000000
  Ucs   =       0.000000000000
  Uzs   =       0.000000000000
  Uzo   =       0.000000000000
  Uef   =       0.000000000000
  UvdW  =       0.000000000000
  Uch   =       0.000000000000
  Utot  =    -284.157319562022

  UpV   =       0.000000000000
  Enpy  =    -284.157319562022
  Note:

  Uele:   band energy
  Ukin:   kinetic energy
  UH0:    electric part of screened Coulomb energy
  UH1:    difference electron-electron Coulomb energy
  Una:    neutral atom potential energy
  Unl:    non-local potential energy
  Uxc0:   exchange-correlation energy for alpha spin
  Uxc1:   exchange-correlation energy for beta spin
  Ucore:  core-core Coulomb energy
  Uhub:   LDA+U energy
  Ucs:    constraint energy for spin orientation
  Uzs:    Zeeman term for spin magnetic moment
  Uzo:    Zeeman term for orbital magnetic moment
  Uef:    electric energy by electric field
  UvdW:   semi-empirical vdW energy 
  Uch:    penalty term to create a core hole
  UpV:    pressure times volume
  Enpy:   Enthalpy = Utot + UpV
  (see also PRB 72, 045121(2005) for the energy contributions)


*******************************************************
           Computational times (s) at MD =12            
*******************************************************

  DFT in total      =   20.36125

  Set_OLP_Kin       =    0.69442
  Set_Nonlocal      =    1.46257
  Set_ProExpn_VNA   =    2.51165
  Set_Hamiltonian   =    0.84966
  Poisson           =    0.00091
  diagonalization   =    9.99210
  Mixing_DM         =    0.00298
  Force             =    2.17845
  Total_Energy      =    0.42187
  Set_Aden_Grid     =    0.00751
  Set_Orbitals_Grid =    0.12688
  Set_Density_Grid  =    0.34723
  RestartFileDFT    =    0.00280
  Mulliken_Charge   =    0.00075
  FFT(2D)_Density   =    0.00133

The SCF was achieved at MD=  12

*******************************************************
             MD or geometry opt. at MD =12              
*******************************************************

<BFGS>  |Maximum force| (Hartree/Bohr) = 0.000621516486
<BFGS>  Criterion       (Hartree/Bohr) = 0.000100000000

     atom=   1, XYZ(ang) Fxyz(a.u.)=   0.0007    0.0000   -0.0001    -0.0000   -0.0000    0.0000
     atom=   2, XYZ(ang) Fxyz(a.u.)=   2.9822    2.9849    1.5992    -0.0000    0.0000    0.0001
     atom=   3, XYZ(ang) Fxyz(a.u.)=  -0.0048    2.9849    0.8279     0.0001   -0.0000    0.0006
     atom=   4, XYZ(ang) Fxyz(a.u.)=   2.9779   -0.0000    2.3838     0.0002   -0.0000   -0.0003

*******************************************************
        Analysis of neighbors and setting of grids        
*******************************************************


*******************************************************
  Allocation of atoms to processors at MD_iter=   13     
*******************************************************

 proc =   0  # of atoms=   1  estimated weight=         1.00000
 proc =   1  # of atoms=   1  estimated weight=         1.00000
 proc =   2  # of atoms=   1  estimated weight=         1.00000
 proc =   3  # of atoms=   1  estimated weight=         1.00000
 proc =   4  # of atoms=   0  estimated weight=         0.00000
 proc =   5  # of atoms=   0  estimated weight=         0.00000
 proc =   6  # of atoms=   0  estimated weight=         0.00000
 proc =   7  # of atoms=   0  estimated weight=         0.00000
 proc =   8  # of atoms=   0  estimated weight=         0.00000
 proc =   9  # of atoms=   0  estimated weight=         0.00000
 proc =  10  # of atoms=   0  estimated weight=         0.00000
 proc =  11  # of atoms=   0  estimated weight=         0.00000
 proc =  12  # of atoms=   0  estimated weight=         0.00000
 proc =  13  # of atoms=   0  estimated weight=         0.00000
 proc =  14  # of atoms=   0  estimated weight=         0.00000
 proc =  15  # of atoms=   0  estimated weight=         0.00000



TFNAN=     256   Average FNAN=  64.00000
TSNAN=       0   Average SNAN=   0.00000
<truncation> CpyCell= 3 ct_AN=   1 FNAN SNAN  64   0
<truncation> CpyCell= 3 ct_AN=   2 FNAN SNAN  64   0
<truncation> CpyCell= 3 ct_AN=   3 FNAN SNAN  64   0
<truncation> CpyCell= 3 ct_AN=   4 FNAN SNAN  64   0
<UCell_Box> Info. of cutoff energy and num. of grids
lattice vectors (bohr)
A  = 11.281295655248,  0.000000000000, -0.028203239138
B  =  0.000000000000, 11.281295655248,  0.000000000000
C  = -0.015204829790,  0.000000000000,  6.081931916162
reciprocal lattice vectors (bohr^-1)
RA =  0.556959481370, -0.000000000000,  0.001392398703
RB = -0.000000000000,  0.556956000374, -0.000000000000
RC =  0.002582742073, -0.000000000000,  1.033096829091
Required cutoff energy (Ryd) for 3D-grids = 200.0000
    Used cutoff energy (Ryd) for 3D-grids = 193.8786, 193.8750, 194.5146
Num. of grids of a-, b-, and c-axes = 50, 50, 27
Cell_Volume =    774.028233187484 (Bohr^3)
GridVol     =      0.011467084936 (Bohr^3)
Cell vectors (bohr) of the grid cell (gtv)
  gtv_a =  0.225625913105,  0.000000000000, -0.000564064783
  gtv_b =  0.000000000000,  0.225625913105,  0.000000000000
  gtv_c = -0.000563141844,  0.000000000000,  0.225256737636
  |gtv_a| =  0.225626618185
  |gtv_b| =  0.225625913105
  |gtv_c| =  0.225257441562
Num. of grids overlapping with atom    1 = 125072
Num. of grids overlapping with atom    2 = 125301
Num. of grids overlapping with atom    3 = 125085
Num. of grids overlapping with atom    4 = 125121

*******************************************************
             SCF calculation at MD =13                
*******************************************************

<MD=13>  Calculation of the overlap matrix
<MD=13>  Calculation of the nonlocal matrix
<MD=13>  Calculation of the VNA projector matrix

******************* MD=13  SCF= 1 *******************
<Restart>  Found restart files
<Poisson>  Poisson's equation using FFT...
<Band>  Solving the eigenvalue problem...
 KGrids1:  -0.45833  -0.37500  -0.29167  -0.20833  -0.12500  -0.04167   0.04167   0.12500   0.20833   0.29167   0.37500   0.45833 
 KGrids2:  -0.45833  -0.37500  -0.29167  -0.20833  -0.12500  -0.04167   0.04167   0.12500   0.20833   0.29167   0.37500   0.45833 
 KGrids3:  -0.47500  -0.42500  -0.37500  -0.32500  -0.27500  -0.22500  -0.17500  -0.12500  -0.07500  -0.02500   0.02500   0.07500   0.12500   0.17500   0.22500   0.27500   0.32500   0.37500   0.42500   0.47500 
<Band_DFT>  Eigen, time=0.742618
<Band_DFT>  DM, time=2.042153
    1   Sn  MulP   6.9999  6.9999 sum  13.9997
    2   Sn  MulP   7.0004  7.0004 sum  14.0009
    3   Sn  MulP   6.9999  6.9999 sum  13.9997
    4   Sn  MulP   6.9998  6.9998 sum  13.9997
 Sum of MulP: up   =    28.00000 down          =    28.00000
              total=    56.00000 ideal(neutral)=    56.00000
<DFT>  Total Spin Moment (muB) =  0.000000000000
<DFT>  Mixing_weight= 0.400000000000
<DFT>  Uele   =  -42.211599532717  dUele     =   1.000000000000
<DFT>  NormRD =    1.000000000000  Criterion =   0.000000100000

******************* MD=13  SCF= 2 *******************
<Poisson>  Poisson's equation using FFT...
<Set_Hamiltonian>  Hamiltonian matrix for VNA+dVH+Vxc...
<Band>  Solving the eigenvalue problem...
 KGrids1:  -0.45833  -0.37500  -0.29167  -0.20833  -0.12500  -0.04167   0.04167   0.12500   0.20833   0.29167   0.37500   0.45833 
 KGrids2:  -0.45833  -0.37500  -0.29167  -0.20833  -0.12500  -0.04167   0.04167   0.12500   0.20833   0.29167   0.37500   0.45833 
 KGrids3:  -0.47500  -0.42500  -0.37500  -0.32500  -0.27500  -0.22500  -0.17500  -0.12500  -0.07500  -0.02500   0.02500   0.07500   0.12500   0.17500   0.22500   0.27500   0.32500   0.37500   0.42500   0.47500 
<Band_DFT>  Eigen, time=0.751261
<Band_DFT>  DM, time=2.045876
    1   Sn  MulP   6.9999  6.9999 sum  13.9997
    2   Sn  MulP   7.0004  7.0004 sum  14.0009
    3   Sn  MulP   6.9998  6.9998 sum  13.9997
    4   Sn  MulP   6.9998  6.9998 sum  13.9997
 Sum of MulP: up   =    28.00000 down          =    28.00000
              total=    56.00000 ideal(neutral)=    56.00000
<DFT>  Total Spin Moment (muB) =  0.000000000000
<DFT>  Mixing_weight= 0.400000000000
<DFT>  Uele   =  -42.211594900341  dUele     =   0.000004632376
<DFT>  NormRD =    0.000049981659  Criterion =   0.000000100000

******************* MD=13  SCF= 3 *******************
<Poisson>  Poisson's equation using FFT...
<Set_Hamiltonian>  Hamiltonian matrix for VNA+dVH+Vxc...
<Band>  Solving the eigenvalue problem...
 KGrids1:  -0.45833  -0.37500  -0.29167  -0.20833  -0.12500  -0.04167   0.04167   0.12500   0.20833   0.29167   0.37500   0.45833 
 KGrids2:  -0.45833  -0.37500  -0.29167  -0.20833  -0.12500  -0.04167   0.04167   0.12500   0.20833   0.29167   0.37500   0.45833 
 KGrids3:  -0.47500  -0.42500  -0.37500  -0.32500  -0.27500  -0.22500  -0.17500  -0.12500  -0.07500  -0.02500   0.02500   0.07500   0.12500   0.17500   0.22500   0.27500   0.32500   0.37500   0.42500   0.47500 
<Band_DFT>  Eigen, time=0.741566
<Band_DFT>  DM, time=1.932016
    1   Sn  MulP   6.9999  6.9999 sum  13.9997
    2   Sn  MulP   7.0004  7.0004 sum  14.0009
    3   Sn  MulP   6.9998  6.9998 sum  13.9997
    4   Sn  MulP   6.9998  6.9998 sum  13.9997
 Sum of MulP: up   =    28.00000 down          =    28.00000
              total=    56.00000 ideal(neutral)=    56.00000
<DFT>  Total Spin Moment (muB) =  0.000000000000
<DFT>  Mixing_weight= 0.040000000000
<DFT>  Uele   =  -42.211592039455  dUele     =   0.000002860886
<DFT>  NormRD =    0.000033317668  Criterion =   0.000000100000

******************* MD=13  SCF= 4 *******************
<Poisson>  Poisson's equation using FFT...
<Set_Hamiltonian>  Hamiltonian matrix for VNA+dVH+Vxc...
<Band>  Solving the eigenvalue problem...
 KGrids1:  -0.45833  -0.37500  -0.29167  -0.20833  -0.12500  -0.04167   0.04167   0.12500   0.20833   0.29167   0.37500   0.45833 
 KGrids2:  -0.45833  -0.37500  -0.29167  -0.20833  -0.12500  -0.04167   0.04167   0.12500   0.20833   0.29167   0.37500   0.45833 
 KGrids3:  -0.47500  -0.42500  -0.37500  -0.32500  -0.27500  -0.22500  -0.17500  -0.12500  -0.07500  -0.02500   0.02500   0.07500   0.12500   0.17500   0.22500   0.27500   0.32500   0.37500   0.42500   0.47500 
<Band_DFT>  Eigen, time=0.746916
<Band_DFT>  DM, time=2.017354
    1   Sn  MulP   6.9999  6.9999 sum  13.9997
    2   Sn  MulP   7.0004  7.0004 sum  14.0009
    3   Sn  MulP   6.9998  6.9998 sum  13.9997
    4   Sn  MulP   6.9998  6.9998 sum  13.9997
 Sum of MulP: up   =    28.00000 down          =    28.00000
              total=    56.00000 ideal(neutral)=    56.00000
<DFT>  Total Spin Moment (muB) =  0.000000000000
<DFT>  Mixing_weight= 0.040000000000
<DFT>  Uele   =  -42.211586741527  dUele     =   0.000005297928
<DFT>  NormRD =    0.000007099906  Criterion =   0.000000100000

******************* MD=13  SCF= 5 *******************
<Poisson>  Poisson's equation using FFT...
<Set_Hamiltonian>  Hamiltonian matrix for VNA+dVH+Vxc...
<Band>  Solving the eigenvalue problem...
 KGrids1:  -0.45833  -0.37500  -0.29167  -0.20833  -0.12500  -0.04167   0.04167   0.12500   0.20833   0.29167   0.37500   0.45833 
 KGrids2:  -0.45833  -0.37500  -0.29167  -0.20833  -0.12500  -0.04167   0.04167   0.12500   0.20833   0.29167   0.37500   0.45833 
 KGrids3:  -0.47500  -0.42500  -0.37500  -0.32500  -0.27500  -0.22500  -0.17500  -0.12500  -0.07500  -0.02500   0.02500   0.07500   0.12500   0.17500   0.22500   0.27500   0.32500   0.37500   0.42500   0.47500 
<Band_DFT>  Eigen, time=0.742941
<Band_DFT>  DM, time=2.033002
    1   Sn  MulP   6.9999  6.9999 sum  13.9997
    2   Sn  MulP   7.0004  7.0004 sum  14.0009
    3   Sn  MulP   6.9998  6.9998 sum  13.9997
    4   Sn  MulP   6.9998  6.9998 sum  13.9997
 Sum of MulP: up   =    28.00000 down          =    28.00000
              total=    56.00000 ideal(neutral)=    56.00000
<DFT>  Total Spin Moment (muB) =  0.000000000000
<DFT>  Mixing_weight= 0.040000000000
<DFT>  Uele   =  -42.211587023934  dUele     =   0.000000282407
<DFT>  NormRD =    0.000006609071  Criterion =   0.000000100000

******************* MD=13  SCF= 6 *******************
<Poisson>  Poisson's equation using FFT...
<Set_Hamiltonian>  Hamiltonian matrix for VNA+dVH+Vxc...
<Band>  Solving the eigenvalue problem...
 KGrids1:  -0.45833  -0.37500  -0.29167  -0.20833  -0.12500  -0.04167   0.04167   0.12500   0.20833   0.29167   0.37500   0.45833 
 KGrids2:  -0.45833  -0.37500  -0.29167  -0.20833  -0.12500  -0.04167   0.04167   0.12500   0.20833   0.29167   0.37500   0.45833 
 KGrids3:  -0.47500  -0.42500  -0.37500  -0.32500  -0.27500  -0.22500  -0.17500  -0.12500  -0.07500  -0.02500   0.02500   0.07500   0.12500   0.17500   0.22500   0.27500   0.32500   0.37500   0.42500   0.47500 
<Band_DFT>  Eigen, time=0.743872
<Band_DFT>  DM, time=2.035625
    1   Sn  MulP   6.9999  6.9999 sum  13.9997
    2   Sn  MulP   7.0004  7.0004 sum  14.0009
    3   Sn  MulP   6.9998  6.9998 sum  13.9997
    4   Sn  MulP   6.9998  6.9998 sum  13.9997
 Sum of MulP: up   =    28.00000 down          =    28.00000
              total=    56.00000 ideal(neutral)=    56.00000
<DFT>  Total Spin Moment (muB) =  0.000000000000
<DFT>  Mixing_weight= 0.040000000000
<DFT>  Uele   =  -42.211587142786  dUele     =   0.000000118852
<DFT>  NormRD =    0.000001063446  Criterion =   0.000000100000

******************* MD=13  SCF= 7 *******************
<Poisson>  Poisson's equation using FFT...
<Set_Hamiltonian>  Hamiltonian matrix for VNA+dVH+Vxc...
<Band>  Solving the eigenvalue problem...
 KGrids1:  -0.45833  -0.37500  -0.29167  -0.20833  -0.12500  -0.04167   0.04167   0.12500   0.20833   0.29167   0.37500   0.45833 
 KGrids2:  -0.45833  -0.37500  -0.29167  -0.20833  -0.12500  -0.04167   0.04167   0.12500   0.20833   0.29167   0.37500   0.45833 
 KGrids3:  -0.47500  -0.42500  -0.37500  -0.32500  -0.27500  -0.22500  -0.17500  -0.12500  -0.07500  -0.02500   0.02500   0.07500   0.12500   0.17500   0.22500   0.27500   0.32500   0.37500   0.42500   0.47500 
<Band_DFT>  Eigen, time=0.744657
<Band_DFT>  DM, time=2.034984
    1   Sn  MulP   6.9999  6.9999 sum  13.9997
    2   Sn  MulP   7.0004  7.0004 sum  14.0009
    3   Sn  MulP   6.9998  6.9998 sum  13.9997
    4   Sn  MulP   6.9998  6.9998 sum  13.9997
 Sum of MulP: up   =    28.00000 down          =    28.00000
              total=    56.00000 ideal(neutral)=    56.00000
<DFT>  Total Spin Moment (muB) =  0.000000000000
<DFT>  Mixing_weight= 0.040000000000
<DFT>  Uele   =  -42.211587258254  dUele     =   0.000000115468
<DFT>  NormRD =    0.000000992764  Criterion =   0.000000100000

******************* MD=13  SCF= 8 *******************
<Poisson>  Poisson's equation using FFT...
<Set_Hamiltonian>  Hamiltonian matrix for VNA+dVH+Vxc...
<Band>  Solving the eigenvalue problem...
 KGrids1:  -0.45833  -0.37500  -0.29167  -0.20833  -0.12500  -0.04167   0.04167   0.12500   0.20833   0.29167   0.37500   0.45833 
 KGrids2:  -0.45833  -0.37500  -0.29167  -0.20833  -0.12500  -0.04167   0.04167   0.12500   0.20833   0.29167   0.37500   0.45833 
 KGrids3:  -0.47500  -0.42500  -0.37500  -0.32500  -0.27500  -0.22500  -0.17500  -0.12500  -0.07500  -0.02500   0.02500   0.07500   0.12500   0.17500   0.22500   0.27500   0.32500   0.37500   0.42500   0.47500 
<Band_DFT>  Eigen, time=0.744661
<Band_DFT>  DM, time=2.027157
    1   Sn  MulP   6.9999  6.9999 sum  13.9997
    2   Sn  MulP   7.0004  7.0004 sum  14.0009
    3   Sn  MulP   6.9998  6.9998 sum  13.9997
    4   Sn  MulP   6.9998  6.9998 sum  13.9997
 Sum of MulP: up   =    28.00000 down          =    28.00000
              total=    56.00000 ideal(neutral)=    56.00000
<DFT>  Total Spin Moment (muB) =  0.000000000000
<DFT>  Mixing_weight= 0.040000000000
<DFT>  Uele   =  -42.211587270863  dUele     =   0.000000012609
<DFT>  NormRD =    0.000000077744  Criterion =   0.000000100000
<MD=13>  Force calculation
  Force calculation #1
  Force calculation #2
  Force calculation #3
  Force calculation #4
  Force calculation #5
  Stress calculation #1
  Stress calculation #2
  Stress calculation #3
  Stress calculation #4
  Stress calculation #5
<MD=13>  Total Energy
  Force calculation #6
  Force calculation #7

*******************************************************
                  Dipole moment (Debye)                 
*******************************************************

 Absolute D      520.70460835

                      Dx                Dy                Dz
 Total           -362.58699909     -362.13886300      -92.30060212
 Core             400.50413625      401.43892094      323.49628871
 Electron        -763.09113534     -763.57778394     -415.79689083
 Back ground       -0.00000000       -0.00000000       -0.00000000

*******************************************************
               Stress tensor (Hartree/bohr^3)            
*******************************************************

      -0.00000167        0.00000000       -0.00000311 
       0.00000000       -0.00000054       -0.00000000 
      -0.00000311       -0.00000000        0.00000074 

*******************************************************
                Total Energy (Hartree) at MD =13        
*******************************************************

  Uele  =     -42.211587270863

  Ukin  =     203.438658724209
  UH0   =   -2703.961460664909
  UH1   =       0.004897998743
  Una   =    -149.421032732226
  Unl   =     -47.913289783004
  Uxc0  =     -25.237149144208
  Uxc1  =     -25.237149144208
  Ucore =    2464.169202844903
  Uhub  =       0.000000000000
  Ucs   =       0.000000000000
  Uzs   =       0.000000000000
  Uzo   =       0.000000000000
  Uef   =       0.000000000000
  UvdW  =       0.000000000000
  Uch   =       0.000000000000
  Utot  =    -284.157321900700

  UpV   =       0.000000000000
  Enpy  =    -284.157321900700
  Note:

  Uele:   band energy
  Ukin:   kinetic energy
  UH0:    electric part of screened Coulomb energy
  UH1:    difference electron-electron Coulomb energy
  Una:    neutral atom potential energy
  Unl:    non-local potential energy
  Uxc0:   exchange-correlation energy for alpha spin
  Uxc1:   exchange-correlation energy for beta spin
  Ucore:  core-core Coulomb energy
  Uhub:   LDA+U energy
  Ucs:    constraint energy for spin orientation
  Uzs:    Zeeman term for spin magnetic moment
  Uzo:    Zeeman term for orbital magnetic moment
  Uef:    electric energy by electric field
  UvdW:   semi-empirical vdW energy 
  Uch:    penalty term to create a core hole
  UpV:    pressure times volume
  Enpy:   Enthalpy = Utot + UpV
  (see also PRB 72, 045121(2005) for the energy contributions)


*******************************************************
           Computational times (s) at MD =13            
*******************************************************

  DFT in total      =   34.26598

  Set_OLP_Kin       =    0.69684
  Set_Nonlocal      =    1.46139
  Set_ProExpn_VNA   =    2.69873
  Set_Hamiltonian   =    1.91458
  Poisson           =    0.00126
  diagonalization   =   22.56274
  Mixing_DM         =    0.00615
  Force             =    1.78429
  Total_Energy      =    0.41303
  Set_Aden_Grid     =    0.15412
  Set_Orbitals_Grid =    0.10715
  Set_Density_Grid  =    0.70102
  RestartFileDFT    =    0.03097
  Mulliken_Charge   =    0.00118
  FFT(2D)_Density   =    0.00227

The SCF was achieved at MD=  13

*******************************************************
             MD or geometry opt. at MD =13              
*******************************************************

<BFGS>  |Maximum force| (Hartree/Bohr) = 0.000353258065
<BFGS>  Criterion       (Hartree/Bohr) = 0.000100000000

     atom=   1, XYZ(ang) Fxyz(a.u.)=   0.0007    0.0000   -0.0001     0.0000    0.0000   -0.0000
     atom=   2, XYZ(ang) Fxyz(a.u.)=   2.9821    2.9849    1.5992     0.0001    0.0000    0.0001
     atom=   3, XYZ(ang) Fxyz(a.u.)=  -0.0049    2.9849    0.8282    -0.0001   -0.0000    0.0002
     atom=   4, XYZ(ang) Fxyz(a.u.)=   2.9779   -0.0000    2.3835     0.0002    0.0000    0.0004

*******************************************************
        Analysis of neighbors and setting of grids        
*******************************************************


*******************************************************
  Allocation of atoms to processors at MD_iter=   14     
*******************************************************

 proc =   0  # of atoms=   1  estimated weight=         1.00000
 proc =   1  # of atoms=   1  estimated weight=         1.00000
 proc =   2  # of atoms=   1  estimated weight=         1.00000
 proc =   3  # of atoms=   1  estimated weight=         1.00000
 proc =   4  # of atoms=   0  estimated weight=         0.00000
 proc =   5  # of atoms=   0  estimated weight=         0.00000
 proc =   6  # of atoms=   0  estimated weight=         0.00000
 proc =   7  # of atoms=   0  estimated weight=         0.00000
 proc =   8  # of atoms=   0  estimated weight=         0.00000
 proc =   9  # of atoms=   0  estimated weight=         0.00000
 proc =  10  # of atoms=   0  estimated weight=         0.00000
 proc =  11  # of atoms=   0  estimated weight=         0.00000
 proc =  12  # of atoms=   0  estimated weight=         0.00000
 proc =  13  # of atoms=   0  estimated weight=         0.00000
 proc =  14  # of atoms=   0  estimated weight=         0.00000
 proc =  15  # of atoms=   0  estimated weight=         0.00000



TFNAN=     256   Average FNAN=  64.00000
TSNAN=       0   Average SNAN=   0.00000
<truncation> CpyCell= 3 ct_AN=   1 FNAN SNAN  64   0
<truncation> CpyCell= 3 ct_AN=   2 FNAN SNAN  64   0
<truncation> CpyCell= 3 ct_AN=   3 FNAN SNAN  64   0
<truncation> CpyCell= 3 ct_AN=   4 FNAN SNAN  64   0
<UCell_Box> Info. of cutoff energy and num. of grids
lattice vectors (bohr)
A  = 11.281295655248,  0.000000000000, -0.028203239138
B  =  0.000000000000, 11.281295655248,  0.000000000000
C  = -0.015204829790,  0.000000000000,  6.081931916162
reciprocal lattice vectors (bohr^-1)
RA =  0.556959481370, -0.000000000000,  0.001392398703
RB = -0.000000000000,  0.556956000374, -0.000000000000
RC =  0.002582742073, -0.000000000000,  1.033096829091
Required cutoff energy (Ryd) for 3D-grids = 200.0000
    Used cutoff energy (Ryd) for 3D-grids = 193.8786, 193.8750, 194.5146
Num. of grids of a-, b-, and c-axes = 50, 50, 27
Cell_Volume =    774.028233187484 (Bohr^3)
GridVol     =      0.011467084936 (Bohr^3)
Cell vectors (bohr) of the grid cell (gtv)
  gtv_a =  0.225625913105,  0.000000000000, -0.000564064783
  gtv_b =  0.000000000000,  0.225625913105,  0.000000000000
  gtv_c = -0.000563141844,  0.000000000000,  0.225256737636
  |gtv_a| =  0.225626618185
  |gtv_b| =  0.225625913105
  |gtv_c| =  0.225257441562
Num. of grids overlapping with atom    1 = 125072
Num. of grids overlapping with atom    2 = 125301
Num. of grids overlapping with atom    3 = 125082
Num. of grids overlapping with atom    4 = 125117

*******************************************************
             SCF calculation at MD =14                
*******************************************************

<MD=14>  Calculation of the overlap matrix
<MD=14>  Calculation of the nonlocal matrix
<MD=14>  Calculation of the VNA projector matrix

******************* MD=14  SCF= 1 *******************
<Restart>  Found restart files
<Poisson>  Poisson's equation using FFT...
<Band>  Solving the eigenvalue problem...
 KGrids1:  -0.45833  -0.37500  -0.29167  -0.20833  -0.12500  -0.04167   0.04167   0.12500   0.20833   0.29167   0.37500   0.45833 
 KGrids2:  -0.45833  -0.37500  -0.29167  -0.20833  -0.12500  -0.04167   0.04167   0.12500   0.20833   0.29167   0.37500   0.45833 
 KGrids3:  -0.47500  -0.42500  -0.37500  -0.32500  -0.27500  -0.22500  -0.17500  -0.12500  -0.07500  -0.02500   0.02500   0.07500   0.12500   0.17500   0.22500   0.27500   0.32500   0.37500   0.42500   0.47500 
<Band_DFT>  Eigen, time=0.739998
<Band_DFT>  DM, time=2.037077
    1   Sn  MulP   6.9999  6.9999 sum  13.9997
    2   Sn  MulP   7.0004  7.0004 sum  14.0009
    3   Sn  MulP   6.9998  6.9998 sum  13.9997
    4   Sn  MulP   6.9998  6.9998 sum  13.9997
 Sum of MulP: up   =    28.00000 down          =    28.00000
              total=    56.00000 ideal(neutral)=    56.00000
<DFT>  Total Spin Moment (muB) =  0.000000000000
<DFT>  Mixing_weight= 0.400000000000
<DFT>  Uele   =  -42.211587073620  dUele     =   1.000000000000
<DFT>  NormRD =    1.000000000000  Criterion =   0.000000100000

******************* MD=14  SCF= 2 *******************
<Poisson>  Poisson's equation using FFT...
<Set_Hamiltonian>  Hamiltonian matrix for VNA+dVH+Vxc...
<Band>  Solving the eigenvalue problem...
 KGrids1:  -0.45833  -0.37500  -0.29167  -0.20833  -0.12500  -0.04167   0.04167   0.12500   0.20833   0.29167   0.37500   0.45833 
 KGrids2:  -0.45833  -0.37500  -0.29167  -0.20833  -0.12500  -0.04167   0.04167   0.12500   0.20833   0.29167   0.37500   0.45833 
 KGrids3:  -0.47500  -0.42500  -0.37500  -0.32500  -0.27500  -0.22500  -0.17500  -0.12500  -0.07500  -0.02500   0.02500   0.07500   0.12500   0.17500   0.22500   0.27500   0.32500   0.37500   0.42500   0.47500 
<Band_DFT>  Eigen, time=0.737625
<Band_DFT>  DM, time=2.036084
    1   Sn  MulP   6.9999  6.9999 sum  13.9997
    2   Sn  MulP   7.0004  7.0004 sum  14.0009
    3   Sn  MulP   6.9998  6.9998 sum  13.9997
    4   Sn  MulP   6.9998  6.9998 sum  13.9997
 Sum of MulP: up   =    28.00000 down          =    28.00000
              total=    56.00000 ideal(neutral)=    56.00000
<DFT>  Total Spin Moment (muB) =  0.000000000000
<DFT>  Mixing_weight= 0.400000000000
<DFT>  Uele   =  -42.211586530812  dUele     =   0.000000542808
<DFT>  NormRD =    0.000008066458  Criterion =   0.000000100000

******************* MD=14  SCF= 3 *******************
<Poisson>  Poisson's equation using FFT...
<Set_Hamiltonian>  Hamiltonian matrix for VNA+dVH+Vxc...
<Band>  Solving the eigenvalue problem...
 KGrids1:  -0.45833  -0.37500  -0.29167  -0.20833  -0.12500  -0.04167   0.04167   0.12500   0.20833   0.29167   0.37500   0.45833 
 KGrids2:  -0.45833  -0.37500  -0.29167  -0.20833  -0.12500  -0.04167   0.04167   0.12500   0.20833   0.29167   0.37500   0.45833 
 KGrids3:  -0.47500  -0.42500  -0.37500  -0.32500  -0.27500  -0.22500  -0.17500  -0.12500  -0.07500  -0.02500   0.02500   0.07500   0.12500   0.17500   0.22500   0.27500   0.32500   0.37500   0.42500   0.47500 
<Band_DFT>  Eigen, time=0.738020
<Band_DFT>  DM, time=2.038173
    1   Sn  MulP   6.9999  6.9999 sum  13.9997
    2   Sn  MulP   7.0004  7.0004 sum  14.0009
    3   Sn  MulP   6.9998  6.9998 sum  13.9997
    4   Sn  MulP   6.9998  6.9998 sum  13.9997
 Sum of MulP: up   =    28.00000 down          =    28.00000
              total=    56.00000 ideal(neutral)=    56.00000
<DFT>  Total Spin Moment (muB) =  0.000000000000
<DFT>  Mixing_weight= 0.040000000000
<DFT>  Uele   =  -42.211586193356  dUele     =   0.000000337456
<DFT>  NormRD =    0.000005450444  Criterion =   0.000000100000

******************* MD=14  SCF= 4 *******************
<Poisson>  Poisson's equation using FFT...
<Set_Hamiltonian>  Hamiltonian matrix for VNA+dVH+Vxc...
<Band>  Solving the eigenvalue problem...
 KGrids1:  -0.45833  -0.37500  -0.29167  -0.20833  -0.12500  -0.04167   0.04167   0.12500   0.20833   0.29167   0.37500   0.45833 
 KGrids2:  -0.45833  -0.37500  -0.29167  -0.20833  -0.12500  -0.04167   0.04167   0.12500   0.20833   0.29167   0.37500   0.45833 
 KGrids3:  -0.47500  -0.42500  -0.37500  -0.32500  -0.27500  -0.22500  -0.17500  -0.12500  -0.07500  -0.02500   0.02500   0.07500   0.12500   0.17500   0.22500   0.27500   0.32500   0.37500   0.42500   0.47500 
<Band_DFT>  Eigen, time=0.736931
<Band_DFT>  DM, time=2.037194
    1   Sn  MulP   6.9999  6.9999 sum  13.9997
    2   Sn  MulP   7.0004  7.0004 sum  14.0009
    3   Sn  MulP   6.9998  6.9998 sum  13.9997
    4   Sn  MulP   6.9998  6.9998 sum  13.9997
 Sum of MulP: up   =    28.00000 down          =    28.00000
              total=    56.00000 ideal(neutral)=    56.00000
<DFT>  Total Spin Moment (muB) =  0.000000000000
<DFT>  Mixing_weight= 0.040000000000
<DFT>  Uele   =  -42.211585549462  dUele     =   0.000000643894
<DFT>  NormRD =    0.000001198419  Criterion =   0.000000100000

******************* MD=14  SCF= 5 *******************
<Poisson>  Poisson's equation using FFT...
<Set_Hamiltonian>  Hamiltonian matrix for VNA+dVH+Vxc...
<Band>  Solving the eigenvalue problem...
 KGrids1:  -0.45833  -0.37500  -0.29167  -0.20833  -0.12500  -0.04167   0.04167   0.12500   0.20833   0.29167   0.37500   0.45833 
 KGrids2:  -0.45833  -0.37500  -0.29167  -0.20833  -0.12500  -0.04167   0.04167   0.12500   0.20833   0.29167   0.37500   0.45833 
 KGrids3:  -0.47500  -0.42500  -0.37500  -0.32500  -0.27500  -0.22500  -0.17500  -0.12500  -0.07500  -0.02500   0.02500   0.07500   0.12500   0.17500   0.22500   0.27500   0.32500   0.37500   0.42500   0.47500 
<Band_DFT>  Eigen, time=0.648679
<Band_DFT>  DM, time=1.934562
    1   Sn  MulP   6.9999  6.9999 sum  13.9997
    2   Sn  MulP   7.0004  7.0004 sum  14.0009
    3   Sn  MulP   6.9998  6.9998 sum  13.9997
    4   Sn  MulP   6.9998  6.9998 sum  13.9997
 Sum of MulP: up   =    28.00000 down          =    28.00000
              total=    56.00000 ideal(neutral)=    56.00000
<DFT>  Total Spin Moment (muB) =  0.000000000000
<DFT>  Mixing_weight= 0.040000000000
<DFT>  Uele   =  -42.211585577815  dUele     =   0.000000028353
<DFT>  NormRD =    0.000001325001  Criterion =   0.000000100000
<MD=14>  Force calculation
  Force calculation #1
  Force calculation #2
  Force calculation #3
  Force calculation #4
  Force calculation #5
  Stress calculation #1
  Stress calculation #2
  Stress calculation #3
  Stress calculation #4
  Stress calculation #5
<MD=14>  Total Energy
  Force calculation #6
  Force calculation #7

*******************************************************
                  Dipole moment (Debye)                 
*******************************************************

 Absolute D      520.71856009

                      Dx                Dy                Dz
 Total           -362.60653508     -362.13886516      -92.30255620
 Core             400.49998600      401.43892132      323.49542035
 Electron        -763.10652107     -763.57778648     -415.79797655
 Back ground       -0.00000000       -0.00000000       -0.00000000

*******************************************************
               Stress tensor (Hartree/bohr^3)            
*******************************************************

      -0.00000173        0.00000000       -0.00000312 
       0.00000000       -0.00000058       -0.00000000 
      -0.00000312       -0.00000000        0.00000067 

*******************************************************
                Total Energy (Hartree) at MD =14        
*******************************************************

  Uele  =     -42.211585577815

  Ukin  =     203.438668318531
  UH0   =   -2703.961259002691
  UH1   =       0.004897979277
  Una   =    -149.421037252397
  Unl   =     -47.913294106093
  Uxc0  =     -25.237149653289
  Uxc1  =     -25.237149653289
  Ucore =    2464.169001402038
  Uhub  =       0.000000000000
  Ucs   =       0.000000000000
  Uzs   =       0.000000000000
  Uzo   =       0.000000000000
  Uef   =       0.000000000000
  UvdW  =       0.000000000000
  Uch   =       0.000000000000
  Utot  =    -284.157321967914

  UpV   =       0.000000000000
  Enpy  =    -284.157321967914
  Note:

  Uele:   band energy
  Ukin:   kinetic energy
  UH0:    electric part of screened Coulomb energy
  UH1:    difference electron-electron Coulomb energy
  Una:    neutral atom potential energy
  Unl:    non-local potential energy
  Uxc0:   exchange-correlation energy for alpha spin
  Uxc1:   exchange-correlation energy for beta spin
  Ucore:  core-core Coulomb energy
  Uhub:   LDA+U energy
  Ucs:    constraint energy for spin orientation
  Uzs:    Zeeman term for spin magnetic moment
  Uzo:    Zeeman term for orbital magnetic moment
  Uef:    electric energy by electric field
  UvdW:   semi-empirical vdW energy 
  Uch:    penalty term to create a core hole
  UpV:    pressure times volume
  Enpy:   Enthalpy = Utot + UpV
  (see also PRB 72, 045121(2005) for the energy contributions)


*******************************************************
           Computational times (s) at MD =14            
*******************************************************

  DFT in total      =   24.56152

  Set_OLP_Kin       =    0.69676
  Set_Nonlocal      =    1.48594
  Set_ProExpn_VNA   =    2.57838
  Set_Hamiltonian   =    1.07722
  Poisson           =    0.00234
  diagonalization   =   13.98124
  Mixing_DM         =    0.00392
  Force             =    1.94356
  Total_Energy      =    0.42303
  Set_Aden_Grid     =    0.00716
  Set_Orbitals_Grid =    0.09946
  Set_Density_Grid  =    0.42382
  RestartFileDFT    =    0.00297
  Mulliken_Charge   =    0.00105
  FFT(2D)_Density   =    0.00158

The SCF was achieved at MD=  14

*******************************************************
             MD or geometry opt. at MD =14              
*******************************************************

<BFGS>  |Maximum force| (Hartree/Bohr) = 0.000279924004
<BFGS>  Criterion       (Hartree/Bohr) = 0.000100000000

     atom=   1, XYZ(ang) Fxyz(a.u.)=   0.0005    0.0000   -0.0001     0.0000    0.0000   -0.0000
     atom=   2, XYZ(ang) Fxyz(a.u.)=   2.9820    2.9849    1.5989     0.0001    0.0000    0.0001
     atom=   3, XYZ(ang) Fxyz(a.u.)=  -0.0050    2.9849    0.8283    -0.0001   -0.0000    0.0003
     atom=   4, XYZ(ang) Fxyz(a.u.)=   2.9778   -0.0000    2.3831     0.0002    0.0000    0.0003

*******************************************************
        Analysis of neighbors and setting of grids        
*******************************************************


*******************************************************
  Allocation of atoms to processors at MD_iter=   15     
*******************************************************

 proc =   0  # of atoms=   1  estimated weight=         1.00000
 proc =   1  # of atoms=   1  estimated weight=         1.00000
 proc =   2  # of atoms=   1  estimated weight=         1.00000
 proc =   3  # of atoms=   1  estimated weight=         1.00000
 proc =   4  # of atoms=   0  estimated weight=         0.00000
 proc =   5  # of atoms=   0  estimated weight=         0.00000
 proc =   6  # of atoms=   0  estimated weight=         0.00000
 proc =   7  # of atoms=   0  estimated weight=         0.00000
 proc =   8  # of atoms=   0  estimated weight=         0.00000
 proc =   9  # of atoms=   0  estimated weight=         0.00000
 proc =  10  # of atoms=   0  estimated weight=         0.00000
 proc =  11  # of atoms=   0  estimated weight=         0.00000
 proc =  12  # of atoms=   0  estimated weight=         0.00000
 proc =  13  # of atoms=   0  estimated weight=         0.00000
 proc =  14  # of atoms=   0  estimated weight=         0.00000
 proc =  15  # of atoms=   0  estimated weight=         0.00000



TFNAN=     256   Average FNAN=  64.00000
TSNAN=       0   Average SNAN=   0.00000
<truncation> CpyCell= 3 ct_AN=   1 FNAN SNAN  64   0
<truncation> CpyCell= 3 ct_AN=   2 FNAN SNAN  64   0
<truncation> CpyCell= 3 ct_AN=   3 FNAN SNAN  64   0
<truncation> CpyCell= 3 ct_AN=   4 FNAN SNAN  64   0
<UCell_Box> Info. of cutoff energy and num. of grids
lattice vectors (bohr)
A  = 11.281295655248,  0.000000000000, -0.028203239138
B  =  0.000000000000, 11.281295655248,  0.000000000000
C  = -0.015204829790,  0.000000000000,  6.081931916162
reciprocal lattice vectors (bohr^-1)
RA =  0.556959481370, -0.000000000000,  0.001392398703
RB = -0.000000000000,  0.556956000374, -0.000000000000
RC =  0.002582742073, -0.000000000000,  1.033096829091
Required cutoff energy (Ryd) for 3D-grids = 200.0000
    Used cutoff energy (Ryd) for 3D-grids = 193.8786, 193.8750, 194.5146
Num. of grids of a-, b-, and c-axes = 50, 50, 27
Cell_Volume =    774.028233187484 (Bohr^3)
GridVol     =      0.011467084936 (Bohr^3)
Cell vectors (bohr) of the grid cell (gtv)
  gtv_a =  0.225625913105,  0.000000000000, -0.000564064783
  gtv_b =  0.000000000000,  0.225625913105,  0.000000000000
  gtv_c = -0.000563141844,  0.000000000000,  0.225256737636
  |gtv_a| =  0.225626618185
  |gtv_b| =  0.225625913105
  |gtv_c| =  0.225257441562
Num. of grids overlapping with atom    1 = 125066
Num. of grids overlapping with atom    2 = 125305
Num. of grids overlapping with atom    3 = 125082
Num. of grids overlapping with atom    4 = 125110

*******************************************************
             SCF calculation at MD =15                
*******************************************************

<MD=15>  Calculation of the overlap matrix
<MD=15>  Calculation of the nonlocal matrix
<MD=15>  Calculation of the VNA projector matrix

******************* MD=15  SCF= 1 *******************
<Restart>  Found restart files
<Poisson>  Poisson's equation using FFT...
<Band>  Solving the eigenvalue problem...
 KGrids1:  -0.45833  -0.37500  -0.29167  -0.20833  -0.12500  -0.04167   0.04167   0.12500   0.20833   0.29167   0.37500   0.45833 
 KGrids2:  -0.45833  -0.37500  -0.29167  -0.20833  -0.12500  -0.04167   0.04167   0.12500   0.20833   0.29167   0.37500   0.45833 
 KGrids3:  -0.47500  -0.42500  -0.37500  -0.32500  -0.27500  -0.22500  -0.17500  -0.12500  -0.07500  -0.02500   0.02500   0.07500   0.12500   0.17500   0.22500   0.27500   0.32500   0.37500   0.42500   0.47500 
<Band_DFT>  Eigen, time=0.735790
<Band_DFT>  DM, time=2.032587
    1   Sn  MulP   6.9999  6.9999 sum  13.9997
    2   Sn  MulP   7.0004  7.0004 sum  14.0009
    3   Sn  MulP   6.9998  6.9998 sum  13.9997
    4   Sn  MulP   6.9998  6.9998 sum  13.9997
 Sum of MulP: up   =    28.00000 down          =    28.00000
              total=    56.00000 ideal(neutral)=    56.00000
<DFT>  Total Spin Moment (muB) =  0.000000000000
<DFT>  Mixing_weight= 0.400000000000
<DFT>  Uele   =  -42.211576675993  dUele     =   1.000000000000
<DFT>  NormRD =    1.000000000000  Criterion =   0.000000100000

******************* MD=15  SCF= 2 *******************
<Poisson>  Poisson's equation using FFT...
<Set_Hamiltonian>  Hamiltonian matrix for VNA+dVH+Vxc...
<Band>  Solving the eigenvalue problem...
 KGrids1:  -0.45833  -0.37500  -0.29167  -0.20833  -0.12500  -0.04167   0.04167   0.12500   0.20833   0.29167   0.37500   0.45833 
 KGrids2:  -0.45833  -0.37500  -0.29167  -0.20833  -0.12500  -0.04167   0.04167   0.12500   0.20833   0.29167   0.37500   0.45833 
 KGrids3:  -0.47500  -0.42500  -0.37500  -0.32500  -0.27500  -0.22500  -0.17500  -0.12500  -0.07500  -0.02500   0.02500   0.07500   0.12500   0.17500   0.22500   0.27500   0.32500   0.37500   0.42500   0.47500 
<Band_DFT>  Eigen, time=0.736225
<Band_DFT>  DM, time=2.034316
    1   Sn  MulP   6.9999  6.9999 sum  13.9997
    2   Sn  MulP   7.0005  7.0005 sum  14.0009
    3   Sn  MulP   6.9998  6.9998 sum  13.9997
    4   Sn  MulP   6.9998  6.9998 sum  13.9997
 Sum of MulP: up   =    28.00000 down          =    28.00000
              total=    56.00000 ideal(neutral)=    56.00000
<DFT>  Total Spin Moment (muB) =  0.000000000000
<DFT>  Mixing_weight= 0.400000000000
<DFT>  Uele   =  -42.211578839945  dUele     =   0.000002163953
<DFT>  NormRD =    0.000060828856  Criterion =   0.000000100000

******************* MD=15  SCF= 3 *******************
<Poisson>  Poisson's equation using FFT...
<Set_Hamiltonian>  Hamiltonian matrix for VNA+dVH+Vxc...
<Band>  Solving the eigenvalue problem...
 KGrids1:  -0.45833  -0.37500  -0.29167  -0.20833  -0.12500  -0.04167   0.04167   0.12500   0.20833   0.29167   0.37500   0.45833 
 KGrids2:  -0.45833  -0.37500  -0.29167  -0.20833  -0.12500  -0.04167   0.04167   0.12500   0.20833   0.29167   0.37500   0.45833 
 KGrids3:  -0.47500  -0.42500  -0.37500  -0.32500  -0.27500  -0.22500  -0.17500  -0.12500  -0.07500  -0.02500   0.02500   0.07500   0.12500   0.17500   0.22500   0.27500   0.32500   0.37500   0.42500   0.47500 
<Band_DFT>  Eigen, time=0.733872
<Band_DFT>  DM, time=1.955826
    1   Sn  MulP   6.9999  6.9999 sum  13.9997
    2   Sn  MulP   7.0005  7.0005 sum  14.0009
    3   Sn  MulP   6.9998  6.9998 sum  13.9997
    4   Sn  MulP   6.9998  6.9998 sum  13.9997
 Sum of MulP: up   =    28.00000 down          =    28.00000
              total=    56.00000 ideal(neutral)=    56.00000
<DFT>  Total Spin Moment (muB) =  0.000000000000
<DFT>  Mixing_weight= 0.040000000000
<DFT>  Uele   =  -42.211580372338  dUele     =   0.000001532393
<DFT>  NormRD =    0.000041355976  Criterion =   0.000000100000

******************* MD=15  SCF= 4 *******************
<Poisson>  Poisson's equation using FFT...
<Set_Hamiltonian>  Hamiltonian matrix for VNA+dVH+Vxc...
<Band>  Solving the eigenvalue problem...
 KGrids1:  -0.45833  -0.37500  -0.29167  -0.20833  -0.12500  -0.04167   0.04167   0.12500   0.20833   0.29167   0.37500   0.45833 
 KGrids2:  -0.45833  -0.37500  -0.29167  -0.20833  -0.12500  -0.04167   0.04167   0.12500   0.20833   0.29167   0.37500   0.45833 
 KGrids3:  -0.47500  -0.42500  -0.37500  -0.32500  -0.27500  -0.22500  -0.17500  -0.12500  -0.07500  -0.02500   0.02500   0.07500   0.12500   0.17500   0.22500   0.27500   0.32500   0.37500   0.42500   0.47500 
<Band_DFT>  Eigen, time=0.794834
<Band_DFT>  DM, time=1.989921
    1   Sn  MulP   6.9999  6.9999 sum  13.9997
    2   Sn  MulP   7.0005  7.0005 sum  14.0009
    3   Sn  MulP   6.9998  6.9998 sum  13.9997
    4   Sn  MulP   6.9998  6.9998 sum  13.9997
 Sum of MulP: up   =    28.00000 down          =    28.00000
              total=    56.00000 ideal(neutral)=    56.00000
<DFT>  Total Spin Moment (muB) =  0.000000000000
<DFT>  Mixing_weight= 0.040000000000
<DFT>  Uele   =  -42.211585073876  dUele     =   0.000004701538
<DFT>  NormRD =    0.000006750712  Criterion =   0.000000100000

******************* MD=15  SCF= 5 *******************
<Poisson>  Poisson's equation using FFT...
<Set_Hamiltonian>  Hamiltonian matrix for VNA+dVH+Vxc...
<Band>  Solving the eigenvalue problem...
 KGrids1:  -0.45833  -0.37500  -0.29167  -0.20833  -0.12500  -0.04167   0.04167   0.12500   0.20833   0.29167   0.37500   0.45833 
 KGrids2:  -0.45833  -0.37500  -0.29167  -0.20833  -0.12500  -0.04167   0.04167   0.12500   0.20833   0.29167   0.37500   0.45833 
 KGrids3:  -0.47500  -0.42500  -0.37500  -0.32500  -0.27500  -0.22500  -0.17500  -0.12500  -0.07500  -0.02500   0.02500   0.07500   0.12500   0.17500   0.22500   0.27500   0.32500   0.37500   0.42500   0.47500 
<Band_DFT>  Eigen, time=0.795001
<Band_DFT>  DM, time=1.989295
    1   Sn  MulP   6.9999  6.9999 sum  13.9997
    2   Sn  MulP   7.0005  7.0005 sum  14.0009
    3   Sn  MulP   6.9998  6.9998 sum  13.9997
    4   Sn  MulP   6.9998  6.9998 sum  13.9997
 Sum of MulP: up   =    28.00000 down          =    28.00000
              total=    56.00000 ideal(neutral)=    56.00000
<DFT>  Total Spin Moment (muB) =  0.000000000000
<DFT>  Mixing_weight= 0.040000000000
<DFT>  Uele   =  -42.211584165812  dUele     =   0.000000908064
<DFT>  NormRD =    0.000009047460  Criterion =   0.000000100000

******************* MD=15  SCF= 6 *******************
<Poisson>  Poisson's equation using FFT...
<Set_Hamiltonian>  Hamiltonian matrix for VNA+dVH+Vxc...
<Band>  Solving the eigenvalue problem...
 KGrids1:  -0.45833  -0.37500  -0.29167  -0.20833  -0.12500  -0.04167   0.04167   0.12500   0.20833   0.29167   0.37500   0.45833 
 KGrids2:  -0.45833  -0.37500  -0.29167  -0.20833  -0.12500  -0.04167   0.04167   0.12500   0.20833   0.29167   0.37500   0.45833 
 KGrids3:  -0.47500  -0.42500  -0.37500  -0.32500  -0.27500  -0.22500  -0.17500  -0.12500  -0.07500  -0.02500   0.02500   0.07500   0.12500   0.17500   0.22500   0.27500   0.32500   0.37500   0.42500   0.47500 
<Band_DFT>  Eigen, time=0.743694
<Band_DFT>  DM, time=2.035703
    1   Sn  MulP   6.9999  6.9999 sum  13.9997
    2   Sn  MulP   7.0005  7.0005 sum  14.0009
    3   Sn  MulP   6.9998  6.9998 sum  13.9997
    4   Sn  MulP   6.9998  6.9998 sum  13.9997
 Sum of MulP: up   =    28.00000 down          =    28.00000
              total=    56.00000 ideal(neutral)=    56.00000
<DFT>  Total Spin Moment (muB) =  0.000000000000
<DFT>  Mixing_weight= 0.040000000000
<DFT>  Uele   =  -42.211584053466  dUele     =   0.000000112346
<DFT>  NormRD =    0.000001749914  Criterion =   0.000000100000

******************* MD=15  SCF= 7 *******************
<Poisson>  Poisson's equation using FFT...
<Set_Hamiltonian>  Hamiltonian matrix for VNA+dVH+Vxc...
<Band>  Solving the eigenvalue problem...
 KGrids1:  -0.45833  -0.37500  -0.29167  -0.20833  -0.12500  -0.04167   0.04167   0.12500   0.20833   0.29167   0.37500   0.45833 
 KGrids2:  -0.45833  -0.37500  -0.29167  -0.20833  -0.12500  -0.04167   0.04167   0.12500   0.20833   0.29167   0.37500   0.45833 
 KGrids3:  -0.47500  -0.42500  -0.37500  -0.32500  -0.27500  -0.22500  -0.17500  -0.12500  -0.07500  -0.02500   0.02500   0.07500   0.12500   0.17500   0.22500   0.27500   0.32500   0.37500   0.42500   0.47500 
<Band_DFT>  Eigen, time=0.742791
<Band_DFT>  DM, time=2.038333
    1   Sn  MulP   6.9999  6.9999 sum  13.9997
    2   Sn  MulP   7.0005  7.0005 sum  14.0009
    3   Sn  MulP   6.9998  6.9998 sum  13.9997
    4   Sn  MulP   6.9998  6.9998 sum  13.9997
 Sum of MulP: up   =    28.00000 down          =    28.00000
              total=    56.00000 ideal(neutral)=    56.00000
<DFT>  Total Spin Moment (muB) =  0.000000000000
<DFT>  Mixing_weight= 0.040000000000
<DFT>  Uele   =  -42.211584223697  dUele     =   0.000000170230
<DFT>  NormRD =    0.000001198719  Criterion =   0.000000100000

******************* MD=15  SCF= 8 *******************
<Poisson>  Poisson's equation using FFT...
<Set_Hamiltonian>  Hamiltonian matrix for VNA+dVH+Vxc...
<Band>  Solving the eigenvalue problem...
 KGrids1:  -0.45833  -0.37500  -0.29167  -0.20833  -0.12500  -0.04167   0.04167   0.12500   0.20833   0.29167   0.37500   0.45833 
 KGrids2:  -0.45833  -0.37500  -0.29167  -0.20833  -0.12500  -0.04167   0.04167   0.12500   0.20833   0.29167   0.37500   0.45833 
 KGrids3:  -0.47500  -0.42500  -0.37500  -0.32500  -0.27500  -0.22500  -0.17500  -0.12500  -0.07500  -0.02500   0.02500   0.07500   0.12500   0.17500   0.22500   0.27500   0.32500   0.37500   0.42500   0.47500 
<Band_DFT>  Eigen, time=0.744438
<Band_DFT>  DM, time=2.042255
    1   Sn  MulP   6.9999  6.9999 sum  13.9997
    2   Sn  MulP   7.0005  7.0005 sum  14.0009
    3   Sn  MulP   6.9998  6.9998 sum  13.9997
    4   Sn  MulP   6.9998  6.9998 sum  13.9997
 Sum of MulP: up   =    28.00000 down          =    28.00000
              total=    56.00000 ideal(neutral)=    56.00000
<DFT>  Total Spin Moment (muB) =  0.000000000000
<DFT>  Mixing_weight= 0.040000000000
<DFT>  Uele   =  -42.211584258037  dUele     =   0.000000034340
<DFT>  NormRD =    0.000000109216  Criterion =   0.000000100000
<MD=15>  Force calculation
  Force calculation #1
  Force calculation #2
  Force calculation #3
  Force calculation #4
  Force calculation #5
  Stress calculation #1
  Stress calculation #2
  Stress calculation #3
  Stress calculation #4
  Stress calculation #5
<MD=15>  Total Energy
  Force calculation #6
  Force calculation #7

*******************************************************
                  Dipole moment (Debye)                 
*******************************************************

 Absolute D      520.78532898

                      Dx                Dy                Dz
 Total           -362.70047669     -362.13890449      -92.31000457
 Core             400.46615118      401.43891672      323.46464391
 Electron        -763.16662788     -763.57782121     -415.77464848
 Back ground       -0.00000000       -0.00000000       -0.00000000

*******************************************************
               Stress tensor (Hartree/bohr^3)            
*******************************************************

      -0.00000174        0.00000000       -0.00000313 
       0.00000000       -0.00000065       -0.00000000 
      -0.00000313       -0.00000000        0.00000052 

*******************************************************
                Total Energy (Hartree) at MD =15        
*******************************************************

  Uele  =     -42.211584258037

  Ukin  =     203.438677492522
  UH0   =   -2703.961090257072
  UH1   =       0.004897958897
  Una   =    -149.421041729189
  Unl   =     -47.913298208464
  Uxc0  =     -25.237150074143
  Uxc1  =     -25.237150074143
  Ucore =    2464.168832957601
  Uhub  =       0.000000000000
  Ucs   =       0.000000000000
  Uzs   =       0.000000000000
  Uzo   =       0.000000000000
  Uef   =       0.000000000000
  UvdW  =       0.000000000000
  Uch   =       0.000000000000
  Utot  =    -284.157321933991

  UpV   =       0.000000000000
  Enpy  =    -284.157321933991
  Note:

  Uele:   band energy
  Ukin:   kinetic energy
  UH0:    electric part of screened Coulomb energy
  UH1:    difference electron-electron Coulomb energy
  Una:    neutral atom potential energy
  Unl:    non-local potential energy
  Uxc0:   exchange-correlation energy for alpha spin
  Uxc1:   exchange-correlation energy for beta spin
  Ucore:  core-core Coulomb energy
  Uhub:   LDA+U energy
  Ucs:    constraint energy for spin orientation
  Uzs:    Zeeman term for spin magnetic moment
  Uzo:    Zeeman term for orbital magnetic moment
  Uef:    electric energy by electric field
  UvdW:   semi-empirical vdW energy 
  Uch:    penalty term to create a core hole
  UpV:    pressure times volume
  Enpy:   Enthalpy = Utot + UpV
  (see also PRB 72, 045121(2005) for the energy contributions)


*******************************************************
           Computational times (s) at MD =15            
*******************************************************

  DFT in total      =   34.02043

  Set_OLP_Kin       =    0.71179
  Set_Nonlocal      =    1.44154
  Set_ProExpn_VNA   =    2.74149
  Set_Hamiltonian   =    1.77929
  Poisson           =    0.00133
  diagonalization   =   22.61911
  Mixing_DM         =    0.00618
  Force             =    1.74199
  Total_Energy      =    0.38907
  Set_Aden_Grid     =    0.15647
  Set_Orbitals_Grid =    0.09718
  Set_Density_Grid  =    0.64722
  RestartFileDFT    =    0.00429
  Mulliken_Charge   =    0.00123
  FFT(2D)_Density   =    0.00230

The SCF was achieved at MD=  15

*******************************************************
             MD or geometry opt. at MD =15              
*******************************************************

<BFGS>  |Maximum force| (Hartree/Bohr) = 0.000309847236
<BFGS>  Criterion       (Hartree/Bohr) = 0.000100000000

     atom=   1, XYZ(ang) Fxyz(a.u.)=   0.0001   -0.0000   -0.0000     0.0000    0.0000   -0.0000
     atom=   2, XYZ(ang) Fxyz(a.u.)=   2.9817    2.9849    1.5983    -0.0000    0.0000    0.0001
     atom=   3, XYZ(ang) Fxyz(a.u.)=  -0.0052    2.9849    0.8276    -0.0001   -0.0000    0.0003
     atom=   4, XYZ(ang) Fxyz(a.u.)=   2.9775   -0.0000    2.3827     0.0002    0.0000    0.0002

*******************************************************
        Analysis of neighbors and setting of grids        
*******************************************************


*******************************************************
  Allocation of atoms to processors at MD_iter=   16     
*******************************************************

 proc =   0  # of atoms=   1  estimated weight=         1.00000
 proc =   1  # of atoms=   1  estimated weight=         1.00000
 proc =   2  # of atoms=   1  estimated weight=         1.00000
 proc =   3  # of atoms=   1  estimated weight=         1.00000
 proc =   4  # of atoms=   0  estimated weight=         0.00000
 proc =   5  # of atoms=   0  estimated weight=         0.00000
 proc =   6  # of atoms=   0  estimated weight=         0.00000
 proc =   7  # of atoms=   0  estimated weight=         0.00000
 proc =   8  # of atoms=   0  estimated weight=         0.00000
 proc =   9  # of atoms=   0  estimated weight=         0.00000
 proc =  10  # of atoms=   0  estimated weight=         0.00000
 proc =  11  # of atoms=   0  estimated weight=         0.00000
 proc =  12  # of atoms=   0  estimated weight=         0.00000
 proc =  13  # of atoms=   0  estimated weight=         0.00000
 proc =  14  # of atoms=   0  estimated weight=         0.00000
 proc =  15  # of atoms=   0  estimated weight=         0.00000



TFNAN=     256   Average FNAN=  64.00000
TSNAN=       0   Average SNAN=   0.00000
<truncation> CpyCell= 3 ct_AN=   1 FNAN SNAN  64   0
<truncation> CpyCell= 3 ct_AN=   2 FNAN SNAN  64   0
<truncation> CpyCell= 3 ct_AN=   3 FNAN SNAN  64   0
<truncation> CpyCell= 3 ct_AN=   4 FNAN SNAN  64   0
<UCell_Box> Info. of cutoff energy and num. of grids
lattice vectors (bohr)
A  = 11.281295655248,  0.000000000000, -0.028203239138
B  =  0.000000000000, 11.281295655248,  0.000000000000
C  = -0.015204829790,  0.000000000000,  6.081931916162
reciprocal lattice vectors (bohr^-1)
RA =  0.556959481370, -0.000000000000,  0.001392398703
RB = -0.000000000000,  0.556956000374, -0.000000000000
RC =  0.002582742073, -0.000000000000,  1.033096829091
Required cutoff energy (Ryd) for 3D-grids = 200.0000
    Used cutoff energy (Ryd) for 3D-grids = 193.8786, 193.8750, 194.5146
Num. of grids of a-, b-, and c-axes = 50, 50, 27
Cell_Volume =    774.028233187484 (Bohr^3)
GridVol     =      0.011467084936 (Bohr^3)
Cell vectors (bohr) of the grid cell (gtv)
  gtv_a =  0.225625913105,  0.000000000000, -0.000564064783
  gtv_b =  0.000000000000,  0.225625913105,  0.000000000000
  gtv_c = -0.000563141844,  0.000000000000,  0.225256737636
  |gtv_a| =  0.225626618185
  |gtv_b| =  0.225625913105
  |gtv_c| =  0.225257441562
Num. of grids overlapping with atom    1 = 125071
Num. of grids overlapping with atom    2 = 125319
Num. of grids overlapping with atom    3 = 125076
Num. of grids overlapping with atom    4 = 125126

*******************************************************
             SCF calculation at MD =16                
*******************************************************

<MD=16>  Calculation of the overlap matrix
<MD=16>  Calculation of the nonlocal matrix
<MD=16>  Calculation of the VNA projector matrix

******************* MD=16  SCF= 1 *******************
<Restart>  Found restart files
<Poisson>  Poisson's equation using FFT...
<Band>  Solving the eigenvalue problem...
 KGrids1:  -0.45833  -0.37500  -0.29167  -0.20833  -0.12500  -0.04167   0.04167   0.12500   0.20833   0.29167   0.37500   0.45833 
 KGrids2:  -0.45833  -0.37500  -0.29167  -0.20833  -0.12500  -0.04167   0.04167   0.12500   0.20833   0.29167   0.37500   0.45833 
 KGrids3:  -0.47500  -0.42500  -0.37500  -0.32500  -0.27500  -0.22500  -0.17500  -0.12500  -0.07500  -0.02500   0.02500   0.07500   0.12500   0.17500   0.22500   0.27500   0.32500   0.37500   0.42500   0.47500 
<Band_DFT>  Eigen, time=0.742820
<Band_DFT>  DM, time=2.043645
    1   Sn  MulP   6.9999  6.9999 sum  13.9997
    2   Sn  MulP   7.0004  7.0004 sum  14.0009
    3   Sn  MulP   6.9999  6.9999 sum  13.9997
    4   Sn  MulP   6.9998  6.9998 sum  13.9997
 Sum of MulP: up   =    28.00000 down          =    28.00000
              total=    56.00000 ideal(neutral)=    56.00000
<DFT>  Total Spin Moment (muB) =  0.000000000000
<DFT>  Mixing_weight= 0.400000000000
<DFT>  Uele   =  -42.211585230602  dUele     =   1.000000000000
<DFT>  NormRD =    1.000000000000  Criterion =   0.000000100000

******************* MD=16  SCF= 2 *******************
<Poisson>  Poisson's equation using FFT...
<Set_Hamiltonian>  Hamiltonian matrix for VNA+dVH+Vxc...
<Band>  Solving the eigenvalue problem...
 KGrids1:  -0.45833  -0.37500  -0.29167  -0.20833  -0.12500  -0.04167   0.04167   0.12500   0.20833   0.29167   0.37500   0.45833 
 KGrids2:  -0.45833  -0.37500  -0.29167  -0.20833  -0.12500  -0.04167   0.04167   0.12500   0.20833   0.29167   0.37500   0.45833 
 KGrids3:  -0.47500  -0.42500  -0.37500  -0.32500  -0.27500  -0.22500  -0.17500  -0.12500  -0.07500  -0.02500   0.02500   0.07500   0.12500   0.17500   0.22500   0.27500   0.32500   0.37500   0.42500   0.47500 
<Band_DFT>  Eigen, time=0.744744
<Band_DFT>  DM, time=2.042452
    1   Sn  MulP   6.9999  6.9999 sum  13.9997
    2   Sn  MulP   7.0004  7.0004 sum  14.0009
    3   Sn  MulP   6.9999  6.9999 sum  13.9997
    4   Sn  MulP   6.9998  6.9998 sum  13.9997
 Sum of MulP: up   =    28.00000 down          =    28.00000
              total=    56.00000 ideal(neutral)=    56.00000
<DFT>  Total Spin Moment (muB) =  0.000000000000
<DFT>  Mixing_weight= 0.400000000000
<DFT>  Uele   =  -42.211585006745  dUele     =   0.000000223857
<DFT>  NormRD =    0.000046760517  Criterion =   0.000000100000

******************* MD=16  SCF= 3 *******************
<Poisson>  Poisson's equation using FFT...
<Set_Hamiltonian>  Hamiltonian matrix for VNA+dVH+Vxc...
<Band>  Solving the eigenvalue problem...
 KGrids1:  -0.45833  -0.37500  -0.29167  -0.20833  -0.12500  -0.04167   0.04167   0.12500   0.20833   0.29167   0.37500   0.45833 
 KGrids2:  -0.45833  -0.37500  -0.29167  -0.20833  -0.12500  -0.04167   0.04167   0.12500   0.20833   0.29167   0.37500   0.45833 
 KGrids3:  -0.47500  -0.42500  -0.37500  -0.32500  -0.27500  -0.22500  -0.17500  -0.12500  -0.07500  -0.02500   0.02500   0.07500   0.12500   0.17500   0.22500   0.27500   0.32500   0.37500   0.42500   0.47500 
<Band_DFT>  Eigen, time=0.741094
<Band_DFT>  DM, time=2.041283
    1   Sn  MulP   6.9999  6.9999 sum  13.9997
    2   Sn  MulP   7.0004  7.0004 sum  14.0009
    3   Sn  MulP   6.9999  6.9999 sum  13.9997
    4   Sn  MulP   6.9998  6.9998 sum  13.9997
 Sum of MulP: up   =    28.00000 down          =    28.00000
              total=    56.00000 ideal(neutral)=    56.00000
<DFT>  Total Spin Moment (muB) =  0.000000000000
<DFT>  Mixing_weight= 0.040000000000
<DFT>  Uele   =  -42.211584872954  dUele     =   0.000000133791
<DFT>  NormRD =    0.000032188898  Criterion =   0.000000100000

******************* MD=16  SCF= 4 *******************
<Poisson>  Poisson's equation using FFT...
<Set_Hamiltonian>  Hamiltonian matrix for VNA+dVH+Vxc...
<Band>  Solving the eigenvalue problem...
 KGrids1:  -0.45833  -0.37500  -0.29167  -0.20833  -0.12500  -0.04167   0.04167   0.12500   0.20833   0.29167   0.37500   0.45833 
 KGrids2:  -0.45833  -0.37500  -0.29167  -0.20833  -0.12500  -0.04167   0.04167   0.12500   0.20833   0.29167   0.37500   0.45833 
 KGrids3:  -0.47500  -0.42500  -0.37500  -0.32500  -0.27500  -0.22500  -0.17500  -0.12500  -0.07500  -0.02500   0.02500   0.07500   0.12500   0.17500   0.22500   0.27500   0.32500   0.37500   0.42500   0.47500 
<Band_DFT>  Eigen, time=0.776811
<Band_DFT>  DM, time=1.991873
    1   Sn  MulP   6.9999  6.9999 sum  13.9997
    2   Sn  MulP   7.0004  7.0004 sum  14.0009
    3   Sn  MulP   6.9999  6.9999 sum  13.9997
    4   Sn  MulP   6.9998  6.9998 sum  13.9997
 Sum of MulP: up   =    28.00000 down          =    28.00000
              total=    56.00000 ideal(neutral)=    56.00000
<DFT>  Total Spin Moment (muB) =  0.000000000000
<DFT>  Mixing_weight= 0.040000000000
<DFT>  Uele   =  -42.211584656693  dUele     =   0.000000216261
<DFT>  NormRD =    0.000002438761  Criterion =   0.000000100000

******************* MD=16  SCF= 5 *******************
<Poisson>  Poisson's equation using FFT...
<Set_Hamiltonian>  Hamiltonian matrix for VNA+dVH+Vxc...
<Band>  Solving the eigenvalue problem...
 KGrids1:  -0.45833  -0.37500  -0.29167  -0.20833  -0.12500  -0.04167   0.04167   0.12500   0.20833   0.29167   0.37500   0.45833 
 KGrids2:  -0.45833  -0.37500  -0.29167  -0.20833  -0.12500  -0.04167   0.04167   0.12500   0.20833   0.29167   0.37500   0.45833 
 KGrids3:  -0.47500  -0.42500  -0.37500  -0.32500  -0.27500  -0.22500  -0.17500  -0.12500  -0.07500  -0.02500   0.02500   0.07500   0.12500   0.17500   0.22500   0.27500   0.32500   0.37500   0.42500   0.47500 
<Band_DFT>  Eigen, time=0.734601
<Band_DFT>  DM, time=1.772873
    1   Sn  MulP   6.9999  6.9999 sum  13.9997
    2   Sn  MulP   7.0004  7.0004 sum  14.0009
    3   Sn  MulP   6.9999  6.9999 sum  13.9997
    4   Sn  MulP   6.9998  6.9998 sum  13.9997
 Sum of MulP: up   =    28.00000 down          =    28.00000
              total=    56.00000 ideal(neutral)=    56.00000
<DFT>  Total Spin Moment (muB) =  0.000000000000
<DFT>  Mixing_weight= 0.040000000000
<DFT>  Uele   =  -42.211584647273  dUele     =   0.000000009420
<DFT>  NormRD =    0.000001552478  Criterion =   0.000000100000
<MD=16>  Force calculation
  Force calculation #1
  Force calculation #2
  Force calculation #3
  Force calculation #4
  Force calculation #5
  Stress calculation #1
  Stress calculation #2
  Stress calculation #3
  Stress calculation #4
  Stress calculation #5
<MD=16>  Total Energy
  Force calculation #6
  Force calculation #7

*******************************************************
                  Dipole moment (Debye)                 
*******************************************************

 Absolute D      520.94249718

                      Dx                Dy                Dz
 Total           -362.91990150     -362.13901512      -92.33398176
 Core             400.37892770      401.43890855      323.36070269
 Electron        -763.29882920     -763.57792367     -415.69468445
 Back ground       -0.00000000       -0.00000000       -0.00000000

*******************************************************
               Stress tensor (Hartree/bohr^3)            
*******************************************************

      -0.00000165        0.00000000       -0.00000317 
       0.00000000       -0.00000074       -0.00000000 
      -0.00000317       -0.00000000        0.00000034 

*******************************************************
                Total Energy (Hartree) at MD =16        
*******************************************************

  Uele  =     -42.211584647273

  Ukin  =     203.438677951203
  UH0   =   -2703.961178553360
  UH1   =       0.004897952489
  Una   =    -149.421042223375
  Unl   =     -47.913298432554
  Uxc0  =     -25.237150235248
  Uxc1  =     -25.237150235248
  Ucore =    2464.168921400083
  Uhub  =       0.000000000000
  Ucs   =       0.000000000000
  Uzs   =       0.000000000000
  Uzo   =       0.000000000000
  Uef   =       0.000000000000
  UvdW  =       0.000000000000
  Uch   =       0.000000000000
  Utot  =    -284.157322376010

  UpV   =       0.000000000000
  Enpy  =    -284.157322376010
  Note:

  Uele:   band energy
  Ukin:   kinetic energy
  UH0:    electric part of screened Coulomb energy
  UH1:    difference electron-electron Coulomb energy
  Una:    neutral atom potential energy
  Unl:    non-local potential energy
  Uxc0:   exchange-correlation energy for alpha spin
  Uxc1:   exchange-correlation energy for beta spin
  Ucore:  core-core Coulomb energy
  Uhub:   LDA+U energy
  Ucs:    constraint energy for spin orientation
  Uzs:    Zeeman term for spin magnetic moment
  Uzo:    Zeeman term for orbital magnetic moment
  Uef:    electric energy by electric field
  UvdW:   semi-empirical vdW energy 
  Uch:    penalty term to create a core hole
  UpV:    pressure times volume
  Enpy:   Enthalpy = Utot + UpV
  (see also PRB 72, 045121(2005) for the energy contributions)


*******************************************************
           Computational times (s) at MD =16            
*******************************************************

  DFT in total      =   24.69685

  Set_OLP_Kin       =    0.71293
  Set_Nonlocal      =    0.93376
  Set_ProExpn_VNA   =    2.45178
  Set_Hamiltonian   =    1.08641
  Poisson           =    0.00097
  diagonalization   =   13.90273
  Mixing_DM         =    0.00391
  Force             =    2.56143
  Total_Energy      =    0.40946
  Set_Aden_Grid     =    0.00727
  Set_Orbitals_Grid =    0.09905
  Set_Density_Grid  =    0.44394
  RestartFileDFT    =    0.00287
  Mulliken_Charge   =    0.00085
  FFT(2D)_Density   =    0.00161

The SCF was achieved at MD=  16

*******************************************************
             MD or geometry opt. at MD =16              
*******************************************************

<BFGS>  |Maximum force| (Hartree/Bohr) = 0.000144341683
<BFGS>  Criterion       (Hartree/Bohr) = 0.000100000000

     atom=   1, XYZ(ang) Fxyz(a.u.)=  -0.0000   -0.0000    0.0000    -0.0001   -0.0000    0.0000
     atom=   2, XYZ(ang) Fxyz(a.u.)=   2.9817    2.9849    1.5982    -0.0001    0.0000   -0.0000
     atom=   3, XYZ(ang) Fxyz(a.u.)=  -0.0052    2.9849    0.8273    -0.0001    0.0000    0.0001
     atom=   4, XYZ(ang) Fxyz(a.u.)=   2.9773   -0.0000    2.3826     0.0001    0.0000    0.0001

*******************************************************
        Analysis of neighbors and setting of grids        
*******************************************************


*******************************************************
  Allocation of atoms to processors at MD_iter=   17     
*******************************************************

 proc =   0  # of atoms=   1  estimated weight=         1.00000
 proc =   1  # of atoms=   1  estimated weight=         1.00000
 proc =   2  # of atoms=   1  estimated weight=         1.00000
 proc =   3  # of atoms=   1  estimated weight=         1.00000
 proc =   4  # of atoms=   0  estimated weight=         0.00000
 proc =   5  # of atoms=   0  estimated weight=         0.00000
 proc =   6  # of atoms=   0  estimated weight=         0.00000
 proc =   7  # of atoms=   0  estimated weight=         0.00000
 proc =   8  # of atoms=   0  estimated weight=         0.00000
 proc =   9  # of atoms=   0  estimated weight=         0.00000
 proc =  10  # of atoms=   0  estimated weight=         0.00000
 proc =  11  # of atoms=   0  estimated weight=         0.00000
 proc =  12  # of atoms=   0  estimated weight=         0.00000
 proc =  13  # of atoms=   0  estimated weight=         0.00000
 proc =  14  # of atoms=   0  estimated weight=         0.00000
 proc =  15  # of atoms=   0  estimated weight=         0.00000



TFNAN=     256   Average FNAN=  64.00000
TSNAN=       0   Average SNAN=   0.00000
<truncation> CpyCell= 3 ct_AN=   1 FNAN SNAN  64   0
<truncation> CpyCell= 3 ct_AN=   2 FNAN SNAN  64   0
<truncation> CpyCell= 3 ct_AN=   3 FNAN SNAN  64   0
<truncation> CpyCell= 3 ct_AN=   4 FNAN SNAN  64   0
<UCell_Box> Info. of cutoff energy and num. of grids
lattice vectors (bohr)
A  = 11.281295655248,  0.000000000000, -0.028203239138
B  =  0.000000000000, 11.281295655248,  0.000000000000
C  = -0.015204829790,  0.000000000000,  6.081931916162
reciprocal lattice vectors (bohr^-1)
RA =  0.556959481370, -0.000000000000,  0.001392398703
RB = -0.000000000000,  0.556956000374, -0.000000000000
RC =  0.002582742073, -0.000000000000,  1.033096829091
Required cutoff energy (Ryd) for 3D-grids = 200.0000
    Used cutoff energy (Ryd) for 3D-grids = 193.8786, 193.8750, 194.5146
Num. of grids of a-, b-, and c-axes = 50, 50, 27
Cell_Volume =    774.028233187484 (Bohr^3)
GridVol     =      0.011467084936 (Bohr^3)
Cell vectors (bohr) of the grid cell (gtv)
  gtv_a =  0.225625913105,  0.000000000000, -0.000564064783
  gtv_b =  0.000000000000,  0.225625913105,  0.000000000000
  gtv_c = -0.000563141844,  0.000000000000,  0.225256737636
  |gtv_a| =  0.225626618185
  |gtv_b| =  0.225625913105
  |gtv_c| =  0.225257441562
Num. of grids overlapping with atom    1 = 125071
Num. of grids overlapping with atom    2 = 125321
Num. of grids overlapping with atom    3 = 125077
Num. of grids overlapping with atom    4 = 125117

*******************************************************
             SCF calculation at MD =17                
*******************************************************

<MD=17>  Calculation of the overlap matrix
<MD=17>  Calculation of the nonlocal matrix
<MD=17>  Calculation of the VNA projector matrix

******************* MD=17  SCF= 1 *******************
<Restart>  Found restart files
<Poisson>  Poisson's equation using FFT...
<Band>  Solving the eigenvalue problem...
 KGrids1:  -0.45833  -0.37500  -0.29167  -0.20833  -0.12500  -0.04167   0.04167   0.12500   0.20833   0.29167   0.37500   0.45833 
 KGrids2:  -0.45833  -0.37500  -0.29167  -0.20833  -0.12500  -0.04167   0.04167   0.12500   0.20833   0.29167   0.37500   0.45833 
 KGrids3:  -0.47500  -0.42500  -0.37500  -0.32500  -0.27500  -0.22500  -0.17500  -0.12500  -0.07500  -0.02500   0.02500   0.07500   0.12500   0.17500   0.22500   0.27500   0.32500   0.37500   0.42500   0.47500 
<Band_DFT>  Eigen, time=0.796585
<Band_DFT>  DM, time=1.758367
    1   Sn  MulP   6.9999  6.9999 sum  13.9997
    2   Sn  MulP   7.0004  7.0004 sum  14.0009
    3   Sn  MulP   6.9999  6.9999 sum  13.9997
    4   Sn  MulP   6.9998  6.9998 sum  13.9997
 Sum of MulP: up   =    28.00000 down          =    28.00000
              total=    56.00000 ideal(neutral)=    56.00000
<DFT>  Total Spin Moment (muB) =  0.000000000000
<DFT>  Mixing_weight= 0.400000000000
<DFT>  Uele   =  -42.211581786724  dUele     =   1.000000000000
<DFT>  NormRD =    1.000000000000  Criterion =   0.000000100000

******************* MD=17  SCF= 2 *******************
<Poisson>  Poisson's equation using FFT...
<Set_Hamiltonian>  Hamiltonian matrix for VNA+dVH+Vxc...
<Band>  Solving the eigenvalue problem...
 KGrids1:  -0.45833  -0.37500  -0.29167  -0.20833  -0.12500  -0.04167   0.04167   0.12500   0.20833   0.29167   0.37500   0.45833 
 KGrids2:  -0.45833  -0.37500  -0.29167  -0.20833  -0.12500  -0.04167   0.04167   0.12500   0.20833   0.29167   0.37500   0.45833 
 KGrids3:  -0.47500  -0.42500  -0.37500  -0.32500  -0.27500  -0.22500  -0.17500  -0.12500  -0.07500  -0.02500   0.02500   0.07500   0.12500   0.17500   0.22500   0.27500   0.32500   0.37500   0.42500   0.47500 
<Band_DFT>  Eigen, time=0.745091
<Band_DFT>  DM, time=1.807473
    1   Sn  MulP   6.9999  6.9999 sum  13.9997
    2   Sn  MulP   7.0004  7.0004 sum  14.0009
    3   Sn  MulP   6.9999  6.9999 sum  13.9997
    4   Sn  MulP   6.9998  6.9998 sum  13.9997
 Sum of MulP: up   =    28.00000 down          =    28.00000
              total=    56.00000 ideal(neutral)=    56.00000
<DFT>  Total Spin Moment (muB) =  0.000000000000
<DFT>  Mixing_weight= 0.400000000000
<DFT>  Uele   =  -42.211582804883  dUele     =   0.000001018159
<DFT>  NormRD =    0.000040561015  Criterion =   0.000000100000

******************* MD=17  SCF= 3 *******************
<Poisson>  Poisson's equation using FFT...
<Set_Hamiltonian>  Hamiltonian matrix for VNA+dVH+Vxc...
<Band>  Solving the eigenvalue problem...
 KGrids1:  -0.45833  -0.37500  -0.29167  -0.20833  -0.12500  -0.04167   0.04167   0.12500   0.20833   0.29167   0.37500   0.45833 
 KGrids2:  -0.45833  -0.37500  -0.29167  -0.20833  -0.12500  -0.04167   0.04167   0.12500   0.20833   0.29167   0.37500   0.45833 
 KGrids3:  -0.47500  -0.42500  -0.37500  -0.32500  -0.27500  -0.22500  -0.17500  -0.12500  -0.07500  -0.02500   0.02500   0.07500   0.12500   0.17500   0.22500   0.27500   0.32500   0.37500   0.42500   0.47500 
<Band_DFT>  Eigen, time=0.735447
<Band_DFT>  DM, time=1.811076
    1   Sn  MulP   6.9999  6.9999 sum  13.9997
    2   Sn  MulP   7.0004  7.0004 sum  14.0009
    3   Sn  MulP   6.9999  6.9999 sum  13.9997
    4   Sn  MulP   6.9998  6.9998 sum  13.9997
 Sum of MulP: up   =    28.00000 down          =    28.00000
              total=    56.00000 ideal(neutral)=    56.00000
<DFT>  Total Spin Moment (muB) =  0.000000000000
<DFT>  Mixing_weight= 0.040000000000
<DFT>  Uele   =  -42.211583471521  dUele     =   0.000000666638
<DFT>  NormRD =    0.000027738049  Criterion =   0.000000100000

******************* MD=17  SCF= 4 *******************
<Poisson>  Poisson's equation using FFT...
<Set_Hamiltonian>  Hamiltonian matrix for VNA+dVH+Vxc...
<Band>  Solving the eigenvalue problem...
 KGrids1:  -0.45833  -0.37500  -0.29167  -0.20833  -0.12500  -0.04167   0.04167   0.12500   0.20833   0.29167   0.37500   0.45833 
 KGrids2:  -0.45833  -0.37500  -0.29167  -0.20833  -0.12500  -0.04167   0.04167   0.12500   0.20833   0.29167   0.37500   0.45833 
 KGrids3:  -0.47500  -0.42500  -0.37500  -0.32500  -0.27500  -0.22500  -0.17500  -0.12500  -0.07500  -0.02500   0.02500   0.07500   0.12500   0.17500   0.22500   0.27500   0.32500   0.37500   0.42500   0.47500 
<Band_DFT>  Eigen, time=0.793213
<Band_DFT>  DM, time=1.771331
    1   Sn  MulP   6.9999  6.9999 sum  13.9997
    2   Sn  MulP   7.0004  7.0004 sum  14.0009
    3   Sn  MulP   6.9999  6.9999 sum  13.9997
    4   Sn  MulP   6.9998  6.9998 sum  13.9997
 Sum of MulP: up   =    28.00000 down          =    28.00000
              total=    56.00000 ideal(neutral)=    56.00000
<DFT>  Total Spin Moment (muB) =  0.000000000000
<DFT>  Mixing_weight= 0.040000000000
<DFT>  Uele   =  -42.211585055602  dUele     =   0.000001584082
<DFT>  NormRD =    0.000003118428  Criterion =   0.000000100000

******************* MD=17  SCF= 5 *******************
<Poisson>  Poisson's equation using FFT...
<Set_Hamiltonian>  Hamiltonian matrix for VNA+dVH+Vxc...
<Band>  Solving the eigenvalue problem...
 KGrids1:  -0.45833  -0.37500  -0.29167  -0.20833  -0.12500  -0.04167   0.04167   0.12500   0.20833   0.29167   0.37500   0.45833 
 KGrids2:  -0.45833  -0.37500  -0.29167  -0.20833  -0.12500  -0.04167   0.04167   0.12500   0.20833   0.29167   0.37500   0.45833 
 KGrids3:  -0.47500  -0.42500  -0.37500  -0.32500  -0.27500  -0.22500  -0.17500  -0.12500  -0.07500  -0.02500   0.02500   0.07500   0.12500   0.17500   0.22500   0.27500   0.32500   0.37500   0.42500   0.47500 
<Band_DFT>  Eigen, time=0.749394
<Band_DFT>  DM, time=2.046134
    1   Sn  MulP   6.9999  6.9999 sum  13.9997
    2   Sn  MulP   7.0004  7.0004 sum  14.0009
    3   Sn  MulP   6.9999  6.9999 sum  13.9997
    4   Sn  MulP   6.9998  6.9998 sum  13.9997
 Sum of MulP: up   =    28.00000 down          =    28.00000
              total=    56.00000 ideal(neutral)=    56.00000
<DFT>  Total Spin Moment (muB) =  0.000000000000
<DFT>  Mixing_weight= 0.040000000000
<DFT>  Uele   =  -42.211584824727  dUele     =   0.000000230875
<DFT>  NormRD =    0.000003600153  Criterion =   0.000000100000

******************* MD=17  SCF= 6 *******************
<Poisson>  Poisson's equation using FFT...
<Set_Hamiltonian>  Hamiltonian matrix for VNA+dVH+Vxc...
<Band>  Solving the eigenvalue problem...
 KGrids1:  -0.45833  -0.37500  -0.29167  -0.20833  -0.12500  -0.04167   0.04167   0.12500   0.20833   0.29167   0.37500   0.45833 
 KGrids2:  -0.45833  -0.37500  -0.29167  -0.20833  -0.12500  -0.04167   0.04167   0.12500   0.20833   0.29167   0.37500   0.45833 
 KGrids3:  -0.47500  -0.42500  -0.37500  -0.32500  -0.27500  -0.22500  -0.17500  -0.12500  -0.07500  -0.02500   0.02500   0.07500   0.12500   0.17500   0.22500   0.27500   0.32500   0.37500   0.42500   0.47500 
<Band_DFT>  Eigen, time=0.800903
<Band_DFT>  DM, time=1.993185
    1   Sn  MulP   6.9999  6.9999 sum  13.9997
    2   Sn  MulP   7.0004  7.0004 sum  14.0009
    3   Sn  MulP   6.9999  6.9999 sum  13.9997
    4   Sn  MulP   6.9998  6.9998 sum  13.9997
 Sum of MulP: up   =    28.00000 down          =    28.00000
              total=    56.00000 ideal(neutral)=    56.00000
<DFT>  Total Spin Moment (muB) =  0.000000000000
<DFT>  Mixing_weight= 0.040000000000
<DFT>  Uele   =  -42.211584825263  dUele     =   0.000000000536
<DFT>  NormRD =    0.000000787447  Criterion =   0.000000100000
<MD=17>  Force calculation
  Force calculation #1
  Force calculation #2
  Force calculation #3
  Force calculation #4
  Force calculation #5
  Stress calculation #1
  Stress calculation #2
  Stress calculation #3
  Stress calculation #4
  Stress calculation #5
<MD=17>  Total Energy
  Force calculation #6
  Force calculation #7

*******************************************************
                  Dipole moment (Debye)                 
*******************************************************

 Absolute D      520.96717917

                      Dx                Dy                Dz
 Total           -362.95224143     -362.13905852      -92.34595015
 Core             400.36103849      401.43889777      323.32428461
 Electron        -763.31327992     -763.57795629     -415.67023476
 Back ground       -0.00000000       -0.00000000       -0.00000000

*******************************************************
               Stress tensor (Hartree/bohr^3)            
*******************************************************

      -0.00000159        0.00000000       -0.00000316 
       0.00000000       -0.00000075       -0.00000000 
      -0.00000316       -0.00000000        0.00000033 

*******************************************************
                Total Energy (Hartree) at MD =17        
*******************************************************

  Uele  =     -42.211584825263

  Ukin  =     203.438676497727
  UH0   =   -2703.961237638164
  UH1   =       0.004897955377
  Una   =    -149.421041236939
  Unl   =     -47.913297973833
  Uxc0  =     -25.237150156055
  Uxc1  =     -25.237150156055
  Ucore =    2464.168980294040
  Uhub  =       0.000000000000
  Ucs   =       0.000000000000
  Uzs   =       0.000000000000
  Uzo   =       0.000000000000
  Uef   =       0.000000000000
  UvdW  =       0.000000000000
  Uch   =       0.000000000000
  Utot  =    -284.157322413902

  UpV   =       0.000000000000
  Enpy  =    -284.157322413902
  Note:

  Uele:   band energy
  Ukin:   kinetic energy
  UH0:    electric part of screened Coulomb energy
  UH1:    difference electron-electron Coulomb energy
  Una:    neutral atom potential energy
  Unl:    non-local potential energy
  Uxc0:   exchange-correlation energy for alpha spin
  Uxc1:   exchange-correlation energy for beta spin
  Ucore:  core-core Coulomb energy
  Uhub:   LDA+U energy
  Ucs:    constraint energy for spin orientation
  Uzs:    Zeeman term for spin magnetic moment
  Uzo:    Zeeman term for orbital magnetic moment
  Uef:    electric energy by electric field
  UvdW:   semi-empirical vdW energy 
  Uch:    penalty term to create a core hole
  UpV:    pressure times volume
  Enpy:   Enthalpy = Utot + UpV
  (see also PRB 72, 045121(2005) for the energy contributions)


*******************************************************
           Computational times (s) at MD =17            
*******************************************************

  DFT in total      =   27.37037

  Set_OLP_Kin       =    0.70216
  Set_Nonlocal      =    1.36831
  Set_ProExpn_VNA   =    2.70591
  Set_Hamiltonian   =    1.30764
  Poisson           =    0.00094
  diagonalization   =   16.13463
  Mixing_DM         =    0.00467
  Force             =    2.09148
  Total_Energy      =    0.41284
  Set_Aden_Grid     =    0.19718
  Set_Orbitals_Grid =    0.09846
  Set_Density_Grid  =    0.52265
  RestartFileDFT    =    0.00296
  Mulliken_Charge   =    0.00097
  FFT(2D)_Density   =    0.00179

The SCF was achieved at MD=  17

*******************************************************
             MD or geometry opt. at MD =17              
*******************************************************

<BFGS>  |Maximum force| (Hartree/Bohr) = 0.000110737733
<BFGS>  Criterion       (Hartree/Bohr) = 0.000100000000

     atom=   1, XYZ(ang) Fxyz(a.u.)=   0.0002    0.0000   -0.0000    -0.0001   -0.0000    0.0000
     atom=   2, XYZ(ang) Fxyz(a.u.)=   2.9819    2.9849    1.5984    -0.0001    0.0000   -0.0001
     atom=   3, XYZ(ang) Fxyz(a.u.)=  -0.0051    2.9849    0.8273    -0.0001    0.0000    0.0000
     atom=   4, XYZ(ang) Fxyz(a.u.)=   2.9772   -0.0000    2.3825     0.0001    0.0000    0.0001

*******************************************************
        Analysis of neighbors and setting of grids        
*******************************************************


*******************************************************
  Allocation of atoms to processors at MD_iter=   18     
*******************************************************

 proc =   0  # of atoms=   1  estimated weight=         1.00000
 proc =   1  # of atoms=   1  estimated weight=         1.00000
 proc =   2  # of atoms=   1  estimated weight=         1.00000
 proc =   3  # of atoms=   1  estimated weight=         1.00000
 proc =   4  # of atoms=   0  estimated weight=         0.00000
 proc =   5  # of atoms=   0  estimated weight=         0.00000
 proc =   6  # of atoms=   0  estimated weight=         0.00000
 proc =   7  # of atoms=   0  estimated weight=         0.00000
 proc =   8  # of atoms=   0  estimated weight=         0.00000
 proc =   9  # of atoms=   0  estimated weight=         0.00000
 proc =  10  # of atoms=   0  estimated weight=         0.00000
 proc =  11  # of atoms=   0  estimated weight=         0.00000
 proc =  12  # of atoms=   0  estimated weight=         0.00000
 proc =  13  # of atoms=   0  estimated weight=         0.00000
 proc =  14  # of atoms=   0  estimated weight=         0.00000
 proc =  15  # of atoms=   0  estimated weight=         0.00000



TFNAN=     256   Average FNAN=  64.00000
TSNAN=       0   Average SNAN=   0.00000
<truncation> CpyCell= 3 ct_AN=   1 FNAN SNAN  64   0
<truncation> CpyCell= 3 ct_AN=   2 FNAN SNAN  64   0
<truncation> CpyCell= 3 ct_AN=   3 FNAN SNAN  64   0
<truncation> CpyCell= 3 ct_AN=   4 FNAN SNAN  64   0
<UCell_Box> Info. of cutoff energy and num. of grids
lattice vectors (bohr)
A  = 11.281295655248,  0.000000000000, -0.028203239138
B  =  0.000000000000, 11.281295655248,  0.000000000000
C  = -0.015204829790,  0.000000000000,  6.081931916162
reciprocal lattice vectors (bohr^-1)
RA =  0.556959481370, -0.000000000000,  0.001392398703
RB = -0.000000000000,  0.556956000374, -0.000000000000
RC =  0.002582742073, -0.000000000000,  1.033096829091
Required cutoff energy (Ryd) for 3D-grids = 200.0000
    Used cutoff energy (Ryd) for 3D-grids = 193.8786, 193.8750, 194.5146
Num. of grids of a-, b-, and c-axes = 50, 50, 27
Cell_Volume =    774.028233187484 (Bohr^3)
GridVol     =      0.011467084936 (Bohr^3)
Cell vectors (bohr) of the grid cell (gtv)
  gtv_a =  0.225625913105,  0.000000000000, -0.000564064783
  gtv_b =  0.000000000000,  0.225625913105,  0.000000000000
  gtv_c = -0.000563141844,  0.000000000000,  0.225256737636
  |gtv_a| =  0.225626618185
  |gtv_b| =  0.225625913105
  |gtv_c| =  0.225257441562
Num. of grids overlapping with atom    1 = 125067
Num. of grids overlapping with atom    2 = 125313
Num. of grids overlapping with atom    3 = 125082
Num. of grids overlapping with atom    4 = 125113

*******************************************************
             SCF calculation at MD =18                
*******************************************************

<MD=18>  Calculation of the overlap matrix
<MD=18>  Calculation of the nonlocal matrix
<MD=18>  Calculation of the VNA projector matrix

******************* MD=18  SCF= 1 *******************
<Restart>  Found restart files
<Poisson>  Poisson's equation using FFT...
<Band>  Solving the eigenvalue problem...
 KGrids1:  -0.45833  -0.37500  -0.29167  -0.20833  -0.12500  -0.04167   0.04167   0.12500   0.20833   0.29167   0.37500   0.45833 
 KGrids2:  -0.45833  -0.37500  -0.29167  -0.20833  -0.12500  -0.04167   0.04167   0.12500   0.20833   0.29167   0.37500   0.45833 
 KGrids3:  -0.47500  -0.42500  -0.37500  -0.32500  -0.27500  -0.22500  -0.17500  -0.12500  -0.07500  -0.02500   0.02500   0.07500   0.12500   0.17500   0.22500   0.27500   0.32500   0.37500   0.42500   0.47500 
<Band_DFT>  Eigen, time=0.793520
<Band_DFT>  DM, time=1.990953
    1   Sn  MulP   6.9999  6.9999 sum  13.9997
    2   Sn  MulP   7.0005  7.0005 sum  14.0009
    3   Sn  MulP   6.9999  6.9999 sum  13.9997
    4   Sn  MulP   6.9998  6.9998 sum  13.9997
 Sum of MulP: up   =    28.00000 down          =    28.00000
              total=    56.00000 ideal(neutral)=    56.00000
<DFT>  Total Spin Moment (muB) =  0.000000000000
<DFT>  Mixing_weight= 0.400000000000
<DFT>  Uele   =  -42.211569645150  dUele     =   1.000000000000
<DFT>  NormRD =    1.000000000000  Criterion =   0.000000100000

******************* MD=18  SCF= 2 *******************
<Poisson>  Poisson's equation using FFT...
<Set_Hamiltonian>  Hamiltonian matrix for VNA+dVH+Vxc...
<Band>  Solving the eigenvalue problem...
 KGrids1:  -0.45833  -0.37500  -0.29167  -0.20833  -0.12500  -0.04167   0.04167   0.12500   0.20833   0.29167   0.37500   0.45833 
 KGrids2:  -0.45833  -0.37500  -0.29167  -0.20833  -0.12500  -0.04167   0.04167   0.12500   0.20833   0.29167   0.37500   0.45833 
 KGrids3:  -0.47500  -0.42500  -0.37500  -0.32500  -0.27500  -0.22500  -0.17500  -0.12500  -0.07500  -0.02500   0.02500   0.07500   0.12500   0.17500   0.22500   0.27500   0.32500   0.37500   0.42500   0.47500 
<Band_DFT>  Eigen, time=0.741835
<Band_DFT>  DM, time=2.038550
    1   Sn  MulP   6.9999  6.9999 sum  13.9997
    2   Sn  MulP   7.0004  7.0004 sum  14.0009
    3   Sn  MulP   6.9999  6.9999 sum  13.9997
    4   Sn  MulP   6.9998  6.9998 sum  13.9997
 Sum of MulP: up   =    28.00000 down          =    28.00000
              total=    56.00000 ideal(neutral)=    56.00000
<DFT>  Total Spin Moment (muB) =  0.000000000000
<DFT>  Mixing_weight= 0.400000000000
<DFT>  Uele   =  -42.211574028196  dUele     =   0.000004383045
<DFT>  NormRD =    0.000063231307  Criterion =   0.000000100000

******************* MD=18  SCF= 3 *******************
<Poisson>  Poisson's equation using FFT...
<Set_Hamiltonian>  Hamiltonian matrix for VNA+dVH+Vxc...
<Band>  Solving the eigenvalue problem...
 KGrids1:  -0.45833  -0.37500  -0.29167  -0.20833  -0.12500  -0.04167   0.04167   0.12500   0.20833   0.29167   0.37500   0.45833 
 KGrids2:  -0.45833  -0.37500  -0.29167  -0.20833  -0.12500  -0.04167   0.04167   0.12500   0.20833   0.29167   0.37500   0.45833 
 KGrids3:  -0.47500  -0.42500  -0.37500  -0.32500  -0.27500  -0.22500  -0.17500  -0.12500  -0.07500  -0.02500   0.02500   0.07500   0.12500   0.17500   0.22500   0.27500   0.32500   0.37500   0.42500   0.47500 
<Band_DFT>  Eigen, time=0.739795
<Band_DFT>  DM, time=2.039675
    1   Sn  MulP   6.9999  6.9999 sum  13.9997
    2   Sn  MulP   7.0004  7.0004 sum  14.0009
    3   Sn  MulP   6.9999  6.9999 sum  13.9997
    4   Sn  MulP   6.9998  6.9998 sum  13.9997
 Sum of MulP: up   =    28.00000 down          =    28.00000
              total=    56.00000 ideal(neutral)=    56.00000
<DFT>  Total Spin Moment (muB) =  0.000000000000
<DFT>  Mixing_weight= 0.040000000000
<DFT>  Uele   =  -42.211576965268  dUele     =   0.000002937072
<DFT>  NormRD =    0.000042703397  Criterion =   0.000000100000

******************* MD=18  SCF= 4 *******************
<Poisson>  Poisson's equation using FFT...
<Set_Hamiltonian>  Hamiltonian matrix for VNA+dVH+Vxc...
<Band>  Solving the eigenvalue problem...
 KGrids1:  -0.45833  -0.37500  -0.29167  -0.20833  -0.12500  -0.04167   0.04167   0.12500   0.20833   0.29167   0.37500   0.45833 
 KGrids2:  -0.45833  -0.37500  -0.29167  -0.20833  -0.12500  -0.04167   0.04167   0.12500   0.20833   0.29167   0.37500   0.45833 
 KGrids3:  -0.47500  -0.42500  -0.37500  -0.32500  -0.27500  -0.22500  -0.17500  -0.12500  -0.07500  -0.02500   0.02500   0.07500   0.12500   0.17500   0.22500   0.27500   0.32500   0.37500   0.42500   0.47500 
<Band_DFT>  Eigen, time=0.745291
<Band_DFT>  DM, time=2.042309
    1   Sn  MulP   6.9999  6.9999 sum  13.9997
    2   Sn  MulP   7.0004  7.0004 sum  14.0009
    3   Sn  MulP   6.9999  6.9999 sum  13.9997
    4   Sn  MulP   6.9998  6.9998 sum  13.9997
 Sum of MulP: up   =    28.00000 down          =    28.00000
              total=    56.00000 ideal(neutral)=    56.00000
<DFT>  Total Spin Moment (muB) =  0.000000000000
<DFT>  Mixing_weight= 0.040000000000
<DFT>  Uele   =  -42.211584641719  dUele     =   0.000007676451
<DFT>  NormRD =    0.000005031668  Criterion =   0.000000100000

******************* MD=18  SCF= 5 *******************
<Poisson>  Poisson's equation using FFT...
<Set_Hamiltonian>  Hamiltonian matrix for VNA+dVH+Vxc...
<Band>  Solving the eigenvalue problem...
 KGrids1:  -0.45833  -0.37500  -0.29167  -0.20833  -0.12500  -0.04167   0.04167   0.12500   0.20833   0.29167   0.37500   0.45833 
 KGrids2:  -0.45833  -0.37500  -0.29167  -0.20833  -0.12500  -0.04167   0.04167   0.12500   0.20833   0.29167   0.37500   0.45833 
 KGrids3:  -0.47500  -0.42500  -0.37500  -0.32500  -0.27500  -0.22500  -0.17500  -0.12500  -0.07500  -0.02500   0.02500   0.07500   0.12500   0.17500   0.22500   0.27500   0.32500   0.37500   0.42500   0.47500 
<Band_DFT>  Eigen, time=0.742360
<Band_DFT>  DM, time=2.043151
    1   Sn  MulP   6.9999  6.9999 sum  13.9997
    2   Sn  MulP   7.0004  7.0004 sum  14.0009
    3   Sn  MulP   6.9999  6.9999 sum  13.9997
    4   Sn  MulP   6.9998  6.9998 sum  13.9997
 Sum of MulP: up   =    28.00000 down          =    28.00000
              total=    56.00000 ideal(neutral)=    56.00000
<DFT>  Total Spin Moment (muB) =  0.000000000000
<DFT>  Mixing_weight= 0.040000000000
<DFT>  Uele   =  -42.211583356222  dUele     =   0.000001285497
<DFT>  NormRD =    0.000005453029  Criterion =   0.000000100000

******************* MD=18  SCF= 6 *******************
<Poisson>  Poisson's equation using FFT...
<Set_Hamiltonian>  Hamiltonian matrix for VNA+dVH+Vxc...
<Band>  Solving the eigenvalue problem...
 KGrids1:  -0.45833  -0.37500  -0.29167  -0.20833  -0.12500  -0.04167   0.04167   0.12500   0.20833   0.29167   0.37500   0.45833 
 KGrids2:  -0.45833  -0.37500  -0.29167  -0.20833  -0.12500  -0.04167   0.04167   0.12500   0.20833   0.29167   0.37500   0.45833 
 KGrids3:  -0.47500  -0.42500  -0.37500  -0.32500  -0.27500  -0.22500  -0.17500  -0.12500  -0.07500  -0.02500   0.02500   0.07500   0.12500   0.17500   0.22500   0.27500   0.32500   0.37500   0.42500   0.47500 
<Band_DFT>  Eigen, time=0.744378
<Band_DFT>  DM, time=2.044887
    1   Sn  MulP   6.9999  6.9999 sum  13.9997
    2   Sn  MulP   7.0004  7.0004 sum  14.0009
    3   Sn  MulP   6.9999  6.9999 sum  13.9997
    4   Sn  MulP   6.9998  6.9998 sum  13.9997
 Sum of MulP: up   =    28.00000 down          =    28.00000
              total=    56.00000 ideal(neutral)=    56.00000
<DFT>  Total Spin Moment (muB) =  0.000000000000
<DFT>  Mixing_weight= 0.040000000000
<DFT>  Uele   =  -42.211583301111  dUele     =   0.000000055110
<DFT>  NormRD =    0.000001172571  Criterion =   0.000000100000
<MD=18>  Force calculation
  Force calculation #1
  Force calculation #2
  Force calculation #3
  Force calculation #4
  Force calculation #5
  Stress calculation #1
  Stress calculation #2
  Stress calculation #3
  Stress calculation #4
  Stress calculation #5
<MD=18>  Total Energy
  Force calculation #6
  Force calculation #7

*******************************************************
                  Dipole moment (Debye)                 
*******************************************************

 Absolute D      520.88412039

                      Dx                Dy                Dz
 Total           -362.83005343     -362.13908892      -92.35745489
 Core             400.39114971      401.43887756      323.32211534
 Electron        -763.22120314     -763.57796649     -415.67957023
 Back ground       -0.00000000       -0.00000000       -0.00000000

*******************************************************
               Stress tensor (Hartree/bohr^3)            
*******************************************************

      -0.00000156        0.00000000       -0.00000307 
       0.00000000       -0.00000078       -0.00000000 
      -0.00000307       -0.00000000        0.00000043 

*******************************************************
                Total Energy (Hartree) at MD =18        
*******************************************************

  Uele  =     -42.211583301111

  Ukin  =     203.438676313281
  UH0   =   -2703.961194111926
  UH1   =       0.004897955058
  Una   =    -149.421040458615
  Unl   =     -47.913298045412
  Uxc0  =     -25.237150199119
  Uxc1  =     -25.237150199119
  Ucore =    2464.168936180271
  Uhub  =       0.000000000000
  Ucs   =       0.000000000000
  Uzs   =       0.000000000000
  Uzo   =       0.000000000000
  Uef   =       0.000000000000
  UvdW  =       0.000000000000
  Uch   =       0.000000000000
  Utot  =    -284.157322565581

  UpV   =       0.000000000000
  Enpy  =    -284.157322565581
  Note:

  Uele:   band energy
  Ukin:   kinetic energy
  UH0:    electric part of screened Coulomb energy
  UH1:    difference electron-electron Coulomb energy
  Una:    neutral atom potential energy
  Unl:    non-local potential energy
  Uxc0:   exchange-correlation energy for alpha spin
  Uxc1:   exchange-correlation energy for beta spin
  Ucore:  core-core Coulomb energy
  Uhub:   LDA+U energy
  Ucs:    constraint energy for spin orientation
  Uzs:    Zeeman term for spin magnetic moment
  Uzo:    Zeeman term for orbital magnetic moment
  Uef:    electric energy by electric field
  UvdW:   semi-empirical vdW energy 
  Uch:    penalty term to create a core hole
  UpV:    pressure times volume
  Enpy:   Enthalpy = Utot + UpV
  (see also PRB 72, 045121(2005) for the energy contributions)


*******************************************************
           Computational times (s) at MD =18            
*******************************************************

  DFT in total      =   27.80403

  Set_OLP_Kin       =    0.93898
  Set_Nonlocal      =    1.19796
  Set_ProExpn_VNA   =    2.59516
  Set_Hamiltonian   =    1.43968
  Poisson           =    0.00111
  diagonalization   =   17.07352
  Mixing_DM         =    0.00470
  Force             =    1.86061
  Total_Energy      =    0.34585
  Set_Aden_Grid     =    0.04544
  Set_Orbitals_Grid =    0.09917
  Set_Density_Grid  =    0.57221
  RestartFileDFT    =    0.00285
  Mulliken_Charge   =    0.00101
  FFT(2D)_Density   =    0.00181

The SCF was achieved at MD=  18

*******************************************************
             MD or geometry opt. at MD =18              
*******************************************************


The geometry optimization was achieved.
<BFGS>  |Maximum force| (Hartree/Bohr) = 0.000078238247
<BFGS>  Criterion       (Hartree/Bohr) = 0.000100000000

     atom=   1, XYZ(ang) Fxyz(a.u.)=   0.0002    0.0000   -0.0000    -0.0000   -0.0000    0.0000
     atom=   2, XYZ(ang) Fxyz(a.u.)=   2.9819    2.9849    1.5984    -0.0000    0.0000   -0.0001
     atom=   3, XYZ(ang) Fxyz(a.u.)=  -0.0051    2.9849    0.8273    -0.0001    0.0000    0.0000
     atom=   4, XYZ(ang) Fxyz(a.u.)=   2.9772   -0.0000    2.3825     0.0001    0.0000    0.0001

outputting data on grids to files...


***********************************************************
***********************************************************
               Computational Time (second)                 
***********************************************************
***********************************************************

                               Min_ID   Min_Time       Max_ID   Max_Time
   Total Computational Time =    13      545.303          0      545.316
   readfile                 =     6        2.330          0        2.334
   truncation               =    15        2.754          3        3.176
   MD_pac                   =     0        0.004         15        0.005
   OutData                  =     9        0.000          0        0.008
   DFT                      =     3      539.782         15      540.204

*** In DFT ***

   Set_OLP_Kin              =     5        0.555          1       15.099
   Set_Nonlocal             =     1       22.465          5       37.009
   Set_ProExpn_VNA          =    15       17.977          0       49.955
   Set_Hamiltonian          =     1       29.981          8       29.981
   Poisson                  =    13        0.026         11        0.026
   Diagonalization          =     0      327.575          2      327.577
   Mixing_DM                =     3        0.096         15        0.096
   Force                    =     3       39.195         15       39.195
   Total_Energy             =     1        7.226          0        7.228
   Set_Aden_Grid            =     0        1.421         15       33.399
   Set_Orbitals_Grid        =     4        0.000          2        1.961
   Set_Density_Grid         =     5       11.159          1       11.174
   RestartFileDFT           =     8        0.050          4        1.907
   Mulliken_Charge          =    15        0.020         14        0.020
   FFT(2D)_Density          =     6        0.039         13        0.039
   Others                   =     2       33.325          6       35.903

The calculation was normally finished.
