
The number of threads in each node for OpenMP parallelization is 1.


*******************************************************
*******************************************************
 Welcome to OpenMX   Ver. 3.9.9                           
 Copyright (C), 2002-2019, T. Ozaki                    
 OpenMX comes with ABSOLUTELY NO WARRANTY.             
 This is free software, and you are welcome to         
 redistribute it under the constitution of the GNU-GPL.
*******************************************************
*******************************************************



<Input_std>  Your input file was normally read.
<Input_std>  The system includes 1 species and 4 atoms.

*******************************************************
                     PAO and VPS                       
*******************************************************

<SetPara_DFT>  PAOs of species Sn were normally found.
<SetPara_DFT>  VPSs of species Sn were normally found.
               Sn_PBE19.vps is j-dependent.
               In case of scf.SpinOrbit.Coupling=off,
               j-dependent pseudo potentials are averaged by j-degeneracy,
               which corresponds to a scalar relativistic treatment.

*******************************************************
     Fourier transform of PAO and projectors of VNL    
*******************************************************

<FT_PAO>          Fourier transform of pseudo atomic orbitals
<FT_NLP>          Fourier transform of non-local projectors
<FT_ProExpn_VNA>  Fourier transform of VNA separable projectors
<FT_VNA>          Fourier transform of VNA potentials
<FT_ProductPAO>   Fourier transform of product of PAOs

*******************************************************
  Allocation of atoms to processors at MD_iter=    1     
*******************************************************

 proc =   0  # of atoms=   1  estimated weight=         1.00000
 proc =   1  # of atoms=   1  estimated weight=         1.00000
 proc =   2  # of atoms=   1  estimated weight=         1.00000
 proc =   3  # of atoms=   1  estimated weight=         1.00000
 proc =   4  # of atoms=   0  estimated weight=         0.00000
 proc =   5  # of atoms=   0  estimated weight=         0.00000
 proc =   6  # of atoms=   0  estimated weight=         0.00000
 proc =   7  # of atoms=   0  estimated weight=         0.00000
 proc =   8  # of atoms=   0  estimated weight=         0.00000
 proc =   9  # of atoms=   0  estimated weight=         0.00000
 proc =  10  # of atoms=   0  estimated weight=         0.00000
 proc =  11  # of atoms=   0  estimated weight=         0.00000
 proc =  12  # of atoms=   0  estimated weight=         0.00000
 proc =  13  # of atoms=   0  estimated weight=         0.00000
 proc =  14  # of atoms=   0  estimated weight=         0.00000
 proc =  15  # of atoms=   0  estimated weight=         0.00000




*******************************************************
        Analysis of neighbors and setting of grids        
*******************************************************

TFNAN=     216   Average FNAN=  54.00000
TSNAN=       0   Average SNAN=   0.00000
<truncation> CpyCell= 1 ct_AN=   1 FNAN SNAN  54   0
<truncation> CpyCell= 1 ct_AN=   2 FNAN SNAN  54   0
<truncation> CpyCell= 1 ct_AN=   3 FNAN SNAN  54   0
<truncation> CpyCell= 1 ct_AN=   4 FNAN SNAN  54   0
TFNAN=     256   Average FNAN=  64.00000
TSNAN=       0   Average SNAN=   0.00000
<truncation> CpyCell= 2 ct_AN=   1 FNAN SNAN  64   0
<truncation> CpyCell= 2 ct_AN=   2 FNAN SNAN  64   0
<truncation> CpyCell= 2 ct_AN=   3 FNAN SNAN  64   0
<truncation> CpyCell= 2 ct_AN=   4 FNAN SNAN  64   0
TFNAN=     256   Average FNAN=  64.00000
TSNAN=       0   Average SNAN=   0.00000
<truncation> CpyCell= 3 ct_AN=   1 FNAN SNAN  64   0
<truncation> CpyCell= 3 ct_AN=   2 FNAN SNAN  64   0
<truncation> CpyCell= 3 ct_AN=   3 FNAN SNAN  64   0
<truncation> CpyCell= 3 ct_AN=   4 FNAN SNAN  64   0
TFNAN=     256   Average FNAN=  64.00000
TSNAN=       0   Average SNAN=   0.00000
<truncation> CpyCell= 3 ct_AN=   1 FNAN SNAN  64   0
<truncation> CpyCell= 3 ct_AN=   2 FNAN SNAN  64   0
<truncation> CpyCell= 3 ct_AN=   3 FNAN SNAN  64   0
<truncation> CpyCell= 3 ct_AN=   4 FNAN SNAN  64   0
<Check_System> The system is bulk.
lattice vectors (bohr)
A  = 11.281295655248,  0.000000000000,  0.000000000000
B  =  0.000000000000, 11.281295655248,  0.028203239138
C  =  0.000000000000,  0.015204829790,  6.081931916162
reciprocal lattice vectors (bohr^-1)
RA =  0.556956000374,  0.000000000000,  0.000000000000
RB =  0.000000000000,  0.556959481370, -0.001392398703
RC =  0.000000000000, -0.002582742073,  1.033096829091
Grid_Origin  0.000000000000  0.000000000000  0.000000000000
Cell_Volume =    774.028233187484 (Bohr^3)
GridVol     =      0.011467084936 (Bohr^3)
Grid_Origin  0.000000000000  0.000000000000  0.000000000000
Cell_Volume =    774.028233187484 (Bohr^3)
GridVol     =      0.011467084936 (Bohr^3)
<UCell_Box> Info. of cutoff energy and num. of grids
lattice vectors (bohr)
A  = 11.281295655248,  0.000000000000,  0.000000000000
B  =  0.000000000000, 11.281295655248,  0.028203239138
C  =  0.000000000000,  0.015204829790,  6.081931916162
reciprocal lattice vectors (bohr^-1)
RA =  0.556956000374,  0.000000000000,  0.000000000000
RB =  0.000000000000,  0.556959481370, -0.001392398703
RC =  0.000000000000, -0.002582742073,  1.033096829091
Required cutoff energy (Ryd) for 3D-grids = 200.0000
    Used cutoff energy (Ryd) for 3D-grids = 193.8750, 193.8786, 194.5146
Num. of grids of a-, b-, and c-axes = 50, 50, 27
Grid_Origin  0.000000000000  0.000000000000  0.000000000000
Cell_Volume =    774.028233187484 (Bohr^3)
GridVol     =      0.011467084936 (Bohr^3)
Cell vectors (bohr) of the grid cell (gtv)
  gtv_a =  0.225625913105,  0.000000000000,  0.000000000000
  gtv_b =  0.000000000000,  0.225625913105,  0.000564064783
  gtv_c =  0.000000000000,  0.000563141844,  0.225256737636
  |gtv_a| =  0.225625913105
  |gtv_b| =  0.225626618185
  |gtv_c| =  0.225257441562
Num. of grids overlapping with atom    1 = 125071
Num. of grids overlapping with atom    2 = 125318
Num. of grids overlapping with atom    3 = 125230
Num. of grids overlapping with atom    4 = 125230

*******************************************************
             SCF calculation at MD = 1                
*******************************************************

<MD= 1>  Calculation of the overlap matrix
<MD= 1>  Calculation of the nonlocal matrix
<MD= 1>  Calculation of the VNA projector matrix

******************* MD= 1  SCF= 1 *******************
<Band>  Solving the eigenvalue problem...
 KGrids1:  -0.45833  -0.37500  -0.29167  -0.20833  -0.12500  -0.04167   0.04167   0.12500   0.20833   0.29167   0.37500   0.45833 
 KGrids2:  -0.45833  -0.37500  -0.29167  -0.20833  -0.12500  -0.04167   0.04167   0.12500   0.20833   0.29167   0.37500   0.45833 
 KGrids3:  -0.47500  -0.42500  -0.37500  -0.32500  -0.27500  -0.22500  -0.17500  -0.12500  -0.07500  -0.02500   0.02500   0.07500   0.12500   0.17500   0.22500   0.27500   0.32500   0.37500   0.42500   0.47500 
<Band_DFT>  Eigen, time=0.805020
<Band_DFT>  DM, time=1.868379
    1   Sn  MulP   7.0000  7.0000 sum  14.0000
    2   Sn  MulP   7.0000  7.0000 sum  14.0000
    3   Sn  MulP   7.0000  7.0000 sum  14.0000
    4   Sn  MulP   7.0000  7.0000 sum  14.0000
 Sum of MulP: up   =    28.00000 down          =    28.00000
              total=    56.00000 ideal(neutral)=    56.00000
<DFT>  Total Spin Moment (muB) =  0.000000000000
<DFT>  Mixing_weight= 0.100000000000
<DFT>  Uele   =  -41.307672443300  dUele     =   1.000000000000
<DFT>  NormRD =    1.000000000000  Criterion =   0.000000100000

******************* MD= 1  SCF= 2 *******************
<Poisson>  Poisson's equation using FFT...
<Set_Hamiltonian>  Hamiltonian matrix for VNA+dVH+Vxc...
<Band>  Solving the eigenvalue problem...
 KGrids1:  -0.45833  -0.37500  -0.29167  -0.20833  -0.12500  -0.04167   0.04167   0.12500   0.20833   0.29167   0.37500   0.45833 
 KGrids2:  -0.45833  -0.37500  -0.29167  -0.20833  -0.12500  -0.04167   0.04167   0.12500   0.20833   0.29167   0.37500   0.45833 
 KGrids3:  -0.47500  -0.42500  -0.37500  -0.32500  -0.27500  -0.22500  -0.17500  -0.12500  -0.07500  -0.02500   0.02500   0.07500   0.12500   0.17500   0.22500   0.27500   0.32500   0.37500   0.42500   0.47500 
<Band_DFT>  Eigen, time=0.748485
<Band_DFT>  DM, time=2.043448
    1   Sn  MulP   7.0000  7.0000 sum  14.0000
    2   Sn  MulP   7.0000  7.0000 sum  14.0000
    3   Sn  MulP   7.0000  7.0000 sum  14.0000
    4   Sn  MulP   7.0000  7.0000 sum  14.0000
 Sum of MulP: up   =    28.00000 down          =    28.00000
              total=    56.00000 ideal(neutral)=    56.00000
<DFT>  Total Spin Moment (muB) =  0.000000000000
<DFT>  Mixing_weight= 0.124974160893
<DFT>  Uele   =  -41.307672443300  dUele     =   0.000000000000
<DFT>  NormRD =    0.447028629420  Criterion =   0.000000100000

******************* MD= 1  SCF= 3 *******************
<Poisson>  Poisson's equation using FFT...
<Set_Hamiltonian>  Hamiltonian matrix for VNA+dVH+Vxc...
<Band>  Solving the eigenvalue problem...
 KGrids1:  -0.45833  -0.37500  -0.29167  -0.20833  -0.12500  -0.04167   0.04167   0.12500   0.20833   0.29167   0.37500   0.45833 
 KGrids2:  -0.45833  -0.37500  -0.29167  -0.20833  -0.12500  -0.04167   0.04167   0.12500   0.20833   0.29167   0.37500   0.45833 
 KGrids3:  -0.47500  -0.42500  -0.37500  -0.32500  -0.27500  -0.22500  -0.17500  -0.12500  -0.07500  -0.02500   0.02500   0.07500   0.12500   0.17500   0.22500   0.27500   0.32500   0.37500   0.42500   0.47500 
<Band_DFT>  Eigen, time=0.741454
<Band_DFT>  DM, time=2.047036
    1   Sn  MulP   7.0000  7.0000 sum  14.0000
    2   Sn  MulP   7.0000  7.0000 sum  14.0000
    3   Sn  MulP   7.0000  7.0000 sum  14.0000
    4   Sn  MulP   7.0000  7.0000 sum  14.0000
 Sum of MulP: up   =    28.00000 down          =    28.00000
              total=    56.00000 ideal(neutral)=    56.00000
<DFT>  Total Spin Moment (muB) =  0.000000000000
<DFT>  Mixing_weight= 0.400000000000
<DFT>  Uele   =  -41.401197929843  dUele     =   0.093525486543
<DFT>  NormRD =    0.401759666493  Criterion =   0.000000100000

******************* MD= 1  SCF= 4 *******************
<Poisson>  Poisson's equation using FFT...
<Set_Hamiltonian>  Hamiltonian matrix for VNA+dVH+Vxc...
<Band>  Solving the eigenvalue problem...
 KGrids1:  -0.45833  -0.37500  -0.29167  -0.20833  -0.12500  -0.04167   0.04167   0.12500   0.20833   0.29167   0.37500   0.45833 
 KGrids2:  -0.45833  -0.37500  -0.29167  -0.20833  -0.12500  -0.04167   0.04167   0.12500   0.20833   0.29167   0.37500   0.45833 
 KGrids3:  -0.47500  -0.42500  -0.37500  -0.32500  -0.27500  -0.22500  -0.17500  -0.12500  -0.07500  -0.02500   0.02500   0.07500   0.12500   0.17500   0.22500   0.27500   0.32500   0.37500   0.42500   0.47500 
<Band_DFT>  Eigen, time=0.741837
<Band_DFT>  DM, time=2.040821
    1   Sn  MulP   7.0000  7.0000 sum  14.0000
    2   Sn  MulP   7.0000  7.0000 sum  14.0000
    3   Sn  MulP   7.0000  7.0000 sum  14.0000
    4   Sn  MulP   7.0000  7.0000 sum  14.0000
 Sum of MulP: up   =    28.00000 down          =    28.00000
              total=    56.00000 ideal(neutral)=    56.00000
<DFT>  Total Spin Moment (muB) =  0.000000000000
<DFT>  Mixing_weight= 0.400000000000
<DFT>  Uele   =  -41.668285564688  dUele     =   0.267087634845
<DFT>  NormRD =    0.274559778407  Criterion =   0.000000100000

******************* MD= 1  SCF= 5 *******************
<Poisson>  Poisson's equation using FFT...
<Set_Hamiltonian>  Hamiltonian matrix for VNA+dVH+Vxc...
<Band>  Solving the eigenvalue problem...
 KGrids1:  -0.45833  -0.37500  -0.29167  -0.20833  -0.12500  -0.04167   0.04167   0.12500   0.20833   0.29167   0.37500   0.45833 
 KGrids2:  -0.45833  -0.37500  -0.29167  -0.20833  -0.12500  -0.04167   0.04167   0.12500   0.20833   0.29167   0.37500   0.45833 
 KGrids3:  -0.47500  -0.42500  -0.37500  -0.32500  -0.27500  -0.22500  -0.17500  -0.12500  -0.07500  -0.02500   0.02500   0.07500   0.12500   0.17500   0.22500   0.27500   0.32500   0.37500   0.42500   0.47500 
<Band_DFT>  Eigen, time=0.738385
<Band_DFT>  DM, time=1.608416
    1   Sn  MulP   7.0000  7.0000 sum  14.0000
    2   Sn  MulP   7.0000  7.0000 sum  14.0000
    3   Sn  MulP   7.0000  7.0000 sum  14.0000
    4   Sn  MulP   7.0000  7.0000 sum  14.0000
 Sum of MulP: up   =    28.00000 down          =    28.00000
              total=    56.00000 ideal(neutral)=    56.00000
<DFT>  Total Spin Moment (muB) =  0.000000000000
<DFT>  Mixing_weight= 0.040000000000
<DFT>  Uele   =  -41.843854366351  dUele     =   0.175568801663
<DFT>  NormRD =    0.198647098499  Criterion =   0.000000100000

******************* MD= 1  SCF= 6 *******************
<Poisson>  Poisson's equation using FFT...
<Set_Hamiltonian>  Hamiltonian matrix for VNA+dVH+Vxc...
<Band>  Solving the eigenvalue problem...
 KGrids1:  -0.45833  -0.37500  -0.29167  -0.20833  -0.12500  -0.04167   0.04167   0.12500   0.20833   0.29167   0.37500   0.45833 
 KGrids2:  -0.45833  -0.37500  -0.29167  -0.20833  -0.12500  -0.04167   0.04167   0.12500   0.20833   0.29167   0.37500   0.45833 
 KGrids3:  -0.47500  -0.42500  -0.37500  -0.32500  -0.27500  -0.22500  -0.17500  -0.12500  -0.07500  -0.02500   0.02500   0.07500   0.12500   0.17500   0.22500   0.27500   0.32500   0.37500   0.42500   0.47500 
<Band_DFT>  Eigen, time=0.757167
<Band_DFT>  DM, time=1.671951
    1   Sn  MulP   7.0000  7.0000 sum  14.0001
    2   Sn  MulP   7.0000  7.0000 sum  14.0000
    3   Sn  MulP   7.0000  7.0000 sum  14.0000
    4   Sn  MulP   7.0000  7.0000 sum  14.0000
 Sum of MulP: up   =    28.00000 down          =    28.00000
              total=    56.00000 ideal(neutral)=    56.00000
<DFT>  Total Spin Moment (muB) =  0.000000000000
<DFT>  Mixing_weight= 0.040000000000
<DFT>  Uele   =  -42.207973006688  dUele     =   0.364118640337
<DFT>  NormRD =    0.007979581263  Criterion =   0.000000100000

******************* MD= 1  SCF= 7 *******************
<Poisson>  Poisson's equation using FFT...
<Set_Hamiltonian>  Hamiltonian matrix for VNA+dVH+Vxc...
<Band>  Solving the eigenvalue problem...
 KGrids1:  -0.45833  -0.37500  -0.29167  -0.20833  -0.12500  -0.04167   0.04167   0.12500   0.20833   0.29167   0.37500   0.45833 
 KGrids2:  -0.45833  -0.37500  -0.29167  -0.20833  -0.12500  -0.04167   0.04167   0.12500   0.20833   0.29167   0.37500   0.45833 
 KGrids3:  -0.47500  -0.42500  -0.37500  -0.32500  -0.27500  -0.22500  -0.17500  -0.12500  -0.07500  -0.02500   0.02500   0.07500   0.12500   0.17500   0.22500   0.27500   0.32500   0.37500   0.42500   0.47500 
<Band_DFT>  Eigen, time=0.738303
<Band_DFT>  DM, time=1.798146
    1   Sn  MulP   7.0000  7.0000 sum  14.0001
    2   Sn  MulP   7.0000  7.0000 sum  13.9999
    3   Sn  MulP   7.0000  7.0000 sum  14.0000
    4   Sn  MulP   7.0000  7.0000 sum  14.0000
 Sum of MulP: up   =    28.00000 down          =    28.00000
              total=    56.00000 ideal(neutral)=    56.00000
<DFT>  Total Spin Moment (muB) =  0.000000000000
<DFT>  Mixing_weight= 0.040000000000
<DFT>  Uele   =  -42.207945419773  dUele     =   0.000027586915
<DFT>  NormRD =    0.002954953939  Criterion =   0.000000100000

******************* MD= 1  SCF= 8 *******************
<Poisson>  Poisson's equation using FFT...
<Set_Hamiltonian>  Hamiltonian matrix for VNA+dVH+Vxc...
<Band>  Solving the eigenvalue problem...
 KGrids1:  -0.45833  -0.37500  -0.29167  -0.20833  -0.12500  -0.04167   0.04167   0.12500   0.20833   0.29167   0.37500   0.45833 
 KGrids2:  -0.45833  -0.37500  -0.29167  -0.20833  -0.12500  -0.04167   0.04167   0.12500   0.20833   0.29167   0.37500   0.45833 
 KGrids3:  -0.47500  -0.42500  -0.37500  -0.32500  -0.27500  -0.22500  -0.17500  -0.12500  -0.07500  -0.02500   0.02500   0.07500   0.12500   0.17500   0.22500   0.27500   0.32500   0.37500   0.42500   0.47500 
<Band_DFT>  Eigen, time=0.743950
<Band_DFT>  DM, time=1.806726
    1   Sn  MulP   7.0000  7.0000 sum  14.0000
    2   Sn  MulP   7.0000  7.0000 sum  14.0000
    3   Sn  MulP   7.0000  7.0000 sum  14.0000
    4   Sn  MulP   7.0000  7.0000 sum  14.0000
 Sum of MulP: up   =    28.00000 down          =    28.00000
              total=    56.00000 ideal(neutral)=    56.00000
<DFT>  Total Spin Moment (muB) =  0.000000000000
<DFT>  Mixing_weight= 0.040000000000
<DFT>  Uele   =  -42.213742002084  dUele     =   0.005796582311
<DFT>  NormRD =    0.000952783453  Criterion =   0.000000100000

******************* MD= 1  SCF= 9 *******************
<Poisson>  Poisson's equation using FFT...
<Set_Hamiltonian>  Hamiltonian matrix for VNA+dVH+Vxc...
<Band>  Solving the eigenvalue problem...
 KGrids1:  -0.45833  -0.37500  -0.29167  -0.20833  -0.12500  -0.04167   0.04167   0.12500   0.20833   0.29167   0.37500   0.45833 
 KGrids2:  -0.45833  -0.37500  -0.29167  -0.20833  -0.12500  -0.04167   0.04167   0.12500   0.20833   0.29167   0.37500   0.45833 
 KGrids3:  -0.47500  -0.42500  -0.37500  -0.32500  -0.27500  -0.22500  -0.17500  -0.12500  -0.07500  -0.02500   0.02500   0.07500   0.12500   0.17500   0.22500   0.27500   0.32500   0.37500   0.42500   0.47500 
<Band_DFT>  Eigen, time=0.739975
<Band_DFT>  DM, time=1.822780
    1   Sn  MulP   7.0001  7.0001 sum  14.0001
    2   Sn  MulP   6.9999  6.9999 sum  13.9999
    3   Sn  MulP   7.0000  7.0000 sum  14.0000
    4   Sn  MulP   7.0000  7.0000 sum  14.0000
 Sum of MulP: up   =    28.00000 down          =    28.00000
              total=    56.00000 ideal(neutral)=    56.00000
<DFT>  Total Spin Moment (muB) =  0.000000000000
<DFT>  Mixing_weight= 0.040000000000
<DFT>  Uele   =  -42.212020264956  dUele     =   0.001721737128
<DFT>  NormRD =    0.000222738614  Criterion =   0.000000100000

******************* MD= 1  SCF=10 *******************
<Poisson>  Poisson's equation using FFT...
<Set_Hamiltonian>  Hamiltonian matrix for VNA+dVH+Vxc...
<Band>  Solving the eigenvalue problem...
 KGrids1:  -0.45833  -0.37500  -0.29167  -0.20833  -0.12500  -0.04167   0.04167   0.12500   0.20833   0.29167   0.37500   0.45833 
 KGrids2:  -0.45833  -0.37500  -0.29167  -0.20833  -0.12500  -0.04167   0.04167   0.12500   0.20833   0.29167   0.37500   0.45833 
 KGrids3:  -0.47500  -0.42500  -0.37500  -0.32500  -0.27500  -0.22500  -0.17500  -0.12500  -0.07500  -0.02500   0.02500   0.07500   0.12500   0.17500   0.22500   0.27500   0.32500   0.37500   0.42500   0.47500 
<Band_DFT>  Eigen, time=0.748275
<Band_DFT>  DM, time=1.484365
    1   Sn  MulP   7.0000  7.0000 sum  14.0000
    2   Sn  MulP   7.0000  7.0000 sum  14.0000
    3   Sn  MulP   7.0000  7.0000 sum  14.0000
    4   Sn  MulP   7.0000  7.0000 sum  14.0000
 Sum of MulP: up   =    28.00000 down          =    28.00000
              total=    56.00000 ideal(neutral)=    56.00000
<DFT>  Total Spin Moment (muB) =  0.000000000000
<DFT>  Mixing_weight= 0.040000000000
<DFT>  Uele   =  -42.211989931277  dUele     =   0.000030333679
<DFT>  NormRD =    0.000061402172  Criterion =   0.000000100000

******************* MD= 1  SCF=11 *******************
<Poisson>  Poisson's equation using FFT...
<Set_Hamiltonian>  Hamiltonian matrix for VNA+dVH+Vxc...
<Band>  Solving the eigenvalue problem...
 KGrids1:  -0.45833  -0.37500  -0.29167  -0.20833  -0.12500  -0.04167   0.04167   0.12500   0.20833   0.29167   0.37500   0.45833 
 KGrids2:  -0.45833  -0.37500  -0.29167  -0.20833  -0.12500  -0.04167   0.04167   0.12500   0.20833   0.29167   0.37500   0.45833 
 KGrids3:  -0.47500  -0.42500  -0.37500  -0.32500  -0.27500  -0.22500  -0.17500  -0.12500  -0.07500  -0.02500   0.02500   0.07500   0.12500   0.17500   0.22500   0.27500   0.32500   0.37500   0.42500   0.47500 
<Band_DFT>  Eigen, time=0.521671
<Band_DFT>  DM, time=1.400663
    1   Sn  MulP   7.0000  7.0000 sum  14.0001
    2   Sn  MulP   7.0000  7.0000 sum  14.0000
    3   Sn  MulP   7.0000  7.0000 sum  14.0000
    4   Sn  MulP   7.0000  7.0000 sum  14.0000
 Sum of MulP: up   =    28.00000 down          =    28.00000
              total=    56.00000 ideal(neutral)=    56.00000
<DFT>  Total Spin Moment (muB) =  0.000000000000
<DFT>  Mixing_weight= 0.040000000000
<DFT>  Uele   =  -42.211971031549  dUele     =   0.000018899729
<DFT>  NormRD =    0.000016439316  Criterion =   0.000000100000

******************* MD= 1  SCF=12 *******************
<Poisson>  Poisson's equation using FFT...
<Set_Hamiltonian>  Hamiltonian matrix for VNA+dVH+Vxc...
<Band>  Solving the eigenvalue problem...
 KGrids1:  -0.45833  -0.37500  -0.29167  -0.20833  -0.12500  -0.04167   0.04167   0.12500   0.20833   0.29167   0.37500   0.45833 
 KGrids2:  -0.45833  -0.37500  -0.29167  -0.20833  -0.12500  -0.04167   0.04167   0.12500   0.20833   0.29167   0.37500   0.45833 
 KGrids3:  -0.47500  -0.42500  -0.37500  -0.32500  -0.27500  -0.22500  -0.17500  -0.12500  -0.07500  -0.02500   0.02500   0.07500   0.12500   0.17500   0.22500   0.27500   0.32500   0.37500   0.42500   0.47500 
<Band_DFT>  Eigen, time=0.784594
<Band_DFT>  DM, time=1.419441
    1   Sn  MulP   7.0000  7.0000 sum  14.0001
    2   Sn  MulP   7.0000  7.0000 sum  14.0000
    3   Sn  MulP   7.0000  7.0000 sum  14.0000
    4   Sn  MulP   7.0000  7.0000 sum  14.0000
 Sum of MulP: up   =    28.00000 down          =    28.00000
              total=    56.00000 ideal(neutral)=    56.00000
<DFT>  Total Spin Moment (muB) =  0.000000000000
<DFT>  Mixing_weight= 0.040000000000
<DFT>  Uele   =  -42.211947978011  dUele     =   0.000023053537
<DFT>  NormRD =    0.000003853528  Criterion =   0.000000100000

******************* MD= 1  SCF=13 *******************
<Poisson>  Poisson's equation using FFT...
<Set_Hamiltonian>  Hamiltonian matrix for VNA+dVH+Vxc...
<Band>  Solving the eigenvalue problem...
 KGrids1:  -0.45833  -0.37500  -0.29167  -0.20833  -0.12500  -0.04167   0.04167   0.12500   0.20833   0.29167   0.37500   0.45833 
 KGrids2:  -0.45833  -0.37500  -0.29167  -0.20833  -0.12500  -0.04167   0.04167   0.12500   0.20833   0.29167   0.37500   0.45833 
 KGrids3:  -0.47500  -0.42500  -0.37500  -0.32500  -0.27500  -0.22500  -0.17500  -0.12500  -0.07500  -0.02500   0.02500   0.07500   0.12500   0.17500   0.22500   0.27500   0.32500   0.37500   0.42500   0.47500 
<Band_DFT>  Eigen, time=0.522586
<Band_DFT>  DM, time=1.400783
    1   Sn  MulP   7.0000  7.0000 sum  14.0001
    2   Sn  MulP   7.0000  7.0000 sum  14.0000
    3   Sn  MulP   7.0000  7.0000 sum  14.0000
    4   Sn  MulP   7.0000  7.0000 sum  14.0000
 Sum of MulP: up   =    28.00000 down          =    28.00000
              total=    56.00000 ideal(neutral)=    56.00000
<DFT>  Total Spin Moment (muB) =  0.000000000000
<DFT>  Mixing_weight= 0.040000000000
<DFT>  Uele   =  -42.211948740876  dUele     =   0.000000762864
<DFT>  NormRD =    0.000004136076  Criterion =   0.000000100000

******************* MD= 1  SCF=14 *******************
<Poisson>  Poisson's equation using FFT...
<Set_Hamiltonian>  Hamiltonian matrix for VNA+dVH+Vxc...
<Band>  Solving the eigenvalue problem...
 KGrids1:  -0.45833  -0.37500  -0.29167  -0.20833  -0.12500  -0.04167   0.04167   0.12500   0.20833   0.29167   0.37500   0.45833 
 KGrids2:  -0.45833  -0.37500  -0.29167  -0.20833  -0.12500  -0.04167   0.04167   0.12500   0.20833   0.29167   0.37500   0.45833 
 KGrids3:  -0.47500  -0.42500  -0.37500  -0.32500  -0.27500  -0.22500  -0.17500  -0.12500  -0.07500  -0.02500   0.02500   0.07500   0.12500   0.17500   0.22500   0.27500   0.32500   0.37500   0.42500   0.47500 
<Band_DFT>  Eigen, time=0.521045
<Band_DFT>  DM, time=1.398379
    1   Sn  MulP   7.0000  7.0000 sum  14.0001
    2   Sn  MulP   7.0000  7.0000 sum  14.0000
    3   Sn  MulP   7.0000  7.0000 sum  14.0000
    4   Sn  MulP   7.0000  7.0000 sum  14.0000
 Sum of MulP: up   =    28.00000 down          =    28.00000
              total=    56.00000 ideal(neutral)=    56.00000
<DFT>  Total Spin Moment (muB) =  0.000000000000
<DFT>  Mixing_weight= 0.040000000000
<DFT>  Uele   =  -42.211948927036  dUele     =   0.000000186160
<DFT>  NormRD =    0.000000253483  Criterion =   0.000000100000

******************* MD= 1  SCF=15 *******************
<Poisson>  Poisson's equation using FFT...
<Set_Hamiltonian>  Hamiltonian matrix for VNA+dVH+Vxc...
<Band>  Solving the eigenvalue problem...
 KGrids1:  -0.45833  -0.37500  -0.29167  -0.20833  -0.12500  -0.04167   0.04167   0.12500   0.20833   0.29167   0.37500   0.45833 
 KGrids2:  -0.45833  -0.37500  -0.29167  -0.20833  -0.12500  -0.04167   0.04167   0.12500   0.20833   0.29167   0.37500   0.45833 
 KGrids3:  -0.47500  -0.42500  -0.37500  -0.32500  -0.27500  -0.22500  -0.17500  -0.12500  -0.07500  -0.02500   0.02500   0.07500   0.12500   0.17500   0.22500   0.27500   0.32500   0.37500   0.42500   0.47500 
<Band_DFT>  Eigen, time=0.739982
<Band_DFT>  DM, time=2.036555
    1   Sn  MulP   7.0000  7.0000 sum  14.0001
    2   Sn  MulP   7.0000  7.0000 sum  14.0000
    3   Sn  MulP   7.0000  7.0000 sum  14.0000
    4   Sn  MulP   7.0000  7.0000 sum  14.0000
 Sum of MulP: up   =    28.00000 down          =    28.00000
              total=    56.00000 ideal(neutral)=    56.00000
<DFT>  Total Spin Moment (muB) =  0.000000000000
<DFT>  Mixing_weight= 0.040000000000
<DFT>  Uele   =  -42.211948910419  dUele     =   0.000000016618
<DFT>  NormRD =    0.000000314763  Criterion =   0.000000100000
<MD= 1>  Force calculation
  Force calculation #1
  Force calculation #2
  Force calculation #3
  Force calculation #4
  Force calculation #5
  Stress calculation #1
  Stress calculation #2
  Stress calculation #3
  Stress calculation #4
  Stress calculation #5
<MD= 1>  Total Energy
  Force calculation #6
  Force calculation #7

*******************************************************
                  Dipole moment (Debye)                 
*******************************************************

 Absolute D      520.83176216

                      Dx                Dy                Dz
 Total           -362.13877037     -362.37154358      -93.85147775
 Core             401.43891146      402.25049515      325.63707059
 Electron        -763.57768183     -764.62203873     -419.48854834
 Back ground       -0.00000000       -0.00000000       -0.00000000

*******************************************************
               Stress tensor (Hartree/bohr^3)            
*******************************************************

      -0.00000034       -0.00000000        0.00000000 
      -0.00000000       -0.00000058        0.00000388 
       0.00000000        0.00000388       -0.00000114 

*******************************************************
                Total Energy (Hartree) at MD = 1        
*******************************************************

  Uele  =     -42.211948910419

  Ukin  =     203.437052936989
  UH0   =   -2703.969767981256
  UH1   =       0.004900426816
  Una   =    -149.420247772627
  Unl   =     -47.912595917927
  Uxc0  =     -25.237066717574
  Uxc1  =     -25.237066717574
  Ucore =    2464.177512762386
  Uhub  =       0.000000000000
  Ucs   =       0.000000000000
  Uzs   =       0.000000000000
  Uzo   =       0.000000000000
  Uef   =       0.000000000000
  UvdW  =       0.000000000000
  Uch   =       0.000000000000
  Utot  =    -284.157278980768

  UpV   =       0.000000000000
  Enpy  =    -284.157278980768
  Note:

  Uele:   band energy
  Ukin:   kinetic energy
  UH0:    electric part of screened Coulomb energy
  UH1:    difference electron-electron Coulomb energy
  Una:    neutral atom potential energy
  Unl:    non-local potential energy
  Uxc0:   exchange-correlation energy for alpha spin
  Uxc1:   exchange-correlation energy for beta spin
  Ucore:  core-core Coulomb energy
  Uhub:   LDA+U energy
  Ucs:    constraint energy for spin orientation
  Uzs:    Zeeman term for spin magnetic moment
  Uzo:    Zeeman term for orbital magnetic moment
  Uef:    electric energy by electric field
  UvdW:   semi-empirical vdW energy 
  Uch:    penalty term to create a core hole
  UpV:    pressure times volume
  Enpy:   Enthalpy = Utot + UpV
  (see also PRB 72, 045121(2005) for the energy contributions)


*******************************************************
           Computational times (s) at MD = 1            
*******************************************************

  DFT in total      =   51.97685

  Set_OLP_Kin       =    0.75530
  Set_Nonlocal      =    1.15125
  Set_ProExpn_VNA   =    2.97781
  Set_Hamiltonian   =    3.68838
  Poisson           =    0.00347
  diagonalization   =   37.28142
  Mixing_DM         =    0.01236
  Force             =    2.02292
  Total_Energy      =    0.40668
  Set_Aden_Grid     =    0.08295
  Set_Orbitals_Grid =    0.10010
  Set_Density_Grid  =    1.22335
  RestartFileDFT    =    0.00317
  Mulliken_Charge   =    0.00198
  FFT(2D)_Density   =    0.00599

The SCF was achieved at MD=   1

*******************************************************
             MD or geometry opt. at MD = 1              
*******************************************************

<Steepest_Descent>  SD_scaling= 1.259817203720
<Steepest_Descent>  |Maximum force| (Hartree/Bohr) = 0.001032646018
<Steepest_Descent>  Criterion       (Hartree/Bohr) = 0.000100000000

  atom=  1, XYZ(ang) Fxyz(a.u.)=   0.0000    0.0001   -0.0000    -0.0000   -0.0002    0.0000
  atom=  2, XYZ(ang) Fxyz(a.u.)=   2.9849    2.9890    1.6167    -0.0000   -0.0002   -0.0000
  atom=  3, XYZ(ang) Fxyz(a.u.)=  -0.0000    2.9868    0.8127     0.0000    0.0002   -0.0010
  atom=  4, XYZ(ang) Fxyz(a.u.)=   2.9849    0.0060    2.4131     0.0000    0.0001    0.0010

*******************************************************
        Analysis of neighbors and setting of grids        
*******************************************************


*******************************************************
  Allocation of atoms to processors at MD_iter=    2     
*******************************************************

 proc =   0  # of atoms=   1  estimated weight=         1.00000
 proc =   1  # of atoms=   1  estimated weight=         1.00000
 proc =   2  # of atoms=   1  estimated weight=         1.00000
 proc =   3  # of atoms=   1  estimated weight=         1.00000
 proc =   4  # of atoms=   0  estimated weight=         0.00000
 proc =   5  # of atoms=   0  estimated weight=         0.00000
 proc =   6  # of atoms=   0  estimated weight=         0.00000
 proc =   7  # of atoms=   0  estimated weight=         0.00000
 proc =   8  # of atoms=   0  estimated weight=         0.00000
 proc =   9  # of atoms=   0  estimated weight=         0.00000
 proc =  10  # of atoms=   0  estimated weight=         0.00000
 proc =  11  # of atoms=   0  estimated weight=         0.00000
 proc =  12  # of atoms=   0  estimated weight=         0.00000
 proc =  13  # of atoms=   0  estimated weight=         0.00000
 proc =  14  # of atoms=   0  estimated weight=         0.00000
 proc =  15  # of atoms=   0  estimated weight=         0.00000



TFNAN=     256   Average FNAN=  64.00000
TSNAN=       0   Average SNAN=   0.00000
<truncation> CpyCell= 3 ct_AN=   1 FNAN SNAN  64   0
<truncation> CpyCell= 3 ct_AN=   2 FNAN SNAN  64   0
<truncation> CpyCell= 3 ct_AN=   3 FNAN SNAN  64   0
<truncation> CpyCell= 3 ct_AN=   4 FNAN SNAN  64   0
<UCell_Box> Info. of cutoff energy and num. of grids
lattice vectors (bohr)
A  = 11.281295655248,  0.000000000000,  0.000000000000
B  =  0.000000000000, 11.281295655248,  0.028203239138
C  =  0.000000000000,  0.015204829790,  6.081931916162
reciprocal lattice vectors (bohr^-1)
RA =  0.556956000374,  0.000000000000,  0.000000000000
RB =  0.000000000000,  0.556959481370, -0.001392398703
RC =  0.000000000000, -0.002582742073,  1.033096829091
Required cutoff energy (Ryd) for 3D-grids = 200.0000
    Used cutoff energy (Ryd) for 3D-grids = 193.8750, 193.8786, 194.5146
Num. of grids of a-, b-, and c-axes = 50, 50, 27
Cell_Volume =    774.028233187484 (Bohr^3)
GridVol     =      0.011467084936 (Bohr^3)
Cell vectors (bohr) of the grid cell (gtv)
  gtv_a =  0.225625913105,  0.000000000000,  0.000000000000
  gtv_b =  0.000000000000,  0.225625913105,  0.000564064783
  gtv_c =  0.000000000000,  0.000563141844,  0.225256737636
  |gtv_a| =  0.225625913105
  |gtv_b| =  0.225626618185
  |gtv_c| =  0.225257441562
Num. of grids overlapping with atom    1 = 125067
Num. of grids overlapping with atom    2 = 125312
Num. of grids overlapping with atom    3 = 125236
Num. of grids overlapping with atom    4 = 125233

*******************************************************
             SCF calculation at MD = 2                
*******************************************************

<MD= 2>  Calculation of the overlap matrix
<MD= 2>  Calculation of the nonlocal matrix
<MD= 2>  Calculation of the VNA projector matrix

******************* MD= 2  SCF= 1 *******************
<Restart>  Found restart files
<Poisson>  Poisson's equation using FFT...
<Band>  Solving the eigenvalue problem...
 KGrids1:  -0.45833  -0.37500  -0.29167  -0.20833  -0.12500  -0.04167   0.04167   0.12500   0.20833   0.29167   0.37500   0.45833 
 KGrids2:  -0.45833  -0.37500  -0.29167  -0.20833  -0.12500  -0.04167   0.04167   0.12500   0.20833   0.29167   0.37500   0.45833 
 KGrids3:  -0.47500  -0.42500  -0.37500  -0.32500  -0.27500  -0.22500  -0.17500  -0.12500  -0.07500  -0.02500   0.02500   0.07500   0.12500   0.17500   0.22500   0.27500   0.32500   0.37500   0.42500   0.47500 
<Band_DFT>  Eigen, time=0.745303
<Band_DFT>  DM, time=1.715600
    1   Sn  MulP   7.0000  7.0000 sum  14.0000
    2   Sn  MulP   7.0000  7.0000 sum  14.0000
    3   Sn  MulP   7.0000  7.0000 sum  14.0000
    4   Sn  MulP   7.0000  7.0000 sum  14.0000
 Sum of MulP: up   =    28.00000 down          =    28.00000
              total=    56.00000 ideal(neutral)=    56.00000
<DFT>  Total Spin Moment (muB) =  0.000000000000
<DFT>  Mixing_weight= 0.400000000000
<DFT>  Uele   =  -42.211951188939  dUele     =   1.000000000000
<DFT>  NormRD =    1.000000000000  Criterion =   0.000000100000

******************* MD= 2  SCF= 2 *******************
<Poisson>  Poisson's equation using FFT...
<Set_Hamiltonian>  Hamiltonian matrix for VNA+dVH+Vxc...
<Band>  Solving the eigenvalue problem...
 KGrids1:  -0.45833  -0.37500  -0.29167  -0.20833  -0.12500  -0.04167   0.04167   0.12500   0.20833   0.29167   0.37500   0.45833 
 KGrids2:  -0.45833  -0.37500  -0.29167  -0.20833  -0.12500  -0.04167   0.04167   0.12500   0.20833   0.29167   0.37500   0.45833 
 KGrids3:  -0.47500  -0.42500  -0.37500  -0.32500  -0.27500  -0.22500  -0.17500  -0.12500  -0.07500  -0.02500   0.02500   0.07500   0.12500   0.17500   0.22500   0.27500   0.32500   0.37500   0.42500   0.47500 
<Band_DFT>  Eigen, time=0.747247
<Band_DFT>  DM, time=1.926051
    1   Sn  MulP   7.0000  7.0000 sum  14.0000
    2   Sn  MulP   7.0000  7.0000 sum  14.0000
    3   Sn  MulP   7.0000  7.0000 sum  14.0000
    4   Sn  MulP   7.0000  7.0000 sum  14.0000
 Sum of MulP: up   =    28.00000 down          =    28.00000
              total=    56.00000 ideal(neutral)=    56.00000
<DFT>  Total Spin Moment (muB) =  0.000000000000
<DFT>  Mixing_weight= 0.400000000000
<DFT>  Uele   =  -42.211943217256  dUele     =   0.000007971683
<DFT>  NormRD =    0.000249896234  Criterion =   0.000000100000

******************* MD= 2  SCF= 3 *******************
<Poisson>  Poisson's equation using FFT...
<Set_Hamiltonian>  Hamiltonian matrix for VNA+dVH+Vxc...
<Band>  Solving the eigenvalue problem...
 KGrids1:  -0.45833  -0.37500  -0.29167  -0.20833  -0.12500  -0.04167   0.04167   0.12500   0.20833   0.29167   0.37500   0.45833 
 KGrids2:  -0.45833  -0.37500  -0.29167  -0.20833  -0.12500  -0.04167   0.04167   0.12500   0.20833   0.29167   0.37500   0.45833 
 KGrids3:  -0.47500  -0.42500  -0.37500  -0.32500  -0.27500  -0.22500  -0.17500  -0.12500  -0.07500  -0.02500   0.02500   0.07500   0.12500   0.17500   0.22500   0.27500   0.32500   0.37500   0.42500   0.47500 
<Band_DFT>  Eigen, time=0.737121
<Band_DFT>  DM, time=1.699900
    1   Sn  MulP   7.0000  7.0000 sum  14.0000
    2   Sn  MulP   7.0000  7.0000 sum  14.0000
    3   Sn  MulP   7.0000  7.0000 sum  14.0000
    4   Sn  MulP   7.0000  7.0000 sum  14.0000
 Sum of MulP: up   =    28.00000 down          =    28.00000
              total=    56.00000 ideal(neutral)=    56.00000
<DFT>  Total Spin Moment (muB) =  0.000000000000
<DFT>  Mixing_weight= 0.040000000000
<DFT>  Uele   =  -42.211938351127  dUele     =   0.000004866129
<DFT>  NormRD =    0.000170366936  Criterion =   0.000000100000

******************* MD= 2  SCF= 4 *******************
<Poisson>  Poisson's equation using FFT...
<Set_Hamiltonian>  Hamiltonian matrix for VNA+dVH+Vxc...
<Band>  Solving the eigenvalue problem...
 KGrids1:  -0.45833  -0.37500  -0.29167  -0.20833  -0.12500  -0.04167   0.04167   0.12500   0.20833   0.29167   0.37500   0.45833 
 KGrids2:  -0.45833  -0.37500  -0.29167  -0.20833  -0.12500  -0.04167   0.04167   0.12500   0.20833   0.29167   0.37500   0.45833 
 KGrids3:  -0.47500  -0.42500  -0.37500  -0.32500  -0.27500  -0.22500  -0.17500  -0.12500  -0.07500  -0.02500   0.02500   0.07500   0.12500   0.17500   0.22500   0.27500   0.32500   0.37500   0.42500   0.47500 
<Band_DFT>  Eigen, time=0.516177
<Band_DFT>  DM, time=1.391998
    1   Sn  MulP   7.0000  7.0000 sum  14.0001
    2   Sn  MulP   7.0000  7.0000 sum  14.0000
    3   Sn  MulP   7.0000  7.0000 sum  14.0000
    4   Sn  MulP   7.0000  7.0000 sum  14.0000
 Sum of MulP: up   =    28.00000 down          =    28.00000
              total=    56.00000 ideal(neutral)=    56.00000
<DFT>  Total Spin Moment (muB) =  0.000000000000
<DFT>  Mixing_weight= 0.040000000000
<DFT>  Uele   =  -42.211930234752  dUele     =   0.000008116375
<DFT>  NormRD =    0.000015930867  Criterion =   0.000000100000

******************* MD= 2  SCF= 5 *******************
<Poisson>  Poisson's equation using FFT...
<Set_Hamiltonian>  Hamiltonian matrix for VNA+dVH+Vxc...
<Band>  Solving the eigenvalue problem...
 KGrids1:  -0.45833  -0.37500  -0.29167  -0.20833  -0.12500  -0.04167   0.04167   0.12500   0.20833   0.29167   0.37500   0.45833 
 KGrids2:  -0.45833  -0.37500  -0.29167  -0.20833  -0.12500  -0.04167   0.04167   0.12500   0.20833   0.29167   0.37500   0.45833 
 KGrids3:  -0.47500  -0.42500  -0.37500  -0.32500  -0.27500  -0.22500  -0.17500  -0.12500  -0.07500  -0.02500   0.02500   0.07500   0.12500   0.17500   0.22500   0.27500   0.32500   0.37500   0.42500   0.47500 
<Band_DFT>  Eigen, time=0.516995
<Band_DFT>  DM, time=1.389431
    1   Sn  MulP   7.0000  7.0000 sum  14.0001
    2   Sn  MulP   7.0000  7.0000 sum  14.0000
    3   Sn  MulP   7.0000  7.0000 sum  14.0000
    4   Sn  MulP   7.0000  7.0000 sum  14.0000
 Sum of MulP: up   =    28.00000 down          =    28.00000
              total=    56.00000 ideal(neutral)=    56.00000
<DFT>  Total Spin Moment (muB) =  0.000000000000
<DFT>  Mixing_weight= 0.040000000000
<DFT>  Uele   =  -42.211930595854  dUele     =   0.000000361102
<DFT>  NormRD =    0.000008105316  Criterion =   0.000000100000

******************* MD= 2  SCF= 6 *******************
<Poisson>  Poisson's equation using FFT...
<Set_Hamiltonian>  Hamiltonian matrix for VNA+dVH+Vxc...
<Band>  Solving the eigenvalue problem...
 KGrids1:  -0.45833  -0.37500  -0.29167  -0.20833  -0.12500  -0.04167   0.04167   0.12500   0.20833   0.29167   0.37500   0.45833 
 KGrids2:  -0.45833  -0.37500  -0.29167  -0.20833  -0.12500  -0.04167   0.04167   0.12500   0.20833   0.29167   0.37500   0.45833 
 KGrids3:  -0.47500  -0.42500  -0.37500  -0.32500  -0.27500  -0.22500  -0.17500  -0.12500  -0.07500  -0.02500   0.02500   0.07500   0.12500   0.17500   0.22500   0.27500   0.32500   0.37500   0.42500   0.47500 
<Band_DFT>  Eigen, time=0.513070
<Band_DFT>  DM, time=1.387288
    1   Sn  MulP   7.0000  7.0000 sum  14.0001
    2   Sn  MulP   7.0000  7.0000 sum  14.0000
    3   Sn  MulP   7.0000  7.0000 sum  14.0000
    4   Sn  MulP   7.0000  7.0000 sum  14.0000
 Sum of MulP: up   =    28.00000 down          =    28.00000
              total=    56.00000 ideal(neutral)=    56.00000
<DFT>  Total Spin Moment (muB) =  0.000000000000
<DFT>  Mixing_weight= 0.040000000000
<DFT>  Uele   =  -42.211930695328  dUele     =   0.000000099474
<DFT>  NormRD =    0.000008908032  Criterion =   0.000000100000
<MD= 2>  Force calculation
  Force calculation #1
  Force calculation #2
  Force calculation #3
  Force calculation #4
  Force calculation #5
  Stress calculation #1
  Stress calculation #2
  Stress calculation #3
  Stress calculation #4
  Stress calculation #5
<MD= 2>  Total Energy
  Force calculation #6
  Force calculation #7

*******************************************************
                  Dipole moment (Debye)                 
*******************************************************

 Absolute D      520.82240224

                      Dx                Dy                Dz
 Total           -362.13875838     -362.35624875      -93.85863493
 Core             401.43891146      402.25049597      325.63711477
 Electron        -763.57766984     -764.60674472     -419.49574970
 Back ground       -0.00000000       -0.00000000       -0.00000000

*******************************************************
               Stress tensor (Hartree/bohr^3)            
*******************************************************

      -0.00000027       -0.00000000        0.00000000 
      -0.00000000       -0.00000059        0.00000383 
       0.00000000        0.00000383       -0.00000119 

*******************************************************
                Total Energy (Hartree) at MD = 2        
*******************************************************

  Uele  =     -42.211930695328

  Ukin  =     203.437111608407
  UH0   =   -2703.969748425307
  UH1   =       0.004900333230
  Una   =    -149.420275555927
  Unl   =     -47.912621672537
  Uxc0  =     -25.237070317394
  Uxc1  =     -25.237070317394
  Ucore =    2464.177491890813
  Uhub  =       0.000000000000
  Ucs   =       0.000000000000
  Uzs   =       0.000000000000
  Uzo   =       0.000000000000
  Uef   =       0.000000000000
  UvdW  =       0.000000000000
  Uch   =       0.000000000000
  Utot  =    -284.157282456109

  UpV   =       0.000000000000
  Enpy  =    -284.157282456109
  Note:

  Uele:   band energy
  Ukin:   kinetic energy
  UH0:    electric part of screened Coulomb energy
  UH1:    difference electron-electron Coulomb energy
  Una:    neutral atom potential energy
  Unl:    non-local potential energy
  Uxc0:   exchange-correlation energy for alpha spin
  Uxc1:   exchange-correlation energy for beta spin
  Ucore:  core-core Coulomb energy
  Uhub:   LDA+U energy
  Ucs:    constraint energy for spin orientation
  Uzs:    Zeeman term for spin magnetic moment
  Uzo:    Zeeman term for orbital magnetic moment
  Uef:    electric energy by electric field
  UvdW:   semi-empirical vdW energy 
  Uch:    penalty term to create a core hole
  UpV:    pressure times volume
  Enpy:   Enthalpy = Utot + UpV
  (see also PRB 72, 045121(2005) for the energy contributions)


*******************************************************
           Computational times (s) at MD = 2            
*******************************************************

  DFT in total      =   24.86992

  Set_OLP_Kin       =    0.91739
  Set_Nonlocal      =    1.15968
  Set_ProExpn_VNA   =    2.66547
  Set_Hamiltonian   =    1.68265
  Poisson           =    0.00136
  diagonalization   =   13.61151
  Mixing_DM         =    0.00431
  Force             =    1.78916
  Total_Energy      =    0.40437
  Set_Aden_Grid     =    0.04747
  Set_Orbitals_Grid =    0.10115
  Set_Density_Grid  =    0.61308
  RestartFileDFT    =    0.00306
  Mulliken_Charge   =    0.00101
  FFT(2D)_Density   =    0.00180

The SCF was achieved at MD=   2

*******************************************************
             MD or geometry opt. at MD = 2              
*******************************************************

<Steepest_Descent>  SD_scaling= 1.259817203720
<Steepest_Descent>  |Maximum force| (Hartree/Bohr) = 0.001055022454
<Steepest_Descent>  Criterion       (Hartree/Bohr) = 0.000100000000

  atom=  1, XYZ(ang) Fxyz(a.u.)=   0.0000    0.0002    0.0000    -0.0000   -0.0001   -0.0000
  atom=  2, XYZ(ang) Fxyz(a.u.)=   2.9849    2.9891    1.6167    -0.0000   -0.0001   -0.0000
  atom=  3, XYZ(ang) Fxyz(a.u.)=  -0.0000    2.9866    0.8134    -0.0000    0.0003   -0.0010
  atom=  4, XYZ(ang) Fxyz(a.u.)=   2.9849    0.0060    2.4125     0.0000   -0.0000    0.0010

*******************************************************
        Analysis of neighbors and setting of grids        
*******************************************************


*******************************************************
  Allocation of atoms to processors at MD_iter=    3     
*******************************************************

 proc =   0  # of atoms=   1  estimated weight=         1.00000
 proc =   1  # of atoms=   1  estimated weight=         1.00000
 proc =   2  # of atoms=   1  estimated weight=         1.00000
 proc =   3  # of atoms=   1  estimated weight=         1.00000
 proc =   4  # of atoms=   0  estimated weight=         0.00000
 proc =   5  # of atoms=   0  estimated weight=         0.00000
 proc =   6  # of atoms=   0  estimated weight=         0.00000
 proc =   7  # of atoms=   0  estimated weight=         0.00000
 proc =   8  # of atoms=   0  estimated weight=         0.00000
 proc =   9  # of atoms=   0  estimated weight=         0.00000
 proc =  10  # of atoms=   0  estimated weight=         0.00000
 proc =  11  # of atoms=   0  estimated weight=         0.00000
 proc =  12  # of atoms=   0  estimated weight=         0.00000
 proc =  13  # of atoms=   0  estimated weight=         0.00000
 proc =  14  # of atoms=   0  estimated weight=         0.00000
 proc =  15  # of atoms=   0  estimated weight=         0.00000



TFNAN=     256   Average FNAN=  64.00000
TSNAN=       0   Average SNAN=   0.00000
<truncation> CpyCell= 3 ct_AN=   1 FNAN SNAN  64   0
<truncation> CpyCell= 3 ct_AN=   2 FNAN SNAN  64   0
<truncation> CpyCell= 3 ct_AN=   3 FNAN SNAN  64   0
<truncation> CpyCell= 3 ct_AN=   4 FNAN SNAN  64   0
<UCell_Box> Info. of cutoff energy and num. of grids
lattice vectors (bohr)
A  = 11.281295655248,  0.000000000000,  0.000000000000
B  =  0.000000000000, 11.281295655248,  0.028203239138
C  =  0.000000000000,  0.015204829790,  6.081931916162
reciprocal lattice vectors (bohr^-1)
RA =  0.556956000374,  0.000000000000,  0.000000000000
RB =  0.000000000000,  0.556959481370, -0.001392398703
RC =  0.000000000000, -0.002582742073,  1.033096829091
Required cutoff energy (Ryd) for 3D-grids = 200.0000
    Used cutoff energy (Ryd) for 3D-grids = 193.8750, 193.8786, 194.5146
Num. of grids of a-, b-, and c-axes = 50, 50, 27
Cell_Volume =    774.028233187484 (Bohr^3)
GridVol     =      0.011467084936 (Bohr^3)
Cell vectors (bohr) of the grid cell (gtv)
  gtv_a =  0.225625913105,  0.000000000000,  0.000000000000
  gtv_b =  0.000000000000,  0.225625913105,  0.000564064783
  gtv_c =  0.000000000000,  0.000563141844,  0.225256737636
  |gtv_a| =  0.225625913105
  |gtv_b| =  0.225626618185
  |gtv_c| =  0.225257441562
Num. of grids overlapping with atom    1 = 125067
Num. of grids overlapping with atom    2 = 125312
Num. of grids overlapping with atom    3 = 125238
Num. of grids overlapping with atom    4 = 125240

*******************************************************
             SCF calculation at MD = 3                
*******************************************************

<MD= 3>  Calculation of the overlap matrix
<MD= 3>  Calculation of the nonlocal matrix
<MD= 3>  Calculation of the VNA projector matrix

******************* MD= 3  SCF= 1 *******************
<Restart>  Found restart files
<Poisson>  Poisson's equation using FFT...
<Band>  Solving the eigenvalue problem...
 KGrids1:  -0.45833  -0.37500  -0.29167  -0.20833  -0.12500  -0.04167   0.04167   0.12500   0.20833   0.29167   0.37500   0.45833 
 KGrids2:  -0.45833  -0.37500  -0.29167  -0.20833  -0.12500  -0.04167   0.04167   0.12500   0.20833   0.29167   0.37500   0.45833 
 KGrids3:  -0.47500  -0.42500  -0.37500  -0.32500  -0.27500  -0.22500  -0.17500  -0.12500  -0.07500  -0.02500   0.02500   0.07500   0.12500   0.17500   0.22500   0.27500   0.32500   0.37500   0.42500   0.47500 
<Band_DFT>  Eigen, time=0.744193
<Band_DFT>  DM, time=1.891611
    1   Sn  MulP   7.0000  7.0000 sum  14.0000
    2   Sn  MulP   7.0000  7.0000 sum  14.0000
    3   Sn  MulP   7.0000  7.0000 sum  14.0000
    4   Sn  MulP   7.0000  7.0000 sum  14.0000
 Sum of MulP: up   =    28.00000 down          =    28.00000
              total=    56.00000 ideal(neutral)=    56.00000
<DFT>  Total Spin Moment (muB) =  0.000000000000
<DFT>  Mixing_weight= 0.400000000000
<DFT>  Uele   =  -42.211932725232  dUele     =   1.000000000000
<DFT>  NormRD =    1.000000000000  Criterion =   0.000000100000

******************* MD= 3  SCF= 2 *******************
<Poisson>  Poisson's equation using FFT...
<Set_Hamiltonian>  Hamiltonian matrix for VNA+dVH+Vxc...
<Band>  Solving the eigenvalue problem...
 KGrids1:  -0.45833  -0.37500  -0.29167  -0.20833  -0.12500  -0.04167   0.04167   0.12500   0.20833   0.29167   0.37500   0.45833 
 KGrids2:  -0.45833  -0.37500  -0.29167  -0.20833  -0.12500  -0.04167   0.04167   0.12500   0.20833   0.29167   0.37500   0.45833 
 KGrids3:  -0.47500  -0.42500  -0.37500  -0.32500  -0.27500  -0.22500  -0.17500  -0.12500  -0.07500  -0.02500   0.02500   0.07500   0.12500   0.17500   0.22500   0.27500   0.32500   0.37500   0.42500   0.47500 
<Band_DFT>  Eigen, time=0.658846
<Band_DFT>  DM, time=1.883756
    1   Sn  MulP   7.0000  7.0000 sum  14.0000
    2   Sn  MulP   7.0000  7.0000 sum  14.0000
    3   Sn  MulP   7.0000  7.0000 sum  14.0000
    4   Sn  MulP   7.0000  7.0000 sum  14.0000
 Sum of MulP: up   =    28.00000 down          =    28.00000
              total=    56.00000 ideal(neutral)=    56.00000
<DFT>  Total Spin Moment (muB) =  0.000000000000
<DFT>  Mixing_weight= 0.400000000000
<DFT>  Uele   =  -42.211924926442  dUele     =   0.000007798790
<DFT>  NormRD =    0.000247399195  Criterion =   0.000000100000

******************* MD= 3  SCF= 3 *******************
<Poisson>  Poisson's equation using FFT...
<Set_Hamiltonian>  Hamiltonian matrix for VNA+dVH+Vxc...
<Band>  Solving the eigenvalue problem...
 KGrids1:  -0.45833  -0.37500  -0.29167  -0.20833  -0.12500  -0.04167   0.04167   0.12500   0.20833   0.29167   0.37500   0.45833 
 KGrids2:  -0.45833  -0.37500  -0.29167  -0.20833  -0.12500  -0.04167   0.04167   0.12500   0.20833   0.29167   0.37500   0.45833 
 KGrids3:  -0.47500  -0.42500  -0.37500  -0.32500  -0.27500  -0.22500  -0.17500  -0.12500  -0.07500  -0.02500   0.02500   0.07500   0.12500   0.17500   0.22500   0.27500   0.32500   0.37500   0.42500   0.47500 
<Band_DFT>  Eigen, time=0.740105
<Band_DFT>  DM, time=1.928411
    1   Sn  MulP   7.0000  7.0000 sum  14.0000
    2   Sn  MulP   7.0000  7.0000 sum  14.0000
    3   Sn  MulP   7.0000  7.0000 sum  14.0000
    4   Sn  MulP   7.0000  7.0000 sum  14.0000
 Sum of MulP: up   =    28.00000 down          =    28.00000
              total=    56.00000 ideal(neutral)=    56.00000
<DFT>  Total Spin Moment (muB) =  0.000000000000
<DFT>  Mixing_weight= 0.040000000000
<DFT>  Uele   =  -42.211920164876  dUele     =   0.000004761566
<DFT>  NormRD =    0.000168358590  Criterion =   0.000000100000

******************* MD= 3  SCF= 4 *******************
<Poisson>  Poisson's equation using FFT...
<Set_Hamiltonian>  Hamiltonian matrix for VNA+dVH+Vxc...
<Band>  Solving the eigenvalue problem...
 KGrids1:  -0.45833  -0.37500  -0.29167  -0.20833  -0.12500  -0.04167   0.04167   0.12500   0.20833   0.29167   0.37500   0.45833 
 KGrids2:  -0.45833  -0.37500  -0.29167  -0.20833  -0.12500  -0.04167   0.04167   0.12500   0.20833   0.29167   0.37500   0.45833 
 KGrids3:  -0.47500  -0.42500  -0.37500  -0.32500  -0.27500  -0.22500  -0.17500  -0.12500  -0.07500  -0.02500   0.02500   0.07500   0.12500   0.17500   0.22500   0.27500   0.32500   0.37500   0.42500   0.47500 
<Band_DFT>  Eigen, time=0.745277
<Band_DFT>  DM, time=1.822652
    1   Sn  MulP   7.0000  7.0000 sum  14.0000
    2   Sn  MulP   7.0000  7.0000 sum  14.0000
    3   Sn  MulP   7.0000  7.0000 sum  14.0000
    4   Sn  MulP   7.0000  7.0000 sum  14.0000
 Sum of MulP: up   =    28.00000 down          =    28.00000
              total=    56.00000 ideal(neutral)=    56.00000
<DFT>  Total Spin Moment (muB) =  0.000000000000
<DFT>  Mixing_weight= 0.040000000000
<DFT>  Uele   =  -42.211912202919  dUele     =   0.000007961957
<DFT>  NormRD =    0.000016341778  Criterion =   0.000000100000

******************* MD= 3  SCF= 5 *******************
<Poisson>  Poisson's equation using FFT...
<Set_Hamiltonian>  Hamiltonian matrix for VNA+dVH+Vxc...
<Band>  Solving the eigenvalue problem...
 KGrids1:  -0.45833  -0.37500  -0.29167  -0.20833  -0.12500  -0.04167   0.04167   0.12500   0.20833   0.29167   0.37500   0.45833 
 KGrids2:  -0.45833  -0.37500  -0.29167  -0.20833  -0.12500  -0.04167   0.04167   0.12500   0.20833   0.29167   0.37500   0.45833 
 KGrids3:  -0.47500  -0.42500  -0.37500  -0.32500  -0.27500  -0.22500  -0.17500  -0.12500  -0.07500  -0.02500   0.02500   0.07500   0.12500   0.17500   0.22500   0.27500   0.32500   0.37500   0.42500   0.47500 
<Band_DFT>  Eigen, time=0.739252
<Band_DFT>  DM, time=2.039436
    1   Sn  MulP   7.0000  7.0000 sum  14.0000
    2   Sn  MulP   7.0000  7.0000 sum  14.0000
    3   Sn  MulP   7.0000  7.0000 sum  14.0000
    4   Sn  MulP   7.0000  7.0000 sum  14.0000
 Sum of MulP: up   =    28.00000 down          =    28.00000
              total=    56.00000 ideal(neutral)=    56.00000
<DFT>  Total Spin Moment (muB) =  0.000000000000
<DFT>  Mixing_weight= 0.040000000000
<DFT>  Uele   =  -42.211912577908  dUele     =   0.000000374989
<DFT>  NormRD =    0.000010841841  Criterion =   0.000000100000

******************* MD= 3  SCF= 6 *******************
<Poisson>  Poisson's equation using FFT...
<Set_Hamiltonian>  Hamiltonian matrix for VNA+dVH+Vxc...
<Band>  Solving the eigenvalue problem...
 KGrids1:  -0.45833  -0.37500  -0.29167  -0.20833  -0.12500  -0.04167   0.04167   0.12500   0.20833   0.29167   0.37500   0.45833 
 KGrids2:  -0.45833  -0.37500  -0.29167  -0.20833  -0.12500  -0.04167   0.04167   0.12500   0.20833   0.29167   0.37500   0.45833 
 KGrids3:  -0.47500  -0.42500  -0.37500  -0.32500  -0.27500  -0.22500  -0.17500  -0.12500  -0.07500  -0.02500   0.02500   0.07500   0.12500   0.17500   0.22500   0.27500   0.32500   0.37500   0.42500   0.47500 
<Band_DFT>  Eigen, time=0.743106
<Band_DFT>  DM, time=1.841183
    1   Sn  MulP   7.0000  7.0000 sum  14.0000
    2   Sn  MulP   7.0000  7.0000 sum  14.0000
    3   Sn  MulP   7.0000  7.0000 sum  14.0000
    4   Sn  MulP   7.0000  7.0000 sum  14.0000
 Sum of MulP: up   =    28.00000 down          =    28.00000
              total=    56.00000 ideal(neutral)=    56.00000
<DFT>  Total Spin Moment (muB) =  0.000000000000
<DFT>  Mixing_weight= 0.040000000000
<DFT>  Uele   =  -42.211912649021  dUele     =   0.000000071113
<DFT>  NormRD =    0.000007112492  Criterion =   0.000000100000
<MD= 3>  Force calculation
  Force calculation #1
  Force calculation #2
  Force calculation #3
  Force calculation #4
  Force calculation #5
  Stress calculation #1
  Stress calculation #2
  Stress calculation #3
  Stress calculation #4
  Stress calculation #5
<MD= 3>  Total Energy
  Force calculation #6
  Force calculation #7

*******************************************************
                  Dipole moment (Debye)                 
*******************************************************

 Absolute D      520.79962150

                      Dx                Dy                Dz
 Total           -362.13872461     -362.32214850      -93.86400054
 Core             401.43891339      402.24993800      325.63983871
 Electron        -763.57763800     -764.57208650     -419.50383926
 Back ground       -0.00000000       -0.00000000       -0.00000000

*******************************************************
               Stress tensor (Hartree/bohr^3)            
*******************************************************

      -0.00000018        0.00000000        0.00000000 
       0.00000000       -0.00000051        0.00000378 
       0.00000000        0.00000378       -0.00000097 

*******************************************************
                Total Energy (Hartree) at MD = 3        
*******************************************************

  Uele  =     -42.211912649021

  Ukin  =     203.437168900124
  UH0   =   -2703.969717951155
  UH1   =       0.004900240730
  Una   =    -149.420303058124
  Unl   =     -47.912646635962
  Uxc0  =     -25.237073558636
  Uxc1  =     -25.237073558636
  Ucore =    2464.177460436234
  Uhub  =       0.000000000000
  Ucs   =       0.000000000000
  Uzs   =       0.000000000000
  Uzo   =       0.000000000000
  Uef   =       0.000000000000
  UvdW  =       0.000000000000
  Uch   =       0.000000000000
  Utot  =    -284.157285185425

  UpV   =       0.000000000000
  Enpy  =    -284.157285185425
  Note:

  Uele:   band energy
  Ukin:   kinetic energy
  UH0:    electric part of screened Coulomb energy
  UH1:    difference electron-electron Coulomb energy
  Una:    neutral atom potential energy
  Unl:    non-local potential energy
  Uxc0:   exchange-correlation energy for alpha spin
  Uxc1:   exchange-correlation energy for beta spin
  Ucore:  core-core Coulomb energy
  Uhub:   LDA+U energy
  Ucs:    constraint energy for spin orientation
  Uzs:    Zeeman term for spin magnetic moment
  Uzo:    Zeeman term for orbital magnetic moment
  Uef:    electric energy by electric field
  UvdW:   semi-empirical vdW energy 
  Uch:    penalty term to create a core hole
  UpV:    pressure times volume
  Enpy:   Enthalpy = Utot + UpV
  (see also PRB 72, 045121(2005) for the energy contributions)


*******************************************************
           Computational times (s) at MD = 3            
*******************************************************

  DFT in total      =   26.80255

  Set_OLP_Kin       =    0.91325
  Set_Nonlocal      =    1.11510
  Set_ProExpn_VNA   =    2.45282
  Set_Hamiltonian   =    1.32066
  Poisson           =    0.00140
  diagonalization   =   16.10248
  Mixing_DM         =    0.00465
  Force             =    2.01304
  Total_Energy      =    0.40852
  Set_Aden_Grid     =    0.00711
  Set_Orbitals_Grid =    0.09937
  Set_Density_Grid  =    0.50085
  RestartFileDFT    =    0.00292
  Mulliken_Charge   =    0.00096
  FFT(2D)_Density   =    0.00195

The SCF was achieved at MD=   3

*******************************************************
             MD or geometry opt. at MD = 3              
*******************************************************

<Steepest_Descent>  SD_scaling= 1.259817203720
<Steepest_Descent>  |Maximum force| (Hartree/Bohr) = 0.001001563127
<Steepest_Descent>  Criterion       (Hartree/Bohr) = 0.000100000000

  atom=  1, XYZ(ang) Fxyz(a.u.)=   0.0000    0.0003    0.0000    -0.0000   -0.0001   -0.0000
  atom=  2, XYZ(ang) Fxyz(a.u.)=   2.9849    2.9892    1.6167    -0.0000   -0.0001   -0.0000
  atom=  3, XYZ(ang) Fxyz(a.u.)=  -0.0000    2.9864    0.8141     0.0000    0.0002   -0.0010
  atom=  4, XYZ(ang) Fxyz(a.u.)=   2.9849    0.0060    2.4118     0.0000   -0.0000    0.0010

*******************************************************
        Analysis of neighbors and setting of grids        
*******************************************************


*******************************************************
  Allocation of atoms to processors at MD_iter=    4     
*******************************************************

 proc =   0  # of atoms=   1  estimated weight=         1.00000
 proc =   1  # of atoms=   1  estimated weight=         1.00000
 proc =   2  # of atoms=   1  estimated weight=         1.00000
 proc =   3  # of atoms=   1  estimated weight=         1.00000
 proc =   4  # of atoms=   0  estimated weight=         0.00000
 proc =   5  # of atoms=   0  estimated weight=         0.00000
 proc =   6  # of atoms=   0  estimated weight=         0.00000
 proc =   7  # of atoms=   0  estimated weight=         0.00000
 proc =   8  # of atoms=   0  estimated weight=         0.00000
 proc =   9  # of atoms=   0  estimated weight=         0.00000
 proc =  10  # of atoms=   0  estimated weight=         0.00000
 proc =  11  # of atoms=   0  estimated weight=         0.00000
 proc =  12  # of atoms=   0  estimated weight=         0.00000
 proc =  13  # of atoms=   0  estimated weight=         0.00000
 proc =  14  # of atoms=   0  estimated weight=         0.00000
 proc =  15  # of atoms=   0  estimated weight=         0.00000



TFNAN=     256   Average FNAN=  64.00000
TSNAN=       0   Average SNAN=   0.00000
<truncation> CpyCell= 3 ct_AN=   1 FNAN SNAN  64   0
<truncation> CpyCell= 3 ct_AN=   2 FNAN SNAN  64   0
<truncation> CpyCell= 3 ct_AN=   3 FNAN SNAN  64   0
<truncation> CpyCell= 3 ct_AN=   4 FNAN SNAN  64   0
<UCell_Box> Info. of cutoff energy and num. of grids
lattice vectors (bohr)
A  = 11.281295655248,  0.000000000000,  0.000000000000
B  =  0.000000000000, 11.281295655248,  0.028203239138
C  =  0.000000000000,  0.015204829790,  6.081931916162
reciprocal lattice vectors (bohr^-1)
RA =  0.556956000374,  0.000000000000,  0.000000000000
RB =  0.000000000000,  0.556959481370, -0.001392398703
RC =  0.000000000000, -0.002582742073,  1.033096829091
Required cutoff energy (Ryd) for 3D-grids = 200.0000
    Used cutoff energy (Ryd) for 3D-grids = 193.8750, 193.8786, 194.5146
Num. of grids of a-, b-, and c-axes = 50, 50, 27
Cell_Volume =    774.028233187484 (Bohr^3)
GridVol     =      0.011467084936 (Bohr^3)
Cell vectors (bohr) of the grid cell (gtv)
  gtv_a =  0.225625913105,  0.000000000000,  0.000000000000
  gtv_b =  0.000000000000,  0.225625913105,  0.000564064783
  gtv_c =  0.000000000000,  0.000563141844,  0.225256737636
  |gtv_a| =  0.225625913105
  |gtv_b| =  0.225626618185
  |gtv_c| =  0.225257441562
Num. of grids overlapping with atom    1 = 125063
Num. of grids overlapping with atom    2 = 125312
Num. of grids overlapping with atom    3 = 125226
Num. of grids overlapping with atom    4 = 125232

*******************************************************
             SCF calculation at MD = 4                
*******************************************************

<MD= 4>  Calculation of the overlap matrix
<MD= 4>  Calculation of the nonlocal matrix
<MD= 4>  Calculation of the VNA projector matrix

******************* MD= 4  SCF= 1 *******************
<Restart>  Found restart files
<Poisson>  Poisson's equation using FFT...
<Band>  Solving the eigenvalue problem...
 KGrids1:  -0.45833  -0.37500  -0.29167  -0.20833  -0.12500  -0.04167   0.04167   0.12500   0.20833   0.29167   0.37500   0.45833 
 KGrids2:  -0.45833  -0.37500  -0.29167  -0.20833  -0.12500  -0.04167   0.04167   0.12500   0.20833   0.29167   0.37500   0.45833 
 KGrids3:  -0.47500  -0.42500  -0.37500  -0.32500  -0.27500  -0.22500  -0.17500  -0.12500  -0.07500  -0.02500   0.02500   0.07500   0.12500   0.17500   0.22500   0.27500   0.32500   0.37500   0.42500   0.47500 
<Band_DFT>  Eigen, time=0.738485
<Band_DFT>  DM, time=2.037550
    1   Sn  MulP   7.0000  7.0000 sum  14.0000
    2   Sn  MulP   7.0000  7.0000 sum  14.0000
    3   Sn  MulP   7.0000  7.0000 sum  14.0000
    4   Sn  MulP   7.0000  7.0000 sum  14.0000
 Sum of MulP: up   =    28.00000 down          =    28.00000
              total=    56.00000 ideal(neutral)=    56.00000
<DFT>  Total Spin Moment (muB) =  0.000000000000
<DFT>  Mixing_weight= 0.400000000000
<DFT>  Uele   =  -42.211898529400  dUele     =   1.000000000000
<DFT>  NormRD =    1.000000000000  Criterion =   0.000000100000

******************* MD= 4  SCF= 2 *******************
<Poisson>  Poisson's equation using FFT...
<Set_Hamiltonian>  Hamiltonian matrix for VNA+dVH+Vxc...
<Band>  Solving the eigenvalue problem...
 KGrids1:  -0.45833  -0.37500  -0.29167  -0.20833  -0.12500  -0.04167   0.04167   0.12500   0.20833   0.29167   0.37500   0.45833 
 KGrids2:  -0.45833  -0.37500  -0.29167  -0.20833  -0.12500  -0.04167   0.04167   0.12500   0.20833   0.29167   0.37500   0.45833 
 KGrids3:  -0.47500  -0.42500  -0.37500  -0.32500  -0.27500  -0.22500  -0.17500  -0.12500  -0.07500  -0.02500   0.02500   0.07500   0.12500   0.17500   0.22500   0.27500   0.32500   0.37500   0.42500   0.47500 
<Band_DFT>  Eigen, time=0.738996
<Band_DFT>  DM, time=1.629136
    1   Sn  MulP   7.0000  7.0000 sum  14.0000
    2   Sn  MulP   7.0000  7.0000 sum  14.0000
    3   Sn  MulP   7.0000  7.0000 sum  14.0000
    4   Sn  MulP   7.0000  7.0000 sum  14.0000
 Sum of MulP: up   =    28.00000 down          =    28.00000
              total=    56.00000 ideal(neutral)=    56.00000
<DFT>  Total Spin Moment (muB) =  0.000000000000
<DFT>  Mixing_weight= 0.400000000000
<DFT>  Uele   =  -42.211897381011  dUele     =   0.000001148388
<DFT>  NormRD =    0.000019313710  Criterion =   0.000000100000

******************* MD= 4  SCF= 3 *******************
<Poisson>  Poisson's equation using FFT...
<Set_Hamiltonian>  Hamiltonian matrix for VNA+dVH+Vxc...
<Band>  Solving the eigenvalue problem...
 KGrids1:  -0.45833  -0.37500  -0.29167  -0.20833  -0.12500  -0.04167   0.04167   0.12500   0.20833   0.29167   0.37500   0.45833 
 KGrids2:  -0.45833  -0.37500  -0.29167  -0.20833  -0.12500  -0.04167   0.04167   0.12500   0.20833   0.29167   0.37500   0.45833 
 KGrids3:  -0.47500  -0.42500  -0.37500  -0.32500  -0.27500  -0.22500  -0.17500  -0.12500  -0.07500  -0.02500   0.02500   0.07500   0.12500   0.17500   0.22500   0.27500   0.32500   0.37500   0.42500   0.47500 
<Band_DFT>  Eigen, time=0.797921
<Band_DFT>  DM, time=1.993804
    1   Sn  MulP   7.0000  7.0000 sum  14.0000
    2   Sn  MulP   7.0000  7.0000 sum  14.0000
    3   Sn  MulP   7.0000  7.0000 sum  14.0000
    4   Sn  MulP   7.0000  7.0000 sum  14.0000
 Sum of MulP: up   =    28.00000 down          =    28.00000
              total=    56.00000 ideal(neutral)=    56.00000
<DFT>  Total Spin Moment (muB) =  0.000000000000
<DFT>  Mixing_weight= 0.040000000000
<DFT>  Uele   =  -42.211896631786  dUele     =   0.000000749225
<DFT>  NormRD =    0.000013178819  Criterion =   0.000000100000

******************* MD= 4  SCF= 4 *******************
<Poisson>  Poisson's equation using FFT...
<Set_Hamiltonian>  Hamiltonian matrix for VNA+dVH+Vxc...
<Band>  Solving the eigenvalue problem...
 KGrids1:  -0.45833  -0.37500  -0.29167  -0.20833  -0.12500  -0.04167   0.04167   0.12500   0.20833   0.29167   0.37500   0.45833 
 KGrids2:  -0.45833  -0.37500  -0.29167  -0.20833  -0.12500  -0.04167   0.04167   0.12500   0.20833   0.29167   0.37500   0.45833 
 KGrids3:  -0.47500  -0.42500  -0.37500  -0.32500  -0.27500  -0.22500  -0.17500  -0.12500  -0.07500  -0.02500   0.02500   0.07500   0.12500   0.17500   0.22500   0.27500   0.32500   0.37500   0.42500   0.47500 
<Band_DFT>  Eigen, time=0.738996
<Band_DFT>  DM, time=2.043718
    1   Sn  MulP   7.0000  7.0000 sum  14.0000
    2   Sn  MulP   7.0000  7.0000 sum  14.0000
    3   Sn  MulP   7.0000  7.0000 sum  14.0000
    4   Sn  MulP   7.0000  7.0000 sum  14.0000
 Sum of MulP: up   =    28.00000 down          =    28.00000
              total=    56.00000 ideal(neutral)=    56.00000
<DFT>  Total Spin Moment (muB) =  0.000000000000
<DFT>  Mixing_weight= 0.040000000000
<DFT>  Uele   =  -42.211894865041  dUele     =   0.000001766746
<DFT>  NormRD =    0.000001446460  Criterion =   0.000000100000

******************* MD= 4  SCF= 5 *******************
<Poisson>  Poisson's equation using FFT...
<Set_Hamiltonian>  Hamiltonian matrix for VNA+dVH+Vxc...
<Band>  Solving the eigenvalue problem...
 KGrids1:  -0.45833  -0.37500  -0.29167  -0.20833  -0.12500  -0.04167   0.04167   0.12500   0.20833   0.29167   0.37500   0.45833 
 KGrids2:  -0.45833  -0.37500  -0.29167  -0.20833  -0.12500  -0.04167   0.04167   0.12500   0.20833   0.29167   0.37500   0.45833 
 KGrids3:  -0.47500  -0.42500  -0.37500  -0.32500  -0.27500  -0.22500  -0.17500  -0.12500  -0.07500  -0.02500   0.02500   0.07500   0.12500   0.17500   0.22500   0.27500   0.32500   0.37500   0.42500   0.47500 
<Band_DFT>  Eigen, time=0.741701
<Band_DFT>  DM, time=2.041807
    1   Sn  MulP   7.0000  7.0000 sum  14.0000
    2   Sn  MulP   7.0000  7.0000 sum  14.0000
    3   Sn  MulP   7.0000  7.0000 sum  14.0000
    4   Sn  MulP   7.0000  7.0000 sum  14.0000
 Sum of MulP: up   =    28.00000 down          =    28.00000
              total=    56.00000 ideal(neutral)=    56.00000
<DFT>  Total Spin Moment (muB) =  0.000000000000
<DFT>  Mixing_weight= 0.040000000000
<DFT>  Uele   =  -42.211895129812  dUele     =   0.000000264771
<DFT>  NormRD =    0.000001831074  Criterion =   0.000000100000

******************* MD= 4  SCF= 6 *******************
<Poisson>  Poisson's equation using FFT...
<Set_Hamiltonian>  Hamiltonian matrix for VNA+dVH+Vxc...
<Band>  Solving the eigenvalue problem...
 KGrids1:  -0.45833  -0.37500  -0.29167  -0.20833  -0.12500  -0.04167   0.04167   0.12500   0.20833   0.29167   0.37500   0.45833 
 KGrids2:  -0.45833  -0.37500  -0.29167  -0.20833  -0.12500  -0.04167   0.04167   0.12500   0.20833   0.29167   0.37500   0.45833 
 KGrids3:  -0.47500  -0.42500  -0.37500  -0.32500  -0.27500  -0.22500  -0.17500  -0.12500  -0.07500  -0.02500   0.02500   0.07500   0.12500   0.17500   0.22500   0.27500   0.32500   0.37500   0.42500   0.47500 
<Band_DFT>  Eigen, time=0.742306
<Band_DFT>  DM, time=2.035728
    1   Sn  MulP   7.0000  7.0000 sum  14.0000
    2   Sn  MulP   7.0000  7.0000 sum  14.0000
    3   Sn  MulP   7.0000  7.0000 sum  14.0000
    4   Sn  MulP   7.0000  7.0000 sum  14.0000
 Sum of MulP: up   =    28.00000 down          =    28.00000
              total=    56.00000 ideal(neutral)=    56.00000
<DFT>  Total Spin Moment (muB) =  0.000000000000
<DFT>  Mixing_weight= 0.040000000000
<DFT>  Uele   =  -42.211895125656  dUele     =   0.000000004155
<DFT>  NormRD =    0.000000260755  Criterion =   0.000000100000
<MD= 4>  Force calculation
  Force calculation #1
  Force calculation #2
  Force calculation #3
  Force calculation #4
  Force calculation #5
  Stress calculation #1
  Stress calculation #2
  Stress calculation #3
  Stress calculation #4
  Stress calculation #5
<MD= 4>  Total Energy
  Force calculation #6
  Force calculation #7

*******************************************************
                  Dipole moment (Debye)                 
*******************************************************

 Absolute D      520.78241257

                      Dx                Dy                Dz
 Total           -362.13871480     -362.29587928      -93.86995441
 Core             401.43891035      402.25031756      325.64142099
 Electron        -763.57762515     -764.54619684     -419.51137540
 Back ground       -0.00000000       -0.00000000       -0.00000000

*******************************************************
               Stress tensor (Hartree/bohr^3)            
*******************************************************

      -0.00000010       -0.00000000        0.00000000 
      -0.00000000       -0.00000043        0.00000377 
       0.00000000        0.00000377       -0.00000077 

*******************************************************
                Total Energy (Hartree) at MD = 4        
*******************************************************

  Uele  =     -42.211895125656

  Ukin  =     203.437224775220
  UH0   =   -2703.969676422160
  UH1   =       0.004900150566
  Una   =    -149.420330159730
  Unl   =     -47.912670913535
  Uxc0  =     -25.237076714508
  Uxc1  =     -25.237076714508
  Ucore =    2464.177418187152
  Uhub  =       0.000000000000
  Ucs   =       0.000000000000
  Uzs   =       0.000000000000
  Uzo   =       0.000000000000
  Uef   =       0.000000000000
  UvdW  =       0.000000000000
  Uch   =       0.000000000000
  Utot  =    -284.157287811503

  UpV   =       0.000000000000
  Enpy  =    -284.157287811503
  Note:

  Uele:   band energy
  Ukin:   kinetic energy
  UH0:    electric part of screened Coulomb energy
  UH1:    difference electron-electron Coulomb energy
  Una:    neutral atom potential energy
  Unl:    non-local potential energy
  Uxc0:   exchange-correlation energy for alpha spin
  Uxc1:   exchange-correlation energy for beta spin
  Ucore:  core-core Coulomb energy
  Uhub:   LDA+U energy
  Ucs:    constraint energy for spin orientation
  Uzs:    Zeeman term for spin magnetic moment
  Uzo:    Zeeman term for orbital magnetic moment
  Uef:    electric energy by electric field
  UvdW:   semi-empirical vdW energy 
  Uch:    penalty term to create a core hole
  UpV:    pressure times volume
  Enpy:   Enthalpy = Utot + UpV
  (see also PRB 72, 045121(2005) for the energy contributions)


*******************************************************
           Computational times (s) at MD = 4            
*******************************************************

  DFT in total      =   27.94771

  Set_OLP_Kin       =    0.69902
  Set_Nonlocal      =    1.45766
  Set_ProExpn_VNA   =    2.72378
  Set_Hamiltonian   =    1.41122
  Poisson           =    0.00171
  diagonalization   =   16.62313
  Mixing_DM         =    0.00483
  Force             =    1.93925
  Total_Energy      =    0.40401
  Set_Aden_Grid     =    0.19439
  Set_Orbitals_Grid =    0.10030
  Set_Density_Grid  =    0.54551
  RestartFileDFT    =    0.03688
  Mulliken_Charge   =    0.00100
  FFT(2D)_Density   =    0.00188

The SCF was achieved at MD=   4

*******************************************************
             MD or geometry opt. at MD = 4              
*******************************************************

<Steepest_Descent>  SD_scaling= 1.259817203720
<Steepest_Descent>  |Maximum force| (Hartree/Bohr) = 0.001046522379
<Steepest_Descent>  Criterion       (Hartree/Bohr) = 0.000100000000

  atom=  1, XYZ(ang) Fxyz(a.u.)=   0.0000    0.0003    0.0000    -0.0000   -0.0001   -0.0000
  atom=  2, XYZ(ang) Fxyz(a.u.)=   2.9849    2.9893    1.6168    -0.0000   -0.0001   -0.0001
  atom=  3, XYZ(ang) Fxyz(a.u.)=  -0.0000    2.9863    0.8147     0.0000    0.0002   -0.0010
  atom=  4, XYZ(ang) Fxyz(a.u.)=   2.9849    0.0060    2.4111     0.0000    0.0000    0.0010

*******************************************************
        Analysis of neighbors and setting of grids        
*******************************************************


*******************************************************
  Allocation of atoms to processors at MD_iter=    5     
*******************************************************

 proc =   0  # of atoms=   1  estimated weight=         1.00000
 proc =   1  # of atoms=   1  estimated weight=         1.00000
 proc =   2  # of atoms=   1  estimated weight=         1.00000
 proc =   3  # of atoms=   1  estimated weight=         1.00000
 proc =   4  # of atoms=   0  estimated weight=         0.00000
 proc =   5  # of atoms=   0  estimated weight=         0.00000
 proc =   6  # of atoms=   0  estimated weight=         0.00000
 proc =   7  # of atoms=   0  estimated weight=         0.00000
 proc =   8  # of atoms=   0  estimated weight=         0.00000
 proc =   9  # of atoms=   0  estimated weight=         0.00000
 proc =  10  # of atoms=   0  estimated weight=         0.00000
 proc =  11  # of atoms=   0  estimated weight=         0.00000
 proc =  12  # of atoms=   0  estimated weight=         0.00000
 proc =  13  # of atoms=   0  estimated weight=         0.00000
 proc =  14  # of atoms=   0  estimated weight=         0.00000
 proc =  15  # of atoms=   0  estimated weight=         0.00000



TFNAN=     256   Average FNAN=  64.00000
TSNAN=       0   Average SNAN=   0.00000
<truncation> CpyCell= 3 ct_AN=   1 FNAN SNAN  64   0
<truncation> CpyCell= 3 ct_AN=   2 FNAN SNAN  64   0
<truncation> CpyCell= 3 ct_AN=   3 FNAN SNAN  64   0
<truncation> CpyCell= 3 ct_AN=   4 FNAN SNAN  64   0
<UCell_Box> Info. of cutoff energy and num. of grids
lattice vectors (bohr)
A  = 11.281295655248,  0.000000000000,  0.000000000000
B  =  0.000000000000, 11.281295655248,  0.028203239138
C  =  0.000000000000,  0.015204829790,  6.081931916162
reciprocal lattice vectors (bohr^-1)
RA =  0.556956000374,  0.000000000000,  0.000000000000
RB =  0.000000000000,  0.556959481370, -0.001392398703
RC =  0.000000000000, -0.002582742073,  1.033096829091
Required cutoff energy (Ryd) for 3D-grids = 200.0000
    Used cutoff energy (Ryd) for 3D-grids = 193.8750, 193.8786, 194.5146
Num. of grids of a-, b-, and c-axes = 50, 50, 27
Cell_Volume =    774.028233187484 (Bohr^3)
GridVol     =      0.011467084936 (Bohr^3)
Cell vectors (bohr) of the grid cell (gtv)
  gtv_a =  0.225625913105,  0.000000000000,  0.000000000000
  gtv_b =  0.000000000000,  0.225625913105,  0.000564064783
  gtv_c =  0.000000000000,  0.000563141844,  0.225256737636
  |gtv_a| =  0.225625913105
  |gtv_b| =  0.225626618185
  |gtv_c| =  0.225257441562
Num. of grids overlapping with atom    1 = 125063
Num. of grids overlapping with atom    2 = 125308
Num. of grids overlapping with atom    3 = 125216
Num. of grids overlapping with atom    4 = 125226

*******************************************************
             SCF calculation at MD = 5                
*******************************************************

<MD= 5>  Calculation of the overlap matrix
<MD= 5>  Calculation of the nonlocal matrix
<MD= 5>  Calculation of the VNA projector matrix

******************* MD= 5  SCF= 1 *******************
<Restart>  Found restart files
<Poisson>  Poisson's equation using FFT...
<Band>  Solving the eigenvalue problem...
 KGrids1:  -0.45833  -0.37500  -0.29167  -0.20833  -0.12500  -0.04167   0.04167   0.12500   0.20833   0.29167   0.37500   0.45833 
 KGrids2:  -0.45833  -0.37500  -0.29167  -0.20833  -0.12500  -0.04167   0.04167   0.12500   0.20833   0.29167   0.37500   0.45833 
 KGrids3:  -0.47500  -0.42500  -0.37500  -0.32500  -0.27500  -0.22500  -0.17500  -0.12500  -0.07500  -0.02500   0.02500   0.07500   0.12500   0.17500   0.22500   0.27500   0.32500   0.37500   0.42500   0.47500 
<Band_DFT>  Eigen, time=0.743537
<Band_DFT>  DM, time=2.043563
    1   Sn  MulP   7.0000  7.0000 sum  14.0000
    2   Sn  MulP   7.0000  7.0000 sum  14.0001
    3   Sn  MulP   7.0000  7.0000 sum  14.0000
    4   Sn  MulP   7.0000  7.0000 sum  14.0000
 Sum of MulP: up   =    28.00000 down          =    28.00000
              total=    56.00000 ideal(neutral)=    56.00000
<DFT>  Total Spin Moment (muB) =  0.000000000000
<DFT>  Mixing_weight= 0.400000000000
<DFT>  Uele   =  -42.211868390856  dUele     =   1.000000000000
<DFT>  NormRD =    1.000000000000  Criterion =   0.000000100000

******************* MD= 5  SCF= 2 *******************
<Poisson>  Poisson's equation using FFT...
<Set_Hamiltonian>  Hamiltonian matrix for VNA+dVH+Vxc...
<Band>  Solving the eigenvalue problem...
 KGrids1:  -0.45833  -0.37500  -0.29167  -0.20833  -0.12500  -0.04167   0.04167   0.12500   0.20833   0.29167   0.37500   0.45833 
 KGrids2:  -0.45833  -0.37500  -0.29167  -0.20833  -0.12500  -0.04167   0.04167   0.12500   0.20833   0.29167   0.37500   0.45833 
 KGrids3:  -0.47500  -0.42500  -0.37500  -0.32500  -0.27500  -0.22500  -0.17500  -0.12500  -0.07500  -0.02500   0.02500   0.07500   0.12500   0.17500   0.22500   0.27500   0.32500   0.37500   0.42500   0.47500 
<Band_DFT>  Eigen, time=0.742685
<Band_DFT>  DM, time=2.042370
    1   Sn  MulP   7.0000  7.0000 sum  14.0000
    2   Sn  MulP   7.0000  7.0000 sum  14.0001
    3   Sn  MulP   7.0000  7.0000 sum  14.0000
    4   Sn  MulP   7.0000  7.0000 sum  14.0000
 Sum of MulP: up   =    28.00000 down          =    28.00000
              total=    56.00000 ideal(neutral)=    56.00000
<DFT>  Total Spin Moment (muB) =  0.000000000000
<DFT>  Mixing_weight= 0.400000000000
<DFT>  Uele   =  -42.211871389917  dUele     =   0.000002999062
<DFT>  NormRD =    0.000012419256  Criterion =   0.000000100000

******************* MD= 5  SCF= 3 *******************
<Poisson>  Poisson's equation using FFT...
<Set_Hamiltonian>  Hamiltonian matrix for VNA+dVH+Vxc...
<Band>  Solving the eigenvalue problem...
 KGrids1:  -0.45833  -0.37500  -0.29167  -0.20833  -0.12500  -0.04167   0.04167   0.12500   0.20833   0.29167   0.37500   0.45833 
 KGrids2:  -0.45833  -0.37500  -0.29167  -0.20833  -0.12500  -0.04167   0.04167   0.12500   0.20833   0.29167   0.37500   0.45833 
 KGrids3:  -0.47500  -0.42500  -0.37500  -0.32500  -0.27500  -0.22500  -0.17500  -0.12500  -0.07500  -0.02500   0.02500   0.07500   0.12500   0.17500   0.22500   0.27500   0.32500   0.37500   0.42500   0.47500 
<Band_DFT>  Eigen, time=0.793211
<Band_DFT>  DM, time=1.989415
    1   Sn  MulP   7.0000  7.0000 sum  14.0000
    2   Sn  MulP   7.0000  7.0000 sum  14.0001
    3   Sn  MulP   7.0000  7.0000 sum  14.0000
    4   Sn  MulP   7.0000  7.0000 sum  14.0000
 Sum of MulP: up   =    28.00000 down          =    28.00000
              total=    56.00000 ideal(neutral)=    56.00000
<DFT>  Total Spin Moment (muB) =  0.000000000000
<DFT>  Mixing_weight= 0.040000000000
<DFT>  Uele   =  -42.211873361983  dUele     =   0.000001972065
<DFT>  NormRD =    0.000008424647  Criterion =   0.000000100000

******************* MD= 5  SCF= 4 *******************
<Poisson>  Poisson's equation using FFT...
<Set_Hamiltonian>  Hamiltonian matrix for VNA+dVH+Vxc...
<Band>  Solving the eigenvalue problem...
 KGrids1:  -0.45833  -0.37500  -0.29167  -0.20833  -0.12500  -0.04167   0.04167   0.12500   0.20833   0.29167   0.37500   0.45833 
 KGrids2:  -0.45833  -0.37500  -0.29167  -0.20833  -0.12500  -0.04167   0.04167   0.12500   0.20833   0.29167   0.37500   0.45833 
 KGrids3:  -0.47500  -0.42500  -0.37500  -0.32500  -0.27500  -0.22500  -0.17500  -0.12500  -0.07500  -0.02500   0.02500   0.07500   0.12500   0.17500   0.22500   0.27500   0.32500   0.37500   0.42500   0.47500 
<Band_DFT>  Eigen, time=0.739832
<Band_DFT>  DM, time=2.036621
    1   Sn  MulP   7.0000  7.0000 sum  14.0000
    2   Sn  MulP   7.0000  7.0000 sum  14.0001
    3   Sn  MulP   7.0000  7.0000 sum  14.0000
    4   Sn  MulP   7.0000  7.0000 sum  14.0000
 Sum of MulP: up   =    28.00000 down          =    28.00000
              total=    56.00000 ideal(neutral)=    56.00000
<DFT>  Total Spin Moment (muB) =  0.000000000000
<DFT>  Mixing_weight= 0.040000000000
<DFT>  Uele   =  -42.211878267744  dUele     =   0.000004905761
<DFT>  NormRD =    0.000001263806  Criterion =   0.000000100000

******************* MD= 5  SCF= 5 *******************
<Poisson>  Poisson's equation using FFT...
<Set_Hamiltonian>  Hamiltonian matrix for VNA+dVH+Vxc...
<Band>  Solving the eigenvalue problem...
 KGrids1:  -0.45833  -0.37500  -0.29167  -0.20833  -0.12500  -0.04167   0.04167   0.12500   0.20833   0.29167   0.37500   0.45833 
 KGrids2:  -0.45833  -0.37500  -0.29167  -0.20833  -0.12500  -0.04167   0.04167   0.12500   0.20833   0.29167   0.37500   0.45833 
 KGrids3:  -0.47500  -0.42500  -0.37500  -0.32500  -0.27500  -0.22500  -0.17500  -0.12500  -0.07500  -0.02500   0.02500   0.07500   0.12500   0.17500   0.22500   0.27500   0.32500   0.37500   0.42500   0.47500 
<Band_DFT>  Eigen, time=0.743822
<Band_DFT>  DM, time=2.043846
    1   Sn  MulP   7.0000  7.0000 sum  14.0000
    2   Sn  MulP   7.0000  7.0000 sum  14.0001
    3   Sn  MulP   7.0000  7.0000 sum  14.0000
    4   Sn  MulP   7.0000  7.0000 sum  14.0000
 Sum of MulP: up   =    28.00000 down          =    28.00000
              total=    56.00000 ideal(neutral)=    56.00000
<DFT>  Total Spin Moment (muB) =  0.000000000000
<DFT>  Mixing_weight= 0.040000000000
<DFT>  Uele   =  -42.211877462605  dUele     =   0.000000805139
<DFT>  NormRD =    0.000001388891  Criterion =   0.000000100000

******************* MD= 5  SCF= 6 *******************
<Poisson>  Poisson's equation using FFT...
<Set_Hamiltonian>  Hamiltonian matrix for VNA+dVH+Vxc...
<Band>  Solving the eigenvalue problem...
 KGrids1:  -0.45833  -0.37500  -0.29167  -0.20833  -0.12500  -0.04167   0.04167   0.12500   0.20833   0.29167   0.37500   0.45833 
 KGrids2:  -0.45833  -0.37500  -0.29167  -0.20833  -0.12500  -0.04167   0.04167   0.12500   0.20833   0.29167   0.37500   0.45833 
 KGrids3:  -0.47500  -0.42500  -0.37500  -0.32500  -0.27500  -0.22500  -0.17500  -0.12500  -0.07500  -0.02500   0.02500   0.07500   0.12500   0.17500   0.22500   0.27500   0.32500   0.37500   0.42500   0.47500 
<Band_DFT>  Eigen, time=0.740362
<Band_DFT>  DM, time=2.037966
    1   Sn  MulP   7.0000  7.0000 sum  14.0000
    2   Sn  MulP   7.0000  7.0000 sum  14.0001
    3   Sn  MulP   7.0000  7.0000 sum  14.0000
    4   Sn  MulP   7.0000  7.0000 sum  14.0000
 Sum of MulP: up   =    28.00000 down          =    28.00000
              total=    56.00000 ideal(neutral)=    56.00000
<DFT>  Total Spin Moment (muB) =  0.000000000000
<DFT>  Mixing_weight= 0.040000000000
<DFT>  Uele   =  -42.211877432497  dUele     =   0.000000030109
<DFT>  NormRD =    0.000000272838  Criterion =   0.000000100000
<MD= 5>  Force calculation
  Force calculation #1
  Force calculation #2
  Force calculation #3
  Force calculation #4
  Force calculation #5
  Stress calculation #1
  Stress calculation #2
  Stress calculation #3
  Stress calculation #4
  Stress calculation #5
<MD= 5>  Total Energy
  Force calculation #6
  Force calculation #7

*******************************************************
                  Dipole moment (Debye)                 
*******************************************************

 Absolute D      520.77775914

                      Dx                Dy                Dz
 Total           -362.13870232     -362.28738350      -93.87697509
 Core             401.43891013      402.24875408      325.64148980
 Electron        -763.57761244     -764.53613758     -419.51846489
 Back ground       -0.00000000       -0.00000000       -0.00000000

*******************************************************
               Stress tensor (Hartree/bohr^3)            
*******************************************************

      -0.00000006       -0.00000000        0.00000000 
      -0.00000000       -0.00000037        0.00000377 
       0.00000000        0.00000377       -0.00000064 

*******************************************************
                Total Energy (Hartree) at MD = 5        
*******************************************************

  Uele  =     -42.211877432497

  Ukin  =     203.437281390842
  UH0   =   -2703.969620829796
  UH1   =       0.004900059551
  Una   =    -149.420357550977
  Unl   =     -47.912695639332
  Uxc0  =     -25.237080157519
  Uxc1  =     -25.237080157519
  Ucore =    2464.177361962889
  Uhub  =       0.000000000000
  Ucs   =       0.000000000000
  Uzs   =       0.000000000000
  Uzo   =       0.000000000000
  Uef   =       0.000000000000
  UvdW  =       0.000000000000
  Uch   =       0.000000000000
  Utot  =    -284.157290921860

  UpV   =       0.000000000000
  Enpy  =    -284.157290921860
  Note:

  Uele:   band energy
  Ukin:   kinetic energy
  UH0:    electric part of screened Coulomb energy
  UH1:    difference electron-electron Coulomb energy
  Una:    neutral atom potential energy
  Unl:    non-local potential energy
  Uxc0:   exchange-correlation energy for alpha spin
  Uxc1:   exchange-correlation energy for beta spin
  Ucore:  core-core Coulomb energy
  Uhub:   LDA+U energy
  Ucs:    constraint energy for spin orientation
  Uzs:    Zeeman term for spin magnetic moment
  Uzo:    Zeeman term for orbital magnetic moment
  Uef:    electric energy by electric field
  UvdW:   semi-empirical vdW energy 
  Uch:    penalty term to create a core hole
  UpV:    pressure times volume
  Enpy:   Enthalpy = Utot + UpV
  (see also PRB 72, 045121(2005) for the energy contributions)


*******************************************************
           Computational times (s) at MD = 5            
*******************************************************

  DFT in total      =   28.76844

  Set_OLP_Kin       =    0.70031
  Set_Nonlocal      =    1.45355
  Set_ProExpn_VNA   =    2.88585
  Set_Hamiltonian   =    1.61466
  Poisson           =    0.00098
  diagonalization   =   17.04083
  Mixing_DM         =    0.00478
  Force             =    1.94246
  Total_Energy      =    0.46008
  Set_Aden_Grid     =    0.00709
  Set_Orbitals_Grid =    0.10026
  Set_Density_Grid  =    0.62363
  RestartFileDFT    =    0.00295
  Mulliken_Charge   =    0.00103
  FFT(2D)_Density   =    0.00189

The SCF was achieved at MD=   5

*******************************************************
             MD or geometry opt. at MD = 5              
*******************************************************

<BFGS>  |Maximum force| (Hartree/Bohr) = 0.001024017847
<BFGS>  Criterion       (Hartree/Bohr) = 0.000100000000

     atom=   1, XYZ(ang) Fxyz(a.u.)=   0.0000    0.0003    0.0000    -0.0000   -0.0001   -0.0000
     atom=   2, XYZ(ang) Fxyz(a.u.)=   2.9849    2.9893    1.6168    -0.0000   -0.0001   -0.0001
     atom=   3, XYZ(ang) Fxyz(a.u.)=  -0.0000    2.9862    0.8152     0.0000    0.0001   -0.0010
     atom=   4, XYZ(ang) Fxyz(a.u.)=   2.9849    0.0059    2.4106     0.0000    0.0001    0.0010

*******************************************************
        Analysis of neighbors and setting of grids        
*******************************************************


*******************************************************
  Allocation of atoms to processors at MD_iter=    6     
*******************************************************

 proc =   0  # of atoms=   1  estimated weight=         1.00000
 proc =   1  # of atoms=   1  estimated weight=         1.00000
 proc =   2  # of atoms=   1  estimated weight=         1.00000
 proc =   3  # of atoms=   1  estimated weight=         1.00000
 proc =   4  # of atoms=   0  estimated weight=         0.00000
 proc =   5  # of atoms=   0  estimated weight=         0.00000
 proc =   6  # of atoms=   0  estimated weight=         0.00000
 proc =   7  # of atoms=   0  estimated weight=         0.00000
 proc =   8  # of atoms=   0  estimated weight=         0.00000
 proc =   9  # of atoms=   0  estimated weight=         0.00000
 proc =  10  # of atoms=   0  estimated weight=         0.00000
 proc =  11  # of atoms=   0  estimated weight=         0.00000
 proc =  12  # of atoms=   0  estimated weight=         0.00000
 proc =  13  # of atoms=   0  estimated weight=         0.00000
 proc =  14  # of atoms=   0  estimated weight=         0.00000
 proc =  15  # of atoms=   0  estimated weight=         0.00000



TFNAN=     256   Average FNAN=  64.00000
TSNAN=       0   Average SNAN=   0.00000
<truncation> CpyCell= 3 ct_AN=   1 FNAN SNAN  64   0
<truncation> CpyCell= 3 ct_AN=   2 FNAN SNAN  64   0
<truncation> CpyCell= 3 ct_AN=   3 FNAN SNAN  64   0
<truncation> CpyCell= 3 ct_AN=   4 FNAN SNAN  64   0
<UCell_Box> Info. of cutoff energy and num. of grids
lattice vectors (bohr)
A  = 11.281295655248,  0.000000000000,  0.000000000000
B  =  0.000000000000, 11.281295655248,  0.028203239138
C  =  0.000000000000,  0.015204829790,  6.081931916162
reciprocal lattice vectors (bohr^-1)
RA =  0.556956000374,  0.000000000000,  0.000000000000
RB =  0.000000000000,  0.556959481370, -0.001392398703
RC =  0.000000000000, -0.002582742073,  1.033096829091
Required cutoff energy (Ryd) for 3D-grids = 200.0000
    Used cutoff energy (Ryd) for 3D-grids = 193.8750, 193.8786, 194.5146
Num. of grids of a-, b-, and c-axes = 50, 50, 27
Cell_Volume =    774.028233187484 (Bohr^3)
GridVol     =      0.011467084936 (Bohr^3)
Cell vectors (bohr) of the grid cell (gtv)
  gtv_a =  0.225625913105,  0.000000000000,  0.000000000000
  gtv_b =  0.000000000000,  0.225625913105,  0.000564064783
  gtv_c =  0.000000000000,  0.000563141844,  0.225256737636
  |gtv_a| =  0.225625913105
  |gtv_b| =  0.225626618185
  |gtv_c| =  0.225257441562
Num. of grids overlapping with atom    1 = 125061
Num. of grids overlapping with atom    2 = 125312
Num. of grids overlapping with atom    3 = 125215
Num. of grids overlapping with atom    4 = 125224

*******************************************************
             SCF calculation at MD = 6                
*******************************************************

<MD= 6>  Calculation of the overlap matrix
<MD= 6>  Calculation of the nonlocal matrix
<MD= 6>  Calculation of the VNA projector matrix

******************* MD= 6  SCF= 1 *******************
<Restart>  Found restart files
<Poisson>  Poisson's equation using FFT...
<Band>  Solving the eigenvalue problem...
 KGrids1:  -0.45833  -0.37500  -0.29167  -0.20833  -0.12500  -0.04167   0.04167   0.12500   0.20833   0.29167   0.37500   0.45833 
 KGrids2:  -0.45833  -0.37500  -0.29167  -0.20833  -0.12500  -0.04167   0.04167   0.12500   0.20833   0.29167   0.37500   0.45833 
 KGrids3:  -0.47500  -0.42500  -0.37500  -0.32500  -0.27500  -0.22500  -0.17500  -0.12500  -0.07500  -0.02500   0.02500   0.07500   0.12500   0.17500   0.22500   0.27500   0.32500   0.37500   0.42500   0.47500 
<Band_DFT>  Eigen, time=0.739231
<Band_DFT>  DM, time=2.031938
    1   Sn  MulP   7.0000  7.0000 sum  14.0000
    2   Sn  MulP   7.0000  7.0000 sum  14.0001
    3   Sn  MulP   7.0000  7.0000 sum  14.0000
    4   Sn  MulP   7.0000  7.0000 sum  13.9999
 Sum of MulP: up   =    28.00000 down          =    28.00000
              total=    56.00000 ideal(neutral)=    56.00000
<DFT>  Total Spin Moment (muB) =  0.000000000000
<DFT>  Mixing_weight= 0.400000000000
<DFT>  Uele   =  -42.211878013241  dUele     =   1.000000000000
<DFT>  NormRD =    1.000000000000  Criterion =   0.000000100000

******************* MD= 6  SCF= 2 *******************
<Poisson>  Poisson's equation using FFT...
<Set_Hamiltonian>  Hamiltonian matrix for VNA+dVH+Vxc...
<Band>  Solving the eigenvalue problem...
 KGrids1:  -0.45833  -0.37500  -0.29167  -0.20833  -0.12500  -0.04167   0.04167   0.12500   0.20833   0.29167   0.37500   0.45833 
 KGrids2:  -0.45833  -0.37500  -0.29167  -0.20833  -0.12500  -0.04167   0.04167   0.12500   0.20833   0.29167   0.37500   0.45833 
 KGrids3:  -0.47500  -0.42500  -0.37500  -0.32500  -0.27500  -0.22500  -0.17500  -0.12500  -0.07500  -0.02500   0.02500   0.07500   0.12500   0.17500   0.22500   0.27500   0.32500   0.37500   0.42500   0.47500 
<Band_DFT>  Eigen, time=0.740460
<Band_DFT>  DM, time=2.015366
    1   Sn  MulP   7.0000  7.0000 sum  14.0000
    2   Sn  MulP   7.0000  7.0000 sum  14.0001
    3   Sn  MulP   7.0000  7.0000 sum  14.0000
    4   Sn  MulP   7.0000  7.0000 sum  13.9999
 Sum of MulP: up   =    28.00000 down          =    28.00000
              total=    56.00000 ideal(neutral)=    56.00000
<DFT>  Total Spin Moment (muB) =  0.000000000000
<DFT>  Mixing_weight= 0.400000000000
<DFT>  Uele   =  -42.211873392970  dUele     =   0.000004620271
<DFT>  NormRD =    0.000010261580  Criterion =   0.000000100000

******************* MD= 6  SCF= 3 *******************
<Poisson>  Poisson's equation using FFT...
<Set_Hamiltonian>  Hamiltonian matrix for VNA+dVH+Vxc...
<Band>  Solving the eigenvalue problem...
 KGrids1:  -0.45833  -0.37500  -0.29167  -0.20833  -0.12500  -0.04167   0.04167   0.12500   0.20833   0.29167   0.37500   0.45833 
 KGrids2:  -0.45833  -0.37500  -0.29167  -0.20833  -0.12500  -0.04167   0.04167   0.12500   0.20833   0.29167   0.37500   0.45833 
 KGrids3:  -0.47500  -0.42500  -0.37500  -0.32500  -0.27500  -0.22500  -0.17500  -0.12500  -0.07500  -0.02500   0.02500   0.07500   0.12500   0.17500   0.22500   0.27500   0.32500   0.37500   0.42500   0.47500 
<Band_DFT>  Eigen, time=0.739778
<Band_DFT>  DM, time=1.692720
    1   Sn  MulP   7.0000  7.0000 sum  14.0000
    2   Sn  MulP   7.0000  7.0000 sum  14.0001
    3   Sn  MulP   7.0000  7.0000 sum  14.0000
    4   Sn  MulP   7.0000  7.0000 sum  13.9999
 Sum of MulP: up   =    28.00000 down          =    28.00000
              total=    56.00000 ideal(neutral)=    56.00000
<DFT>  Total Spin Moment (muB) =  0.000000000000
<DFT>  Mixing_weight= 0.040000000000
<DFT>  Uele   =  -42.211870349347  dUele     =   0.000003043623
<DFT>  NormRD =    0.000007074501  Criterion =   0.000000100000

******************* MD= 6  SCF= 4 *******************
<Poisson>  Poisson's equation using FFT...
<Set_Hamiltonian>  Hamiltonian matrix for VNA+dVH+Vxc...
<Band>  Solving the eigenvalue problem...
 KGrids1:  -0.45833  -0.37500  -0.29167  -0.20833  -0.12500  -0.04167   0.04167   0.12500   0.20833   0.29167   0.37500   0.45833 
 KGrids2:  -0.45833  -0.37500  -0.29167  -0.20833  -0.12500  -0.04167   0.04167   0.12500   0.20833   0.29167   0.37500   0.45833 
 KGrids3:  -0.47500  -0.42500  -0.37500  -0.32500  -0.27500  -0.22500  -0.17500  -0.12500  -0.07500  -0.02500   0.02500   0.07500   0.12500   0.17500   0.22500   0.27500   0.32500   0.37500   0.42500   0.47500 
<Band_DFT>  Eigen, time=0.649588
<Band_DFT>  DM, time=1.661592
    1   Sn  MulP   7.0000  7.0000 sum  14.0000
    2   Sn  MulP   7.0000  7.0000 sum  14.0001
    3   Sn  MulP   7.0000  7.0000 sum  14.0000
    4   Sn  MulP   7.0000  7.0000 sum  13.9999
 Sum of MulP: up   =    28.00000 down          =    28.00000
              total=    56.00000 ideal(neutral)=    56.00000
<DFT>  Total Spin Moment (muB) =  0.000000000000
<DFT>  Mixing_weight= 0.040000000000
<DFT>  Uele   =  -42.211862825040  dUele     =   0.000007524307
<DFT>  NormRD =    0.000001275712  Criterion =   0.000000100000

******************* MD= 6  SCF= 5 *******************
<Poisson>  Poisson's equation using FFT...
<Set_Hamiltonian>  Hamiltonian matrix for VNA+dVH+Vxc...
<Band>  Solving the eigenvalue problem...
 KGrids1:  -0.45833  -0.37500  -0.29167  -0.20833  -0.12500  -0.04167   0.04167   0.12500   0.20833   0.29167   0.37500   0.45833 
 KGrids2:  -0.45833  -0.37500  -0.29167  -0.20833  -0.12500  -0.04167   0.04167   0.12500   0.20833   0.29167   0.37500   0.45833 
 KGrids3:  -0.47500  -0.42500  -0.37500  -0.32500  -0.27500  -0.22500  -0.17500  -0.12500  -0.07500  -0.02500   0.02500   0.07500   0.12500   0.17500   0.22500   0.27500   0.32500   0.37500   0.42500   0.47500 
<Band_DFT>  Eigen, time=0.740725
<Band_DFT>  DM, time=2.034743
    1   Sn  MulP   7.0000  7.0000 sum  14.0000
    2   Sn  MulP   7.0000  7.0000 sum  14.0001
    3   Sn  MulP   7.0000  7.0000 sum  14.0000
    4   Sn  MulP   7.0000  7.0000 sum  13.9999
 Sum of MulP: up   =    28.00000 down          =    28.00000
              total=    56.00000 ideal(neutral)=    56.00000
<DFT>  Total Spin Moment (muB) =  0.000000000000
<DFT>  Mixing_weight= 0.040000000000
<DFT>  Uele   =  -42.211863897826  dUele     =   0.000001072786
<DFT>  NormRD =    0.000001408590  Criterion =   0.000000100000

******************* MD= 6  SCF= 6 *******************
<Poisson>  Poisson's equation using FFT...
<Set_Hamiltonian>  Hamiltonian matrix for VNA+dVH+Vxc...
<Band>  Solving the eigenvalue problem...
 KGrids1:  -0.45833  -0.37500  -0.29167  -0.20833  -0.12500  -0.04167   0.04167   0.12500   0.20833   0.29167   0.37500   0.45833 
 KGrids2:  -0.45833  -0.37500  -0.29167  -0.20833  -0.12500  -0.04167   0.04167   0.12500   0.20833   0.29167   0.37500   0.45833 
 KGrids3:  -0.47500  -0.42500  -0.37500  -0.32500  -0.27500  -0.22500  -0.17500  -0.12500  -0.07500  -0.02500   0.02500   0.07500   0.12500   0.17500   0.22500   0.27500   0.32500   0.37500   0.42500   0.47500 
<Band_DFT>  Eigen, time=0.795951
<Band_DFT>  DM, time=1.991037
    1   Sn  MulP   7.0000  7.0000 sum  14.0000
    2   Sn  MulP   7.0000  7.0000 sum  14.0001
    3   Sn  MulP   7.0000  7.0000 sum  14.0000
    4   Sn  MulP   7.0000  7.0000 sum  13.9999
 Sum of MulP: up   =    28.00000 down          =    28.00000
              total=    56.00000 ideal(neutral)=    56.00000
<DFT>  Total Spin Moment (muB) =  0.000000000000
<DFT>  Mixing_weight= 0.040000000000
<DFT>  Uele   =  -42.211864011161  dUele     =   0.000000113334
<DFT>  NormRD =    0.000000245618  Criterion =   0.000000100000

******************* MD= 6  SCF= 7 *******************
<Poisson>  Poisson's equation using FFT...
<Set_Hamiltonian>  Hamiltonian matrix for VNA+dVH+Vxc...
<Band>  Solving the eigenvalue problem...
 KGrids1:  -0.45833  -0.37500  -0.29167  -0.20833  -0.12500  -0.04167   0.04167   0.12500   0.20833   0.29167   0.37500   0.45833 
 KGrids2:  -0.45833  -0.37500  -0.29167  -0.20833  -0.12500  -0.04167   0.04167   0.12500   0.20833   0.29167   0.37500   0.45833 
 KGrids3:  -0.47500  -0.42500  -0.37500  -0.32500  -0.27500  -0.22500  -0.17500  -0.12500  -0.07500  -0.02500   0.02500   0.07500   0.12500   0.17500   0.22500   0.27500   0.32500   0.37500   0.42500   0.47500 
<Band_DFT>  Eigen, time=0.736272
<Band_DFT>  DM, time=1.855260
    1   Sn  MulP   7.0000  7.0000 sum  14.0000
    2   Sn  MulP   7.0000  7.0000 sum  14.0001
    3   Sn  MulP   7.0000  7.0000 sum  14.0000
    4   Sn  MulP   7.0000  7.0000 sum  13.9999
 Sum of MulP: up   =    28.00000 down          =    28.00000
              total=    56.00000 ideal(neutral)=    56.00000
<DFT>  Total Spin Moment (muB) =  0.000000000000
<DFT>  Mixing_weight= 0.040000000000
<DFT>  Uele   =  -42.211863968148  dUele     =   0.000000043013
<DFT>  NormRD =    0.000000242144  Criterion =   0.000000100000
<MD= 6>  Force calculation
  Force calculation #1
  Force calculation #2
  Force calculation #3
  Force calculation #4
  Force calculation #5
  Stress calculation #1
  Stress calculation #2
  Stress calculation #3
  Stress calculation #4
  Stress calculation #5
<MD= 6>  Total Energy
  Force calculation #6
  Force calculation #7

*******************************************************
                  Dipole moment (Debye)                 
*******************************************************

 Absolute D      520.78368863

                      Dx                Dy                Dz
 Total           -362.13868533     -362.29457322      -93.88218757
 Core             401.43891149      402.24769257      325.64237134
 Electron        -763.57759682     -764.54226579     -419.52455891
 Back ground       -0.00000000       -0.00000000       -0.00000000

*******************************************************
               Stress tensor (Hartree/bohr^3)            
*******************************************************

      -0.00000005       -0.00000000        0.00000000 
      -0.00000000       -0.00000036        0.00000379 
       0.00000000        0.00000379       -0.00000058 

*******************************************************
                Total Energy (Hartree) at MD = 6        
*******************************************************

  Uele  =     -42.211863968148

  Ukin  =     203.437325509542
  UH0   =   -2703.969568463103
  UH1   =       0.004899987945
  Una   =    -149.420379019984
  Unl   =     -47.912714825736
  Uxc0  =     -25.237082892104
  Uxc1  =     -25.237082892104
  Ucore =    2464.177309195045
  Uhub  =       0.000000000000
  Ucs   =       0.000000000000
  Uzs   =       0.000000000000
  Uzo   =       0.000000000000
  Uef   =       0.000000000000
  UvdW  =       0.000000000000
  Uch   =       0.000000000000
  Utot  =    -284.157293400498

  UpV   =       0.000000000000
  Enpy  =    -284.157293400498
  Note:

  Uele:   band energy
  Ukin:   kinetic energy
  UH0:    electric part of screened Coulomb energy
  UH1:    difference electron-electron Coulomb energy
  Una:    neutral atom potential energy
  Unl:    non-local potential energy
  Uxc0:   exchange-correlation energy for alpha spin
  Uxc1:   exchange-correlation energy for beta spin
  Ucore:  core-core Coulomb energy
  Uhub:   LDA+U energy
  Ucs:    constraint energy for spin orientation
  Uzs:    Zeeman term for spin magnetic moment
  Uzo:    Zeeman term for orbital magnetic moment
  Uef:    electric energy by electric field
  UvdW:   semi-empirical vdW energy 
  Uch:    penalty term to create a core hole
  UpV:    pressure times volume
  Enpy:   Enthalpy = Utot + UpV
  (see also PRB 72, 045121(2005) for the energy contributions)


*******************************************************
           Computational times (s) at MD = 6            
*******************************************************

  DFT in total      =   32.17819

  Set_OLP_Kin       =    1.10734
  Set_Nonlocal      =    1.40719
  Set_ProExpn_VNA   =    3.49726
  Set_Hamiltonian   =    1.73726
  Poisson           =    0.00108
  diagonalization   =   18.84380
  Mixing_DM         =    0.00551
  Force             =    2.40416
  Total_Energy      =    0.40713
  Set_Aden_Grid     =    0.00721
  Set_Orbitals_Grid =    0.09977
  Set_Density_Grid  =    0.63317
  RestartFileDFT    =    0.00315
  Mulliken_Charge   =    0.00119
  FFT(2D)_Density   =    0.00200

The SCF was achieved at MD=   6

*******************************************************
             MD or geometry opt. at MD = 6              
*******************************************************

<BFGS>  |Maximum force| (Hartree/Bohr) = 0.000952499152
<BFGS>  Criterion       (Hartree/Bohr) = 0.000100000000

     atom=   1, XYZ(ang) Fxyz(a.u.)=   0.0000    0.0008    0.0001    -0.0000   -0.0001   -0.0000
     atom=   2, XYZ(ang) Fxyz(a.u.)=   2.9849    2.9900    1.6176    -0.0000   -0.0001   -0.0001
     atom=   3, XYZ(ang) Fxyz(a.u.)=  -0.0000    2.9862    0.8231     0.0000    0.0000   -0.0009
     atom=   4, XYZ(ang) Fxyz(a.u.)=   2.9849    0.0049    2.4023     0.0000    0.0001    0.0010

*******************************************************
        Analysis of neighbors and setting of grids        
*******************************************************


*******************************************************
  Allocation of atoms to processors at MD_iter=    7     
*******************************************************

 proc =   0  # of atoms=   1  estimated weight=         1.00000
 proc =   1  # of atoms=   1  estimated weight=         1.00000
 proc =   2  # of atoms=   1  estimated weight=         1.00000
 proc =   3  # of atoms=   1  estimated weight=         1.00000
 proc =   4  # of atoms=   0  estimated weight=         0.00000
 proc =   5  # of atoms=   0  estimated weight=         0.00000
 proc =   6  # of atoms=   0  estimated weight=         0.00000
 proc =   7  # of atoms=   0  estimated weight=         0.00000
 proc =   8  # of atoms=   0  estimated weight=         0.00000
 proc =   9  # of atoms=   0  estimated weight=         0.00000
 proc =  10  # of atoms=   0  estimated weight=         0.00000
 proc =  11  # of atoms=   0  estimated weight=         0.00000
 proc =  12  # of atoms=   0  estimated weight=         0.00000
 proc =  13  # of atoms=   0  estimated weight=         0.00000
 proc =  14  # of atoms=   0  estimated weight=         0.00000
 proc =  15  # of atoms=   0  estimated weight=         0.00000



TFNAN=     256   Average FNAN=  64.00000
TSNAN=       0   Average SNAN=   0.00000
<truncation> CpyCell= 3 ct_AN=   1 FNAN SNAN  64   0
<truncation> CpyCell= 3 ct_AN=   2 FNAN SNAN  64   0
<truncation> CpyCell= 3 ct_AN=   3 FNAN SNAN  64   0
<truncation> CpyCell= 3 ct_AN=   4 FNAN SNAN  64   0
<UCell_Box> Info. of cutoff energy and num. of grids
lattice vectors (bohr)
A  = 11.281295655248,  0.000000000000,  0.000000000000
B  =  0.000000000000, 11.281295655248,  0.028203239138
C  =  0.000000000000,  0.015204829790,  6.081931916162
reciprocal lattice vectors (bohr^-1)
RA =  0.556956000374,  0.000000000000,  0.000000000000
RB =  0.000000000000,  0.556959481370, -0.001392398703
RC =  0.000000000000, -0.002582742073,  1.033096829091
Required cutoff energy (Ryd) for 3D-grids = 200.0000
    Used cutoff energy (Ryd) for 3D-grids = 193.8750, 193.8786, 194.5146
Num. of grids of a-, b-, and c-axes = 50, 50, 27
Cell_Volume =    774.028233187484 (Bohr^3)
GridVol     =      0.011467084936 (Bohr^3)
Cell vectors (bohr) of the grid cell (gtv)
  gtv_a =  0.225625913105,  0.000000000000,  0.000000000000
  gtv_b =  0.000000000000,  0.225625913105,  0.000564064783
  gtv_c =  0.000000000000,  0.000563141844,  0.225256737636
  |gtv_a| =  0.225625913105
  |gtv_b| =  0.225626618185
  |gtv_c| =  0.225257441562
Num. of grids overlapping with atom    1 = 125062
Num. of grids overlapping with atom    2 = 125303
Num. of grids overlapping with atom    3 = 125174
Num. of grids overlapping with atom    4 = 125170

*******************************************************
             SCF calculation at MD = 7                
*******************************************************

<MD= 7>  Calculation of the overlap matrix
<MD= 7>  Calculation of the nonlocal matrix
<MD= 7>  Calculation of the VNA projector matrix

******************* MD= 7  SCF= 1 *******************
<Restart>  Found restart files
<Poisson>  Poisson's equation using FFT...
<Band>  Solving the eigenvalue problem...
 KGrids1:  -0.45833  -0.37500  -0.29167  -0.20833  -0.12500  -0.04167   0.04167   0.12500   0.20833   0.29167   0.37500   0.45833 
 KGrids2:  -0.45833  -0.37500  -0.29167  -0.20833  -0.12500  -0.04167   0.04167   0.12500   0.20833   0.29167   0.37500   0.45833 
 KGrids3:  -0.47500  -0.42500  -0.37500  -0.32500  -0.27500  -0.22500  -0.17500  -0.12500  -0.07500  -0.02500   0.02500   0.07500   0.12500   0.17500   0.22500   0.27500   0.32500   0.37500   0.42500   0.47500 
<Band_DFT>  Eigen, time=0.740629
<Band_DFT>  DM, time=2.036701
    1   Sn  MulP   6.9998  6.9998 sum  13.9995
    2   Sn  MulP   7.0004  7.0004 sum  14.0008
    3   Sn  MulP   6.9999  6.9999 sum  13.9998
    4   Sn  MulP   6.9999  6.9999 sum  13.9999
 Sum of MulP: up   =    28.00000 down          =    28.00000
              total=    56.00000 ideal(neutral)=    56.00000
<DFT>  Total Spin Moment (muB) =  0.000000000000
<DFT>  Mixing_weight= 0.400000000000
<DFT>  Uele   =  -42.211882292368  dUele     =   1.000000000000
<DFT>  NormRD =    1.000000000000  Criterion =   0.000000100000

******************* MD= 7  SCF= 2 *******************
<Poisson>  Poisson's equation using FFT...
<Set_Hamiltonian>  Hamiltonian matrix for VNA+dVH+Vxc...
<Band>  Solving the eigenvalue problem...
 KGrids1:  -0.45833  -0.37500  -0.29167  -0.20833  -0.12500  -0.04167   0.04167   0.12500   0.20833   0.29167   0.37500   0.45833 
 KGrids2:  -0.45833  -0.37500  -0.29167  -0.20833  -0.12500  -0.04167   0.04167   0.12500   0.20833   0.29167   0.37500   0.45833 
 KGrids3:  -0.47500  -0.42500  -0.37500  -0.32500  -0.27500  -0.22500  -0.17500  -0.12500  -0.07500  -0.02500   0.02500   0.07500   0.12500   0.17500   0.22500   0.27500   0.32500   0.37500   0.42500   0.47500 
<Band_DFT>  Eigen, time=0.793786
<Band_DFT>  DM, time=1.676658
    1   Sn  MulP   6.9999  6.9999 sum  13.9997
    2   Sn  MulP   7.0003  7.0003 sum  14.0006
    3   Sn  MulP   6.9999  6.9999 sum  13.9998
    4   Sn  MulP   6.9999  6.9999 sum  13.9999
 Sum of MulP: up   =    28.00000 down          =    28.00000
              total=    56.00000 ideal(neutral)=    56.00000
<DFT>  Total Spin Moment (muB) =  0.000000000000
<DFT>  Mixing_weight= 0.400000000000
<DFT>  Uele   =  -42.211816230347  dUele     =   0.000066062021
<DFT>  NormRD =    0.002882364643  Criterion =   0.000000100000

******************* MD= 7  SCF= 3 *******************
<Poisson>  Poisson's equation using FFT...
<Set_Hamiltonian>  Hamiltonian matrix for VNA+dVH+Vxc...
<Band>  Solving the eigenvalue problem...
 KGrids1:  -0.45833  -0.37500  -0.29167  -0.20833  -0.12500  -0.04167   0.04167   0.12500   0.20833   0.29167   0.37500   0.45833 
 KGrids2:  -0.45833  -0.37500  -0.29167  -0.20833  -0.12500  -0.04167   0.04167   0.12500   0.20833   0.29167   0.37500   0.45833 
 KGrids3:  -0.47500  -0.42500  -0.37500  -0.32500  -0.27500  -0.22500  -0.17500  -0.12500  -0.07500  -0.02500   0.02500   0.07500   0.12500   0.17500   0.22500   0.27500   0.32500   0.37500   0.42500   0.47500 
<Band_DFT>  Eigen, time=0.741429
<Band_DFT>  DM, time=1.674796
    1   Sn  MulP   6.9999  6.9999 sum  13.9998
    2   Sn  MulP   7.0002  7.0002 sum  14.0005
    3   Sn  MulP   6.9999  6.9999 sum  13.9999
    4   Sn  MulP   6.9999  6.9999 sum  13.9998
 Sum of MulP: up   =    28.00000 down          =    28.00000
              total=    56.00000 ideal(neutral)=    56.00000
<DFT>  Total Spin Moment (muB) =  0.000000000000
<DFT>  Mixing_weight= 0.040000000000
<DFT>  Uele   =  -42.211776578195  dUele     =   0.000039652152
<DFT>  NormRD =    0.001956429923  Criterion =   0.000000100000

******************* MD= 7  SCF= 4 *******************
<Poisson>  Poisson's equation using FFT...
<Set_Hamiltonian>  Hamiltonian matrix for VNA+dVH+Vxc...
<Band>  Solving the eigenvalue problem...
 KGrids1:  -0.45833  -0.37500  -0.29167  -0.20833  -0.12500  -0.04167   0.04167   0.12500   0.20833   0.29167   0.37500   0.45833 
 KGrids2:  -0.45833  -0.37500  -0.29167  -0.20833  -0.12500  -0.04167   0.04167   0.12500   0.20833   0.29167   0.37500   0.45833 
 KGrids3:  -0.47500  -0.42500  -0.37500  -0.32500  -0.27500  -0.22500  -0.17500  -0.12500  -0.07500  -0.02500   0.02500   0.07500   0.12500   0.17500   0.22500   0.27500   0.32500   0.37500   0.42500   0.47500 
<Band_DFT>  Eigen, time=0.728763
<Band_DFT>  DM, time=2.024081
    1   Sn  MulP   7.0000  7.0000 sum  13.9999
    2   Sn  MulP   7.0002  7.0002 sum  14.0004
    3   Sn  MulP   6.9999  6.9999 sum  13.9999
    4   Sn  MulP   6.9999  6.9999 sum  13.9998
 Sum of MulP: up   =    28.00000 down          =    28.00000
              total=    56.00000 ideal(neutral)=    56.00000
<DFT>  Total Spin Moment (muB) =  0.000000000000
<DFT>  Mixing_weight= 0.040000000000
<DFT>  Uele   =  -42.211716213363  dUele     =   0.000060364832
<DFT>  NormRD =    0.000189919251  Criterion =   0.000000100000

******************* MD= 7  SCF= 5 *******************
<Poisson>  Poisson's equation using FFT...
<Set_Hamiltonian>  Hamiltonian matrix for VNA+dVH+Vxc...
<Band>  Solving the eigenvalue problem...
 KGrids1:  -0.45833  -0.37500  -0.29167  -0.20833  -0.12500  -0.04167   0.04167   0.12500   0.20833   0.29167   0.37500   0.45833 
 KGrids2:  -0.45833  -0.37500  -0.29167  -0.20833  -0.12500  -0.04167   0.04167   0.12500   0.20833   0.29167   0.37500   0.45833 
 KGrids3:  -0.47500  -0.42500  -0.37500  -0.32500  -0.27500  -0.22500  -0.17500  -0.12500  -0.07500  -0.02500   0.02500   0.07500   0.12500   0.17500   0.22500   0.27500   0.32500   0.37500   0.42500   0.47500 
<Band_DFT>  Eigen, time=0.641790
<Band_DFT>  DM, time=1.909888
    1   Sn  MulP   7.0000  7.0000 sum  13.9999
    2   Sn  MulP   7.0002  7.0002 sum  14.0004
    3   Sn  MulP   6.9999  6.9999 sum  13.9999
    4   Sn  MulP   6.9999  6.9999 sum  13.9998
 Sum of MulP: up   =    28.00000 down          =    28.00000
              total=    56.00000 ideal(neutral)=    56.00000
<DFT>  Total Spin Moment (muB) =  0.000000000000
<DFT>  Mixing_weight= 0.040000000000
<DFT>  Uele   =  -42.211720429439  dUele     =   0.000004216076
<DFT>  NormRD =    0.000074139995  Criterion =   0.000000100000

******************* MD= 7  SCF= 6 *******************
<Poisson>  Poisson's equation using FFT...
<Set_Hamiltonian>  Hamiltonian matrix for VNA+dVH+Vxc...
<Band>  Solving the eigenvalue problem...
 KGrids1:  -0.45833  -0.37500  -0.29167  -0.20833  -0.12500  -0.04167   0.04167   0.12500   0.20833   0.29167   0.37500   0.45833 
 KGrids2:  -0.45833  -0.37500  -0.29167  -0.20833  -0.12500  -0.04167   0.04167   0.12500   0.20833   0.29167   0.37500   0.45833 
 KGrids3:  -0.47500  -0.42500  -0.37500  -0.32500  -0.27500  -0.22500  -0.17500  -0.12500  -0.07500  -0.02500   0.02500   0.07500   0.12500   0.17500   0.22500   0.27500   0.32500   0.37500   0.42500   0.47500 
<Band_DFT>  Eigen, time=0.743125
<Band_DFT>  DM, time=2.041528
    1   Sn  MulP   7.0000  7.0000 sum  13.9999
    2   Sn  MulP   7.0002  7.0002 sum  14.0004
    3   Sn  MulP   6.9999  6.9999 sum  13.9999
    4   Sn  MulP   6.9999  6.9999 sum  13.9998
 Sum of MulP: up   =    28.00000 down          =    28.00000
              total=    56.00000 ideal(neutral)=    56.00000
<DFT>  Total Spin Moment (muB) =  0.000000000000
<DFT>  Mixing_weight= 0.040000000000
<DFT>  Uele   =  -42.211720897836  dUele     =   0.000000468397
<DFT>  NormRD =    0.000055300267  Criterion =   0.000000100000

******************* MD= 7  SCF= 7 *******************
<Poisson>  Poisson's equation using FFT...
<Set_Hamiltonian>  Hamiltonian matrix for VNA+dVH+Vxc...
<Band>  Solving the eigenvalue problem...
 KGrids1:  -0.45833  -0.37500  -0.29167  -0.20833  -0.12500  -0.04167   0.04167   0.12500   0.20833   0.29167   0.37500   0.45833 
 KGrids2:  -0.45833  -0.37500  -0.29167  -0.20833  -0.12500  -0.04167   0.04167   0.12500   0.20833   0.29167   0.37500   0.45833 
 KGrids3:  -0.47500  -0.42500  -0.37500  -0.32500  -0.27500  -0.22500  -0.17500  -0.12500  -0.07500  -0.02500   0.02500   0.07500   0.12500   0.17500   0.22500   0.27500   0.32500   0.37500   0.42500   0.47500 
<Band_DFT>  Eigen, time=0.745888
<Band_DFT>  DM, time=1.904655
    1   Sn  MulP   7.0000  7.0000 sum  13.9999
    2   Sn  MulP   7.0002  7.0002 sum  14.0004
    3   Sn  MulP   6.9999  6.9999 sum  13.9999
    4   Sn  MulP   6.9999  6.9999 sum  13.9998
 Sum of MulP: up   =    28.00000 down          =    28.00000
              total=    56.00000 ideal(neutral)=    56.00000
<DFT>  Total Spin Moment (muB) =  0.000000000000
<DFT>  Mixing_weight= 0.040000000000
<DFT>  Uele   =  -42.211720678267  dUele     =   0.000000219568
<DFT>  NormRD =    0.000013941994  Criterion =   0.000000100000

******************* MD= 7  SCF= 8 *******************
<Poisson>  Poisson's equation using FFT...
<Set_Hamiltonian>  Hamiltonian matrix for VNA+dVH+Vxc...
<Band>  Solving the eigenvalue problem...
 KGrids1:  -0.45833  -0.37500  -0.29167  -0.20833  -0.12500  -0.04167   0.04167   0.12500   0.20833   0.29167   0.37500   0.45833 
 KGrids2:  -0.45833  -0.37500  -0.29167  -0.20833  -0.12500  -0.04167   0.04167   0.12500   0.20833   0.29167   0.37500   0.45833 
 KGrids3:  -0.47500  -0.42500  -0.37500  -0.32500  -0.27500  -0.22500  -0.17500  -0.12500  -0.07500  -0.02500   0.02500   0.07500   0.12500   0.17500   0.22500   0.27500   0.32500   0.37500   0.42500   0.47500 
<Band_DFT>  Eigen, time=0.741198
<Band_DFT>  DM, time=1.922837
    1   Sn  MulP   7.0000  7.0000 sum  13.9999
    2   Sn  MulP   7.0002  7.0002 sum  14.0004
    3   Sn  MulP   6.9999  6.9999 sum  13.9999
    4   Sn  MulP   6.9999  6.9999 sum  13.9998
 Sum of MulP: up   =    28.00000 down          =    28.00000
              total=    56.00000 ideal(neutral)=    56.00000
<DFT>  Total Spin Moment (muB) =  0.000000000000
<DFT>  Mixing_weight= 0.040000000000
<DFT>  Uele   =  -42.211720427914  dUele     =   0.000000250353
<DFT>  NormRD =    0.000007266171  Criterion =   0.000000100000

******************* MD= 7  SCF= 9 *******************
<Poisson>  Poisson's equation using FFT...
<Set_Hamiltonian>  Hamiltonian matrix for VNA+dVH+Vxc...
<Band>  Solving the eigenvalue problem...
 KGrids1:  -0.45833  -0.37500  -0.29167  -0.20833  -0.12500  -0.04167   0.04167   0.12500   0.20833   0.29167   0.37500   0.45833 
 KGrids2:  -0.45833  -0.37500  -0.29167  -0.20833  -0.12500  -0.04167   0.04167   0.12500   0.20833   0.29167   0.37500   0.45833 
 KGrids3:  -0.47500  -0.42500  -0.37500  -0.32500  -0.27500  -0.22500  -0.17500  -0.12500  -0.07500  -0.02500   0.02500   0.07500   0.12500   0.17500   0.22500   0.27500   0.32500   0.37500   0.42500   0.47500 
<Band_DFT>  Eigen, time=0.739441
<Band_DFT>  DM, time=2.037555
    1   Sn  MulP   7.0000  7.0000 sum  13.9999
    2   Sn  MulP   7.0002  7.0002 sum  14.0004
    3   Sn  MulP   6.9999  6.9999 sum  13.9999
    4   Sn  MulP   6.9999  6.9999 sum  13.9998
 Sum of MulP: up   =    28.00000 down          =    28.00000
              total=    56.00000 ideal(neutral)=    56.00000
<DFT>  Total Spin Moment (muB) =  0.000000000000
<DFT>  Mixing_weight= 0.040000000000
<DFT>  Uele   =  -42.211720350223  dUele     =   0.000000077691
<DFT>  NormRD =    0.000002482882  Criterion =   0.000000100000
<MD= 7>  Force calculation
  Force calculation #1
  Force calculation #2
  Force calculation #3
  Force calculation #4
  Force calculation #5
  Stress calculation #1
  Stress calculation #2
  Stress calculation #3
  Stress calculation #4
  Stress calculation #5
<MD= 7>  Total Energy
  Force calculation #6
  Force calculation #7

*******************************************************
                  Dipole moment (Debye)                 
*******************************************************

 Absolute D      520.93093119

                      Dx                Dy                Dz
 Total           -362.13861933     -362.48749326      -93.95463100
 Core             401.43891879      402.25126288      325.67253570
 Electron        -763.57753812     -764.73875614     -419.62716669
 Back ground       -0.00000000       -0.00000000       -0.00000000

*******************************************************
               Stress tensor (Hartree/bohr^3)            
*******************************************************

       0.00000027       -0.00000000        0.00000000 
      -0.00000000       -0.00000046        0.00000328 
       0.00000000        0.00000328       -0.00000043 

*******************************************************
                Total Energy (Hartree) at MD = 7        
*******************************************************

  Uele  =     -42.211720350223

  Ukin  =     203.438001115605
  UH0   =   -2703.967693926230
  UH1   =       0.004899095396
  Una   =    -149.420712652602
  Unl   =     -47.913003227046
  Uxc0  =     -25.237114989818
  Uxc1  =     -25.237114989818
  Ucore =    2464.175431804229
  Uhub  =       0.000000000000
  Ucs   =       0.000000000000
  Uzs   =       0.000000000000
  Uzo   =       0.000000000000
  Uef   =       0.000000000000
  UvdW  =       0.000000000000
  Uch   =       0.000000000000
  Utot  =    -284.157307770283

  UpV   =       0.000000000000
  Enpy  =    -284.157307770283
  Note:

  Uele:   band energy
  Ukin:   kinetic energy
  UH0:    electric part of screened Coulomb energy
  UH1:    difference electron-electron Coulomb energy
  Una:    neutral atom potential energy
  Unl:    non-local potential energy
  Uxc0:   exchange-correlation energy for alpha spin
  Uxc1:   exchange-correlation energy for beta spin
  Ucore:  core-core Coulomb energy
  Uhub:   LDA+U energy
  Ucs:    constraint energy for spin orientation
  Uzs:    Zeeman term for spin magnetic moment
  Uzo:    Zeeman term for orbital magnetic moment
  Uef:    electric energy by electric field
  UvdW:   semi-empirical vdW energy 
  Uch:    penalty term to create a core hole
  UpV:    pressure times volume
  Enpy:   Enthalpy = Utot + UpV
  (see also PRB 72, 045121(2005) for the energy contributions)


*******************************************************
           Computational times (s) at MD = 7            
*******************************************************

  DFT in total      =   36.97937

  Set_OLP_Kin       =    0.91230
  Set_Nonlocal      =    1.26053
  Set_ProExpn_VNA   =    3.02362
  Set_Hamiltonian   =    2.23727
  Poisson           =    0.00173
  diagonalization   =   24.35275
  Mixing_DM         =    0.00681
  Force             =    1.92215
  Total_Energy      =    0.40395
  Set_Aden_Grid     =    0.00722
  Set_Orbitals_Grid =    0.09970
  Set_Density_Grid  =    0.78582
  RestartFileDFT    =    0.00285
  Mulliken_Charge   =    0.00133
  FFT(2D)_Density   =    0.00240

The SCF was achieved at MD=   7

*******************************************************
             MD or geometry opt. at MD = 7              
*******************************************************

<BFGS>  |Maximum force| (Hartree/Bohr) = 0.000908580203
<BFGS>  Criterion       (Hartree/Bohr) = 0.000100000000

     atom=   1, XYZ(ang) Fxyz(a.u.)=   0.0000    0.0022    0.0004     0.0000    0.0001    0.0000
     atom=   2, XYZ(ang) Fxyz(a.u.)=   2.9849    2.9924    1.6206    -0.0000    0.0000   -0.0002
     atom=   3, XYZ(ang) Fxyz(a.u.)=  -0.0000    2.9858    0.8526     0.0000    0.0002   -0.0009
     atom=   4, XYZ(ang) Fxyz(a.u.)=   2.9849    0.0013    2.3717    -0.0000   -0.0001    0.0008

*******************************************************
        Analysis of neighbors and setting of grids        
*******************************************************


*******************************************************
  Allocation of atoms to processors at MD_iter=    8     
*******************************************************

 proc =   0  # of atoms=   1  estimated weight=         1.00000
 proc =   1  # of atoms=   1  estimated weight=         1.00000
 proc =   2  # of atoms=   1  estimated weight=         1.00000
 proc =   3  # of atoms=   1  estimated weight=         1.00000
 proc =   4  # of atoms=   0  estimated weight=         0.00000
 proc =   5  # of atoms=   0  estimated weight=         0.00000
 proc =   6  # of atoms=   0  estimated weight=         0.00000
 proc =   7  # of atoms=   0  estimated weight=         0.00000
 proc =   8  # of atoms=   0  estimated weight=         0.00000
 proc =   9  # of atoms=   0  estimated weight=         0.00000
 proc =  10  # of atoms=   0  estimated weight=         0.00000
 proc =  11  # of atoms=   0  estimated weight=         0.00000
 proc =  12  # of atoms=   0  estimated weight=         0.00000
 proc =  13  # of atoms=   0  estimated weight=         0.00000
 proc =  14  # of atoms=   0  estimated weight=         0.00000
 proc =  15  # of atoms=   0  estimated weight=         0.00000



TFNAN=     256   Average FNAN=  64.00000
TSNAN=       0   Average SNAN=   0.00000
<truncation> CpyCell= 3 ct_AN=   1 FNAN SNAN  64   0
<truncation> CpyCell= 3 ct_AN=   2 FNAN SNAN  64   0
<truncation> CpyCell= 3 ct_AN=   3 FNAN SNAN  64   0
<truncation> CpyCell= 3 ct_AN=   4 FNAN SNAN  64   0
<UCell_Box> Info. of cutoff energy and num. of grids
lattice vectors (bohr)
A  = 11.281295655248,  0.000000000000,  0.000000000000
B  =  0.000000000000, 11.281295655248,  0.028203239138
C  =  0.000000000000,  0.015204829790,  6.081931916162
reciprocal lattice vectors (bohr^-1)
RA =  0.556956000374,  0.000000000000,  0.000000000000
RB =  0.000000000000,  0.556959481370, -0.001392398703
RC =  0.000000000000, -0.002582742073,  1.033096829091
Required cutoff energy (Ryd) for 3D-grids = 200.0000
    Used cutoff energy (Ryd) for 3D-grids = 193.8750, 193.8786, 194.5146
Num. of grids of a-, b-, and c-axes = 50, 50, 27
Cell_Volume =    774.028233187484 (Bohr^3)
GridVol     =      0.011467084936 (Bohr^3)
Cell vectors (bohr) of the grid cell (gtv)
  gtv_a =  0.225625913105,  0.000000000000,  0.000000000000
  gtv_b =  0.000000000000,  0.225625913105,  0.000564064783
  gtv_c =  0.000000000000,  0.000563141844,  0.225256737636
  |gtv_a| =  0.225625913105
  |gtv_b| =  0.225626618185
  |gtv_c| =  0.225257441562
Num. of grids overlapping with atom    1 = 125091
Num. of grids overlapping with atom    2 = 125332
Num. of grids overlapping with atom    3 = 125134
Num. of grids overlapping with atom    4 = 125193

*******************************************************
             SCF calculation at MD = 8                
*******************************************************

<MD= 8>  Calculation of the overlap matrix
<MD= 8>  Calculation of the nonlocal matrix
<MD= 8>  Calculation of the VNA projector matrix

******************* MD= 8  SCF= 1 *******************
<Restart>  Found restart files
<Poisson>  Poisson's equation using FFT...
<Band>  Solving the eigenvalue problem...
 KGrids1:  -0.45833  -0.37500  -0.29167  -0.20833  -0.12500  -0.04167   0.04167   0.12500   0.20833   0.29167   0.37500   0.45833 
 KGrids2:  -0.45833  -0.37500  -0.29167  -0.20833  -0.12500  -0.04167   0.04167   0.12500   0.20833   0.29167   0.37500   0.45833 
 KGrids3:  -0.47500  -0.42500  -0.37500  -0.32500  -0.27500  -0.22500  -0.17500  -0.12500  -0.07500  -0.02500   0.02500   0.07500   0.12500   0.17500   0.22500   0.27500   0.32500   0.37500   0.42500   0.47500 
<Band_DFT>  Eigen, time=0.744950
<Band_DFT>  DM, time=1.962234
    1   Sn  MulP   6.9997  6.9997 sum  13.9994
    2   Sn  MulP   7.0009  7.0009 sum  14.0017
    3   Sn  MulP   6.9997  6.9997 sum  13.9994
    4   Sn  MulP   6.9997  6.9997 sum  13.9995
 Sum of MulP: up   =    28.00000 down          =    28.00000
              total=    56.00000 ideal(neutral)=    56.00000
<DFT>  Total Spin Moment (muB) =  0.000000000000
<DFT>  Mixing_weight= 0.400000000000
<DFT>  Uele   =  -42.211400050129  dUele     =   1.000000000000
<DFT>  NormRD =    1.000000000000  Criterion =   0.000000100000

******************* MD= 8  SCF= 2 *******************
<Poisson>  Poisson's equation using FFT...
<Set_Hamiltonian>  Hamiltonian matrix for VNA+dVH+Vxc...
<Band>  Solving the eigenvalue problem...
 KGrids1:  -0.45833  -0.37500  -0.29167  -0.20833  -0.12500  -0.04167   0.04167   0.12500   0.20833   0.29167   0.37500   0.45833 
 KGrids2:  -0.45833  -0.37500  -0.29167  -0.20833  -0.12500  -0.04167   0.04167   0.12500   0.20833   0.29167   0.37500   0.45833 
 KGrids3:  -0.47500  -0.42500  -0.37500  -0.32500  -0.27500  -0.22500  -0.17500  -0.12500  -0.07500  -0.02500   0.02500   0.07500   0.12500   0.17500   0.22500   0.27500   0.32500   0.37500   0.42500   0.47500 
<Band_DFT>  Eigen, time=0.745545
<Band_DFT>  DM, time=2.033882
    1   Sn  MulP   6.9997  6.9997 sum  13.9994
    2   Sn  MulP   7.0009  7.0009 sum  14.0017
    3   Sn  MulP   6.9997  6.9997 sum  13.9994
    4   Sn  MulP   6.9997  6.9997 sum  13.9994
 Sum of MulP: up   =    28.00000 down          =    28.00000
              total=    56.00000 ideal(neutral)=    56.00000
<DFT>  Total Spin Moment (muB) =  0.000000000000
<DFT>  Mixing_weight= 0.400000000000
<DFT>  Uele   =  -42.211535998512  dUele     =   0.000135948383
<DFT>  NormRD =    0.001581754098  Criterion =   0.000000100000

******************* MD= 8  SCF= 3 *******************
<Poisson>  Poisson's equation using FFT...
<Set_Hamiltonian>  Hamiltonian matrix for VNA+dVH+Vxc...
<Band>  Solving the eigenvalue problem...
 KGrids1:  -0.45833  -0.37500  -0.29167  -0.20833  -0.12500  -0.04167   0.04167   0.12500   0.20833   0.29167   0.37500   0.45833 
 KGrids2:  -0.45833  -0.37500  -0.29167  -0.20833  -0.12500  -0.04167   0.04167   0.12500   0.20833   0.29167   0.37500   0.45833 
 KGrids3:  -0.47500  -0.42500  -0.37500  -0.32500  -0.27500  -0.22500  -0.17500  -0.12500  -0.07500  -0.02500   0.02500   0.07500   0.12500   0.17500   0.22500   0.27500   0.32500   0.37500   0.42500   0.47500 
<Band_DFT>  Eigen, time=0.764547
<Band_DFT>  DM, time=2.016190
    1   Sn  MulP   6.9997  6.9997 sum  13.9994
    2   Sn  MulP   7.0009  7.0009 sum  14.0017
    3   Sn  MulP   6.9997  6.9997 sum  13.9994
    4   Sn  MulP   6.9997  6.9997 sum  13.9994
 Sum of MulP: up   =    28.00000 down          =    28.00000
              total=    56.00000 ideal(neutral)=    56.00000
<DFT>  Total Spin Moment (muB) =  0.000000000000
<DFT>  Mixing_weight= 0.040000000000
<DFT>  Uele   =  -42.211616554566  dUele     =   0.000080556054
<DFT>  NormRD =    0.001010060930  Criterion =   0.000000100000

******************* MD= 8  SCF= 4 *******************
<Poisson>  Poisson's equation using FFT...
<Set_Hamiltonian>  Hamiltonian matrix for VNA+dVH+Vxc...
<Band>  Solving the eigenvalue problem...
 KGrids1:  -0.45833  -0.37500  -0.29167  -0.20833  -0.12500  -0.04167   0.04167   0.12500   0.20833   0.29167   0.37500   0.45833 
 KGrids2:  -0.45833  -0.37500  -0.29167  -0.20833  -0.12500  -0.04167   0.04167   0.12500   0.20833   0.29167   0.37500   0.45833 
 KGrids3:  -0.47500  -0.42500  -0.37500  -0.32500  -0.27500  -0.22500  -0.17500  -0.12500  -0.07500  -0.02500   0.02500   0.07500   0.12500   0.17500   0.22500   0.27500   0.32500   0.37500   0.42500   0.47500 
<Band_DFT>  Eigen, time=0.740646
<Band_DFT>  DM, time=2.041420
    1   Sn  MulP   6.9997  6.9997 sum  13.9994
    2   Sn  MulP   7.0009  7.0009 sum  14.0017
    3   Sn  MulP   6.9997  6.9997 sum  13.9995
    4   Sn  MulP   6.9997  6.9997 sum  13.9994
 Sum of MulP: up   =    28.00000 down          =    28.00000
              total=    56.00000 ideal(neutral)=    56.00000
<DFT>  Total Spin Moment (muB) =  0.000000000000
<DFT>  Mixing_weight= 0.040000000000
<DFT>  Uele   =  -42.211727859580  dUele     =   0.000111305013
<DFT>  NormRD =    0.000042431475  Criterion =   0.000000100000

******************* MD= 8  SCF= 5 *******************
<Poisson>  Poisson's equation using FFT...
<Set_Hamiltonian>  Hamiltonian matrix for VNA+dVH+Vxc...
<Band>  Solving the eigenvalue problem...
 KGrids1:  -0.45833  -0.37500  -0.29167  -0.20833  -0.12500  -0.04167   0.04167   0.12500   0.20833   0.29167   0.37500   0.45833 
 KGrids2:  -0.45833  -0.37500  -0.29167  -0.20833  -0.12500  -0.04167   0.04167   0.12500   0.20833   0.29167   0.37500   0.45833 
 KGrids3:  -0.47500  -0.42500  -0.37500  -0.32500  -0.27500  -0.22500  -0.17500  -0.12500  -0.07500  -0.02500   0.02500   0.07500   0.12500   0.17500   0.22500   0.27500   0.32500   0.37500   0.42500   0.47500 
<Band_DFT>  Eigen, time=0.737907
<Band_DFT>  DM, time=2.037760
    1   Sn  MulP   6.9997  6.9997 sum  13.9994
    2   Sn  MulP   7.0009  7.0009 sum  14.0017
    3   Sn  MulP   6.9997  6.9997 sum  13.9994
    4   Sn  MulP   6.9997  6.9997 sum  13.9994
 Sum of MulP: up   =    28.00000 down          =    28.00000
              total=    56.00000 ideal(neutral)=    56.00000
<DFT>  Total Spin Moment (muB) =  0.000000000000
<DFT>  Mixing_weight= 0.040000000000
<DFT>  Uele   =  -42.211718053835  dUele     =   0.000009805745
<DFT>  NormRD =    0.000051116872  Criterion =   0.000000100000

******************* MD= 8  SCF= 6 *******************
<Poisson>  Poisson's equation using FFT...
<Set_Hamiltonian>  Hamiltonian matrix for VNA+dVH+Vxc...
<Band>  Solving the eigenvalue problem...
 KGrids1:  -0.45833  -0.37500  -0.29167  -0.20833  -0.12500  -0.04167   0.04167   0.12500   0.20833   0.29167   0.37500   0.45833 
 KGrids2:  -0.45833  -0.37500  -0.29167  -0.20833  -0.12500  -0.04167   0.04167   0.12500   0.20833   0.29167   0.37500   0.45833 
 KGrids3:  -0.47500  -0.42500  -0.37500  -0.32500  -0.27500  -0.22500  -0.17500  -0.12500  -0.07500  -0.02500   0.02500   0.07500   0.12500   0.17500   0.22500   0.27500   0.32500   0.37500   0.42500   0.47500 
<Band_DFT>  Eigen, time=0.742812
<Band_DFT>  DM, time=1.987685
    1   Sn  MulP   6.9997  6.9997 sum  13.9994
    2   Sn  MulP   7.0009  7.0009 sum  14.0017
    3   Sn  MulP   6.9997  6.9997 sum  13.9995
    4   Sn  MulP   6.9997  6.9997 sum  13.9994
 Sum of MulP: up   =    28.00000 down          =    28.00000
              total=    56.00000 ideal(neutral)=    56.00000
<DFT>  Total Spin Moment (muB) =  0.000000000000
<DFT>  Mixing_weight= 0.040000000000
<DFT>  Uele   =  -42.211719575960  dUele     =   0.000001522124
<DFT>  NormRD =    0.000026038638  Criterion =   0.000000100000

******************* MD= 8  SCF= 7 *******************
<Poisson>  Poisson's equation using FFT...
<Set_Hamiltonian>  Hamiltonian matrix for VNA+dVH+Vxc...
<Band>  Solving the eigenvalue problem...
 KGrids1:  -0.45833  -0.37500  -0.29167  -0.20833  -0.12500  -0.04167   0.04167   0.12500   0.20833   0.29167   0.37500   0.45833 
 KGrids2:  -0.45833  -0.37500  -0.29167  -0.20833  -0.12500  -0.04167   0.04167   0.12500   0.20833   0.29167   0.37500   0.45833 
 KGrids3:  -0.47500  -0.42500  -0.37500  -0.32500  -0.27500  -0.22500  -0.17500  -0.12500  -0.07500  -0.02500   0.02500   0.07500   0.12500   0.17500   0.22500   0.27500   0.32500   0.37500   0.42500   0.47500 
<Band_DFT>  Eigen, time=0.738795
<Band_DFT>  DM, time=1.908154
    1   Sn  MulP   6.9997  6.9997 sum  13.9994
    2   Sn  MulP   7.0009  7.0009 sum  14.0017
    3   Sn  MulP   6.9997  6.9997 sum  13.9995
    4   Sn  MulP   6.9997  6.9997 sum  13.9994
 Sum of MulP: up   =    28.00000 down          =    28.00000
              total=    56.00000 ideal(neutral)=    56.00000
<DFT>  Total Spin Moment (muB) =  0.000000000000
<DFT>  Mixing_weight= 0.040000000000
<DFT>  Uele   =  -42.211720446706  dUele     =   0.000000870746
<DFT>  NormRD =    0.000007211523  Criterion =   0.000000100000

******************* MD= 8  SCF= 8 *******************
<Poisson>  Poisson's equation using FFT...
<Set_Hamiltonian>  Hamiltonian matrix for VNA+dVH+Vxc...
<Band>  Solving the eigenvalue problem...
 KGrids1:  -0.45833  -0.37500  -0.29167  -0.20833  -0.12500  -0.04167   0.04167   0.12500   0.20833   0.29167   0.37500   0.45833 
 KGrids2:  -0.45833  -0.37500  -0.29167  -0.20833  -0.12500  -0.04167   0.04167   0.12500   0.20833   0.29167   0.37500   0.45833 
 KGrids3:  -0.47500  -0.42500  -0.37500  -0.32500  -0.27500  -0.22500  -0.17500  -0.12500  -0.07500  -0.02500   0.02500   0.07500   0.12500   0.17500   0.22500   0.27500   0.32500   0.37500   0.42500   0.47500 
<Band_DFT>  Eigen, time=0.736081
<Band_DFT>  DM, time=1.910428
    1   Sn  MulP   6.9997  6.9997 sum  13.9994
    2   Sn  MulP   7.0009  7.0009 sum  14.0017
    3   Sn  MulP   6.9997  6.9997 sum  13.9995
    4   Sn  MulP   6.9997  6.9997 sum  13.9994
 Sum of MulP: up   =    28.00000 down          =    28.00000
              total=    56.00000 ideal(neutral)=    56.00000
<DFT>  Total Spin Moment (muB) =  0.000000000000
<DFT>  Mixing_weight= 0.040000000000
<DFT>  Uele   =  -42.211720763307  dUele     =   0.000000316601
<DFT>  NormRD =    0.000001817954  Criterion =   0.000000100000

******************* MD= 8  SCF= 9 *******************
<Poisson>  Poisson's equation using FFT...
<Set_Hamiltonian>  Hamiltonian matrix for VNA+dVH+Vxc...
<Band>  Solving the eigenvalue problem...
 KGrids1:  -0.45833  -0.37500  -0.29167  -0.20833  -0.12500  -0.04167   0.04167   0.12500   0.20833   0.29167   0.37500   0.45833 
 KGrids2:  -0.45833  -0.37500  -0.29167  -0.20833  -0.12500  -0.04167   0.04167   0.12500   0.20833   0.29167   0.37500   0.45833 
 KGrids3:  -0.47500  -0.42500  -0.37500  -0.32500  -0.27500  -0.22500  -0.17500  -0.12500  -0.07500  -0.02500   0.02500   0.07500   0.12500   0.17500   0.22500   0.27500   0.32500   0.37500   0.42500   0.47500 
<Band_DFT>  Eigen, time=0.747136
<Band_DFT>  DM, time=2.042325
    1   Sn  MulP   6.9997  6.9997 sum  13.9994
    2   Sn  MulP   7.0009  7.0009 sum  14.0017
    3   Sn  MulP   6.9997  6.9997 sum  13.9995
    4   Sn  MulP   6.9997  6.9997 sum  13.9994
 Sum of MulP: up   =    28.00000 down          =    28.00000
              total=    56.00000 ideal(neutral)=    56.00000
<DFT>  Total Spin Moment (muB) =  0.000000000000
<DFT>  Mixing_weight= 0.040000000000
<DFT>  Uele   =  -42.211720595423  dUele     =   0.000000167884
<DFT>  NormRD =    0.000000850912  Criterion =   0.000000100000

******************* MD= 8  SCF=10 *******************
<Poisson>  Poisson's equation using FFT...
<Set_Hamiltonian>  Hamiltonian matrix for VNA+dVH+Vxc...
<Band>  Solving the eigenvalue problem...
 KGrids1:  -0.45833  -0.37500  -0.29167  -0.20833  -0.12500  -0.04167   0.04167   0.12500   0.20833   0.29167   0.37500   0.45833 
 KGrids2:  -0.45833  -0.37500  -0.29167  -0.20833  -0.12500  -0.04167   0.04167   0.12500   0.20833   0.29167   0.37500   0.45833 
 KGrids3:  -0.47500  -0.42500  -0.37500  -0.32500  -0.27500  -0.22500  -0.17500  -0.12500  -0.07500  -0.02500   0.02500   0.07500   0.12500   0.17500   0.22500   0.27500   0.32500   0.37500   0.42500   0.47500 
<Band_DFT>  Eigen, time=0.748669
<Band_DFT>  DM, time=2.040906
    1   Sn  MulP   6.9997  6.9997 sum  13.9994
    2   Sn  MulP   7.0009  7.0009 sum  14.0017
    3   Sn  MulP   6.9997  6.9997 sum  13.9995
    4   Sn  MulP   6.9997  6.9997 sum  13.9994
 Sum of MulP: up   =    28.00000 down          =    28.00000
              total=    56.00000 ideal(neutral)=    56.00000
<DFT>  Total Spin Moment (muB) =  0.000000000000
<DFT>  Mixing_weight= 0.040000000000
<DFT>  Uele   =  -42.211720491863  dUele     =   0.000000103560
<DFT>  NormRD =    0.000000296385  Criterion =   0.000000100000

******************* MD= 8  SCF=11 *******************
<Poisson>  Poisson's equation using FFT...
<Set_Hamiltonian>  Hamiltonian matrix for VNA+dVH+Vxc...
<Band>  Solving the eigenvalue problem...
 KGrids1:  -0.45833  -0.37500  -0.29167  -0.20833  -0.12500  -0.04167   0.04167   0.12500   0.20833   0.29167   0.37500   0.45833 
 KGrids2:  -0.45833  -0.37500  -0.29167  -0.20833  -0.12500  -0.04167   0.04167   0.12500   0.20833   0.29167   0.37500   0.45833 
 KGrids3:  -0.47500  -0.42500  -0.37500  -0.32500  -0.27500  -0.22500  -0.17500  -0.12500  -0.07500  -0.02500   0.02500   0.07500   0.12500   0.17500   0.22500   0.27500   0.32500   0.37500   0.42500   0.47500 
<Band_DFT>  Eigen, time=0.747111
<Band_DFT>  DM, time=1.923684
    1   Sn  MulP   6.9997  6.9997 sum  13.9994
    2   Sn  MulP   7.0009  7.0009 sum  14.0017
    3   Sn  MulP   6.9997  6.9997 sum  13.9995
    4   Sn  MulP   6.9997  6.9997 sum  13.9994
 Sum of MulP: up   =    28.00000 down          =    28.00000
              total=    56.00000 ideal(neutral)=    56.00000
<DFT>  Total Spin Moment (muB) =  0.000000000000
<DFT>  Mixing_weight= 0.040000000000
<DFT>  Uele   =  -42.211720542538  dUele     =   0.000000050676
<DFT>  NormRD =    0.000000176040  Criterion =   0.000000100000
<MD= 8>  Force calculation
  Force calculation #1
  Force calculation #2
  Force calculation #3
  Force calculation #4
  Force calculation #5
  Stress calculation #1
  Stress calculation #2
  Stress calculation #3
  Stress calculation #4
  Stress calculation #5
<MD= 8>  Total Energy
  Force calculation #6
  Force calculation #7

*******************************************************
                  Dipole moment (Debye)                 
*******************************************************

 Absolute D      521.44563590

                      Dx                Dy                Dz
 Total           -362.13908323     -363.16541704      -94.18978426
 Core             401.43892579      402.23350182      325.82860673
 Electron        -763.57800902     -765.39891886     -420.01839100
 Back ground       -0.00000000       -0.00000000       -0.00000000

*******************************************************
               Stress tensor (Hartree/bohr^3)            
*******************************************************

      -0.00000000        0.00000000        0.00000000 
       0.00000000       -0.00000243        0.00000234 
       0.00000000        0.00000234       -0.00000015 

*******************************************************
                Total Energy (Hartree) at MD = 8        
*******************************************************

  Uele  =     -42.211720542538

  Ukin  =     203.438562223515
  UH0   =   -2703.943091904510
  UH1   =       0.004897972307
  Una   =    -149.420965514585
  Unl   =     -47.913259461778
  Uxc0  =     -25.237137214080
  Uxc1  =     -25.237137214080
  Ucore =    2464.150856351956
  Uhub  =       0.000000000000
  Ucs   =       0.000000000000
  Uzs   =       0.000000000000
  Uzo   =       0.000000000000
  Uef   =       0.000000000000
  UvdW  =       0.000000000000
  Uch   =       0.000000000000
  Utot  =    -284.157274761254

  UpV   =       0.000000000000
  Enpy  =    -284.157274761254
  Note:

  Uele:   band energy
  Ukin:   kinetic energy
  UH0:    electric part of screened Coulomb energy
  UH1:    difference electron-electron Coulomb energy
  Una:    neutral atom potential energy
  Unl:    non-local potential energy
  Uxc0:   exchange-correlation energy for alpha spin
  Uxc1:   exchange-correlation energy for beta spin
  Ucore:  core-core Coulomb energy
  Uhub:   LDA+U energy
  Ucs:    constraint energy for spin orientation
  Uzs:    Zeeman term for spin magnetic moment
  Uzo:    Zeeman term for orbital magnetic moment
  Uef:    electric energy by electric field
  UvdW:   semi-empirical vdW energy 
  Uch:    penalty term to create a core hole
  UpV:    pressure times volume
  Enpy:   Enthalpy = Utot + UpV
  (see also PRB 72, 045121(2005) for the energy contributions)


*******************************************************
           Computational times (s) at MD = 8            
*******************************************************

  DFT in total      =   43.46907

  Set_OLP_Kin       =    0.69889
  Set_Nonlocal      =    1.37085
  Set_ProExpn_VNA   =    2.90411
  Set_Hamiltonian   =    2.60783
  Poisson           =    0.00200
  diagonalization   =   30.73275
  Mixing_DM         =    0.00850
  Force             =    1.91410
  Total_Energy      =    0.41921
  Set_Aden_Grid     =    0.00723
  Set_Orbitals_Grid =    0.10050
  Set_Density_Grid  =    0.94562
  RestartFileDFT    =    0.00344
  Mulliken_Charge   =    0.00157
  FFT(2D)_Density   =    0.00280

The SCF was achieved at MD=   8

*******************************************************
             MD or geometry opt. at MD = 8              
*******************************************************

<BFGS>  |Maximum force| (Hartree/Bohr) = 0.001031169772
<BFGS>  Criterion       (Hartree/Bohr) = 0.000100000000

     atom=   1, XYZ(ang) Fxyz(a.u.)=   0.0000    0.0011    0.0002     0.0000    0.0004    0.0000
     atom=   2, XYZ(ang) Fxyz(a.u.)=   2.9849    2.9904    1.6183     0.0000    0.0010    0.0004
     atom=   3, XYZ(ang) Fxyz(a.u.)=  -0.0000    2.9860    0.8313    -0.0000    0.0001    0.0008
     atom=   4, XYZ(ang) Fxyz(a.u.)=   2.9849    0.0039    2.3939    -0.0000   -0.0002   -0.0010

*******************************************************
        Analysis of neighbors and setting of grids        
*******************************************************


*******************************************************
  Allocation of atoms to processors at MD_iter=    9     
*******************************************************

 proc =   0  # of atoms=   1  estimated weight=         1.00000
 proc =   1  # of atoms=   1  estimated weight=         1.00000
 proc =   2  # of atoms=   1  estimated weight=         1.00000
 proc =   3  # of atoms=   1  estimated weight=         1.00000
 proc =   4  # of atoms=   0  estimated weight=         0.00000
 proc =   5  # of atoms=   0  estimated weight=         0.00000
 proc =   6  # of atoms=   0  estimated weight=         0.00000
 proc =   7  # of atoms=   0  estimated weight=         0.00000
 proc =   8  # of atoms=   0  estimated weight=         0.00000
 proc =   9  # of atoms=   0  estimated weight=         0.00000
 proc =  10  # of atoms=   0  estimated weight=         0.00000
 proc =  11  # of atoms=   0  estimated weight=         0.00000
 proc =  12  # of atoms=   0  estimated weight=         0.00000
 proc =  13  # of atoms=   0  estimated weight=         0.00000
 proc =  14  # of atoms=   0  estimated weight=         0.00000
 proc =  15  # of atoms=   0  estimated weight=         0.00000



TFNAN=     256   Average FNAN=  64.00000
TSNAN=       0   Average SNAN=   0.00000
<truncation> CpyCell= 3 ct_AN=   1 FNAN SNAN  64   0
<truncation> CpyCell= 3 ct_AN=   2 FNAN SNAN  64   0
<truncation> CpyCell= 3 ct_AN=   3 FNAN SNAN  64   0
<truncation> CpyCell= 3 ct_AN=   4 FNAN SNAN  64   0
<UCell_Box> Info. of cutoff energy and num. of grids
lattice vectors (bohr)
A  = 11.281295655248,  0.000000000000,  0.000000000000
B  =  0.000000000000, 11.281295655248,  0.028203239138
C  =  0.000000000000,  0.015204829790,  6.081931916162
reciprocal lattice vectors (bohr^-1)
RA =  0.556956000374,  0.000000000000,  0.000000000000
RB =  0.000000000000,  0.556959481370, -0.001392398703
RC =  0.000000000000, -0.002582742073,  1.033096829091
Required cutoff energy (Ryd) for 3D-grids = 200.0000
    Used cutoff energy (Ryd) for 3D-grids = 193.8750, 193.8786, 194.5146
Num. of grids of a-, b-, and c-axes = 50, 50, 27
Cell_Volume =    774.028233187484 (Bohr^3)
GridVol     =      0.011467084936 (Bohr^3)
Cell vectors (bohr) of the grid cell (gtv)
  gtv_a =  0.225625913105,  0.000000000000,  0.000000000000
  gtv_b =  0.000000000000,  0.225625913105,  0.000564064783
  gtv_c =  0.000000000000,  0.000563141844,  0.225256737636
  |gtv_a| =  0.225625913105
  |gtv_b| =  0.225626618185
  |gtv_c| =  0.225257441562
Num. of grids overlapping with atom    1 = 125064
Num. of grids overlapping with atom    2 = 125305
Num. of grids overlapping with atom    3 = 125147
Num. of grids overlapping with atom    4 = 125126

*******************************************************
             SCF calculation at MD = 9                
*******************************************************

<MD= 9>  Calculation of the overlap matrix
<MD= 9>  Calculation of the nonlocal matrix
<MD= 9>  Calculation of the VNA projector matrix

******************* MD= 9  SCF= 1 *******************
<Restart>  Found restart files
<Poisson>  Poisson's equation using FFT...
<Band>  Solving the eigenvalue problem...
 KGrids1:  -0.45833  -0.37500  -0.29167  -0.20833  -0.12500  -0.04167   0.04167   0.12500   0.20833   0.29167   0.37500   0.45833 
 KGrids2:  -0.45833  -0.37500  -0.29167  -0.20833  -0.12500  -0.04167   0.04167   0.12500   0.20833   0.29167   0.37500   0.45833 
 KGrids3:  -0.47500  -0.42500  -0.37500  -0.32500  -0.27500  -0.22500  -0.17500  -0.12500  -0.07500  -0.02500   0.02500   0.07500   0.12500   0.17500   0.22500   0.27500   0.32500   0.37500   0.42500   0.47500 
<Band_DFT>  Eigen, time=0.747879
<Band_DFT>  DM, time=1.975879
    1   Sn  MulP   6.9999  6.9999 sum  13.9998
    2   Sn  MulP   7.0004  7.0004 sum  14.0007
    3   Sn  MulP   6.9999  6.9999 sum  13.9998
    4   Sn  MulP   6.9999  6.9999 sum  13.9997
 Sum of MulP: up   =    28.00000 down          =    28.00000
              total=    56.00000 ideal(neutral)=    56.00000
<DFT>  Total Spin Moment (muB) =  0.000000000000
<DFT>  Mixing_weight= 0.400000000000
<DFT>  Uele   =  -42.211745874062  dUele     =   1.000000000000
<DFT>  NormRD =    1.000000000000  Criterion =   0.000000100000

******************* MD= 9  SCF= 2 *******************
<Poisson>  Poisson's equation using FFT...
<Set_Hamiltonian>  Hamiltonian matrix for VNA+dVH+Vxc...
<Band>  Solving the eigenvalue problem...
 KGrids1:  -0.45833  -0.37500  -0.29167  -0.20833  -0.12500  -0.04167   0.04167   0.12500   0.20833   0.29167   0.37500   0.45833 
 KGrids2:  -0.45833  -0.37500  -0.29167  -0.20833  -0.12500  -0.04167   0.04167   0.12500   0.20833   0.29167   0.37500   0.45833 
 KGrids3:  -0.47500  -0.42500  -0.37500  -0.32500  -0.27500  -0.22500  -0.17500  -0.12500  -0.07500  -0.02500   0.02500   0.07500   0.12500   0.17500   0.22500   0.27500   0.32500   0.37500   0.42500   0.47500 
<Band_DFT>  Eigen, time=0.749107
<Band_DFT>  DM, time=1.728667
    1   Sn  MulP   6.9999  6.9999 sum  13.9998
    2   Sn  MulP   7.0004  7.0004 sum  14.0007
    3   Sn  MulP   6.9999  6.9999 sum  13.9998
    4   Sn  MulP   6.9999  6.9999 sum  13.9997
 Sum of MulP: up   =    28.00000 down          =    28.00000
              total=    56.00000 ideal(neutral)=    56.00000
<DFT>  Total Spin Moment (muB) =  0.000000000000
<DFT>  Mixing_weight= 0.400000000000
<DFT>  Uele   =  -42.211691259220  dUele     =   0.000054614842
<DFT>  NormRD =    0.000641926274  Criterion =   0.000000100000

******************* MD= 9  SCF= 3 *******************
<Poisson>  Poisson's equation using FFT...
<Set_Hamiltonian>  Hamiltonian matrix for VNA+dVH+Vxc...
<Band>  Solving the eigenvalue problem...
 KGrids1:  -0.45833  -0.37500  -0.29167  -0.20833  -0.12500  -0.04167   0.04167   0.12500   0.20833   0.29167   0.37500   0.45833 
 KGrids2:  -0.45833  -0.37500  -0.29167  -0.20833  -0.12500  -0.04167   0.04167   0.12500   0.20833   0.29167   0.37500   0.45833 
 KGrids3:  -0.47500  -0.42500  -0.37500  -0.32500  -0.27500  -0.22500  -0.17500  -0.12500  -0.07500  -0.02500   0.02500   0.07500   0.12500   0.17500   0.22500   0.27500   0.32500   0.37500   0.42500   0.47500 
<Band_DFT>  Eigen, time=0.522032
<Band_DFT>  DM, time=1.398888
    1   Sn  MulP   6.9999  6.9999 sum  13.9998
    2   Sn  MulP   7.0004  7.0004 sum  14.0007
    3   Sn  MulP   6.9999  6.9999 sum  13.9998
    4   Sn  MulP   6.9999  6.9999 sum  13.9997
 Sum of MulP: up   =    28.00000 down          =    28.00000
              total=    56.00000 ideal(neutral)=    56.00000
<DFT>  Total Spin Moment (muB) =  0.000000000000
<DFT>  Mixing_weight= 0.040000000000
<DFT>  Uele   =  -42.211658707827  dUele     =   0.000032551393
<DFT>  NormRD =    0.000409371113  Criterion =   0.000000100000

******************* MD= 9  SCF= 4 *******************
<Poisson>  Poisson's equation using FFT...
<Set_Hamiltonian>  Hamiltonian matrix for VNA+dVH+Vxc...
<Band>  Solving the eigenvalue problem...
 KGrids1:  -0.45833  -0.37500  -0.29167  -0.20833  -0.12500  -0.04167   0.04167   0.12500   0.20833   0.29167   0.37500   0.45833 
 KGrids2:  -0.45833  -0.37500  -0.29167  -0.20833  -0.12500  -0.04167   0.04167   0.12500   0.20833   0.29167   0.37500   0.45833 
 KGrids3:  -0.47500  -0.42500  -0.37500  -0.32500  -0.27500  -0.22500  -0.17500  -0.12500  -0.07500  -0.02500   0.02500   0.07500   0.12500   0.17500   0.22500   0.27500   0.32500   0.37500   0.42500   0.47500 
<Band_DFT>  Eigen, time=0.520824
<Band_DFT>  DM, time=1.396037
    1   Sn  MulP   6.9999  6.9999 sum  13.9998
    2   Sn  MulP   7.0004  7.0004 sum  14.0007
    3   Sn  MulP   6.9999  6.9999 sum  13.9997
    4   Sn  MulP   6.9999  6.9999 sum  13.9997
 Sum of MulP: up   =    28.00000 down          =    28.00000
              total=    56.00000 ideal(neutral)=    56.00000
<DFT>  Total Spin Moment (muB) =  0.000000000000
<DFT>  Mixing_weight= 0.040000000000
<DFT>  Uele   =  -42.211614099662  dUele     =   0.000044608165
<DFT>  NormRD =    0.000017263383  Criterion =   0.000000100000

******************* MD= 9  SCF= 5 *******************
<Poisson>  Poisson's equation using FFT...
<Set_Hamiltonian>  Hamiltonian matrix for VNA+dVH+Vxc...
<Band>  Solving the eigenvalue problem...
 KGrids1:  -0.45833  -0.37500  -0.29167  -0.20833  -0.12500  -0.04167   0.04167   0.12500   0.20833   0.29167   0.37500   0.45833 
 KGrids2:  -0.45833  -0.37500  -0.29167  -0.20833  -0.12500  -0.04167   0.04167   0.12500   0.20833   0.29167   0.37500   0.45833 
 KGrids3:  -0.47500  -0.42500  -0.37500  -0.32500  -0.27500  -0.22500  -0.17500  -0.12500  -0.07500  -0.02500   0.02500   0.07500   0.12500   0.17500   0.22500   0.27500   0.32500   0.37500   0.42500   0.47500 
<Band_DFT>  Eigen, time=0.740593
<Band_DFT>  DM, time=1.975207
    1   Sn  MulP   6.9999  6.9999 sum  13.9998
    2   Sn  MulP   7.0004  7.0004 sum  14.0007
    3   Sn  MulP   6.9999  6.9999 sum  13.9997
    4   Sn  MulP   6.9999  6.9999 sum  13.9997
 Sum of MulP: up   =    28.00000 down          =    28.00000
              total=    56.00000 ideal(neutral)=    56.00000
<DFT>  Total Spin Moment (muB) =  0.000000000000
<DFT>  Mixing_weight= 0.040000000000
<DFT>  Uele   =  -42.211616404782  dUele     =   0.000002305119
<DFT>  NormRD =    0.000020913855  Criterion =   0.000000100000

******************* MD= 9  SCF= 6 *******************
<Poisson>  Poisson's equation using FFT...
<Set_Hamiltonian>  Hamiltonian matrix for VNA+dVH+Vxc...
<Band>  Solving the eigenvalue problem...
 KGrids1:  -0.45833  -0.37500  -0.29167  -0.20833  -0.12500  -0.04167   0.04167   0.12500   0.20833   0.29167   0.37500   0.45833 
 KGrids2:  -0.45833  -0.37500  -0.29167  -0.20833  -0.12500  -0.04167   0.04167   0.12500   0.20833   0.29167   0.37500   0.45833 
 KGrids3:  -0.47500  -0.42500  -0.37500  -0.32500  -0.27500  -0.22500  -0.17500  -0.12500  -0.07500  -0.02500   0.02500   0.07500   0.12500   0.17500   0.22500   0.27500   0.32500   0.37500   0.42500   0.47500 
<Band_DFT>  Eigen, time=0.650399
<Band_DFT>  DM, time=1.530863
    1   Sn  MulP   6.9999  6.9999 sum  13.9998
    2   Sn  MulP   7.0004  7.0004 sum  14.0007
    3   Sn  MulP   6.9999  6.9999 sum  13.9997
    4   Sn  MulP   6.9999  6.9999 sum  13.9997
 Sum of MulP: up   =    28.00000 down          =    28.00000
              total=    56.00000 ideal(neutral)=    56.00000
<DFT>  Total Spin Moment (muB) =  0.000000000000
<DFT>  Mixing_weight= 0.040000000000
<DFT>  Uele   =  -42.211616137389  dUele     =   0.000000267392
<DFT>  NormRD =    0.000010475840  Criterion =   0.000000100000

******************* MD= 9  SCF= 7 *******************
<Poisson>  Poisson's equation using FFT...
<Set_Hamiltonian>  Hamiltonian matrix for VNA+dVH+Vxc...
<Band>  Solving the eigenvalue problem...
 KGrids1:  -0.45833  -0.37500  -0.29167  -0.20833  -0.12500  -0.04167   0.04167   0.12500   0.20833   0.29167   0.37500   0.45833 
 KGrids2:  -0.45833  -0.37500  -0.29167  -0.20833  -0.12500  -0.04167   0.04167   0.12500   0.20833   0.29167   0.37500   0.45833 
 KGrids3:  -0.47500  -0.42500  -0.37500  -0.32500  -0.27500  -0.22500  -0.17500  -0.12500  -0.07500  -0.02500   0.02500   0.07500   0.12500   0.17500   0.22500   0.27500   0.32500   0.37500   0.42500   0.47500 
<Band_DFT>  Eigen, time=0.512303
<Band_DFT>  DM, time=1.826312
    1   Sn  MulP   6.9999  6.9999 sum  13.9998
    2   Sn  MulP   7.0004  7.0004 sum  14.0007
    3   Sn  MulP   6.9999  6.9999 sum  13.9997
    4   Sn  MulP   6.9999  6.9999 sum  13.9997
 Sum of MulP: up   =    28.00000 down          =    28.00000
              total=    56.00000 ideal(neutral)=    56.00000
<DFT>  Total Spin Moment (muB) =  0.000000000000
<DFT>  Mixing_weight= 0.040000000000
<DFT>  Uele   =  -42.211615956819  dUele     =   0.000000180570
<DFT>  NormRD =    0.000002439020  Criterion =   0.000000100000

******************* MD= 9  SCF= 8 *******************
<Poisson>  Poisson's equation using FFT...
<Set_Hamiltonian>  Hamiltonian matrix for VNA+dVH+Vxc...
<Band>  Solving the eigenvalue problem...
 KGrids1:  -0.45833  -0.37500  -0.29167  -0.20833  -0.12500  -0.04167   0.04167   0.12500   0.20833   0.29167   0.37500   0.45833 
 KGrids2:  -0.45833  -0.37500  -0.29167  -0.20833  -0.12500  -0.04167   0.04167   0.12500   0.20833   0.29167   0.37500   0.45833 
 KGrids3:  -0.47500  -0.42500  -0.37500  -0.32500  -0.27500  -0.22500  -0.17500  -0.12500  -0.07500  -0.02500   0.02500   0.07500   0.12500   0.17500   0.22500   0.27500   0.32500   0.37500   0.42500   0.47500 
<Band_DFT>  Eigen, time=0.601093
<Band_DFT>  DM, time=1.381884
    1   Sn  MulP   6.9999  6.9999 sum  13.9998
    2   Sn  MulP   7.0004  7.0004 sum  14.0007
    3   Sn  MulP   6.9999  6.9999 sum  13.9997
    4   Sn  MulP   6.9999  6.9999 sum  13.9997
 Sum of MulP: up   =    28.00000 down          =    28.00000
              total=    56.00000 ideal(neutral)=    56.00000
<DFT>  Total Spin Moment (muB) =  0.000000000000
<DFT>  Mixing_weight= 0.040000000000
<DFT>  Uele   =  -42.211615902298  dUele     =   0.000000054522
<DFT>  NormRD =    0.000000594765  Criterion =   0.000000100000
<MD= 9>  Force calculation
  Force calculation #1
  Force calculation #2
  Force calculation #3
  Force calculation #4
  Force calculation #5
  Stress calculation #1
  Stress calculation #2
  Stress calculation #3
  Stress calculation #4
  Stress calculation #5
<MD= 9>  Total Energy
  Force calculation #6
  Force calculation #7

*******************************************************
                  Dipole moment (Debye)                 
*******************************************************

 Absolute D      521.08920948

                      Dx                Dy                Dz
 Total           -362.13868013     -362.69717771      -94.02285818
 Core             401.43891261      402.21778317      325.71841044
 Electron        -763.57759275     -764.91496088     -419.74126862
 Back ground       -0.00000000       -0.00000000       -0.00000000

*******************************************************
               Stress tensor (Hartree/bohr^3)            
*******************************************************

       0.00000000       -0.00000000        0.00000000 
      -0.00000000       -0.00000110        0.00000293 
       0.00000000        0.00000293        0.00000078 

*******************************************************
                Total Energy (Hartree) at MD = 9        
*******************************************************

  Uele  =     -42.211615902298

  Ukin  =     203.438517497206
  UH0   =   -2703.963701717908
  UH1   =       0.004898293054
  Una   =    -149.420964850248
  Unl   =     -47.913226926751
  Uxc0  =     -25.237140937880
  Uxc1  =     -25.237140937880
  Ucore =    2464.171441374604
  Uhub  =       0.000000000000
  Ucs   =       0.000000000000
  Uzs   =       0.000000000000
  Uzo   =       0.000000000000
  Uef   =       0.000000000000
  UvdW  =       0.000000000000
  Uch   =       0.000000000000
  Utot  =    -284.157318205804

  UpV   =       0.000000000000
  Enpy  =    -284.157318205804
  Note:

  Uele:   band energy
  Ukin:   kinetic energy
  UH0:    electric part of screened Coulomb energy
  UH1:    difference electron-electron Coulomb energy
  Una:    neutral atom potential energy
  Unl:    non-local potential energy
  Uxc0:   exchange-correlation energy for alpha spin
  Uxc1:   exchange-correlation energy for beta spin
  Ucore:  core-core Coulomb energy
  Uhub:   LDA+U energy
  Ucs:    constraint energy for spin orientation
  Uzs:    Zeeman term for spin magnetic moment
  Uzo:    Zeeman term for orbital magnetic moment
  Uef:    electric energy by electric field
  UvdW:   semi-empirical vdW energy 
  Uch:    penalty term to create a core hole
  UpV:    pressure times volume
  Enpy:   Enthalpy = Utot + UpV
  (see also PRB 72, 045121(2005) for the energy contributions)


*******************************************************
           Computational times (s) at MD = 9            
*******************************************************

  DFT in total      =   30.69958

  Set_OLP_Kin       =    0.69825
  Set_Nonlocal      =    1.45065
  Set_ProExpn_VNA   =    2.69005
  Set_Hamiltonian   =    1.75306
  Poisson           =    0.00128
  diagonalization   =   18.68946
  Mixing_DM         =    0.00597
  Force             =    2.28236
  Total_Energy      =    0.40667
  Set_Aden_Grid     =    0.02118
  Set_Orbitals_Grid =    0.09931
  Set_Density_Grid  =    0.67549
  RestartFileDFT    =    0.00306
  Mulliken_Charge   =    0.00121
  FFT(2D)_Density   =    0.00210

The SCF was achieved at MD=   9

*******************************************************
             MD or geometry opt. at MD = 9              
*******************************************************

<BFGS>  |Maximum force| (Hartree/Bohr) = 0.000234232781
<BFGS>  Criterion       (Hartree/Bohr) = 0.000100000000

     atom=   1, XYZ(ang) Fxyz(a.u.)=   0.0000    0.0011    0.0002     0.0000    0.0002    0.0000
     atom=   2, XYZ(ang) Fxyz(a.u.)=   2.9849    2.9905    1.6187    -0.0000    0.0001   -0.0002
     atom=   3, XYZ(ang) Fxyz(a.u.)=  -0.0000    2.9860    0.8335     0.0000   -0.0001   -0.0000
     atom=   4, XYZ(ang) Fxyz(a.u.)=   2.9849    0.0036    2.3917     0.0000    0.0002    0.0001

*******************************************************
        Analysis of neighbors and setting of grids        
*******************************************************


*******************************************************
  Allocation of atoms to processors at MD_iter=   10     
*******************************************************

 proc =   0  # of atoms=   1  estimated weight=         1.00000
 proc =   1  # of atoms=   1  estimated weight=         1.00000
 proc =   2  # of atoms=   1  estimated weight=         1.00000
 proc =   3  # of atoms=   1  estimated weight=         1.00000
 proc =   4  # of atoms=   0  estimated weight=         0.00000
 proc =   5  # of atoms=   0  estimated weight=         0.00000
 proc =   6  # of atoms=   0  estimated weight=         0.00000
 proc =   7  # of atoms=   0  estimated weight=         0.00000
 proc =   8  # of atoms=   0  estimated weight=         0.00000
 proc =   9  # of atoms=   0  estimated weight=         0.00000
 proc =  10  # of atoms=   0  estimated weight=         0.00000
 proc =  11  # of atoms=   0  estimated weight=         0.00000
 proc =  12  # of atoms=   0  estimated weight=         0.00000
 proc =  13  # of atoms=   0  estimated weight=         0.00000
 proc =  14  # of atoms=   0  estimated weight=         0.00000
 proc =  15  # of atoms=   0  estimated weight=         0.00000



TFNAN=     256   Average FNAN=  64.00000
TSNAN=       0   Average SNAN=   0.00000
<truncation> CpyCell= 3 ct_AN=   1 FNAN SNAN  64   0
<truncation> CpyCell= 3 ct_AN=   2 FNAN SNAN  64   0
<truncation> CpyCell= 3 ct_AN=   3 FNAN SNAN  64   0
<truncation> CpyCell= 3 ct_AN=   4 FNAN SNAN  64   0
<UCell_Box> Info. of cutoff energy and num. of grids
lattice vectors (bohr)
A  = 11.281295655248,  0.000000000000,  0.000000000000
B  =  0.000000000000, 11.281295655248,  0.028203239138
C  =  0.000000000000,  0.015204829790,  6.081931916162
reciprocal lattice vectors (bohr^-1)
RA =  0.556956000374,  0.000000000000,  0.000000000000
RB =  0.000000000000,  0.556959481370, -0.001392398703
RC =  0.000000000000, -0.002582742073,  1.033096829091
Required cutoff energy (Ryd) for 3D-grids = 200.0000
    Used cutoff energy (Ryd) for 3D-grids = 193.8750, 193.8786, 194.5146
Num. of grids of a-, b-, and c-axes = 50, 50, 27
Cell_Volume =    774.028233187484 (Bohr^3)
GridVol     =      0.011467084936 (Bohr^3)
Cell vectors (bohr) of the grid cell (gtv)
  gtv_a =  0.225625913105,  0.000000000000,  0.000000000000
  gtv_b =  0.000000000000,  0.225625913105,  0.000564064783
  gtv_c =  0.000000000000,  0.000563141844,  0.225256737636
  |gtv_a| =  0.225625913105
  |gtv_b| =  0.225626618185
  |gtv_c| =  0.225257441562
Num. of grids overlapping with atom    1 = 125058
Num. of grids overlapping with atom    2 = 125309
Num. of grids overlapping with atom    3 = 125133
Num. of grids overlapping with atom    4 = 125086

*******************************************************
             SCF calculation at MD =10                
*******************************************************

<MD=10>  Calculation of the overlap matrix
<MD=10>  Calculation of the nonlocal matrix
<MD=10>  Calculation of the VNA projector matrix

******************* MD=10  SCF= 1 *******************
<Restart>  Found restart files
<Poisson>  Poisson's equation using FFT...
<Band>  Solving the eigenvalue problem...
 KGrids1:  -0.45833  -0.37500  -0.29167  -0.20833  -0.12500  -0.04167   0.04167   0.12500   0.20833   0.29167   0.37500   0.45833 
 KGrids2:  -0.45833  -0.37500  -0.29167  -0.20833  -0.12500  -0.04167   0.04167   0.12500   0.20833   0.29167   0.37500   0.45833 
 KGrids3:  -0.47500  -0.42500  -0.37500  -0.32500  -0.27500  -0.22500  -0.17500  -0.12500  -0.07500  -0.02500   0.02500   0.07500   0.12500   0.17500   0.22500   0.27500   0.32500   0.37500   0.42500   0.47500 
<Band_DFT>  Eigen, time=0.518147
<Band_DFT>  DM, time=1.559070
    1   Sn  MulP   6.9999  6.9999 sum  13.9997
    2   Sn  MulP   7.0004  7.0004 sum  14.0008
    3   Sn  MulP   6.9999  6.9999 sum  13.9997
    4   Sn  MulP   6.9999  6.9999 sum  13.9997
 Sum of MulP: up   =    28.00000 down          =    28.00000
              total=    56.00000 ideal(neutral)=    56.00000
<DFT>  Total Spin Moment (muB) =  0.000000000000
<DFT>  Mixing_weight= 0.400000000000
<DFT>  Uele   =  -42.211611493479  dUele     =   1.000000000000
<DFT>  NormRD =    1.000000000000  Criterion =   0.000000100000

******************* MD=10  SCF= 2 *******************
<Poisson>  Poisson's equation using FFT...
<Set_Hamiltonian>  Hamiltonian matrix for VNA+dVH+Vxc...
<Band>  Solving the eigenvalue problem...
 KGrids1:  -0.45833  -0.37500  -0.29167  -0.20833  -0.12500  -0.04167   0.04167   0.12500   0.20833   0.29167   0.37500   0.45833 
 KGrids2:  -0.45833  -0.37500  -0.29167  -0.20833  -0.12500  -0.04167   0.04167   0.12500   0.20833   0.29167   0.37500   0.45833 
 KGrids3:  -0.47500  -0.42500  -0.37500  -0.32500  -0.27500  -0.22500  -0.17500  -0.12500  -0.07500  -0.02500   0.02500   0.07500   0.12500   0.17500   0.22500   0.27500   0.32500   0.37500   0.42500   0.47500 
<Band_DFT>  Eigen, time=0.582080
<Band_DFT>  DM, time=1.389812
    1   Sn  MulP   6.9999  6.9999 sum  13.9997
    2   Sn  MulP   7.0004  7.0004 sum  14.0008
    3   Sn  MulP   6.9999  6.9999 sum  13.9997
    4   Sn  MulP   6.9999  6.9999 sum  13.9997
 Sum of MulP: up   =    28.00000 down          =    28.00000
              total=    56.00000 ideal(neutral)=    56.00000
<DFT>  Total Spin Moment (muB) =  0.000000000000
<DFT>  Mixing_weight= 0.400000000000
<DFT>  Uele   =  -42.211605737566  dUele     =   0.000005755913
<DFT>  NormRD =    0.000048513160  Criterion =   0.000000100000

******************* MD=10  SCF= 3 *******************
<Poisson>  Poisson's equation using FFT...
<Set_Hamiltonian>  Hamiltonian matrix for VNA+dVH+Vxc...
<Band>  Solving the eigenvalue problem...
 KGrids1:  -0.45833  -0.37500  -0.29167  -0.20833  -0.12500  -0.04167   0.04167   0.12500   0.20833   0.29167   0.37500   0.45833 
 KGrids2:  -0.45833  -0.37500  -0.29167  -0.20833  -0.12500  -0.04167   0.04167   0.12500   0.20833   0.29167   0.37500   0.45833 
 KGrids3:  -0.47500  -0.42500  -0.37500  -0.32500  -0.27500  -0.22500  -0.17500  -0.12500  -0.07500  -0.02500   0.02500   0.07500   0.12500   0.17500   0.22500   0.27500   0.32500   0.37500   0.42500   0.47500 
<Band_DFT>  Eigen, time=0.520181
<Band_DFT>  DM, time=1.391026
    1   Sn  MulP   6.9999  6.9999 sum  13.9997
    2   Sn  MulP   7.0004  7.0004 sum  14.0008
    3   Sn  MulP   6.9999  6.9999 sum  13.9997
    4   Sn  MulP   6.9999  6.9999 sum  13.9997
 Sum of MulP: up   =    28.00000 down          =    28.00000
              total=    56.00000 ideal(neutral)=    56.00000
<DFT>  Total Spin Moment (muB) =  0.000000000000
<DFT>  Mixing_weight= 0.040000000000
<DFT>  Uele   =  -42.211602156238  dUele     =   0.000003581327
<DFT>  NormRD =    0.000031775658  Criterion =   0.000000100000

******************* MD=10  SCF= 4 *******************
<Poisson>  Poisson's equation using FFT...
<Set_Hamiltonian>  Hamiltonian matrix for VNA+dVH+Vxc...
<Band>  Solving the eigenvalue problem...
 KGrids1:  -0.45833  -0.37500  -0.29167  -0.20833  -0.12500  -0.04167   0.04167   0.12500   0.20833   0.29167   0.37500   0.45833 
 KGrids2:  -0.45833  -0.37500  -0.29167  -0.20833  -0.12500  -0.04167   0.04167   0.12500   0.20833   0.29167   0.37500   0.45833 
 KGrids3:  -0.47500  -0.42500  -0.37500  -0.32500  -0.27500  -0.22500  -0.17500  -0.12500  -0.07500  -0.02500   0.02500   0.07500   0.12500   0.17500   0.22500   0.27500   0.32500   0.37500   0.42500   0.47500 
<Band_DFT>  Eigen, time=0.520928
<Band_DFT>  DM, time=1.393917
    1   Sn  MulP   6.9999  6.9999 sum  13.9997
    2   Sn  MulP   7.0004  7.0004 sum  14.0008
    3   Sn  MulP   6.9999  6.9999 sum  13.9997
    4   Sn  MulP   6.9999  6.9999 sum  13.9997
 Sum of MulP: up   =    28.00000 down          =    28.00000
              total=    56.00000 ideal(neutral)=    56.00000
<DFT>  Total Spin Moment (muB) =  0.000000000000
<DFT>  Mixing_weight= 0.040000000000
<DFT>  Uele   =  -42.211595246330  dUele     =   0.000006909908
<DFT>  NormRD =    0.000003381033  Criterion =   0.000000100000

******************* MD=10  SCF= 5 *******************
<Poisson>  Poisson's equation using FFT...
<Set_Hamiltonian>  Hamiltonian matrix for VNA+dVH+Vxc...
<Band>  Solving the eigenvalue problem...
 KGrids1:  -0.45833  -0.37500  -0.29167  -0.20833  -0.12500  -0.04167   0.04167   0.12500   0.20833   0.29167   0.37500   0.45833 
 KGrids2:  -0.45833  -0.37500  -0.29167  -0.20833  -0.12500  -0.04167   0.04167   0.12500   0.20833   0.29167   0.37500   0.45833 
 KGrids3:  -0.47500  -0.42500  -0.37500  -0.32500  -0.27500  -0.22500  -0.17500  -0.12500  -0.07500  -0.02500   0.02500   0.07500   0.12500   0.17500   0.22500   0.27500   0.32500   0.37500   0.42500   0.47500 
<Band_DFT>  Eigen, time=0.568390
<Band_DFT>  DM, time=1.925051
    1   Sn  MulP   6.9999  6.9999 sum  13.9997
    2   Sn  MulP   7.0004  7.0004 sum  14.0008
    3   Sn  MulP   6.9999  6.9999 sum  13.9997
    4   Sn  MulP   6.9999  6.9999 sum  13.9997
 Sum of MulP: up   =    28.00000 down          =    28.00000
              total=    56.00000 ideal(neutral)=    56.00000
<DFT>  Total Spin Moment (muB) =  0.000000000000
<DFT>  Mixing_weight= 0.040000000000
<DFT>  Uele   =  -42.211596003403  dUele     =   0.000000757073
<DFT>  NormRD =    0.000003062160  Criterion =   0.000000100000

******************* MD=10  SCF= 6 *******************
<Poisson>  Poisson's equation using FFT...
<Set_Hamiltonian>  Hamiltonian matrix for VNA+dVH+Vxc...
<Band>  Solving the eigenvalue problem...
 KGrids1:  -0.45833  -0.37500  -0.29167  -0.20833  -0.12500  -0.04167   0.04167   0.12500   0.20833   0.29167   0.37500   0.45833 
 KGrids2:  -0.45833  -0.37500  -0.29167  -0.20833  -0.12500  -0.04167   0.04167   0.12500   0.20833   0.29167   0.37500   0.45833 
 KGrids3:  -0.47500  -0.42500  -0.37500  -0.32500  -0.27500  -0.22500  -0.17500  -0.12500  -0.07500  -0.02500   0.02500   0.07500   0.12500   0.17500   0.22500   0.27500   0.32500   0.37500   0.42500   0.47500 
<Band_DFT>  Eigen, time=0.750117
<Band_DFT>  DM, time=1.925755
    1   Sn  MulP   6.9999  6.9999 sum  13.9997
    2   Sn  MulP   7.0004  7.0004 sum  14.0008
    3   Sn  MulP   6.9999  6.9999 sum  13.9997
    4   Sn  MulP   6.9999  6.9999 sum  13.9997
 Sum of MulP: up   =    28.00000 down          =    28.00000
              total=    56.00000 ideal(neutral)=    56.00000
<DFT>  Total Spin Moment (muB) =  0.000000000000
<DFT>  Mixing_weight= 0.040000000000
<DFT>  Uele   =  -42.211595994858  dUele     =   0.000000008545
<DFT>  NormRD =    0.000001022535  Criterion =   0.000000100000
<MD=10>  Force calculation
  Force calculation #1
  Force calculation #2
  Force calculation #3
  Force calculation #4
  Force calculation #5
  Stress calculation #1
  Stress calculation #2
  Stress calculation #3
  Stress calculation #4
  Stress calculation #5
<MD=10>  Total Energy
  Force calculation #6
  Force calculation #7

*******************************************************
                  Dipole moment (Debye)                 
*******************************************************

 Absolute D      521.15526031

                      Dx                Dy                Dz
 Total           -362.13872441     -362.78676007      -94.04316219
 Core             401.43890902      402.20933120      325.73280009
 Electron        -763.57763344     -764.99609126     -419.77596228
 Back ground       -0.00000000       -0.00000000       -0.00000000

*******************************************************
               Stress tensor (Hartree/bohr^3)            
*******************************************************

      -0.00000039       -0.00000000        0.00000000 
      -0.00000000       -0.00000147        0.00000299 
       0.00000000        0.00000299        0.00000097 

*******************************************************
                Total Energy (Hartree) at MD =10        
*******************************************************

  Uele  =     -42.211595994858

  Ukin  =     203.438615017040
  UH0   =   -2703.962268828529
  UH1   =       0.004898101640
  Una   =    -149.421011578456
  Unl   =     -47.913270058040
  Uxc0  =     -25.237146384871
  Uxc1  =     -25.237146384871
  Ucore =    2464.170009696557
  Uhub  =       0.000000000000
  Ucs   =       0.000000000000
  Uzs   =       0.000000000000
  Uzo   =       0.000000000000
  Uef   =       0.000000000000
  UvdW  =       0.000000000000
  Uch   =       0.000000000000
  Utot  =    -284.157320419531

  UpV   =       0.000000000000
  Enpy  =    -284.157320419531
  Note:

  Uele:   band energy
  Ukin:   kinetic energy
  UH0:    electric part of screened Coulomb energy
  UH1:    difference electron-electron Coulomb energy
  Una:    neutral atom potential energy
  Unl:    non-local potential energy
  Uxc0:   exchange-correlation energy for alpha spin
  Uxc1:   exchange-correlation energy for beta spin
  Ucore:  core-core Coulomb energy
  Uhub:   LDA+U energy
  Ucs:    constraint energy for spin orientation
  Uzs:    Zeeman term for spin magnetic moment
  Uzo:    Zeeman term for orbital magnetic moment
  Uef:    electric energy by electric field
  UvdW:   semi-empirical vdW energy 
  Uch:    penalty term to create a core hole
  UpV:    pressure times volume
  Enpy:   Enthalpy = Utot + UpV
  (see also PRB 72, 045121(2005) for the energy contributions)


*******************************************************
           Computational times (s) at MD =10            
*******************************************************

  DFT in total      =   24.71320

  Set_OLP_Kin       =    0.70425
  Set_Nonlocal      =    1.46744
  Set_ProExpn_VNA   =    2.90659
  Set_Hamiltonian   =    1.35304
  Poisson           =    0.00098
  diagonalization   =   13.36966
  Mixing_DM         =    0.00432
  Force             =    1.84475
  Total_Energy      =    0.40618
  Set_Aden_Grid     =    0.17150
  Set_Orbitals_Grid =    0.10040
  Set_Density_Grid  =    0.53209
  RestartFileDFT    =    0.02980
  Mulliken_Charge   =    0.00096
  FFT(2D)_Density   =    0.00168

The SCF was achieved at MD=  10

*******************************************************
             MD or geometry opt. at MD =10              
*******************************************************

<BFGS>  |Maximum force| (Hartree/Bohr) = 0.000417016582
<BFGS>  Criterion       (Hartree/Bohr) = 0.000100000000

     atom=   1, XYZ(ang) Fxyz(a.u.)=   0.0000    0.0010    0.0002     0.0000    0.0002    0.0000
     atom=   2, XYZ(ang) Fxyz(a.u.)=   2.9849    2.9905    1.6187    -0.0000    0.0002   -0.0002
     atom=   3, XYZ(ang) Fxyz(a.u.)=  -0.0000    2.9860    0.8332     0.0000    0.0001   -0.0004
     atom=   4, XYZ(ang) Fxyz(a.u.)=   2.9849    0.0036    2.3919    -0.0000    0.0000    0.0002

*******************************************************
        Analysis of neighbors and setting of grids        
*******************************************************


*******************************************************
  Allocation of atoms to processors at MD_iter=   11     
*******************************************************

 proc =   0  # of atoms=   1  estimated weight=         1.00000
 proc =   1  # of atoms=   1  estimated weight=         1.00000
 proc =   2  # of atoms=   1  estimated weight=         1.00000
 proc =   3  # of atoms=   1  estimated weight=         1.00000
 proc =   4  # of atoms=   0  estimated weight=         0.00000
 proc =   5  # of atoms=   0  estimated weight=         0.00000
 proc =   6  # of atoms=   0  estimated weight=         0.00000
 proc =   7  # of atoms=   0  estimated weight=         0.00000
 proc =   8  # of atoms=   0  estimated weight=         0.00000
 proc =   9  # of atoms=   0  estimated weight=         0.00000
 proc =  10  # of atoms=   0  estimated weight=         0.00000
 proc =  11  # of atoms=   0  estimated weight=         0.00000
 proc =  12  # of atoms=   0  estimated weight=         0.00000
 proc =  13  # of atoms=   0  estimated weight=         0.00000
 proc =  14  # of atoms=   0  estimated weight=         0.00000
 proc =  15  # of atoms=   0  estimated weight=         0.00000



TFNAN=     256   Average FNAN=  64.00000
TSNAN=       0   Average SNAN=   0.00000
<truncation> CpyCell= 3 ct_AN=   1 FNAN SNAN  64   0
<truncation> CpyCell= 3 ct_AN=   2 FNAN SNAN  64   0
<truncation> CpyCell= 3 ct_AN=   3 FNAN SNAN  64   0
<truncation> CpyCell= 3 ct_AN=   4 FNAN SNAN  64   0
<UCell_Box> Info. of cutoff energy and num. of grids
lattice vectors (bohr)
A  = 11.281295655248,  0.000000000000,  0.000000000000
B  =  0.000000000000, 11.281295655248,  0.028203239138
C  =  0.000000000000,  0.015204829790,  6.081931916162
reciprocal lattice vectors (bohr^-1)
RA =  0.556956000374,  0.000000000000,  0.000000000000
RB =  0.000000000000,  0.556959481370, -0.001392398703
RC =  0.000000000000, -0.002582742073,  1.033096829091
Required cutoff energy (Ryd) for 3D-grids = 200.0000
    Used cutoff energy (Ryd) for 3D-grids = 193.8750, 193.8786, 194.5146
Num. of grids of a-, b-, and c-axes = 50, 50, 27
Cell_Volume =    774.028233187484 (Bohr^3)
GridVol     =      0.011467084936 (Bohr^3)
Cell vectors (bohr) of the grid cell (gtv)
  gtv_a =  0.225625913105,  0.000000000000,  0.000000000000
  gtv_b =  0.000000000000,  0.225625913105,  0.000564064783
  gtv_c =  0.000000000000,  0.000563141844,  0.225256737636
  |gtv_a| =  0.225625913105
  |gtv_b| =  0.225626618185
  |gtv_c| =  0.225257441562
Num. of grids overlapping with atom    1 = 125064
Num. of grids overlapping with atom    2 = 125309
Num. of grids overlapping with atom    3 = 125129
Num. of grids overlapping with atom    4 = 125088

*******************************************************
             SCF calculation at MD =11                
*******************************************************

<MD=11>  Calculation of the overlap matrix
<MD=11>  Calculation of the nonlocal matrix
<MD=11>  Calculation of the VNA projector matrix

******************* MD=11  SCF= 1 *******************
<Restart>  Found restart files
<Poisson>  Poisson's equation using FFT...
<Band>  Solving the eigenvalue problem...
 KGrids1:  -0.45833  -0.37500  -0.29167  -0.20833  -0.12500  -0.04167   0.04167   0.12500   0.20833   0.29167   0.37500   0.45833 
 KGrids2:  -0.45833  -0.37500  -0.29167  -0.20833  -0.12500  -0.04167   0.04167   0.12500   0.20833   0.29167   0.37500   0.45833 
 KGrids3:  -0.47500  -0.42500  -0.37500  -0.32500  -0.27500  -0.22500  -0.17500  -0.12500  -0.07500  -0.02500   0.02500   0.07500   0.12500   0.17500   0.22500   0.27500   0.32500   0.37500   0.42500   0.47500 
<Band_DFT>  Eigen, time=0.747932
<Band_DFT>  DM, time=2.046887
    1   Sn  MulP   6.9999  6.9999 sum  13.9997
    2   Sn  MulP   7.0004  7.0004 sum  14.0008
    3   Sn  MulP   6.9999  6.9999 sum  13.9997
    4   Sn  MulP   6.9999  6.9999 sum  13.9997
 Sum of MulP: up   =    28.00000 down          =    28.00000
              total=    56.00000 ideal(neutral)=    56.00000
<DFT>  Total Spin Moment (muB) =  0.000000000000
<DFT>  Mixing_weight= 0.400000000000
<DFT>  Uele   =  -42.211583212587  dUele     =   1.000000000000
<DFT>  NormRD =    1.000000000000  Criterion =   0.000000100000

******************* MD=11  SCF= 2 *******************
<Poisson>  Poisson's equation using FFT...
<Set_Hamiltonian>  Hamiltonian matrix for VNA+dVH+Vxc...
<Band>  Solving the eigenvalue problem...
 KGrids1:  -0.45833  -0.37500  -0.29167  -0.20833  -0.12500  -0.04167   0.04167   0.12500   0.20833   0.29167   0.37500   0.45833 
 KGrids2:  -0.45833  -0.37500  -0.29167  -0.20833  -0.12500  -0.04167   0.04167   0.12500   0.20833   0.29167   0.37500   0.45833 
 KGrids3:  -0.47500  -0.42500  -0.37500  -0.32500  -0.27500  -0.22500  -0.17500  -0.12500  -0.07500  -0.02500   0.02500   0.07500   0.12500   0.17500   0.22500   0.27500   0.32500   0.37500   0.42500   0.47500 
<Band_DFT>  Eigen, time=0.748445
<Band_DFT>  DM, time=1.926774
    1   Sn  MulP   6.9999  6.9999 sum  13.9997
    2   Sn  MulP   7.0004  7.0004 sum  14.0008
    3   Sn  MulP   6.9999  6.9999 sum  13.9997
    4   Sn  MulP   6.9999  6.9999 sum  13.9997
 Sum of MulP: up   =    28.00000 down          =    28.00000
              total=    56.00000 ideal(neutral)=    56.00000
<DFT>  Total Spin Moment (muB) =  0.000000000000
<DFT>  Mixing_weight= 0.400000000000
<DFT>  Uele   =  -42.211589077769  dUele     =   0.000005865182
<DFT>  NormRD =    0.000034113796  Criterion =   0.000000100000

******************* MD=11  SCF= 3 *******************
<Poisson>  Poisson's equation using FFT...
<Set_Hamiltonian>  Hamiltonian matrix for VNA+dVH+Vxc...
<Band>  Solving the eigenvalue problem...
 KGrids1:  -0.45833  -0.37500  -0.29167  -0.20833  -0.12500  -0.04167   0.04167   0.12500   0.20833   0.29167   0.37500   0.45833 
 KGrids2:  -0.45833  -0.37500  -0.29167  -0.20833  -0.12500  -0.04167   0.04167   0.12500   0.20833   0.29167   0.37500   0.45833 
 KGrids3:  -0.47500  -0.42500  -0.37500  -0.32500  -0.27500  -0.22500  -0.17500  -0.12500  -0.07500  -0.02500   0.02500   0.07500   0.12500   0.17500   0.22500   0.27500   0.32500   0.37500   0.42500   0.47500 
<Band_DFT>  Eigen, time=0.741689
<Band_DFT>  DM, time=1.885036
    1   Sn  MulP   6.9999  6.9999 sum  13.9997
    2   Sn  MulP   7.0004  7.0004 sum  14.0008
    3   Sn  MulP   6.9999  6.9999 sum  13.9997
    4   Sn  MulP   6.9999  6.9999 sum  13.9997
 Sum of MulP: up   =    28.00000 down          =    28.00000
              total=    56.00000 ideal(neutral)=    56.00000
<DFT>  Total Spin Moment (muB) =  0.000000000000
<DFT>  Mixing_weight= 0.040000000000
<DFT>  Uele   =  -42.211592657687  dUele     =   0.000003579918
<DFT>  NormRD =    0.000021593834  Criterion =   0.000000100000

******************* MD=11  SCF= 4 *******************
<Poisson>  Poisson's equation using FFT...
<Set_Hamiltonian>  Hamiltonian matrix for VNA+dVH+Vxc...
<Band>  Solving the eigenvalue problem...
 KGrids1:  -0.45833  -0.37500  -0.29167  -0.20833  -0.12500  -0.04167   0.04167   0.12500   0.20833   0.29167   0.37500   0.45833 
 KGrids2:  -0.45833  -0.37500  -0.29167  -0.20833  -0.12500  -0.04167   0.04167   0.12500   0.20833   0.29167   0.37500   0.45833 
 KGrids3:  -0.47500  -0.42500  -0.37500  -0.32500  -0.27500  -0.22500  -0.17500  -0.12500  -0.07500  -0.02500   0.02500   0.07500   0.12500   0.17500   0.22500   0.27500   0.32500   0.37500   0.42500   0.47500 
<Band_DFT>  Eigen, time=0.740215
<Band_DFT>  DM, time=2.041056
    1   Sn  MulP   6.9999  6.9999 sum  13.9997
    2   Sn  MulP   7.0004  7.0004 sum  14.0008
    3   Sn  MulP   6.9999  6.9999 sum  13.9997
    4   Sn  MulP   6.9999  6.9999 sum  13.9997
 Sum of MulP: up   =    28.00000 down          =    28.00000
              total=    56.00000 ideal(neutral)=    56.00000
<DFT>  Total Spin Moment (muB) =  0.000000000000
<DFT>  Mixing_weight= 0.040000000000
<DFT>  Uele   =  -42.211598747900  dUele     =   0.000006090213
<DFT>  NormRD =    0.000000761003  Criterion =   0.000000100000

******************* MD=11  SCF= 5 *******************
<Poisson>  Poisson's equation using FFT...
<Set_Hamiltonian>  Hamiltonian matrix for VNA+dVH+Vxc...
<Band>  Solving the eigenvalue problem...
 KGrids1:  -0.45833  -0.37500  -0.29167  -0.20833  -0.12500  -0.04167   0.04167   0.12500   0.20833   0.29167   0.37500   0.45833 
 KGrids2:  -0.45833  -0.37500  -0.29167  -0.20833  -0.12500  -0.04167   0.04167   0.12500   0.20833   0.29167   0.37500   0.45833 
 KGrids3:  -0.47500  -0.42500  -0.37500  -0.32500  -0.27500  -0.22500  -0.17500  -0.12500  -0.07500  -0.02500   0.02500   0.07500   0.12500   0.17500   0.22500   0.27500   0.32500   0.37500   0.42500   0.47500 
<Band_DFT>  Eigen, time=0.739900
<Band_DFT>  DM, time=2.036616
    1   Sn  MulP   6.9999  6.9999 sum  13.9997
    2   Sn  MulP   7.0004  7.0004 sum  14.0008
    3   Sn  MulP   6.9999  6.9999 sum  13.9997
    4   Sn  MulP   6.9999  6.9999 sum  13.9997
 Sum of MulP: up   =    28.00000 down          =    28.00000
              total=    56.00000 ideal(neutral)=    56.00000
<DFT>  Total Spin Moment (muB) =  0.000000000000
<DFT>  Mixing_weight= 0.040000000000
<DFT>  Uele   =  -42.211598124078  dUele     =   0.000000623822
<DFT>  NormRD =    0.000000902027  Criterion =   0.000000100000

******************* MD=11  SCF= 6 *******************
<Poisson>  Poisson's equation using FFT...
<Set_Hamiltonian>  Hamiltonian matrix for VNA+dVH+Vxc...
<Band>  Solving the eigenvalue problem...
 KGrids1:  -0.45833  -0.37500  -0.29167  -0.20833  -0.12500  -0.04167   0.04167   0.12500   0.20833   0.29167   0.37500   0.45833 
 KGrids2:  -0.45833  -0.37500  -0.29167  -0.20833  -0.12500  -0.04167   0.04167   0.12500   0.20833   0.29167   0.37500   0.45833 
 KGrids3:  -0.47500  -0.42500  -0.37500  -0.32500  -0.27500  -0.22500  -0.17500  -0.12500  -0.07500  -0.02500   0.02500   0.07500   0.12500   0.17500   0.22500   0.27500   0.32500   0.37500   0.42500   0.47500 
<Band_DFT>  Eigen, time=0.739130
<Band_DFT>  DM, time=2.035436
    1   Sn  MulP   6.9999  6.9999 sum  13.9997
    2   Sn  MulP   7.0004  7.0004 sum  14.0008
    3   Sn  MulP   6.9999  6.9999 sum  13.9997
    4   Sn  MulP   6.9999  6.9999 sum  13.9997
 Sum of MulP: up   =    28.00000 down          =    28.00000
              total=    56.00000 ideal(neutral)=    56.00000
<DFT>  Total Spin Moment (muB) =  0.000000000000
<DFT>  Mixing_weight= 0.040000000000
<DFT>  Uele   =  -42.211598162560  dUele     =   0.000000038482
<DFT>  NormRD =    0.000000372245  Criterion =   0.000000100000
<MD=11>  Force calculation
  Force calculation #1
  Force calculation #2
  Force calculation #3
  Force calculation #4
  Force calculation #5
  Stress calculation #1
  Stress calculation #2
  Stress calculation #3
  Stress calculation #4
  Stress calculation #5
<MD=11>  Total Energy
  Force calculation #6
  Force calculation #7

*******************************************************
                  Dipole moment (Debye)                 
*******************************************************

 Absolute D      521.16573677

                      Dx                Dy                Dz
 Total           -362.13873389     -362.80208832      -94.04205077
 Core             401.43890631      402.20341434      325.73346208
 Electron        -763.57764020     -765.00550266     -419.77551286
 Back ground       -0.00000000       -0.00000000       -0.00000000

*******************************************************
               Stress tensor (Hartree/bohr^3)            
*******************************************************

      -0.00000036        0.00000000        0.00000000 
       0.00000000       -0.00000141        0.00000299 
       0.00000000        0.00000299        0.00000095 

*******************************************************
                Total Energy (Hartree) at MD =11        
*******************************************************

  Uele  =     -42.211598162560

  Ukin  =     203.438604910866
  UH0   =   -2703.962442435753
  UH1   =       0.004898122248
  Una   =    -149.421007004276
  Unl   =     -47.913265388490
  Uxc0  =     -25.237145798338
  Uxc1  =     -25.237145798338
  Ucore =    2464.170183248484
  Uhub  =       0.000000000000
  Ucs   =       0.000000000000
  Uzs   =       0.000000000000
  Uzo   =       0.000000000000
  Uef   =       0.000000000000
  UvdW  =       0.000000000000
  Uch   =       0.000000000000
  Utot  =    -284.157320143597

  UpV   =       0.000000000000
  Enpy  =    -284.157320143597
  Note:

  Uele:   band energy
  Ukin:   kinetic energy
  UH0:    electric part of screened Coulomb energy
  UH1:    difference electron-electron Coulomb energy
  Una:    neutral atom potential energy
  Unl:    non-local potential energy
  Uxc0:   exchange-correlation energy for alpha spin
  Uxc1:   exchange-correlation energy for beta spin
  Ucore:  core-core Coulomb energy
  Uhub:   LDA+U energy
  Ucs:    constraint energy for spin orientation
  Uzs:    Zeeman term for spin magnetic moment
  Uzo:    Zeeman term for orbital magnetic moment
  Uef:    electric energy by electric field
  UvdW:   semi-empirical vdW energy 
  Uch:    penalty term to create a core hole
  UpV:    pressure times volume
  Enpy:   Enthalpy = Utot + UpV
  (see also PRB 72, 045121(2005) for the energy contributions)


*******************************************************
           Computational times (s) at MD =11            
*******************************************************

  DFT in total      =   27.33965

  Set_OLP_Kin       =    0.69665
  Set_Nonlocal      =    0.96962
  Set_ProExpn_VNA   =    2.70897
  Set_Hamiltonian   =    1.43789
  Poisson           =    0.00120
  diagonalization   =   16.75890
  Mixing_DM         =    0.00474
  Force             =    1.92887
  Total_Energy      =    0.40856
  Set_Aden_Grid     =    0.00740
  Set_Orbitals_Grid =    0.10050
  Set_Density_Grid  =    0.55874
  RestartFileDFT    =    0.00332
  Mulliken_Charge   =    0.00097
  FFT(2D)_Density   =    0.00178

The SCF was achieved at MD=  11

*******************************************************
             MD or geometry opt. at MD =11              
*******************************************************

<BFGS>  |Maximum force| (Hartree/Bohr) = 0.000386153840
<BFGS>  Criterion       (Hartree/Bohr) = 0.000100000000

     atom=   1, XYZ(ang) Fxyz(a.u.)=   0.0000    0.0011    0.0002     0.0000    0.0002    0.0000
     atom=   2, XYZ(ang) Fxyz(a.u.)=   2.9849    2.9905    1.6184     0.0000    0.0001   -0.0002
     atom=   3, XYZ(ang) Fxyz(a.u.)=  -0.0000    2.9860    0.8317     0.0000    0.0001   -0.0004
     atom=   4, XYZ(ang) Fxyz(a.u.)=   2.9849    0.0039    2.3935    -0.0000    0.0001    0.0003

*******************************************************
        Analysis of neighbors and setting of grids        
*******************************************************


*******************************************************
  Allocation of atoms to processors at MD_iter=   12     
*******************************************************

 proc =   0  # of atoms=   1  estimated weight=         1.00000
 proc =   1  # of atoms=   1  estimated weight=         1.00000
 proc =   2  # of atoms=   1  estimated weight=         1.00000
 proc =   3  # of atoms=   1  estimated weight=         1.00000
 proc =   4  # of atoms=   0  estimated weight=         0.00000
 proc =   5  # of atoms=   0  estimated weight=         0.00000
 proc =   6  # of atoms=   0  estimated weight=         0.00000
 proc =   7  # of atoms=   0  estimated weight=         0.00000
 proc =   8  # of atoms=   0  estimated weight=         0.00000
 proc =   9  # of atoms=   0  estimated weight=         0.00000
 proc =  10  # of atoms=   0  estimated weight=         0.00000
 proc =  11  # of atoms=   0  estimated weight=         0.00000
 proc =  12  # of atoms=   0  estimated weight=         0.00000
 proc =  13  # of atoms=   0  estimated weight=         0.00000
 proc =  14  # of atoms=   0  estimated weight=         0.00000
 proc =  15  # of atoms=   0  estimated weight=         0.00000



TFNAN=     256   Average FNAN=  64.00000
TSNAN=       0   Average SNAN=   0.00000
<truncation> CpyCell= 3 ct_AN=   1 FNAN SNAN  64   0
<truncation> CpyCell= 3 ct_AN=   2 FNAN SNAN  64   0
<truncation> CpyCell= 3 ct_AN=   3 FNAN SNAN  64   0
<truncation> CpyCell= 3 ct_AN=   4 FNAN SNAN  64   0
<UCell_Box> Info. of cutoff energy and num. of grids
lattice vectors (bohr)
A  = 11.281295655248,  0.000000000000,  0.000000000000
B  =  0.000000000000, 11.281295655248,  0.028203239138
C  =  0.000000000000,  0.015204829790,  6.081931916162
reciprocal lattice vectors (bohr^-1)
RA =  0.556956000374,  0.000000000000,  0.000000000000
RB =  0.000000000000,  0.556959481370, -0.001392398703
RC =  0.000000000000, -0.002582742073,  1.033096829091
Required cutoff energy (Ryd) for 3D-grids = 200.0000
    Used cutoff energy (Ryd) for 3D-grids = 193.8750, 193.8786, 194.5146
Num. of grids of a-, b-, and c-axes = 50, 50, 27
Cell_Volume =    774.028233187484 (Bohr^3)
GridVol     =      0.011467084936 (Bohr^3)
Cell vectors (bohr) of the grid cell (gtv)
  gtv_a =  0.225625913105,  0.000000000000,  0.000000000000
  gtv_b =  0.000000000000,  0.225625913105,  0.000564064783
  gtv_c =  0.000000000000,  0.000563141844,  0.225256737636
  |gtv_a| =  0.225625913105
  |gtv_b| =  0.225626618185
  |gtv_c| =  0.225257441562
Num. of grids overlapping with atom    1 = 125060
Num. of grids overlapping with atom    2 = 125307
Num. of grids overlapping with atom    3 = 125153
Num. of grids overlapping with atom    4 = 125114

*******************************************************
             SCF calculation at MD =12                
*******************************************************

<MD=12>  Calculation of the overlap matrix
<MD=12>  Calculation of the nonlocal matrix
<MD=12>  Calculation of the VNA projector matrix

******************* MD=12  SCF= 1 *******************
<Restart>  Found restart files
<Poisson>  Poisson's equation using FFT...
<Band>  Solving the eigenvalue problem...
 KGrids1:  -0.45833  -0.37500  -0.29167  -0.20833  -0.12500  -0.04167   0.04167   0.12500   0.20833   0.29167   0.37500   0.45833 
 KGrids2:  -0.45833  -0.37500  -0.29167  -0.20833  -0.12500  -0.04167   0.04167   0.12500   0.20833   0.29167   0.37500   0.45833 
 KGrids3:  -0.47500  -0.42500  -0.37500  -0.32500  -0.27500  -0.22500  -0.17500  -0.12500  -0.07500  -0.02500   0.02500   0.07500   0.12500   0.17500   0.22500   0.27500   0.32500   0.37500   0.42500   0.47500 
<Band_DFT>  Eigen, time=0.738658
<Band_DFT>  DM, time=2.036166
    1   Sn  MulP   6.9999  6.9999 sum  13.9998
    2   Sn  MulP   7.0004  7.0004 sum  14.0008
    3   Sn  MulP   6.9999  6.9999 sum  13.9997
    4   Sn  MulP   6.9999  6.9999 sum  13.9997
 Sum of MulP: up   =    28.00000 down          =    28.00000
              total=    56.00000 ideal(neutral)=    56.00000
<DFT>  Total Spin Moment (muB) =  0.000000000000
<DFT>  Mixing_weight= 0.400000000000
<DFT>  Uele   =  -42.211616501690  dUele     =   1.000000000000
<DFT>  NormRD =    1.000000000000  Criterion =   0.000000100000

******************* MD=12  SCF= 2 *******************
<Poisson>  Poisson's equation using FFT...
<Set_Hamiltonian>  Hamiltonian matrix for VNA+dVH+Vxc...
<Band>  Solving the eigenvalue problem...
 KGrids1:  -0.45833  -0.37500  -0.29167  -0.20833  -0.12500  -0.04167   0.04167   0.12500   0.20833   0.29167   0.37500   0.45833 
 KGrids2:  -0.45833  -0.37500  -0.29167  -0.20833  -0.12500  -0.04167   0.04167   0.12500   0.20833   0.29167   0.37500   0.45833 
 KGrids3:  -0.47500  -0.42500  -0.37500  -0.32500  -0.27500  -0.22500  -0.17500  -0.12500  -0.07500  -0.02500   0.02500   0.07500   0.12500   0.17500   0.22500   0.27500   0.32500   0.37500   0.42500   0.47500 
<Band_DFT>  Eigen, time=0.741183
<Band_DFT>  DM, time=1.997505
    1   Sn  MulP   6.9999  6.9999 sum  13.9998
    2   Sn  MulP   7.0004  7.0004 sum  14.0008
    3   Sn  MulP   6.9999  6.9999 sum  13.9997
    4   Sn  MulP   6.9999  6.9999 sum  13.9997
 Sum of MulP: up   =    28.00000 down          =    28.00000
              total=    56.00000 ideal(neutral)=    56.00000
<DFT>  Total Spin Moment (muB) =  0.000000000000
<DFT>  Mixing_weight= 0.400000000000
<DFT>  Uele   =  -42.211615189744  dUele     =   0.000001311946
<DFT>  NormRD =    0.000022708273  Criterion =   0.000000100000

******************* MD=12  SCF= 3 *******************
<Poisson>  Poisson's equation using FFT...
<Set_Hamiltonian>  Hamiltonian matrix for VNA+dVH+Vxc...
<Band>  Solving the eigenvalue problem...
 KGrids1:  -0.45833  -0.37500  -0.29167  -0.20833  -0.12500  -0.04167   0.04167   0.12500   0.20833   0.29167   0.37500   0.45833 
 KGrids2:  -0.45833  -0.37500  -0.29167  -0.20833  -0.12500  -0.04167   0.04167   0.12500   0.20833   0.29167   0.37500   0.45833 
 KGrids3:  -0.47500  -0.42500  -0.37500  -0.32500  -0.27500  -0.22500  -0.17500  -0.12500  -0.07500  -0.02500   0.02500   0.07500   0.12500   0.17500   0.22500   0.27500   0.32500   0.37500   0.42500   0.47500 
<Band_DFT>  Eigen, time=0.511589
<Band_DFT>  DM, time=1.386900
    1   Sn  MulP   6.9999  6.9999 sum  13.9998
    2   Sn  MulP   7.0004  7.0004 sum  14.0008
    3   Sn  MulP   6.9999  6.9999 sum  13.9997
    4   Sn  MulP   6.9999  6.9999 sum  13.9997
 Sum of MulP: up   =    28.00000 down          =    28.00000
              total=    56.00000 ideal(neutral)=    56.00000
<DFT>  Total Spin Moment (muB) =  0.000000000000
<DFT>  Mixing_weight= 0.040000000000
<DFT>  Uele   =  -42.211614313932  dUele     =   0.000000875812
<DFT>  NormRD =    0.000015201991  Criterion =   0.000000100000

******************* MD=12  SCF= 4 *******************
<Poisson>  Poisson's equation using FFT...
<Set_Hamiltonian>  Hamiltonian matrix for VNA+dVH+Vxc...
<Band>  Solving the eigenvalue problem...
 KGrids1:  -0.45833  -0.37500  -0.29167  -0.20833  -0.12500  -0.04167   0.04167   0.12500   0.20833   0.29167   0.37500   0.45833 
 KGrids2:  -0.45833  -0.37500  -0.29167  -0.20833  -0.12500  -0.04167   0.04167   0.12500   0.20833   0.29167   0.37500   0.45833 
 KGrids3:  -0.47500  -0.42500  -0.37500  -0.32500  -0.27500  -0.22500  -0.17500  -0.12500  -0.07500  -0.02500   0.02500   0.07500   0.12500   0.17500   0.22500   0.27500   0.32500   0.37500   0.42500   0.47500 
<Band_DFT>  Eigen, time=0.512151
<Band_DFT>  DM, time=1.447121
    1   Sn  MulP   6.9999  6.9999 sum  13.9998
    2   Sn  MulP   7.0004  7.0004 sum  14.0008
    3   Sn  MulP   6.9999  6.9999 sum  13.9997
    4   Sn  MulP   6.9999  6.9999 sum  13.9997
 Sum of MulP: up   =    28.00000 down          =    28.00000
              total=    56.00000 ideal(neutral)=    56.00000
<DFT>  Total Spin Moment (muB) =  0.000000000000
<DFT>  Mixing_weight= 0.040000000000
<DFT>  Uele   =  -42.211612077205  dUele     =   0.000002236726
<DFT>  NormRD =    0.000002141536  Criterion =   0.000000100000

******************* MD=12  SCF= 5 *******************
<Poisson>  Poisson's equation using FFT...
<Set_Hamiltonian>  Hamiltonian matrix for VNA+dVH+Vxc...
<Band>  Solving the eigenvalue problem...
 KGrids1:  -0.45833  -0.37500  -0.29167  -0.20833  -0.12500  -0.04167   0.04167   0.12500   0.20833   0.29167   0.37500   0.45833 
 KGrids2:  -0.45833  -0.37500  -0.29167  -0.20833  -0.12500  -0.04167   0.04167   0.12500   0.20833   0.29167   0.37500   0.45833 
 KGrids3:  -0.47500  -0.42500  -0.37500  -0.32500  -0.27500  -0.22500  -0.17500  -0.12500  -0.07500  -0.02500   0.02500   0.07500   0.12500   0.17500   0.22500   0.27500   0.32500   0.37500   0.42500   0.47500 
<Band_DFT>  Eigen, time=0.513698
<Band_DFT>  DM, time=1.388576
    1   Sn  MulP   6.9999  6.9999 sum  13.9998
    2   Sn  MulP   7.0004  7.0004 sum  14.0008
    3   Sn  MulP   6.9999  6.9999 sum  13.9997
    4   Sn  MulP   6.9999  6.9999 sum  13.9997
 Sum of MulP: up   =    28.00000 down          =    28.00000
              total=    56.00000 ideal(neutral)=    56.00000
<DFT>  Total Spin Moment (muB) =  0.000000000000
<DFT>  Mixing_weight= 0.040000000000
<DFT>  Uele   =  -42.211612451256  dUele     =   0.000000374051
<DFT>  NormRD =    0.000001968936  Criterion =   0.000000100000

******************* MD=12  SCF= 6 *******************
<Poisson>  Poisson's equation using FFT...
<Set_Hamiltonian>  Hamiltonian matrix for VNA+dVH+Vxc...
<Band>  Solving the eigenvalue problem...
 KGrids1:  -0.45833  -0.37500  -0.29167  -0.20833  -0.12500  -0.04167   0.04167   0.12500   0.20833   0.29167   0.37500   0.45833 
 KGrids2:  -0.45833  -0.37500  -0.29167  -0.20833  -0.12500  -0.04167   0.04167   0.12500   0.20833   0.29167   0.37500   0.45833 
 KGrids3:  -0.47500  -0.42500  -0.37500  -0.32500  -0.27500  -0.22500  -0.17500  -0.12500  -0.07500  -0.02500   0.02500   0.07500   0.12500   0.17500   0.22500   0.27500   0.32500   0.37500   0.42500   0.47500 
<Band_DFT>  Eigen, time=0.514563
<Band_DFT>  DM, time=1.387976
    1   Sn  MulP   6.9999  6.9999 sum  13.9998
    2   Sn  MulP   7.0004  7.0004 sum  14.0008
    3   Sn  MulP   6.9999  6.9999 sum  13.9997
    4   Sn  MulP   6.9999  6.9999 sum  13.9997
 Sum of MulP: up   =    28.00000 down          =    28.00000
              total=    56.00000 ideal(neutral)=    56.00000
<DFT>  Total Spin Moment (muB) =  0.000000000000
<DFT>  Mixing_weight= 0.040000000000
<DFT>  Uele   =  -42.211612462076  dUele     =   0.000000010819
<DFT>  NormRD =    0.000000360099  Criterion =   0.000000100000
<MD=12>  Force calculation
  Force calculation #1
  Force calculation #2
  Force calculation #3
  Force calculation #4
  Force calculation #5
  Stress calculation #1
  Stress calculation #2
  Stress calculation #3
  Stress calculation #4
  Stress calculation #5
<MD=12>  Total Energy
  Force calculation #6
  Force calculation #7

*******************************************************
                  Dipole moment (Debye)                 
*******************************************************

 Absolute D      521.10079014

                      Dx                Dy                Dz
 Total           -362.13867543     -362.71296050      -94.02617467
 Core             401.43891502      402.22205890      325.72340567
 Electron        -763.57759045     -764.93501940     -419.74958034
 Back ground       -0.00000000       -0.00000000       -0.00000000

*******************************************************
               Stress tensor (Hartree/bohr^3)            
*******************************************************

      -0.00000011        0.00000000        0.00000000 
       0.00000000       -0.00000120        0.00000291 
       0.00000000        0.00000291        0.00000078 

*******************************************************
                Total Energy (Hartree) at MD =12        
*******************************************************

  Uele  =     -42.211612462076

  Ukin  =     203.438537844912
  UH0   =   -2703.963445359881
  UH1   =       0.004898262347
  Una   =    -149.420974859900
  Unl   =     -47.913235630501
  Uxc0  =     -25.237141933279
  Uxc1  =     -25.237141933279
  Ucore =    2464.171185250792
  Uhub  =       0.000000000000
  Ucs   =       0.000000000000
  Uzs   =       0.000000000000
  Uzo   =       0.000000000000
  Uef   =       0.000000000000
  UvdW  =       0.000000000000
  Uch   =       0.000000000000
  Utot  =    -284.157318358789

  UpV   =       0.000000000000
  Enpy  =    -284.157318358789
  Note:

  Uele:   band energy
  Ukin:   kinetic energy
  UH0:    electric part of screened Coulomb energy
  UH1:    difference electron-electron Coulomb energy
  Una:    neutral atom potential energy
  Unl:    non-local potential energy
  Uxc0:   exchange-correlation energy for alpha spin
  Uxc1:   exchange-correlation energy for beta spin
  Ucore:  core-core Coulomb energy
  Uhub:   LDA+U energy
  Ucs:    constraint energy for spin orientation
  Uzs:    Zeeman term for spin magnetic moment
  Uzo:    Zeeman term for orbital magnetic moment
  Uef:    electric energy by electric field
  UvdW:   semi-empirical vdW energy 
  Uch:    penalty term to create a core hole
  UpV:    pressure times volume
  Enpy:   Enthalpy = Utot + UpV
  (see also PRB 72, 045121(2005) for the energy contributions)


*******************************************************
           Computational times (s) at MD =12            
*******************************************************

  DFT in total      =   24.93969

  Set_OLP_Kin       =    0.70091
  Set_Nonlocal      =    1.45469
  Set_ProExpn_VNA   =    2.60710
  Set_Hamiltonian   =    1.38808
  Poisson           =    0.00091
  diagonalization   =   13.50055
  Mixing_DM         =    0.00419
  Force             =    2.00721
  Total_Energy      =    0.40675
  Set_Aden_Grid     =    0.04984
  Set_Orbitals_Grid =    0.10057
  Set_Density_Grid  =    0.53351
  RestartFileDFT    =    0.00295
  Mulliken_Charge   =    0.00097
  FFT(2D)_Density   =    0.00166

The SCF was achieved at MD=  12

*******************************************************
             MD or geometry opt. at MD =12              
*******************************************************

<BFGS>  |Maximum force| (Hartree/Bohr) = 0.000227146070
<BFGS>  Criterion       (Hartree/Bohr) = 0.000100000000

     atom=   1, XYZ(ang) Fxyz(a.u.)=   0.0000    0.0010    0.0002     0.0000    0.0002    0.0000
     atom=   2, XYZ(ang) Fxyz(a.u.)=   2.9849    2.9904    1.6186     0.0000    0.0001   -0.0002
     atom=   3, XYZ(ang) Fxyz(a.u.)=  -0.0000    2.9861    0.8314     0.0000   -0.0001   -0.0000
     atom=   4, XYZ(ang) Fxyz(a.u.)=   2.9849    0.0037    2.3936     0.0000    0.0002    0.0002

*******************************************************
        Analysis of neighbors and setting of grids        
*******************************************************


*******************************************************
  Allocation of atoms to processors at MD_iter=   13     
*******************************************************

 proc =   0  # of atoms=   1  estimated weight=         1.00000
 proc =   1  # of atoms=   1  estimated weight=         1.00000
 proc =   2  # of atoms=   1  estimated weight=         1.00000
 proc =   3  # of atoms=   1  estimated weight=         1.00000
 proc =   4  # of atoms=   0  estimated weight=         0.00000
 proc =   5  # of atoms=   0  estimated weight=         0.00000
 proc =   6  # of atoms=   0  estimated weight=         0.00000
 proc =   7  # of atoms=   0  estimated weight=         0.00000
 proc =   8  # of atoms=   0  estimated weight=         0.00000
 proc =   9  # of atoms=   0  estimated weight=         0.00000
 proc =  10  # of atoms=   0  estimated weight=         0.00000
 proc =  11  # of atoms=   0  estimated weight=         0.00000
 proc =  12  # of atoms=   0  estimated weight=         0.00000
 proc =  13  # of atoms=   0  estimated weight=         0.00000
 proc =  14  # of atoms=   0  estimated weight=         0.00000
 proc =  15  # of atoms=   0  estimated weight=         0.00000



TFNAN=     256   Average FNAN=  64.00000
TSNAN=       0   Average SNAN=   0.00000
<truncation> CpyCell= 3 ct_AN=   1 FNAN SNAN  64   0
<truncation> CpyCell= 3 ct_AN=   2 FNAN SNAN  64   0
<truncation> CpyCell= 3 ct_AN=   3 FNAN SNAN  64   0
<truncation> CpyCell= 3 ct_AN=   4 FNAN SNAN  64   0
<UCell_Box> Info. of cutoff energy and num. of grids
lattice vectors (bohr)
A  = 11.281295655248,  0.000000000000,  0.000000000000
B  =  0.000000000000, 11.281295655248,  0.028203239138
C  =  0.000000000000,  0.015204829790,  6.081931916162
reciprocal lattice vectors (bohr^-1)
RA =  0.556956000374,  0.000000000000,  0.000000000000
RB =  0.000000000000,  0.556959481370, -0.001392398703
RC =  0.000000000000, -0.002582742073,  1.033096829091
Required cutoff energy (Ryd) for 3D-grids = 200.0000
    Used cutoff energy (Ryd) for 3D-grids = 193.8750, 193.8786, 194.5146
Num. of grids of a-, b-, and c-axes = 50, 50, 27
Cell_Volume =    774.028233187484 (Bohr^3)
GridVol     =      0.011467084936 (Bohr^3)
Cell vectors (bohr) of the grid cell (gtv)
  gtv_a =  0.225625913105,  0.000000000000,  0.000000000000
  gtv_b =  0.000000000000,  0.225625913105,  0.000564064783
  gtv_c =  0.000000000000,  0.000563141844,  0.225256737636
  |gtv_a| =  0.225625913105
  |gtv_b| =  0.225626618185
  |gtv_c| =  0.225257441562
Num. of grids overlapping with atom    1 = 125062
Num. of grids overlapping with atom    2 = 125309
Num. of grids overlapping with atom    3 = 125146
Num. of grids overlapping with atom    4 = 125108

*******************************************************
             SCF calculation at MD =13                
*******************************************************

<MD=13>  Calculation of the overlap matrix
<MD=13>  Calculation of the nonlocal matrix
<MD=13>  Calculation of the VNA projector matrix

******************* MD=13  SCF= 1 *******************
<Restart>  Found restart files
<Poisson>  Poisson's equation using FFT...
<Band>  Solving the eigenvalue problem...
 KGrids1:  -0.45833  -0.37500  -0.29167  -0.20833  -0.12500  -0.04167   0.04167   0.12500   0.20833   0.29167   0.37500   0.45833 
 KGrids2:  -0.45833  -0.37500  -0.29167  -0.20833  -0.12500  -0.04167   0.04167   0.12500   0.20833   0.29167   0.37500   0.45833 
 KGrids3:  -0.47500  -0.42500  -0.37500  -0.32500  -0.27500  -0.22500  -0.17500  -0.12500  -0.07500  -0.02500   0.02500   0.07500   0.12500   0.17500   0.22500   0.27500   0.32500   0.37500   0.42500   0.47500 
<Band_DFT>  Eigen, time=0.744491
<Band_DFT>  DM, time=1.841760
    1   Sn  MulP   6.9999  6.9999 sum  13.9998
    2   Sn  MulP   7.0004  7.0004 sum  14.0007
    3   Sn  MulP   6.9999  6.9999 sum  13.9997
    4   Sn  MulP   6.9999  6.9999 sum  13.9997
 Sum of MulP: up   =    28.00000 down          =    28.00000
              total=    56.00000 ideal(neutral)=    56.00000
<DFT>  Total Spin Moment (muB) =  0.000000000000
<DFT>  Mixing_weight= 0.400000000000
<DFT>  Uele   =  -42.211616916424  dUele     =   1.000000000000
<DFT>  NormRD =    1.000000000000  Criterion =   0.000000100000

******************* MD=13  SCF= 2 *******************
<Poisson>  Poisson's equation using FFT...
<Set_Hamiltonian>  Hamiltonian matrix for VNA+dVH+Vxc...
<Band>  Solving the eigenvalue problem...
 KGrids1:  -0.45833  -0.37500  -0.29167  -0.20833  -0.12500  -0.04167   0.04167   0.12500   0.20833   0.29167   0.37500   0.45833 
 KGrids2:  -0.45833  -0.37500  -0.29167  -0.20833  -0.12500  -0.04167   0.04167   0.12500   0.20833   0.29167   0.37500   0.45833 
 KGrids3:  -0.47500  -0.42500  -0.37500  -0.32500  -0.27500  -0.22500  -0.17500  -0.12500  -0.07500  -0.02500   0.02500   0.07500   0.12500   0.17500   0.22500   0.27500   0.32500   0.37500   0.42500   0.47500 
<Band_DFT>  Eigen, time=0.694951
<Band_DFT>  DM, time=1.847029
    1   Sn  MulP   6.9999  6.9999 sum  13.9998
    2   Sn  MulP   7.0004  7.0004 sum  14.0007
    3   Sn  MulP   6.9999  6.9999 sum  13.9997
    4   Sn  MulP   6.9999  6.9999 sum  13.9997
 Sum of MulP: up   =    28.00000 down          =    28.00000
              total=    56.00000 ideal(neutral)=    56.00000
<DFT>  Total Spin Moment (muB) =  0.000000000000
<DFT>  Mixing_weight= 0.400000000000
<DFT>  Uele   =  -42.211615974187  dUele     =   0.000000942237
<DFT>  NormRD =    0.000065751184  Criterion =   0.000000100000

******************* MD=13  SCF= 3 *******************
<Poisson>  Poisson's equation using FFT...
<Set_Hamiltonian>  Hamiltonian matrix for VNA+dVH+Vxc...
<Band>  Solving the eigenvalue problem...
 KGrids1:  -0.45833  -0.37500  -0.29167  -0.20833  -0.12500  -0.04167   0.04167   0.12500   0.20833   0.29167   0.37500   0.45833 
 KGrids2:  -0.45833  -0.37500  -0.29167  -0.20833  -0.12500  -0.04167   0.04167   0.12500   0.20833   0.29167   0.37500   0.45833 
 KGrids3:  -0.47500  -0.42500  -0.37500  -0.32500  -0.27500  -0.22500  -0.17500  -0.12500  -0.07500  -0.02500   0.02500   0.07500   0.12500   0.17500   0.22500   0.27500   0.32500   0.37500   0.42500   0.47500 
<Band_DFT>  Eigen, time=0.743187
<Band_DFT>  DM, time=2.041812
    1   Sn  MulP   6.9999  6.9999 sum  13.9998
    2   Sn  MulP   7.0004  7.0004 sum  14.0007
    3   Sn  MulP   6.9999  6.9999 sum  13.9997
    4   Sn  MulP   6.9999  6.9999 sum  13.9997
 Sum of MulP: up   =    28.00000 down          =    28.00000
              total=    56.00000 ideal(neutral)=    56.00000
<DFT>  Total Spin Moment (muB) =  0.000000000000
<DFT>  Mixing_weight= 0.040000000000
<DFT>  Uele   =  -42.211615347918  dUele     =   0.000000626269
<DFT>  NormRD =    0.000044349708  Criterion =   0.000000100000

******************* MD=13  SCF= 4 *******************
<Poisson>  Poisson's equation using FFT...
<Set_Hamiltonian>  Hamiltonian matrix for VNA+dVH+Vxc...
<Band>  Solving the eigenvalue problem...
 KGrids1:  -0.45833  -0.37500  -0.29167  -0.20833  -0.12500  -0.04167   0.04167   0.12500   0.20833   0.29167   0.37500   0.45833 
 KGrids2:  -0.45833  -0.37500  -0.29167  -0.20833  -0.12500  -0.04167   0.04167   0.12500   0.20833   0.29167   0.37500   0.45833 
 KGrids3:  -0.47500  -0.42500  -0.37500  -0.32500  -0.27500  -0.22500  -0.17500  -0.12500  -0.07500  -0.02500   0.02500   0.07500   0.12500   0.17500   0.22500   0.27500   0.32500   0.37500   0.42500   0.47500 
<Band_DFT>  Eigen, time=0.749324
<Band_DFT>  DM, time=2.039545
    1   Sn  MulP   6.9999  6.9999 sum  13.9998
    2   Sn  MulP   7.0004  7.0004 sum  14.0007
    3   Sn  MulP   6.9999  6.9999 sum  13.9997
    4   Sn  MulP   6.9999  6.9999 sum  13.9997
 Sum of MulP: up   =    28.00000 down          =    28.00000
              total=    56.00000 ideal(neutral)=    56.00000
<DFT>  Total Spin Moment (muB) =  0.000000000000
<DFT>  Mixing_weight= 0.040000000000
<DFT>  Uele   =  -42.211613707705  dUele     =   0.000001640213
<DFT>  NormRD =    0.000006148786  Criterion =   0.000000100000

******************* MD=13  SCF= 5 *******************
<Poisson>  Poisson's equation using FFT...
<Set_Hamiltonian>  Hamiltonian matrix for VNA+dVH+Vxc...
<Band>  Solving the eigenvalue problem...
 KGrids1:  -0.45833  -0.37500  -0.29167  -0.20833  -0.12500  -0.04167   0.04167   0.12500   0.20833   0.29167   0.37500   0.45833 
 KGrids2:  -0.45833  -0.37500  -0.29167  -0.20833  -0.12500  -0.04167   0.04167   0.12500   0.20833   0.29167   0.37500   0.45833 
 KGrids3:  -0.47500  -0.42500  -0.37500  -0.32500  -0.27500  -0.22500  -0.17500  -0.12500  -0.07500  -0.02500   0.02500   0.07500   0.12500   0.17500   0.22500   0.27500   0.32500   0.37500   0.42500   0.47500 
<Band_DFT>  Eigen, time=0.742637
<Band_DFT>  DM, time=2.040421
    1   Sn  MulP   6.9999  6.9999 sum  13.9998
    2   Sn  MulP   7.0004  7.0004 sum  14.0007
    3   Sn  MulP   6.9999  6.9999 sum  13.9997
    4   Sn  MulP   6.9999  6.9999 sum  13.9997
 Sum of MulP: up   =    28.00000 down          =    28.00000
              total=    56.00000 ideal(neutral)=    56.00000
<DFT>  Total Spin Moment (muB) =  0.000000000000
<DFT>  Mixing_weight= 0.040000000000
<DFT>  Uele   =  -42.211613963991  dUele     =   0.000000256286
<DFT>  NormRD =    0.000006067219  Criterion =   0.000000100000

******************* MD=13  SCF= 6 *******************
<Poisson>  Poisson's equation using FFT...
<Set_Hamiltonian>  Hamiltonian matrix for VNA+dVH+Vxc...
<Band>  Solving the eigenvalue problem...
 KGrids1:  -0.45833  -0.37500  -0.29167  -0.20833  -0.12500  -0.04167   0.04167   0.12500   0.20833   0.29167   0.37500   0.45833 
 KGrids2:  -0.45833  -0.37500  -0.29167  -0.20833  -0.12500  -0.04167   0.04167   0.12500   0.20833   0.29167   0.37500   0.45833 
 KGrids3:  -0.47500  -0.42500  -0.37500  -0.32500  -0.27500  -0.22500  -0.17500  -0.12500  -0.07500  -0.02500   0.02500   0.07500   0.12500   0.17500   0.22500   0.27500   0.32500   0.37500   0.42500   0.47500 
<Band_DFT>  Eigen, time=0.738044
<Band_DFT>  DM, time=2.038721
    1   Sn  MulP   6.9999  6.9999 sum  13.9998
    2   Sn  MulP   7.0004  7.0004 sum  14.0007
    3   Sn  MulP   6.9999  6.9999 sum  13.9997
    4   Sn  MulP   6.9999  6.9999 sum  13.9997
 Sum of MulP: up   =    28.00000 down          =    28.00000
              total=    56.00000 ideal(neutral)=    56.00000
<DFT>  Total Spin Moment (muB) =  0.000000000000
<DFT>  Mixing_weight= 0.040000000000
<DFT>  Uele   =  -42.211613983692  dUele     =   0.000000019701
<DFT>  NormRD =    0.000000900774  Criterion =   0.000000100000
<MD=13>  Force calculation
  Force calculation #1
  Force calculation #2
  Force calculation #3
  Force calculation #4
  Force calculation #5
  Stress calculation #1
  Stress calculation #2
  Stress calculation #3
  Stress calculation #4
  Stress calculation #5
<MD=13>  Total Energy
  Force calculation #6
  Force calculation #7

*******************************************************
                  Dipole moment (Debye)                 
*******************************************************

 Absolute D      521.15795063

                      Dx                Dy                Dz
 Total           -362.13871578     -362.79291626      -94.03435515
 Core             401.43890585      402.20860497      325.71528486
 Electron        -763.57762164     -765.00152123     -419.74964001
 Back ground       -0.00000000       -0.00000000       -0.00000000

*******************************************************
               Stress tensor (Hartree/bohr^3)            
*******************************************************

      -0.00000002       -0.00000000        0.00000000 
      -0.00000000       -0.00000118        0.00000291 
       0.00000000        0.00000291        0.00000074 

*******************************************************
                Total Energy (Hartree) at MD =13        
*******************************************************

  Uele  =     -42.211613983692

  Ukin  =     203.438528606221
  UH0   =   -2703.963564359415
  UH1   =       0.004898273290
  Una   =    -149.420970535911
  Unl   =     -47.913231734629
  Uxc0  =     -25.237141607190
  Uxc1  =     -25.237141607190
  Ucore =    2464.171304491996
  Uhub  =       0.000000000000
  Ucs   =       0.000000000000
  Uzs   =       0.000000000000
  Uzo   =       0.000000000000
  Uef   =       0.000000000000
  UvdW  =       0.000000000000
  Uch   =       0.000000000000
  Utot  =    -284.157318472830

  UpV   =       0.000000000000
  Enpy  =    -284.157318472830
  Note:

  Uele:   band energy
  Ukin:   kinetic energy
  UH0:    electric part of screened Coulomb energy
  UH1:    difference electron-electron Coulomb energy
  Una:    neutral atom potential energy
  Unl:    non-local potential energy
  Uxc0:   exchange-correlation energy for alpha spin
  Uxc1:   exchange-correlation energy for beta spin
  Ucore:  core-core Coulomb energy
  Uhub:   LDA+U energy
  Ucs:    constraint energy for spin orientation
  Uzs:    Zeeman term for spin magnetic moment
  Uzo:    Zeeman term for orbital magnetic moment
  Uef:    electric energy by electric field
  UvdW:   semi-empirical vdW energy 
  Uch:    penalty term to create a core hole
  UpV:    pressure times volume
  Enpy:   Enthalpy = Utot + UpV
  (see also PRB 72, 045121(2005) for the energy contributions)


*******************************************************
           Computational times (s) at MD =13            
*******************************************************

  DFT in total      =   27.49874

  Set_OLP_Kin       =    0.91173
  Set_Nonlocal      =    1.06067
  Set_ProExpn_VNA   =    2.82504
  Set_Hamiltonian   =    1.32775
  Poisson           =    0.00094
  diagonalization   =   16.58904
  Mixing_DM         =    0.00470
  Force             =    1.77074
  Total_Energy      =    0.40894
  Set_Aden_Grid     =    0.00719
  Set_Orbitals_Grid =    0.10193
  Set_Density_Grid  =    0.48876
  RestartFileDFT    =    0.00283
  Mulliken_Charge   =    0.00093
  FFT(2D)_Density   =    0.00179

The SCF was achieved at MD=  13

*******************************************************
             MD or geometry opt. at MD =13              
*******************************************************

<BFGS>  |Maximum force| (Hartree/Bohr) = 0.000217944866
<BFGS>  Criterion       (Hartree/Bohr) = 0.000100000000

     atom=   1, XYZ(ang) Fxyz(a.u.)=   0.0000    0.0012    0.0002     0.0000    0.0001    0.0000
     atom=   2, XYZ(ang) Fxyz(a.u.)=   2.9849    2.9904    1.6185    -0.0000    0.0001   -0.0002
     atom=   3, XYZ(ang) Fxyz(a.u.)=  -0.0000    2.9860    0.8322     0.0000   -0.0001   -0.0000
     atom=   4, XYZ(ang) Fxyz(a.u.)=   2.9849    0.0039    2.3931     0.0000    0.0002    0.0002

*******************************************************
        Analysis of neighbors and setting of grids        
*******************************************************


*******************************************************
  Allocation of atoms to processors at MD_iter=   14     
*******************************************************

 proc =   0  # of atoms=   1  estimated weight=         1.00000
 proc =   1  # of atoms=   1  estimated weight=         1.00000
 proc =   2  # of atoms=   1  estimated weight=         1.00000
 proc =   3  # of atoms=   1  estimated weight=         1.00000
 proc =   4  # of atoms=   0  estimated weight=         0.00000
 proc =   5  # of atoms=   0  estimated weight=         0.00000
 proc =   6  # of atoms=   0  estimated weight=         0.00000
 proc =   7  # of atoms=   0  estimated weight=         0.00000
 proc =   8  # of atoms=   0  estimated weight=         0.00000
 proc =   9  # of atoms=   0  estimated weight=         0.00000
 proc =  10  # of atoms=   0  estimated weight=         0.00000
 proc =  11  # of atoms=   0  estimated weight=         0.00000
 proc =  12  # of atoms=   0  estimated weight=         0.00000
 proc =  13  # of atoms=   0  estimated weight=         0.00000
 proc =  14  # of atoms=   0  estimated weight=         0.00000
 proc =  15  # of atoms=   0  estimated weight=         0.00000



TFNAN=     256   Average FNAN=  64.00000
TSNAN=       0   Average SNAN=   0.00000
<truncation> CpyCell= 3 ct_AN=   1 FNAN SNAN  64   0
<truncation> CpyCell= 3 ct_AN=   2 FNAN SNAN  64   0
<truncation> CpyCell= 3 ct_AN=   3 FNAN SNAN  64   0
<truncation> CpyCell= 3 ct_AN=   4 FNAN SNAN  64   0
<UCell_Box> Info. of cutoff energy and num. of grids
lattice vectors (bohr)
A  = 11.281295655248,  0.000000000000,  0.000000000000
B  =  0.000000000000, 11.281295655248,  0.028203239138
C  =  0.000000000000,  0.015204829790,  6.081931916162
reciprocal lattice vectors (bohr^-1)
RA =  0.556956000374,  0.000000000000,  0.000000000000
RB =  0.000000000000,  0.556959481370, -0.001392398703
RC =  0.000000000000, -0.002582742073,  1.033096829091
Required cutoff energy (Ryd) for 3D-grids = 200.0000
    Used cutoff energy (Ryd) for 3D-grids = 193.8750, 193.8786, 194.5146
Num. of grids of a-, b-, and c-axes = 50, 50, 27
Cell_Volume =    774.028233187484 (Bohr^3)
GridVol     =      0.011467084936 (Bohr^3)
Cell vectors (bohr) of the grid cell (gtv)
  gtv_a =  0.225625913105,  0.000000000000,  0.000000000000
  gtv_b =  0.000000000000,  0.225625913105,  0.000564064783
  gtv_c =  0.000000000000,  0.000563141844,  0.225256737636
  |gtv_a| =  0.225625913105
  |gtv_b| =  0.225626618185
  |gtv_c| =  0.225257441562
Num. of grids overlapping with atom    1 = 125056
Num. of grids overlapping with atom    2 = 125309
Num. of grids overlapping with atom    3 = 125144
Num. of grids overlapping with atom    4 = 125104

*******************************************************
             SCF calculation at MD =14                
*******************************************************

<MD=14>  Calculation of the overlap matrix
<MD=14>  Calculation of the nonlocal matrix
<MD=14>  Calculation of the VNA projector matrix

******************* MD=14  SCF= 1 *******************
<Restart>  Found restart files
<Poisson>  Poisson's equation using FFT...
<Band>  Solving the eigenvalue problem...
 KGrids1:  -0.45833  -0.37500  -0.29167  -0.20833  -0.12500  -0.04167   0.04167   0.12500   0.20833   0.29167   0.37500   0.45833 
 KGrids2:  -0.45833  -0.37500  -0.29167  -0.20833  -0.12500  -0.04167   0.04167   0.12500   0.20833   0.29167   0.37500   0.45833 
 KGrids3:  -0.47500  -0.42500  -0.37500  -0.32500  -0.27500  -0.22500  -0.17500  -0.12500  -0.07500  -0.02500   0.02500   0.07500   0.12500   0.17500   0.22500   0.27500   0.32500   0.37500   0.42500   0.47500 
<Band_DFT>  Eigen, time=0.515850
<Band_DFT>  DM, time=1.390850
    1   Sn  MulP   6.9999  6.9999 sum  13.9998
    2   Sn  MulP   7.0004  7.0004 sum  14.0008
    3   Sn  MulP   6.9999  6.9999 sum  13.9997
    4   Sn  MulP   6.9999  6.9999 sum  13.9997
 Sum of MulP: up   =    28.00000 down          =    28.00000
              total=    56.00000 ideal(neutral)=    56.00000
<DFT>  Total Spin Moment (muB) =  0.000000000000
<DFT>  Mixing_weight= 0.400000000000
<DFT>  Uele   =  -42.211608357214  dUele     =   1.000000000000
<DFT>  NormRD =    1.000000000000  Criterion =   0.000000100000

******************* MD=14  SCF= 2 *******************
<Poisson>  Poisson's equation using FFT...
<Set_Hamiltonian>  Hamiltonian matrix for VNA+dVH+Vxc...
<Band>  Solving the eigenvalue problem...
 KGrids1:  -0.45833  -0.37500  -0.29167  -0.20833  -0.12500  -0.04167   0.04167   0.12500   0.20833   0.29167   0.37500   0.45833 
 KGrids2:  -0.45833  -0.37500  -0.29167  -0.20833  -0.12500  -0.04167   0.04167   0.12500   0.20833   0.29167   0.37500   0.45833 
 KGrids3:  -0.47500  -0.42500  -0.37500  -0.32500  -0.27500  -0.22500  -0.17500  -0.12500  -0.07500  -0.02500   0.02500   0.07500   0.12500   0.17500   0.22500   0.27500   0.32500   0.37500   0.42500   0.47500 
<Band_DFT>  Eigen, time=0.675484
<Band_DFT>  DM, time=1.760261
    1   Sn  MulP   6.9999  6.9999 sum  13.9998
    2   Sn  MulP   7.0004  7.0004 sum  14.0008
    3   Sn  MulP   6.9999  6.9999 sum  13.9997
    4   Sn  MulP   6.9999  6.9999 sum  13.9997
 Sum of MulP: up   =    28.00000 down          =    28.00000
              total=    56.00000 ideal(neutral)=    56.00000
<DFT>  Total Spin Moment (muB) =  0.000000000000
<DFT>  Mixing_weight= 0.400000000000
<DFT>  Uele   =  -42.211608379967  dUele     =   0.000000022753
<DFT>  NormRD =    0.000026198510  Criterion =   0.000000100000

******************* MD=14  SCF= 3 *******************
<Poisson>  Poisson's equation using FFT...
<Set_Hamiltonian>  Hamiltonian matrix for VNA+dVH+Vxc...
<Band>  Solving the eigenvalue problem...
 KGrids1:  -0.45833  -0.37500  -0.29167  -0.20833  -0.12500  -0.04167   0.04167   0.12500   0.20833   0.29167   0.37500   0.45833 
 KGrids2:  -0.45833  -0.37500  -0.29167  -0.20833  -0.12500  -0.04167   0.04167   0.12500   0.20833   0.29167   0.37500   0.45833 
 KGrids3:  -0.47500  -0.42500  -0.37500  -0.32500  -0.27500  -0.22500  -0.17500  -0.12500  -0.07500  -0.02500   0.02500   0.07500   0.12500   0.17500   0.22500   0.27500   0.32500   0.37500   0.42500   0.47500 
<Band_DFT>  Eigen, time=0.748714
<Band_DFT>  DM, time=1.916868
    1   Sn  MulP   6.9999  6.9999 sum  13.9998
    2   Sn  MulP   7.0004  7.0004 sum  14.0008
    3   Sn  MulP   6.9999  6.9999 sum  13.9997
    4   Sn  MulP   6.9999  6.9999 sum  13.9997
 Sum of MulP: up   =    28.00000 down          =    28.00000
              total=    56.00000 ideal(neutral)=    56.00000
<DFT>  Total Spin Moment (muB) =  0.000000000000
<DFT>  Mixing_weight= 0.040000000000
<DFT>  Uele   =  -42.211608393841  dUele     =   0.000000013874
<DFT>  NormRD =    0.000017638858  Criterion =   0.000000100000
<MD=14>  Force calculation
  Force calculation #1
  Force calculation #2
  Force calculation #3
  Force calculation #4
  Force calculation #5
  Stress calculation #1
  Stress calculation #2
  Stress calculation #3
  Stress calculation #4
  Stress calculation #5
<MD=14>  Total Energy
  Force calculation #6
  Force calculation #7

*******************************************************
                  Dipole moment (Debye)                 
*******************************************************

 Absolute D      521.07463782

                      Dx                Dy                Dz
 Total           -362.13866680     -362.67572305      -94.02491213
 Core             401.43891740      402.22681952      325.73266418
 Electron        -763.57758420     -764.90254257     -419.75757631
 Back ground       -0.00000000       -0.00000000       -0.00000000

*******************************************************
               Stress tensor (Hartree/bohr^3)            
*******************************************************

      -0.00000025        0.00000000        0.00000000 
       0.00000000       -0.00000126        0.00000294 
       0.00000000        0.00000294        0.00000084 

*******************************************************
                Total Energy (Hartree) at MD =14        
*******************************************************

  Uele  =     -42.211608393841

  Ukin  =     203.438559464104
  UH0   =   -2703.963152032561
  UH1   =       0.004898223580
  Una   =    -149.420985133134
  Unl   =     -47.913245170008
  Uxc0  =     -25.237143071188
  Uxc1  =     -25.237143071188
  Ucore =    2464.170892013764
  Uhub  =       0.000000000000
  Ucs   =       0.000000000000
  Uzs   =       0.000000000000
  Uzo   =       0.000000000000
  Uef   =       0.000000000000
  UvdW  =       0.000000000000
  Uch   =       0.000000000000
  Utot  =    -284.157318776631

  UpV   =       0.000000000000
  Enpy  =    -284.157318776631
  Note:

  Uele:   band energy
  Ukin:   kinetic energy
  UH0:    electric part of screened Coulomb energy
  UH1:    difference electron-electron Coulomb energy
  Una:    neutral atom potential energy
  Unl:    non-local potential energy
  Uxc0:   exchange-correlation energy for alpha spin
  Uxc1:   exchange-correlation energy for beta spin
  Ucore:  core-core Coulomb energy
  Uhub:   LDA+U energy
  Ucs:    constraint energy for spin orientation
  Uzs:    Zeeman term for spin magnetic moment
  Uzo:    Zeeman term for orbital magnetic moment
  Uef:    electric energy by electric field
  UvdW:   semi-empirical vdW energy 
  Uch:    penalty term to create a core hole
  UpV:    pressure times volume
  Enpy:   Enthalpy = Utot + UpV
  (see also PRB 72, 045121(2005) for the energy contributions)


*******************************************************
           Computational times (s) at MD =14            
*******************************************************

  DFT in total      =   17.31819

  Set_OLP_Kin       =    0.86602
  Set_Nonlocal      =    1.16850
  Set_ProExpn_VNA   =    2.71048
  Set_Hamiltonian   =    0.82646
  Poisson           =    0.00048
  diagonalization   =    7.17046
  Mixing_DM         =    0.00247
  Force             =    1.96101
  Total_Energy      =    0.40894
  Set_Aden_Grid     =    0.00709
  Set_Orbitals_Grid =    0.10020
  Set_Density_Grid  =    0.30448
  RestartFileDFT    =    0.00289
  Mulliken_Charge   =    0.00063
  FFT(2D)_Density   =    0.00109

The SCF was achieved at MD=  14

*******************************************************
             MD or geometry opt. at MD =14              
*******************************************************

<BFGS>  |Maximum force| (Hartree/Bohr) = 0.000392285782
<BFGS>  Criterion       (Hartree/Bohr) = 0.000100000000

     atom=   1, XYZ(ang) Fxyz(a.u.)=   0.0000    0.0022    0.0005     0.0000    0.0002    0.0000
     atom=   2, XYZ(ang) Fxyz(a.u.)=   2.9849    2.9912    1.6165     0.0000    0.0001   -0.0002
     atom=   3, XYZ(ang) Fxyz(a.u.)=   0.0000    2.9847    0.8330     0.0000   -0.0000   -0.0002
     atom=   4, XYZ(ang) Fxyz(a.u.)=   2.9849    0.0058    2.3950     0.0000    0.0002    0.0004

*******************************************************
        Analysis of neighbors and setting of grids        
*******************************************************


*******************************************************
  Allocation of atoms to processors at MD_iter=   15     
*******************************************************

 proc =   0  # of atoms=   1  estimated weight=         1.00000
 proc =   1  # of atoms=   1  estimated weight=         1.00000
 proc =   2  # of atoms=   1  estimated weight=         1.00000
 proc =   3  # of atoms=   1  estimated weight=         1.00000
 proc =   4  # of atoms=   0  estimated weight=         0.00000
 proc =   5  # of atoms=   0  estimated weight=         0.00000
 proc =   6  # of atoms=   0  estimated weight=         0.00000
 proc =   7  # of atoms=   0  estimated weight=         0.00000
 proc =   8  # of atoms=   0  estimated weight=         0.00000
 proc =   9  # of atoms=   0  estimated weight=         0.00000
 proc =  10  # of atoms=   0  estimated weight=         0.00000
 proc =  11  # of atoms=   0  estimated weight=         0.00000
 proc =  12  # of atoms=   0  estimated weight=         0.00000
 proc =  13  # of atoms=   0  estimated weight=         0.00000
 proc =  14  # of atoms=   0  estimated weight=         0.00000
 proc =  15  # of atoms=   0  estimated weight=         0.00000



TFNAN=     256   Average FNAN=  64.00000
TSNAN=       0   Average SNAN=   0.00000
<truncation> CpyCell= 3 ct_AN=   1 FNAN SNAN  64   0
<truncation> CpyCell= 3 ct_AN=   2 FNAN SNAN  64   0
<truncation> CpyCell= 3 ct_AN=   3 FNAN SNAN  64   0
<truncation> CpyCell= 3 ct_AN=   4 FNAN SNAN  64   0
<UCell_Box> Info. of cutoff energy and num. of grids
lattice vectors (bohr)
A  = 11.281295655248,  0.000000000000,  0.000000000000
B  =  0.000000000000, 11.281295655248,  0.028203239138
C  =  0.000000000000,  0.015204829790,  6.081931916162
reciprocal lattice vectors (bohr^-1)
RA =  0.556956000374,  0.000000000000,  0.000000000000
RB =  0.000000000000,  0.556959481370, -0.001392398703
RC =  0.000000000000, -0.002582742073,  1.033096829091
Required cutoff energy (Ryd) for 3D-grids = 200.0000
    Used cutoff energy (Ryd) for 3D-grids = 193.8750, 193.8786, 194.5146
Num. of grids of a-, b-, and c-axes = 50, 50, 27
Cell_Volume =    774.028233187484 (Bohr^3)
GridVol     =      0.011467084936 (Bohr^3)
Cell vectors (bohr) of the grid cell (gtv)
  gtv_a =  0.225625913105,  0.000000000000,  0.000000000000
  gtv_b =  0.000000000000,  0.225625913105,  0.000564064783
  gtv_c =  0.000000000000,  0.000563141844,  0.225256737636
  |gtv_a| =  0.225625913105
  |gtv_b| =  0.225626618185
  |gtv_c| =  0.225257441562
Num. of grids overlapping with atom    1 = 125089
Num. of grids overlapping with atom    2 = 125289
Num. of grids overlapping with atom    3 = 125153
Num. of grids overlapping with atom    4 = 125148

*******************************************************
             SCF calculation at MD =15                
*******************************************************

<MD=15>  Calculation of the overlap matrix
<MD=15>  Calculation of the nonlocal matrix
<MD=15>  Calculation of the VNA projector matrix

******************* MD=15  SCF= 1 *******************
<Restart>  Found restart files
<Poisson>  Poisson's equation using FFT...
<Band>  Solving the eigenvalue problem...
 KGrids1:  -0.45833  -0.37500  -0.29167  -0.20833  -0.12500  -0.04167   0.04167   0.12500   0.20833   0.29167   0.37500   0.45833 
 KGrids2:  -0.45833  -0.37500  -0.29167  -0.20833  -0.12500  -0.04167   0.04167   0.12500   0.20833   0.29167   0.37500   0.45833 
 KGrids3:  -0.47500  -0.42500  -0.37500  -0.32500  -0.27500  -0.22500  -0.17500  -0.12500  -0.07500  -0.02500   0.02500   0.07500   0.12500   0.17500   0.22500   0.27500   0.32500   0.37500   0.42500   0.47500 
<Band_DFT>  Eigen, time=0.740608
<Band_DFT>  DM, time=1.913882
    1   Sn  MulP   6.9999  6.9999 sum  13.9998
    2   Sn  MulP   7.0004  7.0004 sum  14.0007
    3   Sn  MulP   6.9999  6.9999 sum  13.9998
    4   Sn  MulP   6.9998  6.9998 sum  13.9997
 Sum of MulP: up   =    28.00000 down          =    28.00000
              total=    56.00000 ideal(neutral)=    56.00000
<DFT>  Total Spin Moment (muB) =  0.000000000000
<DFT>  Mixing_weight= 0.400000000000
<DFT>  Uele   =  -42.211604155097  dUele     =   1.000000000000
<DFT>  NormRD =    1.000000000000  Criterion =   0.000000100000

******************* MD=15  SCF= 2 *******************
<Poisson>  Poisson's equation using FFT...
<Set_Hamiltonian>  Hamiltonian matrix for VNA+dVH+Vxc...
<Band>  Solving the eigenvalue problem...
 KGrids1:  -0.45833  -0.37500  -0.29167  -0.20833  -0.12500  -0.04167   0.04167   0.12500   0.20833   0.29167   0.37500   0.45833 
 KGrids2:  -0.45833  -0.37500  -0.29167  -0.20833  -0.12500  -0.04167   0.04167   0.12500   0.20833   0.29167   0.37500   0.45833 
 KGrids3:  -0.47500  -0.42500  -0.37500  -0.32500  -0.27500  -0.22500  -0.17500  -0.12500  -0.07500  -0.02500   0.02500   0.07500   0.12500   0.17500   0.22500   0.27500   0.32500   0.37500   0.42500   0.47500 
<Band_DFT>  Eigen, time=0.788182
<Band_DFT>  DM, time=1.987601
    1   Sn  MulP   6.9999  6.9999 sum  13.9998
    2   Sn  MulP   7.0004  7.0004 sum  14.0007
    3   Sn  MulP   6.9999  6.9999 sum  13.9998
    4   Sn  MulP   6.9998  6.9998 sum  13.9997
 Sum of MulP: up   =    28.00000 down          =    28.00000
              total=    56.00000 ideal(neutral)=    56.00000
<DFT>  Total Spin Moment (muB) =  0.000000000000
<DFT>  Mixing_weight= 0.400000000000
<DFT>  Uele   =  -42.211609561204  dUele     =   0.000005406107
<DFT>  NormRD =    0.001143187837  Criterion =   0.000000100000

******************* MD=15  SCF= 3 *******************
<Poisson>  Poisson's equation using FFT...
<Set_Hamiltonian>  Hamiltonian matrix for VNA+dVH+Vxc...
<Band>  Solving the eigenvalue problem...
 KGrids1:  -0.45833  -0.37500  -0.29167  -0.20833  -0.12500  -0.04167   0.04167   0.12500   0.20833   0.29167   0.37500   0.45833 
 KGrids2:  -0.45833  -0.37500  -0.29167  -0.20833  -0.12500  -0.04167   0.04167   0.12500   0.20833   0.29167   0.37500   0.45833 
 KGrids3:  -0.47500  -0.42500  -0.37500  -0.32500  -0.27500  -0.22500  -0.17500  -0.12500  -0.07500  -0.02500   0.02500   0.07500   0.12500   0.17500   0.22500   0.27500   0.32500   0.37500   0.42500   0.47500 
<Band_DFT>  Eigen, time=0.735568
<Band_DFT>  DM, time=2.035004
    1   Sn  MulP   6.9999  6.9999 sum  13.9998
    2   Sn  MulP   7.0004  7.0004 sum  14.0007
    3   Sn  MulP   6.9999  6.9999 sum  13.9998
    4   Sn  MulP   6.9999  6.9999 sum  13.9997
 Sum of MulP: up   =    28.00000 down          =    28.00000
              total=    56.00000 ideal(neutral)=    56.00000
<DFT>  Total Spin Moment (muB) =  0.000000000000
<DFT>  Mixing_weight= 0.040000000000
<DFT>  Uele   =  -42.211612723022  dUele     =   0.000003161818
<DFT>  NormRD =    0.000772034168  Criterion =   0.000000100000

******************* MD=15  SCF= 4 *******************
<Poisson>  Poisson's equation using FFT...
<Set_Hamiltonian>  Hamiltonian matrix for VNA+dVH+Vxc...
<Band>  Solving the eigenvalue problem...
 KGrids1:  -0.45833  -0.37500  -0.29167  -0.20833  -0.12500  -0.04167   0.04167   0.12500   0.20833   0.29167   0.37500   0.45833 
 KGrids2:  -0.45833  -0.37500  -0.29167  -0.20833  -0.12500  -0.04167   0.04167   0.12500   0.20833   0.29167   0.37500   0.45833 
 KGrids3:  -0.47500  -0.42500  -0.37500  -0.32500  -0.27500  -0.22500  -0.17500  -0.12500  -0.07500  -0.02500   0.02500   0.07500   0.12500   0.17500   0.22500   0.27500   0.32500   0.37500   0.42500   0.47500 
<Band_DFT>  Eigen, time=0.737965
<Band_DFT>  DM, time=1.587508
    1   Sn  MulP   6.9999  6.9999 sum  13.9998
    2   Sn  MulP   7.0004  7.0004 sum  14.0008
    3   Sn  MulP   6.9999  6.9999 sum  13.9998
    4   Sn  MulP   6.9999  6.9999 sum  13.9997
 Sum of MulP: up   =    28.00000 down          =    28.00000
              total=    56.00000 ideal(neutral)=    56.00000
<DFT>  Total Spin Moment (muB) =  0.000000000000
<DFT>  Mixing_weight= 0.040000000000
<DFT>  Uele   =  -42.211616792540  dUele     =   0.000004069517
<DFT>  NormRD =    0.000084650485  Criterion =   0.000000100000

******************* MD=15  SCF= 5 *******************
<Poisson>  Poisson's equation using FFT...
<Set_Hamiltonian>  Hamiltonian matrix for VNA+dVH+Vxc...
<Band>  Solving the eigenvalue problem...
 KGrids1:  -0.45833  -0.37500  -0.29167  -0.20833  -0.12500  -0.04167   0.04167   0.12500   0.20833   0.29167   0.37500   0.45833 
 KGrids2:  -0.45833  -0.37500  -0.29167  -0.20833  -0.12500  -0.04167   0.04167   0.12500   0.20833   0.29167   0.37500   0.45833 
 KGrids3:  -0.47500  -0.42500  -0.37500  -0.32500  -0.27500  -0.22500  -0.17500  -0.12500  -0.07500  -0.02500   0.02500   0.07500   0.12500   0.17500   0.22500   0.27500   0.32500   0.37500   0.42500   0.47500 
<Band_DFT>  Eigen, time=0.518329
<Band_DFT>  DM, time=1.391392
    1   Sn  MulP   6.9999  6.9999 sum  13.9998
    2   Sn  MulP   7.0004  7.0004 sum  14.0008
    3   Sn  MulP   6.9999  6.9999 sum  13.9998
    4   Sn  MulP   6.9999  6.9999 sum  13.9997
 Sum of MulP: up   =    28.00000 down          =    28.00000
              total=    56.00000 ideal(neutral)=    56.00000
<DFT>  Total Spin Moment (muB) =  0.000000000000
<DFT>  Mixing_weight= 0.040000000000
<DFT>  Uele   =  -42.211616785845  dUele     =   0.000000006695
<DFT>  NormRD =    0.000071419176  Criterion =   0.000000100000
<MD=15>  Force calculation
  Force calculation #1
  Force calculation #2
  Force calculation #3
  Force calculation #4
  Force calculation #5
  Stress calculation #1
  Stress calculation #2
  Stress calculation #3
  Stress calculation #4
  Stress calculation #5
<MD=15>  Total Energy
  Force calculation #6
  Force calculation #7

*******************************************************
                  Dipole moment (Debye)                 
*******************************************************

 Absolute D      520.37382810

                      Dx                Dy                Dz
 Total           -362.13818851     -361.69941455      -93.90626663
 Core             401.43902567      402.38773249      325.80138841
 Electron        -763.57721419     -764.08714704     -419.70765504
 Back ground       -0.00000000       -0.00000000       -0.00000000

*******************************************************
               Stress tensor (Hartree/bohr^3)            
*******************************************************

      -0.00000055       -0.00000000        0.00000000 
      -0.00000000       -0.00000071        0.00000330 
       0.00000000        0.00000330        0.00000104 

*******************************************************
                Total Energy (Hartree) at MD =15        
*******************************************************

  Uele  =     -42.211616785845

  Ukin  =     203.438529792497
  UH0   =   -2703.963515898181
  UH1   =       0.004898319335
  Una   =    -149.420972462760
  Unl   =     -47.913229144009
  Uxc0  =     -25.237140694665
  Uxc1  =     -25.237140694665
  Ucore =    2464.171255140148
  Uhub  =       0.000000000000
  Ucs   =       0.000000000000
  Uzs   =       0.000000000000
  Uzo   =       0.000000000000
  Uef   =       0.000000000000
  UvdW  =       0.000000000000
  Uch   =       0.000000000000
  Utot  =    -284.157315642301

  UpV   =       0.000000000000
  Enpy  =    -284.157315642301
  Note:

  Uele:   band energy
  Ukin:   kinetic energy
  UH0:    electric part of screened Coulomb energy
  UH1:    difference electron-electron Coulomb energy
  Una:    neutral atom potential energy
  Unl:    non-local potential energy
  Uxc0:   exchange-correlation energy for alpha spin
  Uxc1:   exchange-correlation energy for beta spin
  Ucore:  core-core Coulomb energy
  Uhub:   LDA+U energy
  Ucs:    constraint energy for spin orientation
  Uzs:    Zeeman term for spin magnetic moment
  Uzo:    Zeeman term for orbital magnetic moment
  Uef:    electric energy by electric field
  UvdW:   semi-empirical vdW energy 
  Uch:    penalty term to create a core hole
  UpV:    pressure times volume
  Enpy:   Enthalpy = Utot + UpV
  (see also PRB 72, 045121(2005) for the energy contributions)


*******************************************************
           Computational times (s) at MD =15            
*******************************************************

  DFT in total      =   23.38070

  Set_OLP_Kin       =    0.70119
  Set_Nonlocal      =    1.21059
  Set_ProExpn_VNA   =    2.50571
  Set_Hamiltonian   =    1.09512
  Poisson           =    0.00091
  diagonalization   =   12.72309
  Mixing_DM         =    0.00389
  Force             =    2.32197
  Total_Energy      =    0.40410
  Set_Aden_Grid     =    0.00722
  Set_Orbitals_Grid =    0.09948
  Set_Density_Grid  =    0.44792
  RestartFileDFT    =    0.00320
  Mulliken_Charge   =    0.00090
  FFT(2D)_Density   =    0.00152

The SCF was achieved at MD=  15

*******************************************************
             MD or geometry opt. at MD =15              
*******************************************************

<BFGS>  |Maximum force| (Hartree/Bohr) = 0.000510322774
<BFGS>  Criterion       (Hartree/Bohr) = 0.000100000000

     atom=   1, XYZ(ang) Fxyz(a.u.)=   0.0000    0.0180    0.0045     0.0000    0.0005    0.0000
     atom=   2, XYZ(ang) Fxyz(a.u.)=   2.9849    3.0010    1.5885    -0.0000    0.0003   -0.0004
     atom=   3, XYZ(ang) Fxyz(a.u.)=   0.0000    2.9650    0.8542     0.0000   -0.0001   -0.0004
     atom=   4, XYZ(ang) Fxyz(a.u.)=   2.9849    0.0339    2.4187    -0.0000    0.0003   -0.0002

*******************************************************
        Analysis of neighbors and setting of grids        
*******************************************************


*******************************************************
  Allocation of atoms to processors at MD_iter=   16     
*******************************************************

 proc =   0  # of atoms=   1  estimated weight=         1.00000
 proc =   1  # of atoms=   1  estimated weight=         1.00000
 proc =   2  # of atoms=   1  estimated weight=         1.00000
 proc =   3  # of atoms=   1  estimated weight=         1.00000
 proc =   4  # of atoms=   0  estimated weight=         0.00000
 proc =   5  # of atoms=   0  estimated weight=         0.00000
 proc =   6  # of atoms=   0  estimated weight=         0.00000
 proc =   7  # of atoms=   0  estimated weight=         0.00000
 proc =   8  # of atoms=   0  estimated weight=         0.00000
 proc =   9  # of atoms=   0  estimated weight=         0.00000
 proc =  10  # of atoms=   0  estimated weight=         0.00000
 proc =  11  # of atoms=   0  estimated weight=         0.00000
 proc =  12  # of atoms=   0  estimated weight=         0.00000
 proc =  13  # of atoms=   0  estimated weight=         0.00000
 proc =  14  # of atoms=   0  estimated weight=         0.00000
 proc =  15  # of atoms=   0  estimated weight=         0.00000



TFNAN=     256   Average FNAN=  64.00000
TSNAN=       0   Average SNAN=   0.00000
<truncation> CpyCell= 3 ct_AN=   1 FNAN SNAN  64   0
<truncation> CpyCell= 3 ct_AN=   2 FNAN SNAN  64   0
<truncation> CpyCell= 3 ct_AN=   3 FNAN SNAN  64   0
<truncation> CpyCell= 3 ct_AN=   4 FNAN SNAN  64   0
<UCell_Box> Info. of cutoff energy and num. of grids
lattice vectors (bohr)
A  = 11.281295655248,  0.000000000000,  0.000000000000
B  =  0.000000000000, 11.281295655248,  0.028203239138
C  =  0.000000000000,  0.015204829790,  6.081931916162
reciprocal lattice vectors (bohr^-1)
RA =  0.556956000374,  0.000000000000,  0.000000000000
RB =  0.000000000000,  0.556959481370, -0.001392398703
RC =  0.000000000000, -0.002582742073,  1.033096829091
Required cutoff energy (Ryd) for 3D-grids = 200.0000
    Used cutoff energy (Ryd) for 3D-grids = 193.8750, 193.8786, 194.5146
Num. of grids of a-, b-, and c-axes = 50, 50, 27
Cell_Volume =    774.028233187484 (Bohr^3)
GridVol     =      0.011467084936 (Bohr^3)
Cell vectors (bohr) of the grid cell (gtv)
  gtv_a =  0.225625913105,  0.000000000000,  0.000000000000
  gtv_b =  0.000000000000,  0.225625913105,  0.000564064783
  gtv_c =  0.000000000000,  0.000563141844,  0.225256737636
  |gtv_a| =  0.225625913105
  |gtv_b| =  0.225626618185
  |gtv_c| =  0.225257441562
Num. of grids overlapping with atom    1 = 125240
Num. of grids overlapping with atom    2 = 125263
Num. of grids overlapping with atom    3 = 125235
Num. of grids overlapping with atom    4 = 125226

*******************************************************
             SCF calculation at MD =16                
*******************************************************

<MD=16>  Calculation of the overlap matrix
<MD=16>  Calculation of the nonlocal matrix
<MD=16>  Calculation of the VNA projector matrix

******************* MD=16  SCF= 1 *******************
<Restart>  Found restart files
<Poisson>  Poisson's equation using FFT...
<Band>  Solving the eigenvalue problem...
 KGrids1:  -0.45833  -0.37500  -0.29167  -0.20833  -0.12500  -0.04167   0.04167   0.12500   0.20833   0.29167   0.37500   0.45833 
 KGrids2:  -0.45833  -0.37500  -0.29167  -0.20833  -0.12500  -0.04167   0.04167   0.12500   0.20833   0.29167   0.37500   0.45833 
 KGrids3:  -0.47500  -0.42500  -0.37500  -0.32500  -0.27500  -0.22500  -0.17500  -0.12500  -0.07500  -0.02500   0.02500   0.07500   0.12500   0.17500   0.22500   0.27500   0.32500   0.37500   0.42500   0.47500 
<Band_DFT>  Eigen, time=0.771576
<Band_DFT>  DM, time=1.778593
    1   Sn  MulP   7.0002  7.0002 sum  14.0003
    2   Sn  MulP   7.0001  7.0001 sum  14.0003
    3   Sn  MulP   7.0005  7.0005 sum  14.0010
    4   Sn  MulP   6.9992  6.9992 sum  13.9983
 Sum of MulP: up   =    28.00000 down          =    28.00000
              total=    56.00000 ideal(neutral)=    56.00000
<DFT>  Total Spin Moment (muB) =  0.000000000000
<DFT>  Mixing_weight= 0.400000000000
<DFT>  Uele   =  -42.211369328484  dUele     =   1.000000000000
<DFT>  NormRD =    1.000000000000  Criterion =   0.000000100000

******************* MD=16  SCF= 2 *******************
<Poisson>  Poisson's equation using FFT...
<Set_Hamiltonian>  Hamiltonian matrix for VNA+dVH+Vxc...
<Band>  Solving the eigenvalue problem...
 KGrids1:  -0.45833  -0.37500  -0.29167  -0.20833  -0.12500  -0.04167   0.04167   0.12500   0.20833   0.29167   0.37500   0.45833 
 KGrids2:  -0.45833  -0.37500  -0.29167  -0.20833  -0.12500  -0.04167   0.04167   0.12500   0.20833   0.29167   0.37500   0.45833 
 KGrids3:  -0.47500  -0.42500  -0.37500  -0.32500  -0.27500  -0.22500  -0.17500  -0.12500  -0.07500  -0.02500   0.02500   0.07500   0.12500   0.17500   0.22500   0.27500   0.32500   0.37500   0.42500   0.47500 
<Band_DFT>  Eigen, time=0.746825
<Band_DFT>  DM, time=1.930820
    1   Sn  MulP   7.0001  7.0001 sum  14.0002
    2   Sn  MulP   7.0002  7.0002 sum  14.0004
    3   Sn  MulP   7.0003  7.0003 sum  14.0006
    4   Sn  MulP   6.9994  6.9994 sum  13.9988
 Sum of MulP: up   =    28.00000 down          =    28.00000
              total=    56.00000 ideal(neutral)=    56.00000
<DFT>  Total Spin Moment (muB) =  0.000000000000
<DFT>  Mixing_weight= 0.400000000000
<DFT>  Uele   =  -42.211761073757  dUele     =   0.000391745273
<DFT>  NormRD =    0.017001479374  Criterion =   0.000000100000

******************* MD=16  SCF= 3 *******************
<Poisson>  Poisson's equation using FFT...
<Set_Hamiltonian>  Hamiltonian matrix for VNA+dVH+Vxc...
<Band>  Solving the eigenvalue problem...
 KGrids1:  -0.45833  -0.37500  -0.29167  -0.20833  -0.12500  -0.04167   0.04167   0.12500   0.20833   0.29167   0.37500   0.45833 
 KGrids2:  -0.45833  -0.37500  -0.29167  -0.20833  -0.12500  -0.04167   0.04167   0.12500   0.20833   0.29167   0.37500   0.45833 
 KGrids3:  -0.47500  -0.42500  -0.37500  -0.32500  -0.27500  -0.22500  -0.17500  -0.12500  -0.07500  -0.02500   0.02500   0.07500   0.12500   0.17500   0.22500   0.27500   0.32500   0.37500   0.42500   0.47500 
<Band_DFT>  Eigen, time=0.740493
<Band_DFT>  DM, time=1.835428
    1   Sn  MulP   7.0001  7.0001 sum  14.0001
    2   Sn  MulP   7.0002  7.0002 sum  14.0004
    3   Sn  MulP   7.0002  7.0002 sum  14.0004
    4   Sn  MulP   6.9995  6.9995 sum  13.9991
 Sum of MulP: up   =    28.00000 down          =    28.00000
              total=    56.00000 ideal(neutral)=    56.00000
<DFT>  Total Spin Moment (muB) =  0.000000000000
<DFT>  Mixing_weight= 0.040000000000
<DFT>  Uele   =  -42.211997618316  dUele     =   0.000236544559
<DFT>  NormRD =    0.011486195787  Criterion =   0.000000100000

******************* MD=16  SCF= 4 *******************
<Poisson>  Poisson's equation using FFT...
<Set_Hamiltonian>  Hamiltonian matrix for VNA+dVH+Vxc...
<Band>  Solving the eigenvalue problem...
 KGrids1:  -0.45833  -0.37500  -0.29167  -0.20833  -0.12500  -0.04167   0.04167   0.12500   0.20833   0.29167   0.37500   0.45833 
 KGrids2:  -0.45833  -0.37500  -0.29167  -0.20833  -0.12500  -0.04167   0.04167   0.12500   0.20833   0.29167   0.37500   0.45833 
 KGrids3:  -0.47500  -0.42500  -0.37500  -0.32500  -0.27500  -0.22500  -0.17500  -0.12500  -0.07500  -0.02500   0.02500   0.07500   0.12500   0.17500   0.22500   0.27500   0.32500   0.37500   0.42500   0.47500 
<Band_DFT>  Eigen, time=0.744092
<Band_DFT>  DM, time=1.825863
    1   Sn  MulP   7.0000  7.0000 sum  14.0001
    2   Sn  MulP   7.0003  7.0003 sum  14.0005
    3   Sn  MulP   7.0000  7.0000 sum  14.0001
    4   Sn  MulP   6.9997  6.9997 sum  13.9994
 Sum of MulP: up   =    28.00000 down          =    28.00000
              total=    56.00000 ideal(neutral)=    56.00000
<DFT>  Total Spin Moment (muB) =  0.000000000000
<DFT>  Mixing_weight= 0.040000000000
<DFT>  Uele   =  -42.212420402348  dUele     =   0.000422784032
<DFT>  NormRD =    0.001001682045  Criterion =   0.000000100000

******************* MD=16  SCF= 5 *******************
<Poisson>  Poisson's equation using FFT...
<Set_Hamiltonian>  Hamiltonian matrix for VNA+dVH+Vxc...
<Band>  Solving the eigenvalue problem...
 KGrids1:  -0.45833  -0.37500  -0.29167  -0.20833  -0.12500  -0.04167   0.04167   0.12500   0.20833   0.29167   0.37500   0.45833 
 KGrids2:  -0.45833  -0.37500  -0.29167  -0.20833  -0.12500  -0.04167   0.04167   0.12500   0.20833   0.29167   0.37500   0.45833 
 KGrids3:  -0.47500  -0.42500  -0.37500  -0.32500  -0.27500  -0.22500  -0.17500  -0.12500  -0.07500  -0.02500   0.02500   0.07500   0.12500   0.17500   0.22500   0.27500   0.32500   0.37500   0.42500   0.47500 
<Band_DFT>  Eigen, time=0.784462
<Band_DFT>  DM, time=2.005486
    1   Sn  MulP   7.0000  7.0000 sum  14.0001
    2   Sn  MulP   7.0002  7.0002 sum  14.0005
    3   Sn  MulP   7.0001  7.0001 sum  14.0002
    4   Sn  MulP   6.9996  6.9996 sum  13.9992
 Sum of MulP: up   =    28.00000 down          =    28.00000
              total=    56.00000 ideal(neutral)=    56.00000
<DFT>  Total Spin Moment (muB) =  0.000000000000
<DFT>  Mixing_weight= 0.040000000000
<DFT>  Uele   =  -42.212374895505  dUele     =   0.000045506843
<DFT>  NormRD =    0.000443187480  Criterion =   0.000000100000

******************* MD=16  SCF= 6 *******************
<Poisson>  Poisson's equation using FFT...
<Set_Hamiltonian>  Hamiltonian matrix for VNA+dVH+Vxc...
<Band>  Solving the eigenvalue problem...
 KGrids1:  -0.45833  -0.37500  -0.29167  -0.20833  -0.12500  -0.04167   0.04167   0.12500   0.20833   0.29167   0.37500   0.45833 
 KGrids2:  -0.45833  -0.37500  -0.29167  -0.20833  -0.12500  -0.04167   0.04167   0.12500   0.20833   0.29167   0.37500   0.45833 
 KGrids3:  -0.47500  -0.42500  -0.37500  -0.32500  -0.27500  -0.22500  -0.17500  -0.12500  -0.07500  -0.02500   0.02500   0.07500   0.12500   0.17500   0.22500   0.27500   0.32500   0.37500   0.42500   0.47500 
<Band_DFT>  Eigen, time=0.753248
<Band_DFT>  DM, time=1.751990
    1   Sn  MulP   7.0000  7.0000 sum  14.0001
    2   Sn  MulP   7.0003  7.0003 sum  14.0005
    3   Sn  MulP   7.0000  7.0000 sum  13.9999
    4   Sn  MulP   6.9997  6.9997 sum  13.9995
 Sum of MulP: up   =    28.00000 down          =    28.00000
              total=    56.00000 ideal(neutral)=    56.00000
<DFT>  Total Spin Moment (muB) =  0.000000000000
<DFT>  Mixing_weight= 0.040000000000
<DFT>  Uele   =  -42.212380179179  dUele     =   0.000005283674
<DFT>  NormRD =    0.000503552160  Criterion =   0.000000100000

******************* MD=16  SCF= 7 *******************
<Poisson>  Poisson's equation using FFT...
<Set_Hamiltonian>  Hamiltonian matrix for VNA+dVH+Vxc...
<Band>  Solving the eigenvalue problem...
 KGrids1:  -0.45833  -0.37500  -0.29167  -0.20833  -0.12500  -0.04167   0.04167   0.12500   0.20833   0.29167   0.37500   0.45833 
 KGrids2:  -0.45833  -0.37500  -0.29167  -0.20833  -0.12500  -0.04167   0.04167   0.12500   0.20833   0.29167   0.37500   0.45833 
 KGrids3:  -0.47500  -0.42500  -0.37500  -0.32500  -0.27500  -0.22500  -0.17500  -0.12500  -0.07500  -0.02500   0.02500   0.07500   0.12500   0.17500   0.22500   0.27500   0.32500   0.37500   0.42500   0.47500 
<Band_DFT>  Eigen, time=0.513635
<Band_DFT>  DM, time=1.595204
    1   Sn  MulP   7.0000  7.0000 sum  14.0001
    2   Sn  MulP   7.0003  7.0003 sum  14.0005
    3   Sn  MulP   7.0001  7.0001 sum  14.0001
    4   Sn  MulP   6.9996  6.9996 sum  13.9993
 Sum of MulP: up   =    28.00000 down          =    28.00000
              total=    56.00000 ideal(neutral)=    56.00000
<DFT>  Total Spin Moment (muB) =  0.000000000000
<DFT>  Mixing_weight= 0.040000000000
<DFT>  Uele   =  -42.212383057273  dUele     =   0.000002878095
<DFT>  NormRD =    0.000077541348  Criterion =   0.000000100000

******************* MD=16  SCF= 8 *******************
<Poisson>  Poisson's equation using FFT...
<Set_Hamiltonian>  Hamiltonian matrix for VNA+dVH+Vxc...
<Band>  Solving the eigenvalue problem...
 KGrids1:  -0.45833  -0.37500  -0.29167  -0.20833  -0.12500  -0.04167   0.04167   0.12500   0.20833   0.29167   0.37500   0.45833 
 KGrids2:  -0.45833  -0.37500  -0.29167  -0.20833  -0.12500  -0.04167   0.04167   0.12500   0.20833   0.29167   0.37500   0.45833 
 KGrids3:  -0.47500  -0.42500  -0.37500  -0.32500  -0.27500  -0.22500  -0.17500  -0.12500  -0.07500  -0.02500   0.02500   0.07500   0.12500   0.17500   0.22500   0.27500   0.32500   0.37500   0.42500   0.47500 
<Band_DFT>  Eigen, time=0.609644
<Band_DFT>  DM, time=1.925777
    1   Sn  MulP   7.0000  7.0000 sum  14.0001
    2   Sn  MulP   7.0002  7.0002 sum  14.0005
    3   Sn  MulP   7.0001  7.0001 sum  14.0001
    4   Sn  MulP   6.9997  6.9997 sum  13.9993
 Sum of MulP: up   =    28.00000 down          =    28.00000
              total=    56.00000 ideal(neutral)=    56.00000
<DFT>  Total Spin Moment (muB) =  0.000000000000
<DFT>  Mixing_weight= 0.040000000000
<DFT>  Uele   =  -42.212383986038  dUele     =   0.000000928765
<DFT>  NormRD =    0.000029565386  Criterion =   0.000000100000

******************* MD=16  SCF= 9 *******************
<Poisson>  Poisson's equation using FFT...
<Set_Hamiltonian>  Hamiltonian matrix for VNA+dVH+Vxc...
<Band>  Solving the eigenvalue problem...
 KGrids1:  -0.45833  -0.37500  -0.29167  -0.20833  -0.12500  -0.04167   0.04167   0.12500   0.20833   0.29167   0.37500   0.45833 
 KGrids2:  -0.45833  -0.37500  -0.29167  -0.20833  -0.12500  -0.04167   0.04167   0.12500   0.20833   0.29167   0.37500   0.45833 
 KGrids3:  -0.47500  -0.42500  -0.37500  -0.32500  -0.27500  -0.22500  -0.17500  -0.12500  -0.07500  -0.02500   0.02500   0.07500   0.12500   0.17500   0.22500   0.27500   0.32500   0.37500   0.42500   0.47500 
<Band_DFT>  Eigen, time=0.663443
<Band_DFT>  DM, time=1.932140
    1   Sn  MulP   7.0000  7.0000 sum  14.0001
    2   Sn  MulP   7.0003  7.0003 sum  14.0005
    3   Sn  MulP   7.0001  7.0001 sum  14.0001
    4   Sn  MulP   6.9997  6.9997 sum  13.9993
 Sum of MulP: up   =    28.00000 down          =    28.00000
              total=    56.00000 ideal(neutral)=    56.00000
<DFT>  Total Spin Moment (muB) =  0.000000000000
<DFT>  Mixing_weight= 0.040000000000
<DFT>  Uele   =  -42.212383941251  dUele     =   0.000000044786
<DFT>  NormRD =    0.000007866194  Criterion =   0.000000100000
<MD=16>  Force calculation
  Force calculation #1
  Force calculation #2
  Force calculation #3
  Force calculation #4
  Force calculation #5
  Stress calculation #1
  Stress calculation #2
  Stress calculation #3
  Stress calculation #4
  Stress calculation #5
<MD=16>  Total Energy
  Force calculation #6
  Force calculation #7

*******************************************************
                  Dipole moment (Debye)                 
*******************************************************

 Absolute D      510.14550954

                      Dx                Dy                Dz
 Total           -362.13182782     -347.34611599      -91.97638765
 Core             401.44061754      404.67126632      327.20799927
 Electron        -763.57244536     -752.01738231     -419.18438693
 Back ground       -0.00000000       -0.00000000       -0.00000000

*******************************************************
               Stress tensor (Hartree/bohr^3)            
*******************************************************

      -0.00000877       -0.00000000        0.00000000 
      -0.00000000        0.00000640        0.00000173 
       0.00000000        0.00000173       -0.00000162 

*******************************************************
                Total Energy (Hartree) at MD =16        
*******************************************************

  Uele  =     -42.212383941251

  Ukin  =     203.437987265437
  UH0   =   -2703.956760444899
  UH1   =       0.004902225246
  Una   =    -149.421655521885
  Unl   =     -47.912400626839
  Uxc0  =     -25.237181661010
  Uxc1  =     -25.237181661010
  Ucore =    2464.165180901069
  Uhub  =       0.000000000000
  Ucs   =       0.000000000000
  Uzs   =       0.000000000000
  Uzo   =       0.000000000000
  Uef   =       0.000000000000
  UvdW  =       0.000000000000
  Uch   =       0.000000000000
  Utot  =    -284.157109523891

  UpV   =       0.000000000000
  Enpy  =    -284.157109523891
  Note:

  Uele:   band energy
  Ukin:   kinetic energy
  UH0:    electric part of screened Coulomb energy
  UH1:    difference electron-electron Coulomb energy
  Una:    neutral atom potential energy
  Unl:    non-local potential energy
  Uxc0:   exchange-correlation energy for alpha spin
  Uxc1:   exchange-correlation energy for beta spin
  Ucore:  core-core Coulomb energy
  Uhub:   LDA+U energy
  Ucs:    constraint energy for spin orientation
  Uzs:    Zeeman term for spin magnetic moment
  Uzo:    Zeeman term for orbital magnetic moment
  Uef:    electric energy by electric field
  UvdW:   semi-empirical vdW energy 
  Uch:    penalty term to create a core hole
  UpV:    pressure times volume
  Enpy:   Enthalpy = Utot + UpV
  (see also PRB 72, 045121(2005) for the energy contributions)


*******************************************************
           Computational times (s) at MD =16            
*******************************************************

  DFT in total      =   35.86667

  Set_OLP_Kin       =    0.95092
  Set_Nonlocal      =    1.17510
  Set_ProExpn_VNA   =    3.12197
  Set_Hamiltonian   =    1.97465
  Poisson           =    0.00171
  diagonalization   =   23.43726
  Mixing_DM         =    0.00687
  Force             =    2.09615
  Total_Energy      =    0.40516
  Set_Aden_Grid     =    0.00739
  Set_Orbitals_Grid =    0.12780
  Set_Density_Grid  =    0.74980
  RestartFileDFT    =    0.00284
  Mulliken_Charge   =    0.00132
  FFT(2D)_Density   =    0.00235

The SCF was achieved at MD=  16

*******************************************************
             MD or geometry opt. at MD =16              
*******************************************************

<BFGS>  |Maximum force| (Hartree/Bohr) = 0.003193433972
<BFGS>  Criterion       (Hartree/Bohr) = 0.000100000000

     atom=   1, XYZ(ang) Fxyz(a.u.)=  -0.0000   -0.0008   -0.0002     0.0000    0.0030    0.0002
     atom=   2, XYZ(ang) Fxyz(a.u.)=   2.9849    2.9890    1.6219    -0.0000   -0.0006    0.0001
     atom=   3, XYZ(ang) Fxyz(a.u.)=  -0.0000    2.9882    0.8308     0.0000   -0.0032    0.0008
     atom=   4, XYZ(ang) Fxyz(a.u.)=   2.9849    0.0005    2.3903     0.0000    0.0022    0.0016

*******************************************************
        Analysis of neighbors and setting of grids        
*******************************************************


*******************************************************
  Allocation of atoms to processors at MD_iter=   17     
*******************************************************

 proc =   0  # of atoms=   1  estimated weight=         1.00000
 proc =   1  # of atoms=   1  estimated weight=         1.00000
 proc =   2  # of atoms=   1  estimated weight=         1.00000
 proc =   3  # of atoms=   1  estimated weight=         1.00000
 proc =   4  # of atoms=   0  estimated weight=         0.00000
 proc =   5  # of atoms=   0  estimated weight=         0.00000
 proc =   6  # of atoms=   0  estimated weight=         0.00000
 proc =   7  # of atoms=   0  estimated weight=         0.00000
 proc =   8  # of atoms=   0  estimated weight=         0.00000
 proc =   9  # of atoms=   0  estimated weight=         0.00000
 proc =  10  # of atoms=   0  estimated weight=         0.00000
 proc =  11  # of atoms=   0  estimated weight=         0.00000
 proc =  12  # of atoms=   0  estimated weight=         0.00000
 proc =  13  # of atoms=   0  estimated weight=         0.00000
 proc =  14  # of atoms=   0  estimated weight=         0.00000
 proc =  15  # of atoms=   0  estimated weight=         0.00000



TFNAN=     256   Average FNAN=  64.00000
TSNAN=       0   Average SNAN=   0.00000
<truncation> CpyCell= 3 ct_AN=   1 FNAN SNAN  64   0
<truncation> CpyCell= 3 ct_AN=   2 FNAN SNAN  64   0
<truncation> CpyCell= 3 ct_AN=   3 FNAN SNAN  64   0
<truncation> CpyCell= 3 ct_AN=   4 FNAN SNAN  64   0
<UCell_Box> Info. of cutoff energy and num. of grids
lattice vectors (bohr)
A  = 11.281295655248,  0.000000000000,  0.000000000000
B  =  0.000000000000, 11.281295655248,  0.028203239138
C  =  0.000000000000,  0.015204829790,  6.081931916162
reciprocal lattice vectors (bohr^-1)
RA =  0.556956000374,  0.000000000000,  0.000000000000
RB =  0.000000000000,  0.556959481370, -0.001392398703
RC =  0.000000000000, -0.002582742073,  1.033096829091
Required cutoff energy (Ryd) for 3D-grids = 200.0000
    Used cutoff energy (Ryd) for 3D-grids = 193.8750, 193.8786, 194.5146
Num. of grids of a-, b-, and c-axes = 50, 50, 27
Cell_Volume =    774.028233187484 (Bohr^3)
GridVol     =      0.011467084936 (Bohr^3)
Cell vectors (bohr) of the grid cell (gtv)
  gtv_a =  0.225625913105,  0.000000000000,  0.000000000000
  gtv_b =  0.000000000000,  0.225625913105,  0.000564064783
  gtv_c =  0.000000000000,  0.000563141844,  0.225256737636
  |gtv_a| =  0.225625913105
  |gtv_b| =  0.225626618185
  |gtv_c| =  0.225257441562
Num. of grids overlapping with atom    1 = 125067
Num. of grids overlapping with atom    2 = 125315
Num. of grids overlapping with atom    3 = 125132
Num. of grids overlapping with atom    4 = 125070

*******************************************************
             SCF calculation at MD =17                
*******************************************************

<MD=17>  Calculation of the overlap matrix
<MD=17>  Calculation of the nonlocal matrix
<MD=17>  Calculation of the VNA projector matrix

******************* MD=17  SCF= 1 *******************
<Restart>  Found restart files
<Poisson>  Poisson's equation using FFT...
<Band>  Solving the eigenvalue problem...
 KGrids1:  -0.45833  -0.37500  -0.29167  -0.20833  -0.12500  -0.04167   0.04167   0.12500   0.20833   0.29167   0.37500   0.45833 
 KGrids2:  -0.45833  -0.37500  -0.29167  -0.20833  -0.12500  -0.04167   0.04167   0.12500   0.20833   0.29167   0.37500   0.45833 
 KGrids3:  -0.47500  -0.42500  -0.37500  -0.32500  -0.27500  -0.22500  -0.17500  -0.12500  -0.07500  -0.02500   0.02500   0.07500   0.12500   0.17500   0.22500   0.27500   0.32500   0.37500   0.42500   0.47500 
<Band_DFT>  Eigen, time=0.745623
<Band_DFT>  DM, time=1.824852
    1   Sn  MulP   6.9999  6.9999 sum  13.9998
    2   Sn  MulP   7.0004  7.0004 sum  14.0008
    3   Sn  MulP   6.9999  6.9999 sum  13.9997
    4   Sn  MulP   6.9999  6.9999 sum  13.9997
 Sum of MulP: up   =    28.00000 down          =    28.00000
              total=    56.00000 ideal(neutral)=    56.00000
<DFT>  Total Spin Moment (muB) =  0.000000000000
<DFT>  Mixing_weight= 0.400000000000
<DFT>  Uele   =  -42.211654259239  dUele     =   1.000000000000
<DFT>  NormRD =    1.000000000000  Criterion =   0.000000100000

******************* MD=17  SCF= 2 *******************
<Poisson>  Poisson's equation using FFT...
<Set_Hamiltonian>  Hamiltonian matrix for VNA+dVH+Vxc...
<Band>  Solving the eigenvalue problem...
 KGrids1:  -0.45833  -0.37500  -0.29167  -0.20833  -0.12500  -0.04167   0.04167   0.12500   0.20833   0.29167   0.37500   0.45833 
 KGrids2:  -0.45833  -0.37500  -0.29167  -0.20833  -0.12500  -0.04167   0.04167   0.12500   0.20833   0.29167   0.37500   0.45833 
 KGrids3:  -0.47500  -0.42500  -0.37500  -0.32500  -0.27500  -0.22500  -0.17500  -0.12500  -0.07500  -0.02500   0.02500   0.07500   0.12500   0.17500   0.22500   0.27500   0.32500   0.37500   0.42500   0.47500 
<Band_DFT>  Eigen, time=0.735968
<Band_DFT>  DM, time=1.822059
    1   Sn  MulP   6.9999  6.9999 sum  13.9998
    2   Sn  MulP   7.0004  7.0004 sum  14.0008
    3   Sn  MulP   6.9998  6.9998 sum  13.9997
    4   Sn  MulP   6.9999  6.9999 sum  13.9997
 Sum of MulP: up   =    28.00000 down          =    28.00000
              total=    56.00000 ideal(neutral)=    56.00000
<DFT>  Total Spin Moment (muB) =  0.000000000000
<DFT>  Mixing_weight= 0.400000000000
<DFT>  Uele   =  -42.211642375456  dUele     =   0.000011883783
<DFT>  NormRD =    0.000164642911  Criterion =   0.000000100000

******************* MD=17  SCF= 3 *******************
<Poisson>  Poisson's equation using FFT...
<Set_Hamiltonian>  Hamiltonian matrix for VNA+dVH+Vxc...
<Band>  Solving the eigenvalue problem...
 KGrids1:  -0.45833  -0.37500  -0.29167  -0.20833  -0.12500  -0.04167   0.04167   0.12500   0.20833   0.29167   0.37500   0.45833 
 KGrids2:  -0.45833  -0.37500  -0.29167  -0.20833  -0.12500  -0.04167   0.04167   0.12500   0.20833   0.29167   0.37500   0.45833 
 KGrids3:  -0.47500  -0.42500  -0.37500  -0.32500  -0.27500  -0.22500  -0.17500  -0.12500  -0.07500  -0.02500   0.02500   0.07500   0.12500   0.17500   0.22500   0.27500   0.32500   0.37500   0.42500   0.47500 
<Band_DFT>  Eigen, time=0.780752
<Band_DFT>  DM, time=1.780357
    1   Sn  MulP   6.9999  6.9999 sum  13.9998
    2   Sn  MulP   7.0004  7.0004 sum  14.0008
    3   Sn  MulP   6.9998  6.9998 sum  13.9997
    4   Sn  MulP   6.9999  6.9999 sum  13.9997
 Sum of MulP: up   =    28.00000 down          =    28.00000
              total=    56.00000 ideal(neutral)=    56.00000
<DFT>  Total Spin Moment (muB) =  0.000000000000
<DFT>  Mixing_weight= 0.040000000000
<DFT>  Uele   =  -42.211634695394  dUele     =   0.000007680062
<DFT>  NormRD =    0.000110860213  Criterion =   0.000000100000

******************* MD=17  SCF= 4 *******************
<Poisson>  Poisson's equation using FFT...
<Set_Hamiltonian>  Hamiltonian matrix for VNA+dVH+Vxc...
<Band>  Solving the eigenvalue problem...
 KGrids1:  -0.45833  -0.37500  -0.29167  -0.20833  -0.12500  -0.04167   0.04167   0.12500   0.20833   0.29167   0.37500   0.45833 
 KGrids2:  -0.45833  -0.37500  -0.29167  -0.20833  -0.12500  -0.04167   0.04167   0.12500   0.20833   0.29167   0.37500   0.45833 
 KGrids3:  -0.47500  -0.42500  -0.37500  -0.32500  -0.27500  -0.22500  -0.17500  -0.12500  -0.07500  -0.02500   0.02500   0.07500   0.12500   0.17500   0.22500   0.27500   0.32500   0.37500   0.42500   0.47500 
<Band_DFT>  Eigen, time=0.737551
<Band_DFT>  DM, time=1.819234
    1   Sn  MulP   6.9999  6.9999 sum  13.9998
    2   Sn  MulP   7.0004  7.0004 sum  14.0008
    3   Sn  MulP   6.9998  6.9998 sum  13.9997
    4   Sn  MulP   6.9999  6.9999 sum  13.9997
 Sum of MulP: up   =    28.00000 down          =    28.00000
              total=    56.00000 ideal(neutral)=    56.00000
<DFT>  Total Spin Moment (muB) =  0.000000000000
<DFT>  Mixing_weight= 0.040000000000
<DFT>  Uele   =  -42.211617182565  dUele     =   0.000017512829
<DFT>  NormRD =    0.000012712266  Criterion =   0.000000100000

******************* MD=17  SCF= 5 *******************
<Poisson>  Poisson's equation using FFT...
<Set_Hamiltonian>  Hamiltonian matrix for VNA+dVH+Vxc...
<Band>  Solving the eigenvalue problem...
 KGrids1:  -0.45833  -0.37500  -0.29167  -0.20833  -0.12500  -0.04167   0.04167   0.12500   0.20833   0.29167   0.37500   0.45833 
 KGrids2:  -0.45833  -0.37500  -0.29167  -0.20833  -0.12500  -0.04167   0.04167   0.12500   0.20833   0.29167   0.37500   0.45833 
 KGrids3:  -0.47500  -0.42500  -0.37500  -0.32500  -0.27500  -0.22500  -0.17500  -0.12500  -0.07500  -0.02500   0.02500   0.07500   0.12500   0.17500   0.22500   0.27500   0.32500   0.37500   0.42500   0.47500 
<Band_DFT>  Eigen, time=0.742627
<Band_DFT>  DM, time=2.039221
    1   Sn  MulP   6.9999  6.9999 sum  13.9998
    2   Sn  MulP   7.0004  7.0004 sum  14.0008
    3   Sn  MulP   6.9998  6.9998 sum  13.9997
    4   Sn  MulP   6.9999  6.9999 sum  13.9997
 Sum of MulP: up   =    28.00000 down          =    28.00000
              total=    56.00000 ideal(neutral)=    56.00000
<DFT>  Total Spin Moment (muB) =  0.000000000000
<DFT>  Mixing_weight= 0.040000000000
<DFT>  Uele   =  -42.211619315822  dUele     =   0.000002133257
<DFT>  NormRD =    0.000013829913  Criterion =   0.000000100000

******************* MD=17  SCF= 6 *******************
<Poisson>  Poisson's equation using FFT...
<Set_Hamiltonian>  Hamiltonian matrix for VNA+dVH+Vxc...
<Band>  Solving the eigenvalue problem...
 KGrids1:  -0.45833  -0.37500  -0.29167  -0.20833  -0.12500  -0.04167   0.04167   0.12500   0.20833   0.29167   0.37500   0.45833 
 KGrids2:  -0.45833  -0.37500  -0.29167  -0.20833  -0.12500  -0.04167   0.04167   0.12500   0.20833   0.29167   0.37500   0.45833 
 KGrids3:  -0.47500  -0.42500  -0.37500  -0.32500  -0.27500  -0.22500  -0.17500  -0.12500  -0.07500  -0.02500   0.02500   0.07500   0.12500   0.17500   0.22500   0.27500   0.32500   0.37500   0.42500   0.47500 
<Band_DFT>  Eigen, time=0.743441
<Band_DFT>  DM, time=2.040770
    1   Sn  MulP   6.9999  6.9999 sum  13.9998
    2   Sn  MulP   7.0004  7.0004 sum  14.0008
    3   Sn  MulP   6.9998  6.9998 sum  13.9997
    4   Sn  MulP   6.9999  6.9999 sum  13.9997
 Sum of MulP: up   =    28.00000 down          =    28.00000
              total=    56.00000 ideal(neutral)=    56.00000
<DFT>  Total Spin Moment (muB) =  0.000000000000
<DFT>  Mixing_weight= 0.040000000000
<DFT>  Uele   =  -42.211619446122  dUele     =   0.000000130299
<DFT>  NormRD =    0.000003861558  Criterion =   0.000000100000

******************* MD=17  SCF= 7 *******************
<Poisson>  Poisson's equation using FFT...
<Set_Hamiltonian>  Hamiltonian matrix for VNA+dVH+Vxc...
<Band>  Solving the eigenvalue problem...
 KGrids1:  -0.45833  -0.37500  -0.29167  -0.20833  -0.12500  -0.04167   0.04167   0.12500   0.20833   0.29167   0.37500   0.45833 
 KGrids2:  -0.45833  -0.37500  -0.29167  -0.20833  -0.12500  -0.04167   0.04167   0.12500   0.20833   0.29167   0.37500   0.45833 
 KGrids3:  -0.47500  -0.42500  -0.37500  -0.32500  -0.27500  -0.22500  -0.17500  -0.12500  -0.07500  -0.02500   0.02500   0.07500   0.12500   0.17500   0.22500   0.27500   0.32500   0.37500   0.42500   0.47500 
<Band_DFT>  Eigen, time=0.709621
<Band_DFT>  DM, time=1.395647
    1   Sn  MulP   6.9999  6.9999 sum  13.9998
    2   Sn  MulP   7.0004  7.0004 sum  14.0008
    3   Sn  MulP   6.9998  6.9998 sum  13.9997
    4   Sn  MulP   6.9999  6.9999 sum  13.9997
 Sum of MulP: up   =    28.00000 down          =    28.00000
              total=    56.00000 ideal(neutral)=    56.00000
<DFT>  Total Spin Moment (muB) =  0.000000000000
<DFT>  Mixing_weight= 0.040000000000
<DFT>  Uele   =  -42.211619211135  dUele     =   0.000000234987
<DFT>  NormRD =    0.000002145634  Criterion =   0.000000100000

******************* MD=17  SCF= 8 *******************
<Poisson>  Poisson's equation using FFT...
<Set_Hamiltonian>  Hamiltonian matrix for VNA+dVH+Vxc...
<Band>  Solving the eigenvalue problem...
 KGrids1:  -0.45833  -0.37500  -0.29167  -0.20833  -0.12500  -0.04167   0.04167   0.12500   0.20833   0.29167   0.37500   0.45833 
 KGrids2:  -0.45833  -0.37500  -0.29167  -0.20833  -0.12500  -0.04167   0.04167   0.12500   0.20833   0.29167   0.37500   0.45833 
 KGrids3:  -0.47500  -0.42500  -0.37500  -0.32500  -0.27500  -0.22500  -0.17500  -0.12500  -0.07500  -0.02500   0.02500   0.07500   0.12500   0.17500   0.22500   0.27500   0.32500   0.37500   0.42500   0.47500 
<Band_DFT>  Eigen, time=0.517559
<Band_DFT>  DM, time=1.389916
    1   Sn  MulP   6.9999  6.9999 sum  13.9998
    2   Sn  MulP   7.0004  7.0004 sum  14.0008
    3   Sn  MulP   6.9998  6.9998 sum  13.9997
    4   Sn  MulP   6.9999  6.9999 sum  13.9997
 Sum of MulP: up   =    28.00000 down          =    28.00000
              total=    56.00000 ideal(neutral)=    56.00000
<DFT>  Total Spin Moment (muB) =  0.000000000000
<DFT>  Mixing_weight= 0.040000000000
<DFT>  Uele   =  -42.211619151228  dUele     =   0.000000059906
<DFT>  NormRD =    0.000000347767  Criterion =   0.000000100000
<MD=17>  Force calculation
  Force calculation #1
  Force calculation #2
  Force calculation #3
  Force calculation #4
  Force calculation #5
  Stress calculation #1
  Stress calculation #2
  Stress calculation #3
  Stress calculation #4
  Stress calculation #5
<MD=17>  Total Energy
  Force calculation #6
  Force calculation #7

*******************************************************
                  Dipole moment (Debye)                 
*******************************************************

 Absolute D      522.32643874

                      Dx                Dy                Dz
 Total           -362.13960175     -364.42354076      -94.20881270
 Core             401.43872062      401.91723269      325.65290494
 Electron        -763.57832236     -766.34077345     -419.86171764
 Back ground       -0.00000000       -0.00000000       -0.00000000

*******************************************************
               Stress tensor (Hartree/bohr^3)            
*******************************************************

       0.00000055       -0.00000000        0.00000000 
      -0.00000000       -0.00000219        0.00000299 
       0.00000000        0.00000299       -0.00000006 

*******************************************************
                Total Energy (Hartree) at MD =17        
*******************************************************

  Uele  =     -42.211619151228

  Ukin  =     203.438603455539
  UH0   =   -2703.962562836465
  UH1   =       0.004898156229
  Una   =    -149.421024003529
  Unl   =     -47.913256044829
  Uxc0  =     -25.237147158251
  Uxc1  =     -25.237147158251
  Ucore =    2464.170317412774
  Uhub  =       0.000000000000
  Ucs   =       0.000000000000
  Uzs   =       0.000000000000
  Uzo   =       0.000000000000
  Uef   =       0.000000000000
  UvdW  =       0.000000000000
  Uch   =       0.000000000000
  Utot  =    -284.157318176781

  UpV   =       0.000000000000
  Enpy  =    -284.157318176781
  Note:

  Uele:   band energy
  Ukin:   kinetic energy
  UH0:    electric part of screened Coulomb energy
  UH1:    difference electron-electron Coulomb energy
  Una:    neutral atom potential energy
  Unl:    non-local potential energy
  Uxc0:   exchange-correlation energy for alpha spin
  Uxc1:   exchange-correlation energy for beta spin
  Ucore:  core-core Coulomb energy
  Uhub:   LDA+U energy
  Ucs:    constraint energy for spin orientation
  Uzs:    Zeeman term for spin magnetic moment
  Uzo:    Zeeman term for orbital magnetic moment
  Uef:    electric energy by electric field
  UvdW:   semi-empirical vdW energy 
  Uch:    penalty term to create a core hole
  UpV:    pressure times volume
  Enpy:   Enthalpy = Utot + UpV
  (see also PRB 72, 045121(2005) for the energy contributions)


*******************************************************
           Computational times (s) at MD =17            
*******************************************************

  DFT in total      =   32.40087

  Set_OLP_Kin       =    0.69636
  Set_Nonlocal      =    1.39896
  Set_ProExpn_VNA   =    2.68149
  Set_Hamiltonian   =    1.95942
  Poisson           =    0.00142
  diagonalization   =   20.26108
  Mixing_DM         =    0.00573
  Force             =    2.00255
  Total_Energy      =    0.37461
  Set_Aden_Grid     =    0.16905
  Set_Orbitals_Grid =    0.09863
  Set_Density_Grid  =    0.69916
  RestartFileDFT    =    0.03554
  Mulliken_Charge   =    0.00119
  FFT(2D)_Density   =    0.00208

The SCF was achieved at MD=  17

*******************************************************
             MD or geometry opt. at MD =17              
*******************************************************

<BFGS>  |Maximum force| (Hartree/Bohr) = 0.000550165676
<BFGS>  Criterion       (Hartree/Bohr) = 0.000100000000

     atom=   1, XYZ(ang) Fxyz(a.u.)=   0.0000    0.0010    0.0002    -0.0000   -0.0004   -0.0000
     atom=   2, XYZ(ang) Fxyz(a.u.)=   2.9849    2.9901    1.6187     0.0000    0.0001    0.0002
     atom=   3, XYZ(ang) Fxyz(a.u.)=  -0.0000    2.9861    0.8327    -0.0000    0.0002    0.0001
     atom=   4, XYZ(ang) Fxyz(a.u.)=   2.9849    0.0037    2.3930    -0.0000   -0.0006    0.0001

*******************************************************
        Analysis of neighbors and setting of grids        
*******************************************************


*******************************************************
  Allocation of atoms to processors at MD_iter=   18     
*******************************************************

 proc =   0  # of atoms=   1  estimated weight=         1.00000
 proc =   1  # of atoms=   1  estimated weight=         1.00000
 proc =   2  # of atoms=   1  estimated weight=         1.00000
 proc =   3  # of atoms=   1  estimated weight=         1.00000
 proc =   4  # of atoms=   0  estimated weight=         0.00000
 proc =   5  # of atoms=   0  estimated weight=         0.00000
 proc =   6  # of atoms=   0  estimated weight=         0.00000
 proc =   7  # of atoms=   0  estimated weight=         0.00000
 proc =   8  # of atoms=   0  estimated weight=         0.00000
 proc =   9  # of atoms=   0  estimated weight=         0.00000
 proc =  10  # of atoms=   0  estimated weight=         0.00000
 proc =  11  # of atoms=   0  estimated weight=         0.00000
 proc =  12  # of atoms=   0  estimated weight=         0.00000
 proc =  13  # of atoms=   0  estimated weight=         0.00000
 proc =  14  # of atoms=   0  estimated weight=         0.00000
 proc =  15  # of atoms=   0  estimated weight=         0.00000



TFNAN=     256   Average FNAN=  64.00000
TSNAN=       0   Average SNAN=   0.00000
<truncation> CpyCell= 3 ct_AN=   1 FNAN SNAN  64   0
<truncation> CpyCell= 3 ct_AN=   2 FNAN SNAN  64   0
<truncation> CpyCell= 3 ct_AN=   3 FNAN SNAN  64   0
<truncation> CpyCell= 3 ct_AN=   4 FNAN SNAN  64   0
<UCell_Box> Info. of cutoff energy and num. of grids
lattice vectors (bohr)
A  = 11.281295655248,  0.000000000000,  0.000000000000
B  =  0.000000000000, 11.281295655248,  0.028203239138
C  =  0.000000000000,  0.015204829790,  6.081931916162
reciprocal lattice vectors (bohr^-1)
RA =  0.556956000374,  0.000000000000,  0.000000000000
RB =  0.000000000000,  0.556959481370, -0.001392398703
RC =  0.000000000000, -0.002582742073,  1.033096829091
Required cutoff energy (Ryd) for 3D-grids = 200.0000
    Used cutoff energy (Ryd) for 3D-grids = 193.8750, 193.8786, 194.5146
Num. of grids of a-, b-, and c-axes = 50, 50, 27
Cell_Volume =    774.028233187484 (Bohr^3)
GridVol     =      0.011467084936 (Bohr^3)
Cell vectors (bohr) of the grid cell (gtv)
  gtv_a =  0.225625913105,  0.000000000000,  0.000000000000
  gtv_b =  0.000000000000,  0.225625913105,  0.000564064783
  gtv_c =  0.000000000000,  0.000563141844,  0.225256737636
  |gtv_a| =  0.225625913105
  |gtv_b| =  0.225626618185
  |gtv_c| =  0.225257441562
Num. of grids overlapping with atom    1 = 125066
Num. of grids overlapping with atom    2 = 125303
Num. of grids overlapping with atom    3 = 125136
Num. of grids overlapping with atom    4 = 125107

*******************************************************
             SCF calculation at MD =18                
*******************************************************

<MD=18>  Calculation of the overlap matrix
<MD=18>  Calculation of the nonlocal matrix
<MD=18>  Calculation of the VNA projector matrix

******************* MD=18  SCF= 1 *******************
<Restart>  Found restart files
<Poisson>  Poisson's equation using FFT...
<Band>  Solving the eigenvalue problem...
 KGrids1:  -0.45833  -0.37500  -0.29167  -0.20833  -0.12500  -0.04167   0.04167   0.12500   0.20833   0.29167   0.37500   0.45833 
 KGrids2:  -0.45833  -0.37500  -0.29167  -0.20833  -0.12500  -0.04167   0.04167   0.12500   0.20833   0.29167   0.37500   0.45833 
 KGrids3:  -0.47500  -0.42500  -0.37500  -0.32500  -0.27500  -0.22500  -0.17500  -0.12500  -0.07500  -0.02500   0.02500   0.07500   0.12500   0.17500   0.22500   0.27500   0.32500   0.37500   0.42500   0.47500 
<Band_DFT>  Eigen, time=0.737431
<Band_DFT>  DM, time=1.830953
    1   Sn  MulP   6.9999  6.9999 sum  13.9998
    2   Sn  MulP   7.0004  7.0004 sum  14.0008
    3   Sn  MulP   6.9999  6.9999 sum  13.9997
    4   Sn  MulP   6.9999  6.9999 sum  13.9997
 Sum of MulP: up   =    28.00000 down          =    28.00000
              total=    56.00000 ideal(neutral)=    56.00000
<DFT>  Total Spin Moment (muB) =  0.000000000000
<DFT>  Mixing_weight= 0.400000000000
<DFT>  Uele   =  -42.211556407256  dUele     =   1.000000000000
<DFT>  NormRD =    1.000000000000  Criterion =   0.000000100000

******************* MD=18  SCF= 2 *******************
<Poisson>  Poisson's equation using FFT...
<Set_Hamiltonian>  Hamiltonian matrix for VNA+dVH+Vxc...
<Band>  Solving the eigenvalue problem...
 KGrids1:  -0.45833  -0.37500  -0.29167  -0.20833  -0.12500  -0.04167   0.04167   0.12500   0.20833   0.29167   0.37500   0.45833 
 KGrids2:  -0.45833  -0.37500  -0.29167  -0.20833  -0.12500  -0.04167   0.04167   0.12500   0.20833   0.29167   0.37500   0.45833 
 KGrids3:  -0.47500  -0.42500  -0.37500  -0.32500  -0.27500  -0.22500  -0.17500  -0.12500  -0.07500  -0.02500   0.02500   0.07500   0.12500   0.17500   0.22500   0.27500   0.32500   0.37500   0.42500   0.47500 
<Band_DFT>  Eigen, time=0.736473
<Band_DFT>  DM, time=1.833674
    1   Sn  MulP   6.9999  6.9999 sum  13.9998
    2   Sn  MulP   7.0004  7.0004 sum  14.0008
    3   Sn  MulP   6.9999  6.9999 sum  13.9997
    4   Sn  MulP   6.9999  6.9999 sum  13.9997
 Sum of MulP: up   =    28.00000 down          =    28.00000
              total=    56.00000 ideal(neutral)=    56.00000
<DFT>  Total Spin Moment (muB) =  0.000000000000
<DFT>  Mixing_weight= 0.400000000000
<DFT>  Uele   =  -42.211573318137  dUele     =   0.000016910880
<DFT>  NormRD =    0.000127082856  Criterion =   0.000000100000

******************* MD=18  SCF= 3 *******************
<Poisson>  Poisson's equation using FFT...
<Set_Hamiltonian>  Hamiltonian matrix for VNA+dVH+Vxc...
<Band>  Solving the eigenvalue problem...
 KGrids1:  -0.45833  -0.37500  -0.29167  -0.20833  -0.12500  -0.04167   0.04167   0.12500   0.20833   0.29167   0.37500   0.45833 
 KGrids2:  -0.45833  -0.37500  -0.29167  -0.20833  -0.12500  -0.04167   0.04167   0.12500   0.20833   0.29167   0.37500   0.45833 
 KGrids3:  -0.47500  -0.42500  -0.37500  -0.32500  -0.27500  -0.22500  -0.17500  -0.12500  -0.07500  -0.02500   0.02500   0.07500   0.12500   0.17500   0.22500   0.27500   0.32500   0.37500   0.42500   0.47500 
<Band_DFT>  Eigen, time=0.735902
<Band_DFT>  DM, time=1.397668
    1   Sn  MulP   6.9999  6.9999 sum  13.9998
    2   Sn  MulP   7.0004  7.0004 sum  14.0008
    3   Sn  MulP   6.9999  6.9999 sum  13.9997
    4   Sn  MulP   6.9999  6.9999 sum  13.9997
 Sum of MulP: up   =    28.00000 down          =    28.00000
              total=    56.00000 ideal(neutral)=    56.00000
<DFT>  Total Spin Moment (muB) =  0.000000000000
<DFT>  Mixing_weight= 0.040000000000
<DFT>  Uele   =  -42.211584226320  dUele     =   0.000010908184
<DFT>  NormRD =    0.000081156269  Criterion =   0.000000100000

******************* MD=18  SCF= 4 *******************
<Poisson>  Poisson's equation using FFT...
<Set_Hamiltonian>  Hamiltonian matrix for VNA+dVH+Vxc...
<Band>  Solving the eigenvalue problem...
 KGrids1:  -0.45833  -0.37500  -0.29167  -0.20833  -0.12500  -0.04167   0.04167   0.12500   0.20833   0.29167   0.37500   0.45833 
 KGrids2:  -0.45833  -0.37500  -0.29167  -0.20833  -0.12500  -0.04167   0.04167   0.12500   0.20833   0.29167   0.37500   0.45833 
 KGrids3:  -0.47500  -0.42500  -0.37500  -0.32500  -0.27500  -0.22500  -0.17500  -0.12500  -0.07500  -0.02500   0.02500   0.07500   0.12500   0.17500   0.22500   0.27500   0.32500   0.37500   0.42500   0.47500 
<Band_DFT>  Eigen, time=0.517097
<Band_DFT>  DM, time=1.390729
    1   Sn  MulP   6.9999  6.9999 sum  13.9998
    2   Sn  MulP   7.0004  7.0004 sum  14.0008
    3   Sn  MulP   6.9999  6.9999 sum  13.9997
    4   Sn  MulP   6.9999  6.9999 sum  13.9997
 Sum of MulP: up   =    28.00000 down          =    28.00000
              total=    56.00000 ideal(neutral)=    56.00000
<DFT>  Total Spin Moment (muB) =  0.000000000000
<DFT>  Mixing_weight= 0.040000000000
<DFT>  Uele   =  -42.211610320922  dUele     =   0.000026094602
<DFT>  NormRD =    0.000006822673  Criterion =   0.000000100000

******************* MD=18  SCF= 5 *******************
<Poisson>  Poisson's equation using FFT...
<Set_Hamiltonian>  Hamiltonian matrix for VNA+dVH+Vxc...
<Band>  Solving the eigenvalue problem...
 KGrids1:  -0.45833  -0.37500  -0.29167  -0.20833  -0.12500  -0.04167   0.04167   0.12500   0.20833   0.29167   0.37500   0.45833 
 KGrids2:  -0.45833  -0.37500  -0.29167  -0.20833  -0.12500  -0.04167   0.04167   0.12500   0.20833   0.29167   0.37500   0.45833 
 KGrids3:  -0.47500  -0.42500  -0.37500  -0.32500  -0.27500  -0.22500  -0.17500  -0.12500  -0.07500  -0.02500   0.02500   0.07500   0.12500   0.17500   0.22500   0.27500   0.32500   0.37500   0.42500   0.47500 
<Band_DFT>  Eigen, time=0.512350
<Band_DFT>  DM, time=1.357533
    1   Sn  MulP   6.9999  6.9999 sum  13.9998
    2   Sn  MulP   7.0004  7.0004 sum  14.0008
    3   Sn  MulP   6.9999  6.9999 sum  13.9997
    4   Sn  MulP   6.9999  6.9999 sum  13.9997
 Sum of MulP: up   =    28.00000 down          =    28.00000
              total=    56.00000 ideal(neutral)=    56.00000
<DFT>  Total Spin Moment (muB) =  0.000000000000
<DFT>  Mixing_weight= 0.040000000000
<DFT>  Uele   =  -42.211605685876  dUele     =   0.000004635047
<DFT>  NormRD =    0.000009537729  Criterion =   0.000000100000

******************* MD=18  SCF= 6 *******************
<Poisson>  Poisson's equation using FFT...
<Set_Hamiltonian>  Hamiltonian matrix for VNA+dVH+Vxc...
<Band>  Solving the eigenvalue problem...
 KGrids1:  -0.45833  -0.37500  -0.29167  -0.20833  -0.12500  -0.04167   0.04167   0.12500   0.20833   0.29167   0.37500   0.45833 
 KGrids2:  -0.45833  -0.37500  -0.29167  -0.20833  -0.12500  -0.04167   0.04167   0.12500   0.20833   0.29167   0.37500   0.45833 
 KGrids3:  -0.47500  -0.42500  -0.37500  -0.32500  -0.27500  -0.22500  -0.17500  -0.12500  -0.07500  -0.02500   0.02500   0.07500   0.12500   0.17500   0.22500   0.27500   0.32500   0.37500   0.42500   0.47500 
<Band_DFT>  Eigen, time=0.514339
<Band_DFT>  DM, time=1.430562
    1   Sn  MulP   6.9999  6.9999 sum  13.9998
    2   Sn  MulP   7.0004  7.0004 sum  14.0008
    3   Sn  MulP   6.9999  6.9999 sum  13.9997
    4   Sn  MulP   6.9999  6.9999 sum  13.9997
 Sum of MulP: up   =    28.00000 down          =    28.00000
              total=    56.00000 ideal(neutral)=    56.00000
<DFT>  Total Spin Moment (muB) =  0.000000000000
<DFT>  Mixing_weight= 0.040000000000
<DFT>  Uele   =  -42.211605725167  dUele     =   0.000000039292
<DFT>  NormRD =    0.000001934912  Criterion =   0.000000100000
<MD=18>  Force calculation
  Force calculation #1
  Force calculation #2
  Force calculation #3
  Force calculation #4
  Force calculation #5
  Stress calculation #1
  Stress calculation #2
  Stress calculation #3
  Stress calculation #4
  Stress calculation #5
<MD=18>  Total Energy
  Force calculation #6
  Force calculation #7

*******************************************************
                  Dipole moment (Debye)                 
*******************************************************

 Absolute D      521.15311911

                      Dx                Dy                Dz
 Total           -362.13873776     -362.79215701      -94.01041953
 Core             401.43890140      402.18611469      325.77599688
 Electron        -763.57763916     -764.97827170     -419.78641642
 Back ground       -0.00000000       -0.00000000       -0.00000000

*******************************************************
               Stress tensor (Hartree/bohr^3)            
*******************************************************

      -0.00000029        0.00000000        0.00000000 
       0.00000000       -0.00000122        0.00000298 
       0.00000000        0.00000298        0.00000082 

*******************************************************
                Total Energy (Hartree) at MD =18        
*******************************************************

  Uele  =     -42.211605725167

  Ukin  =     203.438571467274
  UH0   =   -2703.962989114315
  UH1   =       0.004898191410
  Una   =    -149.420991044142
  Unl   =     -47.913250788258
  Uxc0  =     -25.237143725967
  Uxc1  =     -25.237143725967
  Ucore =    2464.170729626192
  Uhub  =       0.000000000000
  Ucs   =       0.000000000000
  Uzs   =       0.000000000000
  Uzo   =       0.000000000000
  Uef   =       0.000000000000
  UvdW  =       0.000000000000
  Uch   =       0.000000000000
  Utot  =    -284.157319113772

  UpV   =       0.000000000000
  Enpy  =    -284.157319113772
  Note:

  Uele:   band energy
  Ukin:   kinetic energy
  UH0:    electric part of screened Coulomb energy
  UH1:    difference electron-electron Coulomb energy
  Una:    neutral atom potential energy
  Unl:    non-local potential energy
  Uxc0:   exchange-correlation energy for alpha spin
  Uxc1:   exchange-correlation energy for beta spin
  Ucore:  core-core Coulomb energy
  Uhub:   LDA+U energy
  Ucs:    constraint energy for spin orientation
  Uzs:    Zeeman term for spin magnetic moment
  Uzo:    Zeeman term for orbital magnetic moment
  Uef:    electric energy by electric field
  UvdW:   semi-empirical vdW energy 
  Uch:    penalty term to create a core hole
  UpV:    pressure times volume
  Enpy:   Enthalpy = Utot + UpV
  (see also PRB 72, 045121(2005) for the energy contributions)


*******************************************************
           Computational times (s) at MD =18            
*******************************************************

  DFT in total      =   23.68836

  Set_OLP_Kin       =    0.70167
  Set_Nonlocal      =    1.01877
  Set_ProExpn_VNA   =    2.83752
  Set_Hamiltonian   =    1.45421
  Poisson           =    0.00090
  diagonalization   =   13.33846
  Mixing_DM         =    0.00449
  Force             =    1.72569
  Total_Energy      =    0.31602
  Set_Aden_Grid     =    0.00717
  Set_Orbitals_Grid =    0.09905
  Set_Density_Grid  =    0.53899
  RestartFileDFT    =    0.00287
  Mulliken_Charge   =    0.00097
  FFT(2D)_Density   =    0.00169

The SCF was achieved at MD=  18

*******************************************************
             MD or geometry opt. at MD =18              
*******************************************************

<BFGS>  |Maximum force| (Hartree/Bohr) = 0.000399135689
<BFGS>  Criterion       (Hartree/Bohr) = 0.000100000000

     atom=   1, XYZ(ang) Fxyz(a.u.)=   0.0000    0.0006    0.0002     0.0000    0.0001    0.0000
     atom=   2, XYZ(ang) Fxyz(a.u.)=   2.9849    2.9899    1.6194     0.0000   -0.0000   -0.0002
     atom=   3, XYZ(ang) Fxyz(a.u.)=  -0.0000    2.9865    0.8326     0.0000    0.0000   -0.0003
     atom=   4, XYZ(ang) Fxyz(a.u.)=   2.9849    0.0031    2.3926    -0.0000    0.0002    0.0004

*******************************************************
        Analysis of neighbors and setting of grids        
*******************************************************


*******************************************************
  Allocation of atoms to processors at MD_iter=   19     
*******************************************************

 proc =   0  # of atoms=   1  estimated weight=         1.00000
 proc =   1  # of atoms=   1  estimated weight=         1.00000
 proc =   2  # of atoms=   1  estimated weight=         1.00000
 proc =   3  # of atoms=   1  estimated weight=         1.00000
 proc =   4  # of atoms=   0  estimated weight=         0.00000
 proc =   5  # of atoms=   0  estimated weight=         0.00000
 proc =   6  # of atoms=   0  estimated weight=         0.00000
 proc =   7  # of atoms=   0  estimated weight=         0.00000
 proc =   8  # of atoms=   0  estimated weight=         0.00000
 proc =   9  # of atoms=   0  estimated weight=         0.00000
 proc =  10  # of atoms=   0  estimated weight=         0.00000
 proc =  11  # of atoms=   0  estimated weight=         0.00000
 proc =  12  # of atoms=   0  estimated weight=         0.00000
 proc =  13  # of atoms=   0  estimated weight=         0.00000
 proc =  14  # of atoms=   0  estimated weight=         0.00000
 proc =  15  # of atoms=   0  estimated weight=         0.00000



TFNAN=     256   Average FNAN=  64.00000
TSNAN=       0   Average SNAN=   0.00000
<truncation> CpyCell= 3 ct_AN=   1 FNAN SNAN  64   0
<truncation> CpyCell= 3 ct_AN=   2 FNAN SNAN  64   0
<truncation> CpyCell= 3 ct_AN=   3 FNAN SNAN  64   0
<truncation> CpyCell= 3 ct_AN=   4 FNAN SNAN  64   0
<UCell_Box> Info. of cutoff energy and num. of grids
lattice vectors (bohr)
A  = 11.281295655248,  0.000000000000,  0.000000000000
B  =  0.000000000000, 11.281295655248,  0.028203239138
C  =  0.000000000000,  0.015204829790,  6.081931916162
reciprocal lattice vectors (bohr^-1)
RA =  0.556956000374,  0.000000000000,  0.000000000000
RB =  0.000000000000,  0.556959481370, -0.001392398703
RC =  0.000000000000, -0.002582742073,  1.033096829091
Required cutoff energy (Ryd) for 3D-grids = 200.0000
    Used cutoff energy (Ryd) for 3D-grids = 193.8750, 193.8786, 194.5146
Num. of grids of a-, b-, and c-axes = 50, 50, 27
Cell_Volume =    774.028233187484 (Bohr^3)
GridVol     =      0.011467084936 (Bohr^3)
Cell vectors (bohr) of the grid cell (gtv)
  gtv_a =  0.225625913105,  0.000000000000,  0.000000000000
  gtv_b =  0.000000000000,  0.225625913105,  0.000564064783
  gtv_c =  0.000000000000,  0.000563141844,  0.225256737636
  |gtv_a| =  0.225625913105
  |gtv_b| =  0.225626618185
  |gtv_c| =  0.225257441562
Num. of grids overlapping with atom    1 = 125072
Num. of grids overlapping with atom    2 = 125302
Num. of grids overlapping with atom    3 = 125132
Num. of grids overlapping with atom    4 = 125089

*******************************************************
             SCF calculation at MD =19                
*******************************************************

<MD=19>  Calculation of the overlap matrix
<MD=19>  Calculation of the nonlocal matrix
<MD=19>  Calculation of the VNA projector matrix

******************* MD=19  SCF= 1 *******************
<Restart>  Found restart files
<Poisson>  Poisson's equation using FFT...
<Band>  Solving the eigenvalue problem...
 KGrids1:  -0.45833  -0.37500  -0.29167  -0.20833  -0.12500  -0.04167   0.04167   0.12500   0.20833   0.29167   0.37500   0.45833 
 KGrids2:  -0.45833  -0.37500  -0.29167  -0.20833  -0.12500  -0.04167   0.04167   0.12500   0.20833   0.29167   0.37500   0.45833 
 KGrids3:  -0.47500  -0.42500  -0.37500  -0.32500  -0.27500  -0.22500  -0.17500  -0.12500  -0.07500  -0.02500   0.02500   0.07500   0.12500   0.17500   0.22500   0.27500   0.32500   0.37500   0.42500   0.47500 
<Band_DFT>  Eigen, time=0.746742
<Band_DFT>  DM, time=1.998380
    1   Sn  MulP   6.9999  6.9999 sum  13.9998
    2   Sn  MulP   7.0004  7.0004 sum  14.0008
    3   Sn  MulP   6.9999  6.9999 sum  13.9997
    4   Sn  MulP   6.9999  6.9999 sum  13.9997
 Sum of MulP: up   =    28.00000 down          =    28.00000
              total=    56.00000 ideal(neutral)=    56.00000
<DFT>  Total Spin Moment (muB) =  0.000000000000
<DFT>  Mixing_weight= 0.400000000000
<DFT>  Uele   =  -42.211565425006  dUele     =   1.000000000000
<DFT>  NormRD =    1.000000000000  Criterion =   0.000000100000

******************* MD=19  SCF= 2 *******************
<Poisson>  Poisson's equation using FFT...
<Set_Hamiltonian>  Hamiltonian matrix for VNA+dVH+Vxc...
<Band>  Solving the eigenvalue problem...
 KGrids1:  -0.45833  -0.37500  -0.29167  -0.20833  -0.12500  -0.04167   0.04167   0.12500   0.20833   0.29167   0.37500   0.45833 
 KGrids2:  -0.45833  -0.37500  -0.29167  -0.20833  -0.12500  -0.04167   0.04167   0.12500   0.20833   0.29167   0.37500   0.45833 
 KGrids3:  -0.47500  -0.42500  -0.37500  -0.32500  -0.27500  -0.22500  -0.17500  -0.12500  -0.07500  -0.02500   0.02500   0.07500   0.12500   0.17500   0.22500   0.27500   0.32500   0.37500   0.42500   0.47500 
<Band_DFT>  Eigen, time=0.752363
<Band_DFT>  DM, time=2.045592
    1   Sn  MulP   6.9999  6.9999 sum  13.9998
    2   Sn  MulP   7.0004  7.0004 sum  14.0008
    3   Sn  MulP   6.9999  6.9999 sum  13.9997
    4   Sn  MulP   6.9999  6.9999 sum  13.9997
 Sum of MulP: up   =    28.00000 down          =    28.00000
              total=    56.00000 ideal(neutral)=    56.00000
<DFT>  Total Spin Moment (muB) =  0.000000000000
<DFT>  Mixing_weight= 0.400000000000
<DFT>  Uele   =  -42.211579072688  dUele     =   0.000013647682
<DFT>  NormRD =    0.000124033670  Criterion =   0.000000100000

******************* MD=19  SCF= 3 *******************
<Poisson>  Poisson's equation using FFT...
<Set_Hamiltonian>  Hamiltonian matrix for VNA+dVH+Vxc...
<Band>  Solving the eigenvalue problem...
 KGrids1:  -0.45833  -0.37500  -0.29167  -0.20833  -0.12500  -0.04167   0.04167   0.12500   0.20833   0.29167   0.37500   0.45833 
 KGrids2:  -0.45833  -0.37500  -0.29167  -0.20833  -0.12500  -0.04167   0.04167   0.12500   0.20833   0.29167   0.37500   0.45833 
 KGrids3:  -0.47500  -0.42500  -0.37500  -0.32500  -0.27500  -0.22500  -0.17500  -0.12500  -0.07500  -0.02500   0.02500   0.07500   0.12500   0.17500   0.22500   0.27500   0.32500   0.37500   0.42500   0.47500 
<Band_DFT>  Eigen, time=0.745079
<Band_DFT>  DM, time=2.039856
    1   Sn  MulP   6.9999  6.9999 sum  13.9998
    2   Sn  MulP   7.0004  7.0004 sum  14.0008
    3   Sn  MulP   6.9999  6.9999 sum  13.9997
    4   Sn  MulP   6.9999  6.9999 sum  13.9997
 Sum of MulP: up   =    28.00000 down          =    28.00000
              total=    56.00000 ideal(neutral)=    56.00000
<DFT>  Total Spin Moment (muB) =  0.000000000000
<DFT>  Mixing_weight= 0.040000000000
<DFT>  Uele   =  -42.211587855839  dUele     =   0.000008783151
<DFT>  NormRD =    0.000080031475  Criterion =   0.000000100000

******************* MD=19  SCF= 4 *******************
<Poisson>  Poisson's equation using FFT...
<Set_Hamiltonian>  Hamiltonian matrix for VNA+dVH+Vxc...
<Band>  Solving the eigenvalue problem...
 KGrids1:  -0.45833  -0.37500  -0.29167  -0.20833  -0.12500  -0.04167   0.04167   0.12500   0.20833   0.29167   0.37500   0.45833 
 KGrids2:  -0.45833  -0.37500  -0.29167  -0.20833  -0.12500  -0.04167   0.04167   0.12500   0.20833   0.29167   0.37500   0.45833 
 KGrids3:  -0.47500  -0.42500  -0.37500  -0.32500  -0.27500  -0.22500  -0.17500  -0.12500  -0.07500  -0.02500   0.02500   0.07500   0.12500   0.17500   0.22500   0.27500   0.32500   0.37500   0.42500   0.47500 
<Band_DFT>  Eigen, time=0.790955
<Band_DFT>  DM, time=1.831482
    1   Sn  MulP   6.9999  6.9999 sum  13.9998
    2   Sn  MulP   7.0004  7.0004 sum  14.0008
    3   Sn  MulP   6.9999  6.9999 sum  13.9997
    4   Sn  MulP   6.9999  6.9999 sum  13.9997
 Sum of MulP: up   =    28.00000 down          =    28.00000
              total=    56.00000 ideal(neutral)=    56.00000
<DFT>  Total Spin Moment (muB) =  0.000000000000
<DFT>  Mixing_weight= 0.040000000000
<DFT>  Uele   =  -42.211608688135  dUele     =   0.000020832296
<DFT>  NormRD =    0.000005839918  Criterion =   0.000000100000

******************* MD=19  SCF= 5 *******************
<Poisson>  Poisson's equation using FFT...
<Set_Hamiltonian>  Hamiltonian matrix for VNA+dVH+Vxc...
<Band>  Solving the eigenvalue problem...
 KGrids1:  -0.45833  -0.37500  -0.29167  -0.20833  -0.12500  -0.04167   0.04167   0.12500   0.20833   0.29167   0.37500   0.45833 
 KGrids2:  -0.45833  -0.37500  -0.29167  -0.20833  -0.12500  -0.04167   0.04167   0.12500   0.20833   0.29167   0.37500   0.45833 
 KGrids3:  -0.47500  -0.42500  -0.37500  -0.32500  -0.27500  -0.22500  -0.17500  -0.12500  -0.07500  -0.02500   0.02500   0.07500   0.12500   0.17500   0.22500   0.27500   0.32500   0.37500   0.42500   0.47500 
<Band_DFT>  Eigen, time=0.745061
<Band_DFT>  DM, time=1.864412
    1   Sn  MulP   6.9999  6.9999 sum  13.9998
    2   Sn  MulP   7.0004  7.0004 sum  14.0008
    3   Sn  MulP   6.9999  6.9999 sum  13.9997
    4   Sn  MulP   6.9999  6.9999 sum  13.9997
 Sum of MulP: up   =    28.00000 down          =    28.00000
              total=    56.00000 ideal(neutral)=    56.00000
<DFT>  Total Spin Moment (muB) =  0.000000000000
<DFT>  Mixing_weight= 0.040000000000
<DFT>  Uele   =  -42.211604906100  dUele     =   0.000003782034
<DFT>  NormRD =    0.000008119735  Criterion =   0.000000100000

******************* MD=19  SCF= 6 *******************
<Poisson>  Poisson's equation using FFT...
<Set_Hamiltonian>  Hamiltonian matrix for VNA+dVH+Vxc...
<Band>  Solving the eigenvalue problem...
 KGrids1:  -0.45833  -0.37500  -0.29167  -0.20833  -0.12500  -0.04167   0.04167   0.12500   0.20833   0.29167   0.37500   0.45833 
 KGrids2:  -0.45833  -0.37500  -0.29167  -0.20833  -0.12500  -0.04167   0.04167   0.12500   0.20833   0.29167   0.37500   0.45833 
 KGrids3:  -0.47500  -0.42500  -0.37500  -0.32500  -0.27500  -0.22500  -0.17500  -0.12500  -0.07500  -0.02500   0.02500   0.07500   0.12500   0.17500   0.22500   0.27500   0.32500   0.37500   0.42500   0.47500 
<Band_DFT>  Eigen, time=0.744776
<Band_DFT>  DM, time=1.929963
    1   Sn  MulP   6.9999  6.9999 sum  13.9998
    2   Sn  MulP   7.0004  7.0004 sum  14.0008
    3   Sn  MulP   6.9999  6.9999 sum  13.9997
    4   Sn  MulP   6.9999  6.9999 sum  13.9997
 Sum of MulP: up   =    28.00000 down          =    28.00000
              total=    56.00000 ideal(neutral)=    56.00000
<DFT>  Total Spin Moment (muB) =  0.000000000000
<DFT>  Mixing_weight= 0.040000000000
<DFT>  Uele   =  -42.211605106680  dUele     =   0.000000200579
<DFT>  NormRD =    0.000001939832  Criterion =   0.000000100000

******************* MD=19  SCF= 7 *******************
<Poisson>  Poisson's equation using FFT...
<Set_Hamiltonian>  Hamiltonian matrix for VNA+dVH+Vxc...
<Band>  Solving the eigenvalue problem...
 KGrids1:  -0.45833  -0.37500  -0.29167  -0.20833  -0.12500  -0.04167   0.04167   0.12500   0.20833   0.29167   0.37500   0.45833 
 KGrids2:  -0.45833  -0.37500  -0.29167  -0.20833  -0.12500  -0.04167   0.04167   0.12500   0.20833   0.29167   0.37500   0.45833 
 KGrids3:  -0.47500  -0.42500  -0.37500  -0.32500  -0.27500  -0.22500  -0.17500  -0.12500  -0.07500  -0.02500   0.02500   0.07500   0.12500   0.17500   0.22500   0.27500   0.32500   0.37500   0.42500   0.47500 
<Band_DFT>  Eigen, time=0.740906
<Band_DFT>  DM, time=1.925442
    1   Sn  MulP   6.9999  6.9999 sum  13.9998
    2   Sn  MulP   7.0004  7.0004 sum  14.0008
    3   Sn  MulP   6.9999  6.9999 sum  13.9997
    4   Sn  MulP   6.9999  6.9999 sum  13.9997
 Sum of MulP: up   =    28.00000 down          =    28.00000
              total=    56.00000 ideal(neutral)=    56.00000
<DFT>  Total Spin Moment (muB) =  0.000000000000
<DFT>  Mixing_weight= 0.040000000000
<DFT>  Uele   =  -42.211605606708  dUele     =   0.000000500028
<DFT>  NormRD =    0.000001048831  Criterion =   0.000000100000

******************* MD=19  SCF= 8 *******************
<Poisson>  Poisson's equation using FFT...
<Set_Hamiltonian>  Hamiltonian matrix for VNA+dVH+Vxc...
<Band>  Solving the eigenvalue problem...
 KGrids1:  -0.45833  -0.37500  -0.29167  -0.20833  -0.12500  -0.04167   0.04167   0.12500   0.20833   0.29167   0.37500   0.45833 
 KGrids2:  -0.45833  -0.37500  -0.29167  -0.20833  -0.12500  -0.04167   0.04167   0.12500   0.20833   0.29167   0.37500   0.45833 
 KGrids3:  -0.47500  -0.42500  -0.37500  -0.32500  -0.27500  -0.22500  -0.17500  -0.12500  -0.07500  -0.02500   0.02500   0.07500   0.12500   0.17500   0.22500   0.27500   0.32500   0.37500   0.42500   0.47500 
<Band_DFT>  Eigen, time=0.740972
<Band_DFT>  DM, time=2.036783
    1   Sn  MulP   6.9999  6.9999 sum  13.9998
    2   Sn  MulP   7.0004  7.0004 sum  14.0008
    3   Sn  MulP   6.9999  6.9999 sum  13.9997
    4   Sn  MulP   6.9999  6.9999 sum  13.9997
 Sum of MulP: up   =    28.00000 down          =    28.00000
              total=    56.00000 ideal(neutral)=    56.00000
<DFT>  Total Spin Moment (muB) =  0.000000000000
<DFT>  Mixing_weight= 0.040000000000
<DFT>  Uele   =  -42.211605653503  dUele     =   0.000000046796
<DFT>  NormRD =    0.000000218876  Criterion =   0.000000100000
<MD=19>  Force calculation
  Force calculation #1
  Force calculation #2
  Force calculation #3
  Force calculation #4
  Force calculation #5
  Stress calculation #1
  Stress calculation #2
  Stress calculation #3
  Stress calculation #4
  Stress calculation #5
<MD=19>  Total Energy
  Force calculation #6
  Force calculation #7

*******************************************************
                  Dipole moment (Debye)                 
*******************************************************

 Absolute D      521.38789809

                      Dx                Dy                Dz
 Total           -362.13891420     -363.12271308      -94.03532496
 Core             401.43886631      402.12487894      325.77716174
 Electron        -763.57778052     -765.24759201     -419.81248671
 Back ground       -0.00000000       -0.00000000       -0.00000000

*******************************************************
               Stress tensor (Hartree/bohr^3)            
*******************************************************

      -0.00000018        0.00000000        0.00000000 
       0.00000000       -0.00000130        0.00000304 
       0.00000000        0.00000304        0.00000060 

*******************************************************
                Total Energy (Hartree) at MD =19        
*******************************************************

  Uele  =     -42.211605653503

  Ukin  =     203.438582117765
  UH0   =   -2703.962864359189
  UH1   =       0.004898165371
  Una   =    -149.420997776125
  Unl   =     -47.913255036384
  Uxc0  =     -25.237144793545
  Uxc1  =     -25.237144793545
  Ucore =    2464.170606467053
  Uhub  =       0.000000000000
  Ucs   =       0.000000000000
  Uzs   =       0.000000000000
  Uzo   =       0.000000000000
  Uef   =       0.000000000000
  UvdW  =       0.000000000000
  Uch   =       0.000000000000
  Utot  =    -284.157320008597

  UpV   =       0.000000000000
  Enpy  =    -284.157320008597
  Note:

  Uele:   band energy
  Ukin:   kinetic energy
  UH0:    electric part of screened Coulomb energy
  UH1:    difference electron-electron Coulomb energy
  Una:    neutral atom potential energy
  Unl:    non-local potential energy
  Uxc0:   exchange-correlation energy for alpha spin
  Uxc1:   exchange-correlation energy for beta spin
  Ucore:  core-core Coulomb energy
  Uhub:   LDA+U energy
  Ucs:    constraint energy for spin orientation
  Uzs:    Zeeman term for spin magnetic moment
  Uzo:    Zeeman term for orbital magnetic moment
  Uef:    electric energy by electric field
  UvdW:   semi-empirical vdW energy 
  Uch:    penalty term to create a core hole
  UpV:    pressure times volume
  Enpy:   Enthalpy = Utot + UpV
  (see also PRB 72, 045121(2005) for the energy contributions)


*******************************************************
           Computational times (s) at MD =19            
*******************************************************

  DFT in total      =   33.83595

  Set_OLP_Kin       =    0.70235
  Set_Nonlocal      =    1.38149
  Set_ProExpn_VNA   =    2.89432
  Set_Hamiltonian   =    1.78624
  Poisson           =    0.00130
  diagonalization   =   22.14703
  Mixing_DM         =    0.00612
  Force             =    1.89291
  Total_Energy      =    0.31933
  Set_Aden_Grid     =    0.16404
  Set_Orbitals_Grid =    0.09898
  Set_Density_Grid  =    0.67350
  RestartFileDFT    =    0.04262
  Mulliken_Charge   =    0.00121
  FFT(2D)_Density   =    0.00222

The SCF was achieved at MD=  19

*******************************************************
             MD or geometry opt. at MD =19              
*******************************************************

<BFGS>  |Maximum force| (Hartree/Bohr) = 0.000396074106
<BFGS>  Criterion       (Hartree/Bohr) = 0.000100000000

     atom=   1, XYZ(ang) Fxyz(a.u.)=  -0.0000    0.0003    0.0001     0.0000   -0.0000    0.0000
     atom=   2, XYZ(ang) Fxyz(a.u.)=   2.9849    2.9896    1.6199     0.0000   -0.0001   -0.0001
     atom=   3, XYZ(ang) Fxyz(a.u.)=  -0.0000    2.9868    0.8323     0.0000    0.0001   -0.0002
     atom=   4, XYZ(ang) Fxyz(a.u.)=   2.9849    0.0025    2.3920    -0.0000    0.0000    0.0004

*******************************************************
        Analysis of neighbors and setting of grids        
*******************************************************


*******************************************************
  Allocation of atoms to processors at MD_iter=   20     
*******************************************************

 proc =   0  # of atoms=   1  estimated weight=         1.00000
 proc =   1  # of atoms=   1  estimated weight=         1.00000
 proc =   2  # of atoms=   1  estimated weight=         1.00000
 proc =   3  # of atoms=   1  estimated weight=         1.00000
 proc =   4  # of atoms=   0  estimated weight=         0.00000
 proc =   5  # of atoms=   0  estimated weight=         0.00000
 proc =   6  # of atoms=   0  estimated weight=         0.00000
 proc =   7  # of atoms=   0  estimated weight=         0.00000
 proc =   8  # of atoms=   0  estimated weight=         0.00000
 proc =   9  # of atoms=   0  estimated weight=         0.00000
 proc =  10  # of atoms=   0  estimated weight=         0.00000
 proc =  11  # of atoms=   0  estimated weight=         0.00000
 proc =  12  # of atoms=   0  estimated weight=         0.00000
 proc =  13  # of atoms=   0  estimated weight=         0.00000
 proc =  14  # of atoms=   0  estimated weight=         0.00000
 proc =  15  # of atoms=   0  estimated weight=         0.00000



TFNAN=     256   Average FNAN=  64.00000
TSNAN=       0   Average SNAN=   0.00000
<truncation> CpyCell= 3 ct_AN=   1 FNAN SNAN  64   0
<truncation> CpyCell= 3 ct_AN=   2 FNAN SNAN  64   0
<truncation> CpyCell= 3 ct_AN=   3 FNAN SNAN  64   0
<truncation> CpyCell= 3 ct_AN=   4 FNAN SNAN  64   0
<UCell_Box> Info. of cutoff energy and num. of grids
lattice vectors (bohr)
A  = 11.281295655248,  0.000000000000,  0.000000000000
B  =  0.000000000000, 11.281295655248,  0.028203239138
C  =  0.000000000000,  0.015204829790,  6.081931916162
reciprocal lattice vectors (bohr^-1)
RA =  0.556956000374,  0.000000000000,  0.000000000000
RB =  0.000000000000,  0.556959481370, -0.001392398703
RC =  0.000000000000, -0.002582742073,  1.033096829091
Required cutoff energy (Ryd) for 3D-grids = 200.0000
    Used cutoff energy (Ryd) for 3D-grids = 193.8750, 193.8786, 194.5146
Num. of grids of a-, b-, and c-axes = 50, 50, 27
Cell_Volume =    774.028233187484 (Bohr^3)
GridVol     =      0.011467084936 (Bohr^3)
Cell vectors (bohr) of the grid cell (gtv)
  gtv_a =  0.225625913105,  0.000000000000,  0.000000000000
  gtv_b =  0.000000000000,  0.225625913105,  0.000564064783
  gtv_c =  0.000000000000,  0.000563141844,  0.225256737636
  |gtv_a| =  0.225625913105
  |gtv_b| =  0.225626618185
  |gtv_c| =  0.225257441562
Num. of grids overlapping with atom    1 = 125065
Num. of grids overlapping with atom    2 = 125311
Num. of grids overlapping with atom    3 = 125131
Num. of grids overlapping with atom    4 = 125075

*******************************************************
             SCF calculation at MD =20                
*******************************************************

<MD=20>  Calculation of the overlap matrix
<MD=20>  Calculation of the nonlocal matrix
<MD=20>  Calculation of the VNA projector matrix

******************* MD=20  SCF= 1 *******************
<Restart>  Found restart files
<Poisson>  Poisson's equation using FFT...
<Band>  Solving the eigenvalue problem...
 KGrids1:  -0.45833  -0.37500  -0.29167  -0.20833  -0.12500  -0.04167   0.04167   0.12500   0.20833   0.29167   0.37500   0.45833 
 KGrids2:  -0.45833  -0.37500  -0.29167  -0.20833  -0.12500  -0.04167   0.04167   0.12500   0.20833   0.29167   0.37500   0.45833 
 KGrids3:  -0.47500  -0.42500  -0.37500  -0.32500  -0.27500  -0.22500  -0.17500  -0.12500  -0.07500  -0.02500   0.02500   0.07500   0.12500   0.17500   0.22500   0.27500   0.32500   0.37500   0.42500   0.47500 
<Band_DFT>  Eigen, time=0.741178
<Band_DFT>  DM, time=2.042665
    1   Sn  MulP   6.9999  6.9999 sum  13.9998
    2   Sn  MulP   7.0004  7.0004 sum  14.0008
    3   Sn  MulP   6.9999  6.9999 sum  13.9997
    4   Sn  MulP   6.9999  6.9999 sum  13.9997
 Sum of MulP: up   =    28.00000 down          =    28.00000
              total=    56.00000 ideal(neutral)=    56.00000
<DFT>  Total Spin Moment (muB) =  0.000000000000
<DFT>  Mixing_weight= 0.400000000000
<DFT>  Uele   =  -42.211601905691  dUele     =   1.000000000000
<DFT>  NormRD =    1.000000000000  Criterion =   0.000000100000

******************* MD=20  SCF= 2 *******************
<Poisson>  Poisson's equation using FFT...
<Set_Hamiltonian>  Hamiltonian matrix for VNA+dVH+Vxc...
<Band>  Solving the eigenvalue problem...
 KGrids1:  -0.45833  -0.37500  -0.29167  -0.20833  -0.12500  -0.04167   0.04167   0.12500   0.20833   0.29167   0.37500   0.45833 
 KGrids2:  -0.45833  -0.37500  -0.29167  -0.20833  -0.12500  -0.04167   0.04167   0.12500   0.20833   0.29167   0.37500   0.45833 
 KGrids3:  -0.47500  -0.42500  -0.37500  -0.32500  -0.27500  -0.22500  -0.17500  -0.12500  -0.07500  -0.02500   0.02500   0.07500   0.12500   0.17500   0.22500   0.27500   0.32500   0.37500   0.42500   0.47500 
<Band_DFT>  Eigen, time=0.742350
<Band_DFT>  DM, time=2.025781
    1   Sn  MulP   6.9999  6.9999 sum  13.9998
    2   Sn  MulP   7.0004  7.0004 sum  14.0008
    3   Sn  MulP   6.9999  6.9999 sum  13.9997
    4   Sn  MulP   6.9999  6.9999 sum  13.9997
 Sum of MulP: up   =    28.00000 down          =    28.00000
              total=    56.00000 ideal(neutral)=    56.00000
<DFT>  Total Spin Moment (muB) =  0.000000000000
<DFT>  Mixing_weight= 0.400000000000
<DFT>  Uele   =  -42.211603164708  dUele     =   0.000001259017
<DFT>  NormRD =    0.000021295419  Criterion =   0.000000100000

******************* MD=20  SCF= 3 *******************
<Poisson>  Poisson's equation using FFT...
<Set_Hamiltonian>  Hamiltonian matrix for VNA+dVH+Vxc...
<Band>  Solving the eigenvalue problem...
 KGrids1:  -0.45833  -0.37500  -0.29167  -0.20833  -0.12500  -0.04167   0.04167   0.12500   0.20833   0.29167   0.37500   0.45833 
 KGrids2:  -0.45833  -0.37500  -0.29167  -0.20833  -0.12500  -0.04167   0.04167   0.12500   0.20833   0.29167   0.37500   0.45833 
 KGrids3:  -0.47500  -0.42500  -0.37500  -0.32500  -0.27500  -0.22500  -0.17500  -0.12500  -0.07500  -0.02500   0.02500   0.07500   0.12500   0.17500   0.22500   0.27500   0.32500   0.37500   0.42500   0.47500 
<Band_DFT>  Eigen, time=0.738723
<Band_DFT>  DM, time=2.031054
    1   Sn  MulP   6.9999  6.9999 sum  13.9998
    2   Sn  MulP   7.0004  7.0004 sum  14.0008
    3   Sn  MulP   6.9999  6.9999 sum  13.9997
    4   Sn  MulP   6.9999  6.9999 sum  13.9997
 Sum of MulP: up   =    28.00000 down          =    28.00000
              total=    56.00000 ideal(neutral)=    56.00000
<DFT>  Total Spin Moment (muB) =  0.000000000000
<DFT>  Mixing_weight= 0.040000000000
<DFT>  Uele   =  -42.211604005921  dUele     =   0.000000841212
<DFT>  NormRD =    0.000014279271  Criterion =   0.000000100000

******************* MD=20  SCF= 4 *******************
<Poisson>  Poisson's equation using FFT...
<Set_Hamiltonian>  Hamiltonian matrix for VNA+dVH+Vxc...
<Band>  Solving the eigenvalue problem...
 KGrids1:  -0.45833  -0.37500  -0.29167  -0.20833  -0.12500  -0.04167   0.04167   0.12500   0.20833   0.29167   0.37500   0.45833 
 KGrids2:  -0.45833  -0.37500  -0.29167  -0.20833  -0.12500  -0.04167   0.04167   0.12500   0.20833   0.29167   0.37500   0.45833 
 KGrids3:  -0.47500  -0.42500  -0.37500  -0.32500  -0.27500  -0.22500  -0.17500  -0.12500  -0.07500  -0.02500   0.02500   0.07500   0.12500   0.17500   0.22500   0.27500   0.32500   0.37500   0.42500   0.47500 
<Band_DFT>  Eigen, time=0.736583
<Band_DFT>  DM, time=1.713627
    1   Sn  MulP   6.9999  6.9999 sum  13.9998
    2   Sn  MulP   7.0004  7.0004 sum  14.0008
    3   Sn  MulP   6.9999  6.9999 sum  13.9997
    4   Sn  MulP   6.9999  6.9999 sum  13.9997
 Sum of MulP: up   =    28.00000 down          =    28.00000
              total=    56.00000 ideal(neutral)=    56.00000
<DFT>  Total Spin Moment (muB) =  0.000000000000
<DFT>  Mixing_weight= 0.040000000000
<DFT>  Uele   =  -42.211606197407  dUele     =   0.000002191487
<DFT>  NormRD =    0.000001699660  Criterion =   0.000000100000

******************* MD=20  SCF= 5 *******************
<Poisson>  Poisson's equation using FFT...
<Set_Hamiltonian>  Hamiltonian matrix for VNA+dVH+Vxc...
<Band>  Solving the eigenvalue problem...
 KGrids1:  -0.45833  -0.37500  -0.29167  -0.20833  -0.12500  -0.04167   0.04167   0.12500   0.20833   0.29167   0.37500   0.45833 
 KGrids2:  -0.45833  -0.37500  -0.29167  -0.20833  -0.12500  -0.04167   0.04167   0.12500   0.20833   0.29167   0.37500   0.45833 
 KGrids3:  -0.47500  -0.42500  -0.37500  -0.32500  -0.27500  -0.22500  -0.17500  -0.12500  -0.07500  -0.02500   0.02500   0.07500   0.12500   0.17500   0.22500   0.27500   0.32500   0.37500   0.42500   0.47500 
<Band_DFT>  Eigen, time=0.794361
<Band_DFT>  DM, time=1.779191
    1   Sn  MulP   6.9999  6.9999 sum  13.9998
    2   Sn  MulP   7.0004  7.0004 sum  14.0008
    3   Sn  MulP   6.9999  6.9999 sum  13.9997
    4   Sn  MulP   6.9999  6.9999 sum  13.9997
 Sum of MulP: up   =    28.00000 down          =    28.00000
              total=    56.00000 ideal(neutral)=    56.00000
<DFT>  Total Spin Moment (muB) =  0.000000000000
<DFT>  Mixing_weight= 0.040000000000
<DFT>  Uele   =  -42.211605821811  dUele     =   0.000000375597
<DFT>  NormRD =    0.000001834559  Criterion =   0.000000100000

******************* MD=20  SCF= 6 *******************
<Poisson>  Poisson's equation using FFT...
<Set_Hamiltonian>  Hamiltonian matrix for VNA+dVH+Vxc...
<Band>  Solving the eigenvalue problem...
 KGrids1:  -0.45833  -0.37500  -0.29167  -0.20833  -0.12500  -0.04167   0.04167   0.12500   0.20833   0.29167   0.37500   0.45833 
 KGrids2:  -0.45833  -0.37500  -0.29167  -0.20833  -0.12500  -0.04167   0.04167   0.12500   0.20833   0.29167   0.37500   0.45833 
 KGrids3:  -0.47500  -0.42500  -0.37500  -0.32500  -0.27500  -0.22500  -0.17500  -0.12500  -0.07500  -0.02500   0.02500   0.07500   0.12500   0.17500   0.22500   0.27500   0.32500   0.37500   0.42500   0.47500 
<Band_DFT>  Eigen, time=0.795921
<Band_DFT>  DM, time=1.776947
    1   Sn  MulP   6.9999  6.9999 sum  13.9998
    2   Sn  MulP   7.0004  7.0004 sum  14.0008
    3   Sn  MulP   6.9999  6.9999 sum  13.9997
    4   Sn  MulP   6.9999  6.9999 sum  13.9997
 Sum of MulP: up   =    28.00000 down          =    28.00000
              total=    56.00000 ideal(neutral)=    56.00000
<DFT>  Total Spin Moment (muB) =  0.000000000000
<DFT>  Mixing_weight= 0.040000000000
<DFT>  Uele   =  -42.211605812040  dUele     =   0.000000009771
<DFT>  NormRD =    0.000000360021  Criterion =   0.000000100000
<MD=20>  Force calculation
  Force calculation #1
  Force calculation #2
  Force calculation #3
  Force calculation #4
  Force calculation #5
  Stress calculation #1
  Stress calculation #2
  Stress calculation #3
  Stress calculation #4
  Stress calculation #5
<MD=20>  Total Energy
  Force calculation #6
  Force calculation #7

*******************************************************
                  Dipole moment (Debye)                 
*******************************************************

 Absolute D      521.59640948

                      Dx                Dy                Dz
 Total           -362.13905823     -363.41320319      -94.06891427
 Core             401.43883514      402.07348827      325.75977026
 Electron        -763.57789337     -765.48669146     -419.82868453
 Back ground       -0.00000000       -0.00000000       -0.00000000

*******************************************************
               Stress tensor (Hartree/bohr^3)            
*******************************************************

      -0.00000010        0.00000000        0.00000000 
       0.00000000       -0.00000148        0.00000308 
       0.00000000        0.00000308        0.00000030 

*******************************************************
                Total Energy (Hartree) at MD =20        
*******************************************************

  Uele  =     -42.211605812040

  Ukin  =     203.438590648414
  UH0   =   -2703.962748694234
  UH1   =       0.004898147194
  Una   =    -149.421003950300
  Unl   =     -47.913257919309
  Uxc0  =     -25.237145570342
  Uxc1  =     -25.237145570342
  Ucore =    2464.170492626909
  Uhub  =       0.000000000000
  Ucs   =       0.000000000000
  Uzs   =       0.000000000000
  Uzo   =       0.000000000000
  Uef   =       0.000000000000
  UvdW  =       0.000000000000
  Uch   =       0.000000000000
  Utot  =    -284.157320282010

  UpV   =       0.000000000000
  Enpy  =    -284.157320282010
  Note:

  Uele:   band energy
  Ukin:   kinetic energy
  UH0:    electric part of screened Coulomb energy
  UH1:    difference electron-electron Coulomb energy
  Una:    neutral atom potential energy
  Unl:    non-local potential energy
  Uxc0:   exchange-correlation energy for alpha spin
  Uxc1:   exchange-correlation energy for beta spin
  Ucore:  core-core Coulomb energy
  Uhub:   LDA+U energy
  Ucs:    constraint energy for spin orientation
  Uzs:    Zeeman term for spin magnetic moment
  Uzo:    Zeeman term for orbital magnetic moment
  Uef:    electric energy by electric field
  UvdW:   semi-empirical vdW energy 
  Uch:    penalty term to create a core hole
  UpV:    pressure times volume
  Enpy:   Enthalpy = Utot + UpV
  (see also PRB 72, 045121(2005) for the energy contributions)


*******************************************************
           Computational times (s) at MD =20            
*******************************************************

  DFT in total      =   27.40283

  Set_OLP_Kin       =    0.69694
  Set_Nonlocal      =    0.99578
  Set_ProExpn_VNA   =    3.02992
  Set_Hamiltonian   =    1.47975
  Poisson           =    0.00109
  diagonalization   =   16.24681
  Mixing_DM         =    0.00464
  Force             =    2.16469
  Total_Energy      =    0.40531
  Set_Aden_Grid     =    0.00733
  Set_Orbitals_Grid =    0.12645
  Set_Density_Grid  =    0.56114
  RestartFileDFT    =    0.00301
  Mulliken_Charge   =    0.00096
  FFT(2D)_Density   =    0.00176

The SCF was achieved at MD=  20

*******************************************************
             MD or geometry opt. at MD =20              
*******************************************************

<BFGS>  |Maximum force| (Hartree/Bohr) = 0.000294256870
<BFGS>  Criterion       (Hartree/Bohr) = 0.000100000000

     atom=   1, XYZ(ang) Fxyz(a.u.)=   0.0000    0.0004    0.0001    -0.0000   -0.0001    0.0000
     atom=   2, XYZ(ang) Fxyz(a.u.)=   2.9849    2.9898    1.6198     0.0000   -0.0002   -0.0000
     atom=   3, XYZ(ang) Fxyz(a.u.)=  -0.0000    2.9868    0.8321     0.0000    0.0000   -0.0001
     atom=   4, XYZ(ang) Fxyz(a.u.)=   2.9849    0.0027    2.3920    -0.0000   -0.0002    0.0003

*******************************************************
        Analysis of neighbors and setting of grids        
*******************************************************


*******************************************************
  Allocation of atoms to processors at MD_iter=   21     
*******************************************************

 proc =   0  # of atoms=   1  estimated weight=         1.00000
 proc =   1  # of atoms=   1  estimated weight=         1.00000
 proc =   2  # of atoms=   1  estimated weight=         1.00000
 proc =   3  # of atoms=   1  estimated weight=         1.00000
 proc =   4  # of atoms=   0  estimated weight=         0.00000
 proc =   5  # of atoms=   0  estimated weight=         0.00000
 proc =   6  # of atoms=   0  estimated weight=         0.00000
 proc =   7  # of atoms=   0  estimated weight=         0.00000
 proc =   8  # of atoms=   0  estimated weight=         0.00000
 proc =   9  # of atoms=   0  estimated weight=         0.00000
 proc =  10  # of atoms=   0  estimated weight=         0.00000
 proc =  11  # of atoms=   0  estimated weight=         0.00000
 proc =  12  # of atoms=   0  estimated weight=         0.00000
 proc =  13  # of atoms=   0  estimated weight=         0.00000
 proc =  14  # of atoms=   0  estimated weight=         0.00000
 proc =  15  # of atoms=   0  estimated weight=         0.00000



TFNAN=     256   Average FNAN=  64.00000
TSNAN=       0   Average SNAN=   0.00000
<truncation> CpyCell= 3 ct_AN=   1 FNAN SNAN  64   0
<truncation> CpyCell= 3 ct_AN=   2 FNAN SNAN  64   0
<truncation> CpyCell= 3 ct_AN=   3 FNAN SNAN  64   0
<truncation> CpyCell= 3 ct_AN=   4 FNAN SNAN  64   0
<UCell_Box> Info. of cutoff energy and num. of grids
lattice vectors (bohr)
A  = 11.281295655248,  0.000000000000,  0.000000000000
B  =  0.000000000000, 11.281295655248,  0.028203239138
C  =  0.000000000000,  0.015204829790,  6.081931916162
reciprocal lattice vectors (bohr^-1)
RA =  0.556956000374,  0.000000000000,  0.000000000000
RB =  0.000000000000,  0.556959481370, -0.001392398703
RC =  0.000000000000, -0.002582742073,  1.033096829091
Required cutoff energy (Ryd) for 3D-grids = 200.0000
    Used cutoff energy (Ryd) for 3D-grids = 193.8750, 193.8786, 194.5146
Num. of grids of a-, b-, and c-axes = 50, 50, 27
Cell_Volume =    774.028233187484 (Bohr^3)
GridVol     =      0.011467084936 (Bohr^3)
Cell vectors (bohr) of the grid cell (gtv)
  gtv_a =  0.225625913105,  0.000000000000,  0.000000000000
  gtv_b =  0.000000000000,  0.225625913105,  0.000564064783
  gtv_c =  0.000000000000,  0.000563141844,  0.225256737636
  |gtv_a| =  0.225625913105
  |gtv_b| =  0.225626618185
  |gtv_c| =  0.225257441562
Num. of grids overlapping with atom    1 = 125069
Num. of grids overlapping with atom    2 = 125311
Num. of grids overlapping with atom    3 = 125132
Num. of grids overlapping with atom    4 = 125081

*******************************************************
             SCF calculation at MD =21                
*******************************************************

<MD=21>  Calculation of the overlap matrix
<MD=21>  Calculation of the nonlocal matrix
<MD=21>  Calculation of the VNA projector matrix

******************* MD=21  SCF= 1 *******************
<Restart>  Found restart files
<Poisson>  Poisson's equation using FFT...
<Band>  Solving the eigenvalue problem...
 KGrids1:  -0.45833  -0.37500  -0.29167  -0.20833  -0.12500  -0.04167   0.04167   0.12500   0.20833   0.29167   0.37500   0.45833 
 KGrids2:  -0.45833  -0.37500  -0.29167  -0.20833  -0.12500  -0.04167   0.04167   0.12500   0.20833   0.29167   0.37500   0.45833 
 KGrids3:  -0.47500  -0.42500  -0.37500  -0.32500  -0.27500  -0.22500  -0.17500  -0.12500  -0.07500  -0.02500   0.02500   0.07500   0.12500   0.17500   0.22500   0.27500   0.32500   0.37500   0.42500   0.47500 
<Band_DFT>  Eigen, time=0.740292
<Band_DFT>  DM, time=2.035083
    1   Sn  MulP   6.9999  6.9999 sum  13.9998
    2   Sn  MulP   7.0004  7.0004 sum  14.0008
    3   Sn  MulP   6.9999  6.9999 sum  13.9997
    4   Sn  MulP   6.9999  6.9999 sum  13.9997
 Sum of MulP: up   =    28.00000 down          =    28.00000
              total=    56.00000 ideal(neutral)=    56.00000
<DFT>  Total Spin Moment (muB) =  0.000000000000
<DFT>  Mixing_weight= 0.400000000000
<DFT>  Uele   =  -42.211608906045  dUele     =   1.000000000000
<DFT>  NormRD =    1.000000000000  Criterion =   0.000000100000

******************* MD=21  SCF= 2 *******************
<Poisson>  Poisson's equation using FFT...
<Set_Hamiltonian>  Hamiltonian matrix for VNA+dVH+Vxc...
<Band>  Solving the eigenvalue problem...
 KGrids1:  -0.45833  -0.37500  -0.29167  -0.20833  -0.12500  -0.04167   0.04167   0.12500   0.20833   0.29167   0.37500   0.45833 
 KGrids2:  -0.45833  -0.37500  -0.29167  -0.20833  -0.12500  -0.04167   0.04167   0.12500   0.20833   0.29167   0.37500   0.45833 
 KGrids3:  -0.47500  -0.42500  -0.37500  -0.32500  -0.27500  -0.22500  -0.17500  -0.12500  -0.07500  -0.02500   0.02500   0.07500   0.12500   0.17500   0.22500   0.27500   0.32500   0.37500   0.42500   0.47500 
<Band_DFT>  Eigen, time=0.738830
<Band_DFT>  DM, time=2.032611
    1   Sn  MulP   6.9999  6.9999 sum  13.9998
    2   Sn  MulP   7.0004  7.0004 sum  14.0008
    3   Sn  MulP   6.9999  6.9999 sum  13.9997
    4   Sn  MulP   6.9999  6.9999 sum  13.9997
 Sum of MulP: up   =    28.00000 down          =    28.00000
              total=    56.00000 ideal(neutral)=    56.00000
<DFT>  Total Spin Moment (muB) =  0.000000000000
<DFT>  Mixing_weight= 0.400000000000
<DFT>  Uele   =  -42.211607864481  dUele     =   0.000001041563
<DFT>  NormRD =    0.000042387723  Criterion =   0.000000100000

******************* MD=21  SCF= 3 *******************
<Poisson>  Poisson's equation using FFT...
<Set_Hamiltonian>  Hamiltonian matrix for VNA+dVH+Vxc...
<Band>  Solving the eigenvalue problem...
 KGrids1:  -0.45833  -0.37500  -0.29167  -0.20833  -0.12500  -0.04167   0.04167   0.12500   0.20833   0.29167   0.37500   0.45833 
 KGrids2:  -0.45833  -0.37500  -0.29167  -0.20833  -0.12500  -0.04167   0.04167   0.12500   0.20833   0.29167   0.37500   0.45833 
 KGrids3:  -0.47500  -0.42500  -0.37500  -0.32500  -0.27500  -0.22500  -0.17500  -0.12500  -0.07500  -0.02500   0.02500   0.07500   0.12500   0.17500   0.22500   0.27500   0.32500   0.37500   0.42500   0.47500 
<Band_DFT>  Eigen, time=0.741205
<Band_DFT>  DM, time=2.040219
    1   Sn  MulP   6.9999  6.9999 sum  13.9998
    2   Sn  MulP   7.0004  7.0004 sum  14.0008
    3   Sn  MulP   6.9999  6.9999 sum  13.9997
    4   Sn  MulP   6.9999  6.9999 sum  13.9997
 Sum of MulP: up   =    28.00000 down          =    28.00000
              total=    56.00000 ideal(neutral)=    56.00000
<DFT>  Total Spin Moment (muB) =  0.000000000000
<DFT>  Mixing_weight= 0.040000000000
<DFT>  Uele   =  -42.211607181598  dUele     =   0.000000682883
<DFT>  NormRD =    0.000029229298  Criterion =   0.000000100000

******************* MD=21  SCF= 4 *******************
<Poisson>  Poisson's equation using FFT...
<Set_Hamiltonian>  Hamiltonian matrix for VNA+dVH+Vxc...
<Band>  Solving the eigenvalue problem...
 KGrids1:  -0.45833  -0.37500  -0.29167  -0.20833  -0.12500  -0.04167   0.04167   0.12500   0.20833   0.29167   0.37500   0.45833 
 KGrids2:  -0.45833  -0.37500  -0.29167  -0.20833  -0.12500  -0.04167   0.04167   0.12500   0.20833   0.29167   0.37500   0.45833 
 KGrids3:  -0.47500  -0.42500  -0.37500  -0.32500  -0.27500  -0.22500  -0.17500  -0.12500  -0.07500  -0.02500   0.02500   0.07500   0.12500   0.17500   0.22500   0.27500   0.32500   0.37500   0.42500   0.47500 
<Band_DFT>  Eigen, time=0.732367
<Band_DFT>  DM, time=2.032214
    1   Sn  MulP   6.9999  6.9999 sum  13.9998
    2   Sn  MulP   7.0004  7.0004 sum  14.0008
    3   Sn  MulP   6.9999  6.9999 sum  13.9997
    4   Sn  MulP   6.9999  6.9999 sum  13.9997
 Sum of MulP: up   =    28.00000 down          =    28.00000
              total=    56.00000 ideal(neutral)=    56.00000
<DFT>  Total Spin Moment (muB) =  0.000000000000
<DFT>  Mixing_weight= 0.040000000000
<DFT>  Uele   =  -42.211605534372  dUele     =   0.000001647226
<DFT>  NormRD =    0.000001911336  Criterion =   0.000000100000

******************* MD=21  SCF= 5 *******************
<Poisson>  Poisson's equation using FFT...
<Set_Hamiltonian>  Hamiltonian matrix for VNA+dVH+Vxc...
<Band>  Solving the eigenvalue problem...
 KGrids1:  -0.45833  -0.37500  -0.29167  -0.20833  -0.12500  -0.04167   0.04167   0.12500   0.20833   0.29167   0.37500   0.45833 
 KGrids2:  -0.45833  -0.37500  -0.29167  -0.20833  -0.12500  -0.04167   0.04167   0.12500   0.20833   0.29167   0.37500   0.45833 
 KGrids3:  -0.47500  -0.42500  -0.37500  -0.32500  -0.27500  -0.22500  -0.17500  -0.12500  -0.07500  -0.02500   0.02500   0.07500   0.12500   0.17500   0.22500   0.27500   0.32500   0.37500   0.42500   0.47500 
<Band_DFT>  Eigen, time=0.739419
<Band_DFT>  DM, time=2.029814
    1   Sn  MulP   6.9999  6.9999 sum  13.9998
    2   Sn  MulP   7.0004  7.0004 sum  14.0008
    3   Sn  MulP   6.9999  6.9999 sum  13.9997
    4   Sn  MulP   6.9999  6.9999 sum  13.9997
 Sum of MulP: up   =    28.00000 down          =    28.00000
              total=    56.00000 ideal(neutral)=    56.00000
<DFT>  Total Spin Moment (muB) =  0.000000000000
<DFT>  Mixing_weight= 0.040000000000
<DFT>  Uele   =  -42.211605794154  dUele     =   0.000000259783
<DFT>  NormRD =    0.000001098931  Criterion =   0.000000100000

******************* MD=21  SCF= 6 *******************
<Poisson>  Poisson's equation using FFT...
<Set_Hamiltonian>  Hamiltonian matrix for VNA+dVH+Vxc...
<Band>  Solving the eigenvalue problem...
 KGrids1:  -0.45833  -0.37500  -0.29167  -0.20833  -0.12500  -0.04167   0.04167   0.12500   0.20833   0.29167   0.37500   0.45833 
 KGrids2:  -0.45833  -0.37500  -0.29167  -0.20833  -0.12500  -0.04167   0.04167   0.12500   0.20833   0.29167   0.37500   0.45833 
 KGrids3:  -0.47500  -0.42500  -0.37500  -0.32500  -0.27500  -0.22500  -0.17500  -0.12500  -0.07500  -0.02500   0.02500   0.07500   0.12500   0.17500   0.22500   0.27500   0.32500   0.37500   0.42500   0.47500 
<Band_DFT>  Eigen, time=0.743179
<Band_DFT>  DM, time=2.036412
    1   Sn  MulP   6.9999  6.9999 sum  13.9998
    2   Sn  MulP   7.0004  7.0004 sum  14.0008
    3   Sn  MulP   6.9999  6.9999 sum  13.9997
    4   Sn  MulP   6.9999  6.9999 sum  13.9997
 Sum of MulP: up   =    28.00000 down          =    28.00000
              total=    56.00000 ideal(neutral)=    56.00000
<DFT>  Total Spin Moment (muB) =  0.000000000000
<DFT>  Mixing_weight= 0.040000000000
<DFT>  Uele   =  -42.211605769368  dUele     =   0.000000024786
<DFT>  NormRD =    0.000001016265  Criterion =   0.000000100000
<MD=21>  Force calculation
  Force calculation #1
  Force calculation #2
  Force calculation #3
  Force calculation #4
  Force calculation #5
  Stress calculation #1
  Stress calculation #2
  Stress calculation #3
  Stress calculation #4
  Stress calculation #5
<MD=21>  Total Energy
  Force calculation #6
  Force calculation #7

*******************************************************
                  Dipole moment (Debye)                 
*******************************************************

 Absolute D      521.51026323

                      Dx                Dy                Dz
 Total           -362.13892244     -363.28686933      -94.07978568
 Core             401.43885726      402.10457169      325.72928234
 Electron        -763.57777970     -765.39144102     -419.80906802
 Back ground       -0.00000000       -0.00000000       -0.00000000

*******************************************************
               Stress tensor (Hartree/bohr^3)            
*******************************************************

      -0.00000005        0.00000000        0.00000000 
       0.00000000       -0.00000148        0.00000306 
       0.00000000        0.00000306        0.00000036 

*******************************************************
                Total Energy (Hartree) at MD =21        
*******************************************************

  Uele  =     -42.211605769368

  Ukin  =     203.438585012048
  UH0   =   -2703.962801209923
  UH1   =       0.004898152031
  Una   =    -149.421000365049
  Unl   =     -47.913255926955
  Uxc0  =     -25.237145197869
  Uxc1  =     -25.237145197869
  Ucore =    2464.170544507791
  Uhub  =       0.000000000000
  Ucs   =       0.000000000000
  Uzs   =       0.000000000000
  Uzo   =       0.000000000000
  Uef   =       0.000000000000
  UvdW  =       0.000000000000
  Uch   =       0.000000000000
  Utot  =    -284.157320225794

  UpV   =       0.000000000000
  Enpy  =    -284.157320225794
  Note:

  Uele:   band energy
  Ukin:   kinetic energy
  UH0:    electric part of screened Coulomb energy
  UH1:    difference electron-electron Coulomb energy
  Una:    neutral atom potential energy
  Unl:    non-local potential energy
  Uxc0:   exchange-correlation energy for alpha spin
  Uxc1:   exchange-correlation energy for beta spin
  Ucore:  core-core Coulomb energy
  Uhub:   LDA+U energy
  Ucs:    constraint energy for spin orientation
  Uzs:    Zeeman term for spin magnetic moment
  Uzo:    Zeeman term for orbital magnetic moment
  Uef:    electric energy by electric field
  UvdW:   semi-empirical vdW energy 
  Uch:    penalty term to create a core hole
  UpV:    pressure times volume
  Enpy:   Enthalpy = Utot + UpV
  (see also PRB 72, 045121(2005) for the energy contributions)


*******************************************************
           Computational times (s) at MD =21            
*******************************************************

  DFT in total      =   28.99737

  Set_OLP_Kin       =    0.69734
  Set_Nonlocal      =    1.37338
  Set_ProExpn_VNA   =    2.88998
  Set_Hamiltonian   =    1.44062
  Poisson           =    0.00090
  diagonalization   =   16.97085
  Mixing_DM         =    0.00473
  Force             =    2.26587
  Total_Energy      =    0.45831
  Set_Aden_Grid     =    0.00713
  Set_Orbitals_Grid =    0.09772
  Set_Density_Grid  =    0.55360
  RestartFileDFT    =    0.00376
  Mulliken_Charge   =    0.00098
  FFT(2D)_Density   =    0.00177

The SCF was achieved at MD=  21

*******************************************************
             MD or geometry opt. at MD =21              
*******************************************************

<BFGS>  |Maximum force| (Hartree/Bohr) = 0.000290868547
<BFGS>  Criterion       (Hartree/Bohr) = 0.000100000000

     atom=   1, XYZ(ang) Fxyz(a.u.)=  -0.0000    0.0032   -0.0004    -0.0000   -0.0001    0.0000
     atom=   2, XYZ(ang) Fxyz(a.u.)=   2.9849    2.9923    1.6178     0.0000   -0.0001   -0.0000
     atom=   3, XYZ(ang) Fxyz(a.u.)=   0.0000    2.9870    0.8236     0.0000   -0.0000   -0.0000
     atom=   4, XYZ(ang) Fxyz(a.u.)=   2.9849    0.0067    2.3889    -0.0000   -0.0001    0.0003

*******************************************************
        Analysis of neighbors and setting of grids        
*******************************************************


*******************************************************
  Allocation of atoms to processors at MD_iter=   22     
*******************************************************

 proc =   0  # of atoms=   1  estimated weight=         1.00000
 proc =   1  # of atoms=   1  estimated weight=         1.00000
 proc =   2  # of atoms=   1  estimated weight=         1.00000
 proc =   3  # of atoms=   1  estimated weight=         1.00000
 proc =   4  # of atoms=   0  estimated weight=         0.00000
 proc =   5  # of atoms=   0  estimated weight=         0.00000
 proc =   6  # of atoms=   0  estimated weight=         0.00000
 proc =   7  # of atoms=   0  estimated weight=         0.00000
 proc =   8  # of atoms=   0  estimated weight=         0.00000
 proc =   9  # of atoms=   0  estimated weight=         0.00000
 proc =  10  # of atoms=   0  estimated weight=         0.00000
 proc =  11  # of atoms=   0  estimated weight=         0.00000
 proc =  12  # of atoms=   0  estimated weight=         0.00000
 proc =  13  # of atoms=   0  estimated weight=         0.00000
 proc =  14  # of atoms=   0  estimated weight=         0.00000
 proc =  15  # of atoms=   0  estimated weight=         0.00000



TFNAN=     256   Average FNAN=  64.00000
TSNAN=       0   Average SNAN=   0.00000
<truncation> CpyCell= 3 ct_AN=   1 FNAN SNAN  64   0
<truncation> CpyCell= 3 ct_AN=   2 FNAN SNAN  64   0
<truncation> CpyCell= 3 ct_AN=   3 FNAN SNAN  64   0
<truncation> CpyCell= 3 ct_AN=   4 FNAN SNAN  64   0
<UCell_Box> Info. of cutoff energy and num. of grids
lattice vectors (bohr)
A  = 11.281295655248,  0.000000000000,  0.000000000000
B  =  0.000000000000, 11.281295655248,  0.028203239138
C  =  0.000000000000,  0.015204829790,  6.081931916162
reciprocal lattice vectors (bohr^-1)
RA =  0.556956000374,  0.000000000000,  0.000000000000
RB =  0.000000000000,  0.556959481370, -0.001392398703
RC =  0.000000000000, -0.002582742073,  1.033096829091
Required cutoff energy (Ryd) for 3D-grids = 200.0000
    Used cutoff energy (Ryd) for 3D-grids = 193.8750, 193.8786, 194.5146
Num. of grids of a-, b-, and c-axes = 50, 50, 27
Cell_Volume =    774.028233187484 (Bohr^3)
GridVol     =      0.011467084936 (Bohr^3)
Cell vectors (bohr) of the grid cell (gtv)
  gtv_a =  0.225625913105,  0.000000000000,  0.000000000000
  gtv_b =  0.000000000000,  0.225625913105,  0.000564064783
  gtv_c =  0.000000000000,  0.000563141844,  0.225256737636
  |gtv_a| =  0.225625913105
  |gtv_b| =  0.225626618185
  |gtv_c| =  0.225257441562
Num. of grids overlapping with atom    1 = 125084
Num. of grids overlapping with atom    2 = 125295
Num. of grids overlapping with atom    3 = 125175
Num. of grids overlapping with atom    4 = 125105

*******************************************************
             SCF calculation at MD =22                
*******************************************************

<MD=22>  Calculation of the overlap matrix
<MD=22>  Calculation of the nonlocal matrix
<MD=22>  Calculation of the VNA projector matrix

******************* MD=22  SCF= 1 *******************
<Restart>  Found restart files
<Poisson>  Poisson's equation using FFT...
<Band>  Solving the eigenvalue problem...
 KGrids1:  -0.45833  -0.37500  -0.29167  -0.20833  -0.12500  -0.04167   0.04167   0.12500   0.20833   0.29167   0.37500   0.45833 
 KGrids2:  -0.45833  -0.37500  -0.29167  -0.20833  -0.12500  -0.04167   0.04167   0.12500   0.20833   0.29167   0.37500   0.45833 
 KGrids3:  -0.47500  -0.42500  -0.37500  -0.32500  -0.27500  -0.22500  -0.17500  -0.12500  -0.07500  -0.02500   0.02500   0.07500   0.12500   0.17500   0.22500   0.27500   0.32500   0.37500   0.42500   0.47500 
<Band_DFT>  Eigen, time=0.744923
<Band_DFT>  DM, time=2.028463
    1   Sn  MulP   7.0000  7.0000 sum  13.9999
    2   Sn  MulP   7.0003  7.0003 sum  14.0005
    3   Sn  MulP   6.9999  6.9999 sum  13.9998
    4   Sn  MulP   6.9999  6.9999 sum  13.9997
 Sum of MulP: up   =    28.00000 down          =    28.00000
              total=    56.00000 ideal(neutral)=    56.00000
<DFT>  Total Spin Moment (muB) =  0.000000000000
<DFT>  Mixing_weight= 0.400000000000
<DFT>  Uele   =  -42.211566795490  dUele     =   1.000000000000
<DFT>  NormRD =    1.000000000000  Criterion =   0.000000100000

******************* MD=22  SCF= 2 *******************
<Poisson>  Poisson's equation using FFT...
<Set_Hamiltonian>  Hamiltonian matrix for VNA+dVH+Vxc...
<Band>  Solving the eigenvalue problem...
 KGrids1:  -0.45833  -0.37500  -0.29167  -0.20833  -0.12500  -0.04167   0.04167   0.12500   0.20833   0.29167   0.37500   0.45833 
 KGrids2:  -0.45833  -0.37500  -0.29167  -0.20833  -0.12500  -0.04167   0.04167   0.12500   0.20833   0.29167   0.37500   0.45833 
 KGrids3:  -0.47500  -0.42500  -0.37500  -0.32500  -0.27500  -0.22500  -0.17500  -0.12500  -0.07500  -0.02500   0.02500   0.07500   0.12500   0.17500   0.22500   0.27500   0.32500   0.37500   0.42500   0.47500 
<Band_DFT>  Eigen, time=0.520145
<Band_DFT>  DM, time=1.387280
    1   Sn  MulP   6.9999  6.9999 sum  13.9998
    2   Sn  MulP   7.0003  7.0003 sum  14.0006
    3   Sn  MulP   6.9999  6.9999 sum  13.9998
    4   Sn  MulP   6.9999  6.9999 sum  13.9997
 Sum of MulP: up   =    28.00000 down          =    28.00000
              total=    56.00000 ideal(neutral)=    56.00000
<DFT>  Total Spin Moment (muB) =  0.000000000000
<DFT>  Mixing_weight= 0.400000000000
<DFT>  Uele   =  -42.211600431627  dUele     =   0.000033636137
<DFT>  NormRD =    0.002963176549  Criterion =   0.000000100000

******************* MD=22  SCF= 3 *******************
<Poisson>  Poisson's equation using FFT...
<Set_Hamiltonian>  Hamiltonian matrix for VNA+dVH+Vxc...
<Band>  Solving the eigenvalue problem...
 KGrids1:  -0.45833  -0.37500  -0.29167  -0.20833  -0.12500  -0.04167   0.04167   0.12500   0.20833   0.29167   0.37500   0.45833 
 KGrids2:  -0.45833  -0.37500  -0.29167  -0.20833  -0.12500  -0.04167   0.04167   0.12500   0.20833   0.29167   0.37500   0.45833 
 KGrids3:  -0.47500  -0.42500  -0.37500  -0.32500  -0.27500  -0.22500  -0.17500  -0.12500  -0.07500  -0.02500   0.02500   0.07500   0.12500   0.17500   0.22500   0.27500   0.32500   0.37500   0.42500   0.47500 
<Band_DFT>  Eigen, time=0.513713
<Band_DFT>  DM, time=1.389558
    1   Sn  MulP   6.9999  6.9999 sum  13.9998
    2   Sn  MulP   7.0003  7.0003 sum  14.0007
    3   Sn  MulP   6.9999  6.9999 sum  13.9998
    4   Sn  MulP   6.9999  6.9999 sum  13.9997
 Sum of MulP: up   =    28.00000 down          =    28.00000
              total=    56.00000 ideal(neutral)=    56.00000
<DFT>  Total Spin Moment (muB) =  0.000000000000
<DFT>  Mixing_weight= 0.040000000000
<DFT>  Uele   =  -42.211621001957  dUele     =   0.000020570331
<DFT>  NormRD =    0.002027592477  Criterion =   0.000000100000

******************* MD=22  SCF= 4 *******************
<Poisson>  Poisson's equation using FFT...
<Set_Hamiltonian>  Hamiltonian matrix for VNA+dVH+Vxc...
<Band>  Solving the eigenvalue problem...
 KGrids1:  -0.45833  -0.37500  -0.29167  -0.20833  -0.12500  -0.04167   0.04167   0.12500   0.20833   0.29167   0.37500   0.45833 
 KGrids2:  -0.45833  -0.37500  -0.29167  -0.20833  -0.12500  -0.04167   0.04167   0.12500   0.20833   0.29167   0.37500   0.45833 
 KGrids3:  -0.47500  -0.42500  -0.37500  -0.32500  -0.27500  -0.22500  -0.17500  -0.12500  -0.07500  -0.02500   0.02500   0.07500   0.12500   0.17500   0.22500   0.27500   0.32500   0.37500   0.42500   0.47500 
<Band_DFT>  Eigen, time=0.516599
<Band_DFT>  DM, time=1.390332
    1   Sn  MulP   6.9999  6.9999 sum  13.9998
    2   Sn  MulP   7.0003  7.0003 sum  14.0007
    3   Sn  MulP   6.9999  6.9999 sum  13.9998
    4   Sn  MulP   6.9999  6.9999 sum  13.9997
 Sum of MulP: up   =    28.00000 down          =    28.00000
              total=    56.00000 ideal(neutral)=    56.00000
<DFT>  Total Spin Moment (muB) =  0.000000000000
<DFT>  Mixing_weight= 0.040000000000
<DFT>  Uele   =  -42.211656807118  dUele     =   0.000035805161
<DFT>  NormRD =    0.000187209705  Criterion =   0.000000100000

******************* MD=22  SCF= 5 *******************
<Poisson>  Poisson's equation using FFT...
<Set_Hamiltonian>  Hamiltonian matrix for VNA+dVH+Vxc...
<Band>  Solving the eigenvalue problem...
 KGrids1:  -0.45833  -0.37500  -0.29167  -0.20833  -0.12500  -0.04167   0.04167   0.12500   0.20833   0.29167   0.37500   0.45833 
 KGrids2:  -0.45833  -0.37500  -0.29167  -0.20833  -0.12500  -0.04167   0.04167   0.12500   0.20833   0.29167   0.37500   0.45833 
 KGrids3:  -0.47500  -0.42500  -0.37500  -0.32500  -0.27500  -0.22500  -0.17500  -0.12500  -0.07500  -0.02500   0.02500   0.07500   0.12500   0.17500   0.22500   0.27500   0.32500   0.37500   0.42500   0.47500 
<Band_DFT>  Eigen, time=0.515074
<Band_DFT>  DM, time=1.391441
    1   Sn  MulP   6.9999  6.9999 sum  13.9998
    2   Sn  MulP   7.0003  7.0003 sum  14.0007
    3   Sn  MulP   6.9999  6.9999 sum  13.9998
    4   Sn  MulP   6.9999  6.9999 sum  13.9997
 Sum of MulP: up   =    28.00000 down          =    28.00000
              total=    56.00000 ideal(neutral)=    56.00000
<DFT>  Total Spin Moment (muB) =  0.000000000000
<DFT>  Mixing_weight= 0.040000000000
<DFT>  Uele   =  -42.211653736185  dUele     =   0.000003070934
<DFT>  NormRD =    0.000111549058  Criterion =   0.000000100000

******************* MD=22  SCF= 6 *******************
<Poisson>  Poisson's equation using FFT...
<Set_Hamiltonian>  Hamiltonian matrix for VNA+dVH+Vxc...
<Band>  Solving the eigenvalue problem...
 KGrids1:  -0.45833  -0.37500  -0.29167  -0.20833  -0.12500  -0.04167   0.04167   0.12500   0.20833   0.29167   0.37500   0.45833 
 KGrids2:  -0.45833  -0.37500  -0.29167  -0.20833  -0.12500  -0.04167   0.04167   0.12500   0.20833   0.29167   0.37500   0.45833 
 KGrids3:  -0.47500  -0.42500  -0.37500  -0.32500  -0.27500  -0.22500  -0.17500  -0.12500  -0.07500  -0.02500   0.02500   0.07500   0.12500   0.17500   0.22500   0.27500   0.32500   0.37500   0.42500   0.47500 
<Band_DFT>  Eigen, time=0.518604
<Band_DFT>  DM, time=1.390911
    1   Sn  MulP   6.9999  6.9999 sum  13.9998
    2   Sn  MulP   7.0003  7.0003 sum  14.0007
    3   Sn  MulP   6.9999  6.9999 sum  13.9998
    4   Sn  MulP   6.9999  6.9999 sum  13.9998
 Sum of MulP: up   =    28.00000 down          =    28.00000
              total=    56.00000 ideal(neutral)=    56.00000
<DFT>  Total Spin Moment (muB) =  0.000000000000
<DFT>  Mixing_weight= 0.040000000000
<DFT>  Uele   =  -42.211653671119  dUele     =   0.000000065066
<DFT>  NormRD =    0.000071082509  Criterion =   0.000000100000
<MD=22>  Force calculation
  Force calculation #1
  Force calculation #2
  Force calculation #3
  Force calculation #4
  Force calculation #5
  Stress calculation #1
  Stress calculation #2
  Stress calculation #3
  Stress calculation #4
  Stress calculation #5
<MD=22>  Total Energy
  Force calculation #6
  Force calculation #7

*******************************************************
                  Dipole moment (Debye)                 
*******************************************************

 Absolute D      520.06034572

                      Dx                Dy                Dz
 Total           -362.13593535     -361.08662418      -94.53452999
 Core             401.43932338      402.74489456      324.78607755
 Electron        -763.57525873     -763.83151874     -419.32060754
 Back ground       -0.00000000       -0.00000000       -0.00000000

*******************************************************
               Stress tensor (Hartree/bohr^3)            
*******************************************************

       0.00000082        0.00000000        0.00000000 
       0.00000000       -0.00000319        0.00000298 
       0.00000000        0.00000298       -0.00000005 

*******************************************************
                Total Energy (Hartree) at MD =22        
*******************************************************

  Uele  =     -42.211653671119

  Ukin  =     203.438371770226
  UH0   =   -2703.964021486140
  UH1   =       0.004898497561
  Una   =    -149.420891756329
  Unl   =     -47.913164188086
  Uxc0  =     -25.237132343830
  Uxc1  =     -25.237132343830
  Ucore =    2464.171759783085
  Uhub  =       0.000000000000
  Ucs   =       0.000000000000
  Uzs   =       0.000000000000
  Uzo   =       0.000000000000
  Uef   =       0.000000000000
  UvdW  =       0.000000000000
  Uch   =       0.000000000000
  Utot  =    -284.157312067344

  UpV   =       0.000000000000
  Enpy  =    -284.157312067344
  Note:

  Uele:   band energy
  Ukin:   kinetic energy
  UH0:    electric part of screened Coulomb energy
  UH1:    difference electron-electron Coulomb energy
  Una:    neutral atom potential energy
  Unl:    non-local potential energy
  Uxc0:   exchange-correlation energy for alpha spin
  Uxc1:   exchange-correlation energy for beta spin
  Ucore:  core-core Coulomb energy
  Uhub:   LDA+U energy
  Ucs:    constraint energy for spin orientation
  Uzs:    Zeeman term for spin magnetic moment
  Uzo:    Zeeman term for orbital magnetic moment
  Uef:    electric energy by electric field
  UvdW:   semi-empirical vdW energy 
  Uch:    penalty term to create a core hole
  UpV:    pressure times volume
  Enpy:   Enthalpy = Utot + UpV
  (see also PRB 72, 045121(2005) for the energy contributions)


*******************************************************
           Computational times (s) at MD =22            
*******************************************************

  DFT in total      =   24.06325

  Set_OLP_Kin       =    0.69857
  Set_Nonlocal      =    1.37214
  Set_ProExpn_VNA   =    2.90938
  Set_Hamiltonian   =    1.44827
  Poisson           =    0.00081
  diagonalization   =   12.64756
  Mixing_DM         =    0.00394
  Force             =    2.00751
  Total_Energy      =    0.42508
  Set_Aden_Grid     =    0.00792
  Set_Orbitals_Grid =    0.11161
  Set_Density_Grid  =    0.54460
  RestartFileDFT    =    0.00291
  Mulliken_Charge   =    0.00102
  FFT(2D)_Density   =    0.00153

The SCF was achieved at MD=  22

*******************************************************
             MD or geometry opt. at MD =22              
*******************************************************

<BFGS>  |Maximum force| (Hartree/Bohr) = 0.000886347862
<BFGS>  Criterion       (Hartree/Bohr) = 0.000100000000

     atom=   1, XYZ(ang) Fxyz(a.u.)=  -0.0000    0.0009    0.0000    -0.0000    0.0003   -0.0001
     atom=   2, XYZ(ang) Fxyz(a.u.)=   2.9849    2.9902    1.6195    -0.0000    0.0003   -0.0003
     atom=   3, XYZ(ang) Fxyz(a.u.)=   0.0000    2.9868    0.8308    -0.0000    0.0001   -0.0009
     atom=   4, XYZ(ang) Fxyz(a.u.)=   2.9849    0.0035    2.3914     0.0000   -0.0001   -0.0003

*******************************************************
        Analysis of neighbors and setting of grids        
*******************************************************


*******************************************************
  Allocation of atoms to processors at MD_iter=   23     
*******************************************************

 proc =   0  # of atoms=   1  estimated weight=         1.00000
 proc =   1  # of atoms=   1  estimated weight=         1.00000
 proc =   2  # of atoms=   1  estimated weight=         1.00000
 proc =   3  # of atoms=   1  estimated weight=         1.00000
 proc =   4  # of atoms=   0  estimated weight=         0.00000
 proc =   5  # of atoms=   0  estimated weight=         0.00000
 proc =   6  # of atoms=   0  estimated weight=         0.00000
 proc =   7  # of atoms=   0  estimated weight=         0.00000
 proc =   8  # of atoms=   0  estimated weight=         0.00000
 proc =   9  # of atoms=   0  estimated weight=         0.00000
 proc =  10  # of atoms=   0  estimated weight=         0.00000
 proc =  11  # of atoms=   0  estimated weight=         0.00000
 proc =  12  # of atoms=   0  estimated weight=         0.00000
 proc =  13  # of atoms=   0  estimated weight=         0.00000
 proc =  14  # of atoms=   0  estimated weight=         0.00000
 proc =  15  # of atoms=   0  estimated weight=         0.00000



TFNAN=     256   Average FNAN=  64.00000
TSNAN=       0   Average SNAN=   0.00000
<truncation> CpyCell= 3 ct_AN=   1 FNAN SNAN  64   0
<truncation> CpyCell= 3 ct_AN=   2 FNAN SNAN  64   0
<truncation> CpyCell= 3 ct_AN=   3 FNAN SNAN  64   0
<truncation> CpyCell= 3 ct_AN=   4 FNAN SNAN  64   0
<UCell_Box> Info. of cutoff energy and num. of grids
lattice vectors (bohr)
A  = 11.281295655248,  0.000000000000,  0.000000000000
B  =  0.000000000000, 11.281295655248,  0.028203239138
C  =  0.000000000000,  0.015204829790,  6.081931916162
reciprocal lattice vectors (bohr^-1)
RA =  0.556956000374,  0.000000000000,  0.000000000000
RB =  0.000000000000,  0.556959481370, -0.001392398703
RC =  0.000000000000, -0.002582742073,  1.033096829091
Required cutoff energy (Ryd) for 3D-grids = 200.0000
    Used cutoff energy (Ryd) for 3D-grids = 193.8750, 193.8786, 194.5146
Num. of grids of a-, b-, and c-axes = 50, 50, 27
Cell_Volume =    774.028233187484 (Bohr^3)
GridVol     =      0.011467084936 (Bohr^3)
Cell vectors (bohr) of the grid cell (gtv)
  gtv_a =  0.225625913105,  0.000000000000,  0.000000000000
  gtv_b =  0.000000000000,  0.225625913105,  0.000564064783
  gtv_c =  0.000000000000,  0.000563141844,  0.225256737636
  |gtv_a| =  0.225625913105
  |gtv_b| =  0.225626618185
  |gtv_c| =  0.225257441562
Num. of grids overlapping with atom    1 = 125059
Num. of grids overlapping with atom    2 = 125307
Num. of grids overlapping with atom    3 = 125145
Num. of grids overlapping with atom    4 = 125087

*******************************************************
             SCF calculation at MD =23                
*******************************************************

<MD=23>  Calculation of the overlap matrix
<MD=23>  Calculation of the nonlocal matrix
<MD=23>  Calculation of the VNA projector matrix

******************* MD=23  SCF= 1 *******************
<Restart>  Found restart files
<Poisson>  Poisson's equation using FFT...
<Band>  Solving the eigenvalue problem...
 KGrids1:  -0.45833  -0.37500  -0.29167  -0.20833  -0.12500  -0.04167   0.04167   0.12500   0.20833   0.29167   0.37500   0.45833 
 KGrids2:  -0.45833  -0.37500  -0.29167  -0.20833  -0.12500  -0.04167   0.04167   0.12500   0.20833   0.29167   0.37500   0.45833 
 KGrids3:  -0.47500  -0.42500  -0.37500  -0.32500  -0.27500  -0.22500  -0.17500  -0.12500  -0.07500  -0.02500   0.02500   0.07500   0.12500   0.17500   0.22500   0.27500   0.32500   0.37500   0.42500   0.47500 
<Band_DFT>  Eigen, time=0.745133
<Band_DFT>  DM, time=1.833171
    1   Sn  MulP   6.9999  6.9999 sum  13.9998
    2   Sn  MulP   7.0004  7.0004 sum  14.0008
    3   Sn  MulP   6.9999  6.9999 sum  13.9997
    4   Sn  MulP   6.9999  6.9999 sum  13.9997
 Sum of MulP: up   =    28.00000 down          =    28.00000
              total=    56.00000 ideal(neutral)=    56.00000
<DFT>  Total Spin Moment (muB) =  0.000000000000
<DFT>  Mixing_weight= 0.400000000000
<DFT>  Uele   =  -42.211614996026  dUele     =   1.000000000000
<DFT>  NormRD =    1.000000000000  Criterion =   0.000000100000

******************* MD=23  SCF= 2 *******************
<Poisson>  Poisson's equation using FFT...
<Set_Hamiltonian>  Hamiltonian matrix for VNA+dVH+Vxc...
<Band>  Solving the eigenvalue problem...
 KGrids1:  -0.45833  -0.37500  -0.29167  -0.20833  -0.12500  -0.04167   0.04167   0.12500   0.20833   0.29167   0.37500   0.45833 
 KGrids2:  -0.45833  -0.37500  -0.29167  -0.20833  -0.12500  -0.04167   0.04167   0.12500   0.20833   0.29167   0.37500   0.45833 
 KGrids3:  -0.47500  -0.42500  -0.37500  -0.32500  -0.27500  -0.22500  -0.17500  -0.12500  -0.07500  -0.02500   0.02500   0.07500   0.12500   0.17500   0.22500   0.27500   0.32500   0.37500   0.42500   0.47500 
<Band_DFT>  Eigen, time=0.515324
<Band_DFT>  DM, time=2.035807
    1   Sn  MulP   6.9999  6.9999 sum  13.9998
    2   Sn  MulP   7.0004  7.0004 sum  14.0008
    3   Sn  MulP   6.9999  6.9999 sum  13.9997
    4   Sn  MulP   6.9999  6.9999 sum  13.9997
 Sum of MulP: up   =    28.00000 down          =    28.00000
              total=    56.00000 ideal(neutral)=    56.00000
<DFT>  Total Spin Moment (muB) =  0.000000000000
<DFT>  Mixing_weight= 0.400000000000
<DFT>  Uele   =  -42.211612271895  dUele     =   0.000002724130
<DFT>  NormRD =    0.000046602944  Criterion =   0.000000100000

******************* MD=23  SCF= 3 *******************
<Poisson>  Poisson's equation using FFT...
<Set_Hamiltonian>  Hamiltonian matrix for VNA+dVH+Vxc...
<Band>  Solving the eigenvalue problem...
 KGrids1:  -0.45833  -0.37500  -0.29167  -0.20833  -0.12500  -0.04167   0.04167   0.12500   0.20833   0.29167   0.37500   0.45833 
 KGrids2:  -0.45833  -0.37500  -0.29167  -0.20833  -0.12500  -0.04167   0.04167   0.12500   0.20833   0.29167   0.37500   0.45833 
 KGrids3:  -0.47500  -0.42500  -0.37500  -0.32500  -0.27500  -0.22500  -0.17500  -0.12500  -0.07500  -0.02500   0.02500   0.07500   0.12500   0.17500   0.22500   0.27500   0.32500   0.37500   0.42500   0.47500 
<Band_DFT>  Eigen, time=0.744362
<Band_DFT>  DM, time=2.043027
    1   Sn  MulP   6.9999  6.9999 sum  13.9998
    2   Sn  MulP   7.0004  7.0004 sum  14.0008
    3   Sn  MulP   6.9999  6.9999 sum  13.9997
    4   Sn  MulP   6.9999  6.9999 sum  13.9997
 Sum of MulP: up   =    28.00000 down          =    28.00000
              total=    56.00000 ideal(neutral)=    56.00000
<DFT>  Total Spin Moment (muB) =  0.000000000000
<DFT>  Mixing_weight= 0.040000000000
<DFT>  Uele   =  -42.211610565534  dUele     =   0.000001706361
<DFT>  NormRD =    0.000031834996  Criterion =   0.000000100000

******************* MD=23  SCF= 4 *******************
<Poisson>  Poisson's equation using FFT...
<Set_Hamiltonian>  Hamiltonian matrix for VNA+dVH+Vxc...
<Band>  Solving the eigenvalue problem...
 KGrids1:  -0.45833  -0.37500  -0.29167  -0.20833  -0.12500  -0.04167   0.04167   0.12500   0.20833   0.29167   0.37500   0.45833 
 KGrids2:  -0.45833  -0.37500  -0.29167  -0.20833  -0.12500  -0.04167   0.04167   0.12500   0.20833   0.29167   0.37500   0.45833 
 KGrids3:  -0.47500  -0.42500  -0.37500  -0.32500  -0.27500  -0.22500  -0.17500  -0.12500  -0.07500  -0.02500   0.02500   0.07500   0.12500   0.17500   0.22500   0.27500   0.32500   0.37500   0.42500   0.47500 
<Band_DFT>  Eigen, time=0.745062
<Band_DFT>  DM, time=2.042518
    1   Sn  MulP   6.9999  6.9999 sum  13.9998
    2   Sn  MulP   7.0004  7.0004 sum  14.0008
    3   Sn  MulP   6.9999  6.9999 sum  13.9997
    4   Sn  MulP   6.9999  6.9999 sum  13.9997
 Sum of MulP: up   =    28.00000 down          =    28.00000
              total=    56.00000 ideal(neutral)=    56.00000
<DFT>  Total Spin Moment (muB) =  0.000000000000
<DFT>  Mixing_weight= 0.040000000000
<DFT>  Uele   =  -42.211607314675  dUele     =   0.000003250860
<DFT>  NormRD =    0.000003113841  Criterion =   0.000000100000

******************* MD=23  SCF= 5 *******************
<Poisson>  Poisson's equation using FFT...
<Set_Hamiltonian>  Hamiltonian matrix for VNA+dVH+Vxc...
<Band>  Solving the eigenvalue problem...
 KGrids1:  -0.45833  -0.37500  -0.29167  -0.20833  -0.12500  -0.04167   0.04167   0.12500   0.20833   0.29167   0.37500   0.45833 
 KGrids2:  -0.45833  -0.37500  -0.29167  -0.20833  -0.12500  -0.04167   0.04167   0.12500   0.20833   0.29167   0.37500   0.45833 
 KGrids3:  -0.47500  -0.42500  -0.37500  -0.32500  -0.27500  -0.22500  -0.17500  -0.12500  -0.07500  -0.02500   0.02500   0.07500   0.12500   0.17500   0.22500   0.27500   0.32500   0.37500   0.42500   0.47500 
<Band_DFT>  Eigen, time=0.743328
<Band_DFT>  DM, time=2.042577
    1   Sn  MulP   6.9999  6.9999 sum  13.9998
    2   Sn  MulP   7.0004  7.0004 sum  14.0008
    3   Sn  MulP   6.9999  6.9999 sum  13.9997
    4   Sn  MulP   6.9999  6.9999 sum  13.9997
 Sum of MulP: up   =    28.00000 down          =    28.00000
              total=    56.00000 ideal(neutral)=    56.00000
<DFT>  Total Spin Moment (muB) =  0.000000000000
<DFT>  Mixing_weight= 0.040000000000
<DFT>  Uele   =  -42.211607537509  dUele     =   0.000000222835
<DFT>  NormRD =    0.000002657581  Criterion =   0.000000100000

******************* MD=23  SCF= 6 *******************
<Poisson>  Poisson's equation using FFT...
<Set_Hamiltonian>  Hamiltonian matrix for VNA+dVH+Vxc...
<Band>  Solving the eigenvalue problem...
 KGrids1:  -0.45833  -0.37500  -0.29167  -0.20833  -0.12500  -0.04167   0.04167   0.12500   0.20833   0.29167   0.37500   0.45833 
 KGrids2:  -0.45833  -0.37500  -0.29167  -0.20833  -0.12500  -0.04167   0.04167   0.12500   0.20833   0.29167   0.37500   0.45833 
 KGrids3:  -0.47500  -0.42500  -0.37500  -0.32500  -0.27500  -0.22500  -0.17500  -0.12500  -0.07500  -0.02500   0.02500   0.07500   0.12500   0.17500   0.22500   0.27500   0.32500   0.37500   0.42500   0.47500 
<Band_DFT>  Eigen, time=0.798362
<Band_DFT>  DM, time=1.992508
    1   Sn  MulP   6.9999  6.9999 sum  13.9998
    2   Sn  MulP   7.0004  7.0004 sum  14.0008
    3   Sn  MulP   6.9999  6.9999 sum  13.9997
    4   Sn  MulP   6.9999  6.9999 sum  13.9997
 Sum of MulP: up   =    28.00000 down          =    28.00000
              total=    56.00000 ideal(neutral)=    56.00000
<DFT>  Total Spin Moment (muB) =  0.000000000000
<DFT>  Mixing_weight= 0.040000000000
<DFT>  Uele   =  -42.211607575997  dUele     =   0.000000038488
<DFT>  NormRD =    0.000001514648  Criterion =   0.000000100000
<MD=23>  Force calculation
  Force calculation #1
  Force calculation #2
  Force calculation #3
  Force calculation #4
  Force calculation #5
  Stress calculation #1
  Stress calculation #2
  Stress calculation #3
  Stress calculation #4
  Stress calculation #5
<MD=23>  Total Energy
  Force calculation #6
  Force calculation #7

*******************************************************
                  Dipole moment (Debye)                 
*******************************************************

 Absolute D      521.24802120

                      Dx                Dy                Dz
 Total           -362.13832110     -362.89214655      -94.15214269
 Core             401.43895921      402.22223653      325.57728390
 Electron        -763.57728031     -765.11438308     -419.72942660
 Back ground       -0.00000000       -0.00000000       -0.00000000

*******************************************************
               Stress tensor (Hartree/bohr^3)            
*******************************************************

       0.00000017        0.00000000        0.00000000 
       0.00000000       -0.00000174        0.00000302 
       0.00000000        0.00000302        0.00000050 

*******************************************************
                Total Energy (Hartree) at MD =23        
*******************************************************

  Uele  =     -42.211607575997

  Ukin  =     203.438560942691
  UH0   =   -2703.962992406553
  UH1   =       0.004898170389
  Una   =    -149.420987096825
  Unl   =     -47.913246419665
  Uxc0  =     -25.237144183469
  Uxc1  =     -25.237144183469
  Ucore =    2464.170734536996
  Uhub  =       0.000000000000
  Ucs   =       0.000000000000
  Uzs   =       0.000000000000
  Uzo   =       0.000000000000
  Uef   =       0.000000000000
  UvdW  =       0.000000000000
  Uch   =       0.000000000000
  Utot  =    -284.157320639903

  UpV   =       0.000000000000
  Enpy  =    -284.157320639903
  Note:

  Uele:   band energy
  Ukin:   kinetic energy
  UH0:    electric part of screened Coulomb energy
  UH1:    difference electron-electron Coulomb energy
  Una:    neutral atom potential energy
  Unl:    non-local potential energy
  Uxc0:   exchange-correlation energy for alpha spin
  Uxc1:   exchange-correlation energy for beta spin
  Ucore:  core-core Coulomb energy
  Uhub:   LDA+U energy
  Ucs:    constraint energy for spin orientation
  Uzs:    Zeeman term for spin magnetic moment
  Uzo:    Zeeman term for orbital magnetic moment
  Uef:    electric energy by electric field
  UvdW:   semi-empirical vdW energy 
  Uch:    penalty term to create a core hole
  UpV:    pressure times volume
  Enpy:   Enthalpy = Utot + UpV
  (see also PRB 72, 045121(2005) for the energy contributions)


*******************************************************
           Computational times (s) at MD =23            
*******************************************************

  DFT in total      =   28.14428

  Set_OLP_Kin       =    1.05859
  Set_Nonlocal      =    1.32026
  Set_ProExpn_VNA   =    2.70409
  Set_Hamiltonian   =    1.44577
  Poisson           =    0.00092
  diagonalization   =   16.64599
  Mixing_DM         =    0.00458
  Force             =    1.91255
  Total_Energy      =    0.40947
  Set_Aden_Grid     =    0.16414
  Set_Orbitals_Grid =    0.09917
  Set_Density_Grid  =    0.54803
  RestartFileDFT    =    0.03855
  Mulliken_Charge   =    0.00100
  FFT(2D)_Density   =    0.00170

The SCF was achieved at MD=  23

*******************************************************
             MD or geometry opt. at MD =23              
*******************************************************

<BFGS>  |Maximum force| (Hartree/Bohr) = 0.000196743237
<BFGS>  Criterion       (Hartree/Bohr) = 0.000100000000

     atom=   1, XYZ(ang) Fxyz(a.u.)=  -0.0000    0.0010   -0.0000    -0.0000    0.0001   -0.0000
     atom=   2, XYZ(ang) Fxyz(a.u.)=   2.9849    2.9903    1.6195    -0.0000    0.0000   -0.0001
     atom=   3, XYZ(ang) Fxyz(a.u.)=   0.0000    2.9870    0.8303     0.0000   -0.0002    0.0002
     atom=   4, XYZ(ang) Fxyz(a.u.)=   2.9849    0.0036    2.3911    -0.0000    0.0000    0.0001

*******************************************************
        Analysis of neighbors and setting of grids        
*******************************************************


*******************************************************
  Allocation of atoms to processors at MD_iter=   24     
*******************************************************

 proc =   0  # of atoms=   1  estimated weight=         1.00000
 proc =   1  # of atoms=   1  estimated weight=         1.00000
 proc =   2  # of atoms=   1  estimated weight=         1.00000
 proc =   3  # of atoms=   1  estimated weight=         1.00000
 proc =   4  # of atoms=   0  estimated weight=         0.00000
 proc =   5  # of atoms=   0  estimated weight=         0.00000
 proc =   6  # of atoms=   0  estimated weight=         0.00000
 proc =   7  # of atoms=   0  estimated weight=         0.00000
 proc =   8  # of atoms=   0  estimated weight=         0.00000
 proc =   9  # of atoms=   0  estimated weight=         0.00000
 proc =  10  # of atoms=   0  estimated weight=         0.00000
 proc =  11  # of atoms=   0  estimated weight=         0.00000
 proc =  12  # of atoms=   0  estimated weight=         0.00000
 proc =  13  # of atoms=   0  estimated weight=         0.00000
 proc =  14  # of atoms=   0  estimated weight=         0.00000
 proc =  15  # of atoms=   0  estimated weight=         0.00000



TFNAN=     256   Average FNAN=  64.00000
TSNAN=       0   Average SNAN=   0.00000
<truncation> CpyCell= 3 ct_AN=   1 FNAN SNAN  64   0
<truncation> CpyCell= 3 ct_AN=   2 FNAN SNAN  64   0
<truncation> CpyCell= 3 ct_AN=   3 FNAN SNAN  64   0
<truncation> CpyCell= 3 ct_AN=   4 FNAN SNAN  64   0
<UCell_Box> Info. of cutoff energy and num. of grids
lattice vectors (bohr)
A  = 11.281295655248,  0.000000000000,  0.000000000000
B  =  0.000000000000, 11.281295655248,  0.028203239138
C  =  0.000000000000,  0.015204829790,  6.081931916162
reciprocal lattice vectors (bohr^-1)
RA =  0.556956000374,  0.000000000000,  0.000000000000
RB =  0.000000000000,  0.556959481370, -0.001392398703
RC =  0.000000000000, -0.002582742073,  1.033096829091
Required cutoff energy (Ryd) for 3D-grids = 200.0000
    Used cutoff energy (Ryd) for 3D-grids = 193.8750, 193.8786, 194.5146
Num. of grids of a-, b-, and c-axes = 50, 50, 27
Cell_Volume =    774.028233187484 (Bohr^3)
GridVol     =      0.011467084936 (Bohr^3)
Cell vectors (bohr) of the grid cell (gtv)
  gtv_a =  0.225625913105,  0.000000000000,  0.000000000000
  gtv_b =  0.000000000000,  0.225625913105,  0.000564064783
  gtv_c =  0.000000000000,  0.000563141844,  0.225256737636
  |gtv_a| =  0.225625913105
  |gtv_b| =  0.225626618185
  |gtv_c| =  0.225257441562
Num. of grids overlapping with atom    1 = 125063
Num. of grids overlapping with atom    2 = 125307
Num. of grids overlapping with atom    3 = 125146
Num. of grids overlapping with atom    4 = 125087

*******************************************************
             SCF calculation at MD =24                
*******************************************************

<MD=24>  Calculation of the overlap matrix
<MD=24>  Calculation of the nonlocal matrix
<MD=24>  Calculation of the VNA projector matrix

******************* MD=24  SCF= 1 *******************
<Restart>  Found restart files
<Poisson>  Poisson's equation using FFT...
<Band>  Solving the eigenvalue problem...
 KGrids1:  -0.45833  -0.37500  -0.29167  -0.20833  -0.12500  -0.04167   0.04167   0.12500   0.20833   0.29167   0.37500   0.45833 
 KGrids2:  -0.45833  -0.37500  -0.29167  -0.20833  -0.12500  -0.04167   0.04167   0.12500   0.20833   0.29167   0.37500   0.45833 
 KGrids3:  -0.47500  -0.42500  -0.37500  -0.32500  -0.27500  -0.22500  -0.17500  -0.12500  -0.07500  -0.02500   0.02500   0.07500   0.12500   0.17500   0.22500   0.27500   0.32500   0.37500   0.42500   0.47500 
<Band_DFT>  Eigen, time=0.746096
<Band_DFT>  DM, time=2.037038
    1   Sn  MulP   6.9999  6.9999 sum  13.9998
    2   Sn  MulP   7.0004  7.0004 sum  14.0008
    3   Sn  MulP   6.9999  6.9999 sum  13.9997
    4   Sn  MulP   6.9999  6.9999 sum  13.9997
 Sum of MulP: up   =    28.00000 down          =    28.00000
              total=    56.00000 ideal(neutral)=    56.00000
<DFT>  Total Spin Moment (muB) =  0.000000000000
<DFT>  Mixing_weight= 0.400000000000
<DFT>  Uele   =  -42.211610959016  dUele     =   1.000000000000
<DFT>  NormRD =    1.000000000000  Criterion =   0.000000100000

******************* MD=24  SCF= 2 *******************
<Poisson>  Poisson's equation using FFT...
<Set_Hamiltonian>  Hamiltonian matrix for VNA+dVH+Vxc...
<Band>  Solving the eigenvalue problem...
 KGrids1:  -0.45833  -0.37500  -0.29167  -0.20833  -0.12500  -0.04167   0.04167   0.12500   0.20833   0.29167   0.37500   0.45833 
 KGrids2:  -0.45833  -0.37500  -0.29167  -0.20833  -0.12500  -0.04167   0.04167   0.12500   0.20833   0.29167   0.37500   0.45833 
 KGrids3:  -0.47500  -0.42500  -0.37500  -0.32500  -0.27500  -0.22500  -0.17500  -0.12500  -0.07500  -0.02500   0.02500   0.07500   0.12500   0.17500   0.22500   0.27500   0.32500   0.37500   0.42500   0.47500 
<Band_DFT>  Eigen, time=0.740341
<Band_DFT>  DM, time=1.999942
    1   Sn  MulP   6.9999  6.9999 sum  13.9998
    2   Sn  MulP   7.0004  7.0004 sum  14.0008
    3   Sn  MulP   6.9999  6.9999 sum  13.9997
    4   Sn  MulP   6.9999  6.9999 sum  13.9997
 Sum of MulP: up   =    28.00000 down          =    28.00000
              total=    56.00000 ideal(neutral)=    56.00000
<DFT>  Total Spin Moment (muB) =  0.000000000000
<DFT>  Mixing_weight= 0.400000000000
<DFT>  Uele   =  -42.211610066442  dUele     =   0.000000892575
<DFT>  NormRD =    0.000074408542  Criterion =   0.000000100000

******************* MD=24  SCF= 3 *******************
<Poisson>  Poisson's equation using FFT...
<Set_Hamiltonian>  Hamiltonian matrix for VNA+dVH+Vxc...
<Band>  Solving the eigenvalue problem...
 KGrids1:  -0.45833  -0.37500  -0.29167  -0.20833  -0.12500  -0.04167   0.04167   0.12500   0.20833   0.29167   0.37500   0.45833 
 KGrids2:  -0.45833  -0.37500  -0.29167  -0.20833  -0.12500  -0.04167   0.04167   0.12500   0.20833   0.29167   0.37500   0.45833 
 KGrids3:  -0.47500  -0.42500  -0.37500  -0.32500  -0.27500  -0.22500  -0.17500  -0.12500  -0.07500  -0.02500   0.02500   0.07500   0.12500   0.17500   0.22500   0.27500   0.32500   0.37500   0.42500   0.47500 
<Band_DFT>  Eigen, time=0.740280
<Band_DFT>  DM, time=2.041484
    1   Sn  MulP   6.9999  6.9999 sum  13.9998
    2   Sn  MulP   7.0004  7.0004 sum  14.0008
    3   Sn  MulP   6.9999  6.9999 sum  13.9997
    4   Sn  MulP   6.9999  6.9999 sum  13.9997
 Sum of MulP: up   =    28.00000 down          =    28.00000
              total=    56.00000 ideal(neutral)=    56.00000
<DFT>  Total Spin Moment (muB) =  0.000000000000
<DFT>  Mixing_weight= 0.040000000000
<DFT>  Uele   =  -42.211609517031  dUele     =   0.000000549410
<DFT>  NormRD =    0.000050518253  Criterion =   0.000000100000

******************* MD=24  SCF= 4 *******************
<Poisson>  Poisson's equation using FFT...
<Set_Hamiltonian>  Hamiltonian matrix for VNA+dVH+Vxc...
<Band>  Solving the eigenvalue problem...
 KGrids1:  -0.45833  -0.37500  -0.29167  -0.20833  -0.12500  -0.04167   0.04167   0.12500   0.20833   0.29167   0.37500   0.45833 
 KGrids2:  -0.45833  -0.37500  -0.29167  -0.20833  -0.12500  -0.04167   0.04167   0.12500   0.20833   0.29167   0.37500   0.45833 
 KGrids3:  -0.47500  -0.42500  -0.37500  -0.32500  -0.27500  -0.22500  -0.17500  -0.12500  -0.07500  -0.02500   0.02500   0.07500   0.12500   0.17500   0.22500   0.27500   0.32500   0.37500   0.42500   0.47500 
<Band_DFT>  Eigen, time=0.744011
<Band_DFT>  DM, time=2.041538
    1   Sn  MulP   6.9999  6.9999 sum  13.9998
    2   Sn  MulP   7.0004  7.0004 sum  14.0008
    3   Sn  MulP   6.9999  6.9999 sum  13.9997
    4   Sn  MulP   6.9999  6.9999 sum  13.9997
 Sum of MulP: up   =    28.00000 down          =    28.00000
              total=    56.00000 ideal(neutral)=    56.00000
<DFT>  Total Spin Moment (muB) =  0.000000000000
<DFT>  Mixing_weight= 0.040000000000
<DFT>  Uele   =  -42.211608561616  dUele     =   0.000000955415
<DFT>  NormRD =    0.000007260800  Criterion =   0.000000100000

******************* MD=24  SCF= 5 *******************
<Poisson>  Poisson's equation using FFT...
<Set_Hamiltonian>  Hamiltonian matrix for VNA+dVH+Vxc...
<Band>  Solving the eigenvalue problem...
 KGrids1:  -0.45833  -0.37500  -0.29167  -0.20833  -0.12500  -0.04167   0.04167   0.12500   0.20833   0.29167   0.37500   0.45833 
 KGrids2:  -0.45833  -0.37500  -0.29167  -0.20833  -0.12500  -0.04167   0.04167   0.12500   0.20833   0.29167   0.37500   0.45833 
 KGrids3:  -0.47500  -0.42500  -0.37500  -0.32500  -0.27500  -0.22500  -0.17500  -0.12500  -0.07500  -0.02500   0.02500   0.07500   0.12500   0.17500   0.22500   0.27500   0.32500   0.37500   0.42500   0.47500 
<Band_DFT>  Eigen, time=0.743655
<Band_DFT>  DM, time=2.044354
    1   Sn  MulP   6.9999  6.9999 sum  13.9998
    2   Sn  MulP   7.0004  7.0004 sum  14.0008
    3   Sn  MulP   6.9999  6.9999 sum  13.9997
    4   Sn  MulP   6.9999  6.9999 sum  13.9997
 Sum of MulP: up   =    28.00000 down          =    28.00000
              total=    56.00000 ideal(neutral)=    56.00000
<DFT>  Total Spin Moment (muB) =  0.000000000000
<DFT>  Mixing_weight= 0.040000000000
<DFT>  Uele   =  -42.211608621249  dUele     =   0.000000059632
<DFT>  NormRD =    0.000007083970  Criterion =   0.000000100000
<MD=24>  Force calculation
  Force calculation #1
  Force calculation #2
  Force calculation #3
  Force calculation #4
  Force calculation #5
  Stress calculation #1
  Stress calculation #2
  Stress calculation #3
  Stress calculation #4
  Stress calculation #5
<MD=24>  Total Energy
  Force calculation #6
  Force calculation #7

*******************************************************
                  Dipole moment (Debye)                 
*******************************************************

 Absolute D      521.21790259

                      Dx                Dy                Dz
 Total           -362.13822248     -362.84204701      -94.17886555
 Core             401.43897766      402.24445454      325.53084369
 Electron        -763.57720014     -765.08650156     -419.70970924
 Back ground       -0.00000000       -0.00000000       -0.00000000

*******************************************************
               Stress tensor (Hartree/bohr^3)            
*******************************************************

       0.00000027        0.00000000        0.00000000 
       0.00000000       -0.00000180        0.00000304 
       0.00000000        0.00000304        0.00000050 

*******************************************************
                Total Energy (Hartree) at MD =24        
*******************************************************

  Uele  =     -42.211608621249

  Ukin  =     203.438552762120
  UH0   =   -2703.963041313349
  UH1   =       0.004898172677
  Una   =    -149.420983022815
  Unl   =     -47.913243101927
  Uxc0  =     -25.237144143246
  Uxc1  =     -25.237144143246
  Ucore =    2464.170783541377
  Uhub  =       0.000000000000
  Ucs   =       0.000000000000
  Uzs   =       0.000000000000
  Uzo   =       0.000000000000
  Uef   =       0.000000000000
  UvdW  =       0.000000000000
  Uch   =       0.000000000000
  Utot  =    -284.157321248409

  UpV   =       0.000000000000
  Enpy  =    -284.157321248409
  Note:

  Uele:   band energy
  Ukin:   kinetic energy
  UH0:    electric part of screened Coulomb energy
  UH1:    difference electron-electron Coulomb energy
  Una:    neutral atom potential energy
  Unl:    non-local potential energy
  Uxc0:   exchange-correlation energy for alpha spin
  Uxc1:   exchange-correlation energy for beta spin
  Ucore:  core-core Coulomb energy
  Uhub:   LDA+U energy
  Ucs:    constraint energy for spin orientation
  Uzs:    Zeeman term for spin magnetic moment
  Uzo:    Zeeman term for orbital magnetic moment
  Uef:    electric energy by electric field
  UvdW:   semi-empirical vdW energy 
  Uch:    penalty term to create a core hole
  UpV:    pressure times volume
  Enpy:   Enthalpy = Utot + UpV
  (see also PRB 72, 045121(2005) for the energy contributions)


*******************************************************
           Computational times (s) at MD =24            
*******************************************************

  DFT in total      =   25.48457

  Set_OLP_Kin       =    0.69585
  Set_Nonlocal      =    1.46562
  Set_ProExpn_VNA   =    2.90598
  Set_Hamiltonian   =    1.40737
  Poisson           =    0.00089
  diagonalization   =   14.16955
  Mixing_DM         =    0.00403
  Force             =    1.97575
  Total_Energy      =    0.40858
  Set_Aden_Grid     =    0.00772
  Set_Orbitals_Grid =    0.09777
  Set_Density_Grid  =    0.49762
  RestartFileDFT    =    0.07705
  Mulliken_Charge   =    0.00095
  FFT(2D)_Density   =    0.00164

The SCF was achieved at MD=  24

*******************************************************
             MD or geometry opt. at MD =24              
*******************************************************

<BFGS>  |Maximum force| (Hartree/Bohr) = 0.000275144805
<BFGS>  Criterion       (Hartree/Bohr) = 0.000100000000

     atom=   1, XYZ(ang) Fxyz(a.u.)=  -0.0000    0.0010   -0.0001    -0.0000    0.0001   -0.0000
     atom=   2, XYZ(ang) Fxyz(a.u.)=   2.9849    2.9904    1.6199    -0.0000    0.0001   -0.0001
     atom=   3, XYZ(ang) Fxyz(a.u.)=   0.0000    2.9876    0.8287     0.0000   -0.0002    0.0003
     atom=   4, XYZ(ang) Fxyz(a.u.)=   2.9849    0.0038    2.3901     0.0000   -0.0000    0.0000

*******************************************************
        Analysis of neighbors and setting of grids        
*******************************************************


*******************************************************
  Allocation of atoms to processors at MD_iter=   25     
*******************************************************

 proc =   0  # of atoms=   1  estimated weight=         1.00000
 proc =   1  # of atoms=   1  estimated weight=         1.00000
 proc =   2  # of atoms=   1  estimated weight=         1.00000
 proc =   3  # of atoms=   1  estimated weight=         1.00000
 proc =   4  # of atoms=   0  estimated weight=         0.00000
 proc =   5  # of atoms=   0  estimated weight=         0.00000
 proc =   6  # of atoms=   0  estimated weight=         0.00000
 proc =   7  # of atoms=   0  estimated weight=         0.00000
 proc =   8  # of atoms=   0  estimated weight=         0.00000
 proc =   9  # of atoms=   0  estimated weight=         0.00000
 proc =  10  # of atoms=   0  estimated weight=         0.00000
 proc =  11  # of atoms=   0  estimated weight=         0.00000
 proc =  12  # of atoms=   0  estimated weight=         0.00000
 proc =  13  # of atoms=   0  estimated weight=         0.00000
 proc =  14  # of atoms=   0  estimated weight=         0.00000
 proc =  15  # of atoms=   0  estimated weight=         0.00000



TFNAN=     256   Average FNAN=  64.00000
TSNAN=       0   Average SNAN=   0.00000
<truncation> CpyCell= 3 ct_AN=   1 FNAN SNAN  64   0
<truncation> CpyCell= 3 ct_AN=   2 FNAN SNAN  64   0
<truncation> CpyCell= 3 ct_AN=   3 FNAN SNAN  64   0
<truncation> CpyCell= 3 ct_AN=   4 FNAN SNAN  64   0
<UCell_Box> Info. of cutoff energy and num. of grids
lattice vectors (bohr)
A  = 11.281295655248,  0.000000000000,  0.000000000000
B  =  0.000000000000, 11.281295655248,  0.028203239138
C  =  0.000000000000,  0.015204829790,  6.081931916162
reciprocal lattice vectors (bohr^-1)
RA =  0.556956000374,  0.000000000000,  0.000000000000
RB =  0.000000000000,  0.556959481370, -0.001392398703
RC =  0.000000000000, -0.002582742073,  1.033096829091
Required cutoff energy (Ryd) for 3D-grids = 200.0000
    Used cutoff energy (Ryd) for 3D-grids = 193.8750, 193.8786, 194.5146
Num. of grids of a-, b-, and c-axes = 50, 50, 27
Cell_Volume =    774.028233187484 (Bohr^3)
GridVol     =      0.011467084936 (Bohr^3)
Cell vectors (bohr) of the grid cell (gtv)
  gtv_a =  0.225625913105,  0.000000000000,  0.000000000000
  gtv_b =  0.000000000000,  0.225625913105,  0.000564064783
  gtv_c =  0.000000000000,  0.000563141844,  0.225256737636
  |gtv_a| =  0.225625913105
  |gtv_b| =  0.225626618185
  |gtv_c| =  0.225257441562
Num. of grids overlapping with atom    1 = 125061
Num. of grids overlapping with atom    2 = 125311
Num. of grids overlapping with atom    3 = 125151
Num. of grids overlapping with atom    4 = 125087

*******************************************************
             SCF calculation at MD =25                
*******************************************************

<MD=25>  Calculation of the overlap matrix
<MD=25>  Calculation of the nonlocal matrix
<MD=25>  Calculation of the VNA projector matrix

******************* MD=25  SCF= 1 *******************
<Restart>  Found restart files
<Poisson>  Poisson's equation using FFT...
<Band>  Solving the eigenvalue problem...
 KGrids1:  -0.45833  -0.37500  -0.29167  -0.20833  -0.12500  -0.04167   0.04167   0.12500   0.20833   0.29167   0.37500   0.45833 
 KGrids2:  -0.45833  -0.37500  -0.29167  -0.20833  -0.12500  -0.04167   0.04167   0.12500   0.20833   0.29167   0.37500   0.45833 
 KGrids3:  -0.47500  -0.42500  -0.37500  -0.32500  -0.27500  -0.22500  -0.17500  -0.12500  -0.07500  -0.02500   0.02500   0.07500   0.12500   0.17500   0.22500   0.27500   0.32500   0.37500   0.42500   0.47500 
<Band_DFT>  Eigen, time=0.741666
<Band_DFT>  DM, time=1.798738
    1   Sn  MulP   6.9999  6.9999 sum  13.9998
    2   Sn  MulP   7.0004  7.0004 sum  14.0008
    3   Sn  MulP   6.9999  6.9999 sum  13.9997
    4   Sn  MulP   6.9999  6.9999 sum  13.9997
 Sum of MulP: up   =    28.00000 down          =    28.00000
              total=    56.00000 ideal(neutral)=    56.00000
<DFT>  Total Spin Moment (muB) =  0.000000000000
<DFT>  Mixing_weight= 0.400000000000
<DFT>  Uele   =  -42.211614836589  dUele     =   1.000000000000
<DFT>  NormRD =    1.000000000000  Criterion =   0.000000100000

******************* MD=25  SCF= 2 *******************
<Poisson>  Poisson's equation using FFT...
<Set_Hamiltonian>  Hamiltonian matrix for VNA+dVH+Vxc...
<Band>  Solving the eigenvalue problem...
 KGrids1:  -0.45833  -0.37500  -0.29167  -0.20833  -0.12500  -0.04167   0.04167   0.12500   0.20833   0.29167   0.37500   0.45833 
 KGrids2:  -0.45833  -0.37500  -0.29167  -0.20833  -0.12500  -0.04167   0.04167   0.12500   0.20833   0.29167   0.37500   0.45833 
 KGrids3:  -0.47500  -0.42500  -0.37500  -0.32500  -0.27500  -0.22500  -0.17500  -0.12500  -0.07500  -0.02500   0.02500   0.07500   0.12500   0.17500   0.22500   0.27500   0.32500   0.37500   0.42500   0.47500 
<Band_DFT>  Eigen, time=0.742930
<Band_DFT>  DM, time=2.041399
    1   Sn  MulP   6.9999  6.9999 sum  13.9998
    2   Sn  MulP   7.0004  7.0004 sum  14.0008
    3   Sn  MulP   6.9999  6.9999 sum  13.9997
    4   Sn  MulP   6.9999  6.9999 sum  13.9997
 Sum of MulP: up   =    28.00000 down          =    28.00000
              total=    56.00000 ideal(neutral)=    56.00000
<DFT>  Total Spin Moment (muB) =  0.000000000000
<DFT>  Mixing_weight= 0.400000000000
<DFT>  Uele   =  -42.211614493137  dUele     =   0.000000343452
<DFT>  NormRD =    0.000036259522  Criterion =   0.000000100000

******************* MD=25  SCF= 3 *******************
<Poisson>  Poisson's equation using FFT...
<Set_Hamiltonian>  Hamiltonian matrix for VNA+dVH+Vxc...
<Band>  Solving the eigenvalue problem...
 KGrids1:  -0.45833  -0.37500  -0.29167  -0.20833  -0.12500  -0.04167   0.04167   0.12500   0.20833   0.29167   0.37500   0.45833 
 KGrids2:  -0.45833  -0.37500  -0.29167  -0.20833  -0.12500  -0.04167   0.04167   0.12500   0.20833   0.29167   0.37500   0.45833 
 KGrids3:  -0.47500  -0.42500  -0.37500  -0.32500  -0.27500  -0.22500  -0.17500  -0.12500  -0.07500  -0.02500   0.02500   0.07500   0.12500   0.17500   0.22500   0.27500   0.32500   0.37500   0.42500   0.47500 
<Band_DFT>  Eigen, time=0.745991
<Band_DFT>  DM, time=2.042819
    1   Sn  MulP   6.9999  6.9999 sum  13.9998
    2   Sn  MulP   7.0004  7.0004 sum  14.0008
    3   Sn  MulP   6.9999  6.9999 sum  13.9997
    4   Sn  MulP   6.9999  6.9999 sum  13.9997
 Sum of MulP: up   =    28.00000 down          =    28.00000
              total=    56.00000 ideal(neutral)=    56.00000
<DFT>  Total Spin Moment (muB) =  0.000000000000
<DFT>  Mixing_weight= 0.040000000000
<DFT>  Uele   =  -42.211614245542  dUele     =   0.000000247594
<DFT>  NormRD =    0.000023885640  Criterion =   0.000000100000

******************* MD=25  SCF= 4 *******************
<Poisson>  Poisson's equation using FFT...
<Set_Hamiltonian>  Hamiltonian matrix for VNA+dVH+Vxc...
<Band>  Solving the eigenvalue problem...
 KGrids1:  -0.45833  -0.37500  -0.29167  -0.20833  -0.12500  -0.04167   0.04167   0.12500   0.20833   0.29167   0.37500   0.45833 
 KGrids2:  -0.45833  -0.37500  -0.29167  -0.20833  -0.12500  -0.04167   0.04167   0.12500   0.20833   0.29167   0.37500   0.45833 
 KGrids3:  -0.47500  -0.42500  -0.37500  -0.32500  -0.27500  -0.22500  -0.17500  -0.12500  -0.07500  -0.02500   0.02500   0.07500   0.12500   0.17500   0.22500   0.27500   0.32500   0.37500   0.42500   0.47500 
<Band_DFT>  Eigen, time=0.740678
<Band_DFT>  DM, time=2.044147
    1   Sn  MulP   6.9999  6.9999 sum  13.9998
    2   Sn  MulP   7.0004  7.0004 sum  14.0008
    3   Sn  MulP   6.9999  6.9999 sum  13.9997
    4   Sn  MulP   6.9999  6.9999 sum  13.9997
 Sum of MulP: up   =    28.00000 down          =    28.00000
              total=    56.00000 ideal(neutral)=    56.00000
<DFT>  Total Spin Moment (muB) =  0.000000000000
<DFT>  Mixing_weight= 0.040000000000
<DFT>  Uele   =  -42.211613412257  dUele     =   0.000000833286
<DFT>  NormRD =    0.000002302899  Criterion =   0.000000100000

******************* MD=25  SCF= 5 *******************
<Poisson>  Poisson's equation using FFT...
<Set_Hamiltonian>  Hamiltonian matrix for VNA+dVH+Vxc...
<Band>  Solving the eigenvalue problem...
 KGrids1:  -0.45833  -0.37500  -0.29167  -0.20833  -0.12500  -0.04167   0.04167   0.12500   0.20833   0.29167   0.37500   0.45833 
 KGrids2:  -0.45833  -0.37500  -0.29167  -0.20833  -0.12500  -0.04167   0.04167   0.12500   0.20833   0.29167   0.37500   0.45833 
 KGrids3:  -0.47500  -0.42500  -0.37500  -0.32500  -0.27500  -0.22500  -0.17500  -0.12500  -0.07500  -0.02500   0.02500   0.07500   0.12500   0.17500   0.22500   0.27500   0.32500   0.37500   0.42500   0.47500 
<Band_DFT>  Eigen, time=0.734443
<Band_DFT>  DM, time=2.038805
    1   Sn  MulP   6.9999  6.9999 sum  13.9998
    2   Sn  MulP   7.0004  7.0004 sum  14.0008
    3   Sn  MulP   6.9999  6.9999 sum  13.9997
    4   Sn  MulP   6.9999  6.9999 sum  13.9997
 Sum of MulP: up   =    28.00000 down          =    28.00000
              total=    56.00000 ideal(neutral)=    56.00000
<DFT>  Total Spin Moment (muB) =  0.000000000000
<DFT>  Mixing_weight= 0.040000000000
<DFT>  Uele   =  -42.211613622549  dUele     =   0.000000210292
<DFT>  NormRD =    0.000001474544  Criterion =   0.000000100000

******************* MD=25  SCF= 6 *******************
<Poisson>  Poisson's equation using FFT...
<Set_Hamiltonian>  Hamiltonian matrix for VNA+dVH+Vxc...
<Band>  Solving the eigenvalue problem...
 KGrids1:  -0.45833  -0.37500  -0.29167  -0.20833  -0.12500  -0.04167   0.04167   0.12500   0.20833   0.29167   0.37500   0.45833 
 KGrids2:  -0.45833  -0.37500  -0.29167  -0.20833  -0.12500  -0.04167   0.04167   0.12500   0.20833   0.29167   0.37500   0.45833 
 KGrids3:  -0.47500  -0.42500  -0.37500  -0.32500  -0.27500  -0.22500  -0.17500  -0.12500  -0.07500  -0.02500   0.02500   0.07500   0.12500   0.17500   0.22500   0.27500   0.32500   0.37500   0.42500   0.47500 
<Band_DFT>  Eigen, time=0.745415
<Band_DFT>  DM, time=2.049357
    1   Sn  MulP   6.9999  6.9999 sum  13.9998
    2   Sn  MulP   7.0004  7.0004 sum  14.0008
    3   Sn  MulP   6.9999  6.9999 sum  13.9997
    4   Sn  MulP   6.9999  6.9999 sum  13.9997
 Sum of MulP: up   =    28.00000 down          =    28.00000
              total=    56.00000 ideal(neutral)=    56.00000
<DFT>  Total Spin Moment (muB) =  0.000000000000
<DFT>  Mixing_weight= 0.040000000000
<DFT>  Uele   =  -42.211613589339  dUele     =   0.000000033210
<DFT>  NormRD =    0.000001506921  Criterion =   0.000000100000
<MD=25>  Force calculation
  Force calculation #1
  Force calculation #2
  Force calculation #3
  Force calculation #4
  Force calculation #5
  Stress calculation #1
  Stress calculation #2
  Stress calculation #3
  Stress calculation #4
  Stress calculation #5
<MD=25>  Total Energy
  Force calculation #6
  Force calculation #7

*******************************************************
                  Dipole moment (Debye)                 
*******************************************************

 Absolute D      521.16212528

                      Dx                Dy                Dz
 Total           -362.13789174     -362.73537945      -94.28230317
 Core             401.43905175      402.31960246      325.36369107
 Electron        -763.57694348     -765.05498191     -419.64599425
 Back ground       -0.00000000       -0.00000000       -0.00000000

*******************************************************
               Stress tensor (Hartree/bohr^3)            
*******************************************************

       0.00000066        0.00000000       -0.00000000 
       0.00000000       -0.00000216        0.00000320 
      -0.00000000        0.00000320        0.00000034 

*******************************************************
                Total Energy (Hartree) at MD =25        
*******************************************************

  Uele  =     -42.211613589339

  Ukin  =     203.438522913739
  UH0   =   -2703.963125229522
  UH1   =       0.004898175763
  Una   =    -149.420969039570
  Unl   =     -47.913230774410
  Uxc0  =     -25.237143516674
  Uxc1  =     -25.237143516674
  Ucore =    2464.170868775587
  Uhub  =       0.000000000000
  Ucs   =       0.000000000000
  Uzs   =       0.000000000000
  Uzo   =       0.000000000000
  Uef   =       0.000000000000
  UvdW  =       0.000000000000
  Uch   =       0.000000000000
  Utot  =    -284.157322211762

  UpV   =       0.000000000000
  Enpy  =    -284.157322211762
  Note:

  Uele:   band energy
  Ukin:   kinetic energy
  UH0:    electric part of screened Coulomb energy
  UH1:    difference electron-electron Coulomb energy
  Una:    neutral atom potential energy
  Unl:    non-local potential energy
  Uxc0:   exchange-correlation energy for alpha spin
  Uxc1:   exchange-correlation energy for beta spin
  Ucore:  core-core Coulomb energy
  Uhub:   LDA+U energy
  Ucs:    constraint energy for spin orientation
  Uzs:    Zeeman term for spin magnetic moment
  Uzo:    Zeeman term for orbital magnetic moment
  Uef:    electric energy by electric field
  UvdW:   semi-empirical vdW energy 
  Uch:    penalty term to create a core hole
  UpV:    pressure times volume
  Enpy:   Enthalpy = Utot + UpV
  (see also PRB 72, 045121(2005) for the energy contributions)


*******************************************************
           Computational times (s) at MD =25            
*******************************************************

  DFT in total      =   27.74797

  Set_OLP_Kin       =    0.69939
  Set_Nonlocal      =    1.43146
  Set_ProExpn_VNA   =    2.81990
  Set_Hamiltonian   =    1.38013
  Poisson           =    0.00098
  diagonalization   =   16.79751
  Mixing_DM         =    0.00484
  Force             =    1.92089
  Total_Energy      =    0.31600
  Set_Aden_Grid     =    0.00710
  Set_Orbitals_Grid =    0.09807
  Set_Density_Grid  =    0.57589
  RestartFileDFT    =    0.00333
  Mulliken_Charge   =    0.00106
  FFT(2D)_Density   =    0.00178

The SCF was achieved at MD=  25

*******************************************************
             MD or geometry opt. at MD =25              
*******************************************************

<BFGS>  |Maximum force| (Hartree/Bohr) = 0.000305434049
<BFGS>  Criterion       (Hartree/Bohr) = 0.000100000000

     atom=   1, XYZ(ang) Fxyz(a.u.)=  -0.0000    0.0009   -0.0000    -0.0000    0.0001   -0.0000
     atom=   2, XYZ(ang) Fxyz(a.u.)=   2.9849    2.9902    1.6197    -0.0000    0.0001    0.0001
     atom=   3, XYZ(ang) Fxyz(a.u.)=   0.0000    2.9872    0.8302     0.0000    0.0001    0.0001
     atom=   4, XYZ(ang) Fxyz(a.u.)=   2.9849    0.0035    2.3910     0.0000   -0.0001   -0.0003

*******************************************************
        Analysis of neighbors and setting of grids        
*******************************************************


*******************************************************
  Allocation of atoms to processors at MD_iter=   26     
*******************************************************

 proc =   0  # of atoms=   1  estimated weight=         1.00000
 proc =   1  # of atoms=   1  estimated weight=         1.00000
 proc =   2  # of atoms=   1  estimated weight=         1.00000
 proc =   3  # of atoms=   1  estimated weight=         1.00000
 proc =   4  # of atoms=   0  estimated weight=         0.00000
 proc =   5  # of atoms=   0  estimated weight=         0.00000
 proc =   6  # of atoms=   0  estimated weight=         0.00000
 proc =   7  # of atoms=   0  estimated weight=         0.00000
 proc =   8  # of atoms=   0  estimated weight=         0.00000
 proc =   9  # of atoms=   0  estimated weight=         0.00000
 proc =  10  # of atoms=   0  estimated weight=         0.00000
 proc =  11  # of atoms=   0  estimated weight=         0.00000
 proc =  12  # of atoms=   0  estimated weight=         0.00000
 proc =  13  # of atoms=   0  estimated weight=         0.00000
 proc =  14  # of atoms=   0  estimated weight=         0.00000
 proc =  15  # of atoms=   0  estimated weight=         0.00000



TFNAN=     256   Average FNAN=  64.00000
TSNAN=       0   Average SNAN=   0.00000
<truncation> CpyCell= 3 ct_AN=   1 FNAN SNAN  64   0
<truncation> CpyCell= 3 ct_AN=   2 FNAN SNAN  64   0
<truncation> CpyCell= 3 ct_AN=   3 FNAN SNAN  64   0
<truncation> CpyCell= 3 ct_AN=   4 FNAN SNAN  64   0
<UCell_Box> Info. of cutoff energy and num. of grids
lattice vectors (bohr)
A  = 11.281295655248,  0.000000000000,  0.000000000000
B  =  0.000000000000, 11.281295655248,  0.028203239138
C  =  0.000000000000,  0.015204829790,  6.081931916162
reciprocal lattice vectors (bohr^-1)
RA =  0.556956000374,  0.000000000000,  0.000000000000
RB =  0.000000000000,  0.556959481370, -0.001392398703
RC =  0.000000000000, -0.002582742073,  1.033096829091
Required cutoff energy (Ryd) for 3D-grids = 200.0000
    Used cutoff energy (Ryd) for 3D-grids = 193.8750, 193.8786, 194.5146
Num. of grids of a-, b-, and c-axes = 50, 50, 27
Cell_Volume =    774.028233187484 (Bohr^3)
GridVol     =      0.011467084936 (Bohr^3)
Cell vectors (bohr) of the grid cell (gtv)
  gtv_a =  0.225625913105,  0.000000000000,  0.000000000000
  gtv_b =  0.000000000000,  0.225625913105,  0.000564064783
  gtv_c =  0.000000000000,  0.000563141844,  0.225256737636
  |gtv_a| =  0.225625913105
  |gtv_b| =  0.225626618185
  |gtv_c| =  0.225257441562
Num. of grids overlapping with atom    1 = 125063
Num. of grids overlapping with atom    2 = 125313
Num. of grids overlapping with atom    3 = 125148
Num. of grids overlapping with atom    4 = 125092

*******************************************************
             SCF calculation at MD =26                
*******************************************************

<MD=26>  Calculation of the overlap matrix
<MD=26>  Calculation of the nonlocal matrix
<MD=26>  Calculation of the VNA projector matrix

******************* MD=26  SCF= 1 *******************
<Restart>  Found restart files
<Poisson>  Poisson's equation using FFT...
<Band>  Solving the eigenvalue problem...
 KGrids1:  -0.45833  -0.37500  -0.29167  -0.20833  -0.12500  -0.04167   0.04167   0.12500   0.20833   0.29167   0.37500   0.45833 
 KGrids2:  -0.45833  -0.37500  -0.29167  -0.20833  -0.12500  -0.04167   0.04167   0.12500   0.20833   0.29167   0.37500   0.45833 
 KGrids3:  -0.47500  -0.42500  -0.37500  -0.32500  -0.27500  -0.22500  -0.17500  -0.12500  -0.07500  -0.02500   0.02500   0.07500   0.12500   0.17500   0.22500   0.27500   0.32500   0.37500   0.42500   0.47500 
<Band_DFT>  Eigen, time=0.648182
<Band_DFT>  DM, time=1.388636
    1   Sn  MulP   6.9999  6.9999 sum  13.9998
    2   Sn  MulP   7.0004  7.0004 sum  14.0008
    3   Sn  MulP   6.9999  6.9999 sum  13.9997
    4   Sn  MulP   6.9999  6.9999 sum  13.9997
 Sum of MulP: up   =    28.00000 down          =    28.00000
              total=    56.00000 ideal(neutral)=    56.00000
<DFT>  Total Spin Moment (muB) =  0.000000000000
<DFT>  Mixing_weight= 0.400000000000
<DFT>  Uele   =  -42.211606141004  dUele     =   1.000000000000
<DFT>  NormRD =    1.000000000000  Criterion =   0.000000100000

******************* MD=26  SCF= 2 *******************
<Poisson>  Poisson's equation using FFT...
<Set_Hamiltonian>  Hamiltonian matrix for VNA+dVH+Vxc...
<Band>  Solving the eigenvalue problem...
 KGrids1:  -0.45833  -0.37500  -0.29167  -0.20833  -0.12500  -0.04167   0.04167   0.12500   0.20833   0.29167   0.37500   0.45833 
 KGrids2:  -0.45833  -0.37500  -0.29167  -0.20833  -0.12500  -0.04167   0.04167   0.12500   0.20833   0.29167   0.37500   0.45833 
 KGrids3:  -0.47500  -0.42500  -0.37500  -0.32500  -0.27500  -0.22500  -0.17500  -0.12500  -0.07500  -0.02500   0.02500   0.07500   0.12500   0.17500   0.22500   0.27500   0.32500   0.37500   0.42500   0.47500 
<Band_DFT>  Eigen, time=0.513322
<Band_DFT>  DM, time=1.389504
    1   Sn  MulP   6.9999  6.9999 sum  13.9998
    2   Sn  MulP   7.0004  7.0004 sum  14.0008
    3   Sn  MulP   6.9999  6.9999 sum  13.9997
    4   Sn  MulP   6.9999  6.9999 sum  13.9997
 Sum of MulP: up   =    28.00000 down          =    28.00000
              total=    56.00000 ideal(neutral)=    56.00000
<DFT>  Total Spin Moment (muB) =  0.000000000000
<DFT>  Mixing_weight= 0.400000000000
<DFT>  Uele   =  -42.211607135295  dUele     =   0.000000994291
<DFT>  NormRD =    0.000020323205  Criterion =   0.000000100000

******************* MD=26  SCF= 3 *******************
<Poisson>  Poisson's equation using FFT...
<Set_Hamiltonian>  Hamiltonian matrix for VNA+dVH+Vxc...
<Band>  Solving the eigenvalue problem...
 KGrids1:  -0.45833  -0.37500  -0.29167  -0.20833  -0.12500  -0.04167   0.04167   0.12500   0.20833   0.29167   0.37500   0.45833 
 KGrids2:  -0.45833  -0.37500  -0.29167  -0.20833  -0.12500  -0.04167   0.04167   0.12500   0.20833   0.29167   0.37500   0.45833 
 KGrids3:  -0.47500  -0.42500  -0.37500  -0.32500  -0.27500  -0.22500  -0.17500  -0.12500  -0.07500  -0.02500   0.02500   0.07500   0.12500   0.17500   0.22500   0.27500   0.32500   0.37500   0.42500   0.47500 
<Band_DFT>  Eigen, time=0.747771
<Band_DFT>  DM, time=1.930205
    1   Sn  MulP   6.9999  6.9999 sum  13.9998
    2   Sn  MulP   7.0004  7.0004 sum  14.0008
    3   Sn  MulP   6.9999  6.9999 sum  13.9997
    4   Sn  MulP   6.9999  6.9999 sum  13.9997
 Sum of MulP: up   =    28.00000 down          =    28.00000
              total=    56.00000 ideal(neutral)=    56.00000
<DFT>  Total Spin Moment (muB) =  0.000000000000
<DFT>  Mixing_weight= 0.040000000000
<DFT>  Uele   =  -42.211607790612  dUele     =   0.000000655317
<DFT>  NormRD =    0.000013582230  Criterion =   0.000000100000

******************* MD=26  SCF= 4 *******************
<Poisson>  Poisson's equation using FFT...
<Set_Hamiltonian>  Hamiltonian matrix for VNA+dVH+Vxc...
<Band>  Solving the eigenvalue problem...
 KGrids1:  -0.45833  -0.37500  -0.29167  -0.20833  -0.12500  -0.04167   0.04167   0.12500   0.20833   0.29167   0.37500   0.45833 
 KGrids2:  -0.45833  -0.37500  -0.29167  -0.20833  -0.12500  -0.04167   0.04167   0.12500   0.20833   0.29167   0.37500   0.45833 
 KGrids3:  -0.47500  -0.42500  -0.37500  -0.32500  -0.27500  -0.22500  -0.17500  -0.12500  -0.07500  -0.02500   0.02500   0.07500   0.12500   0.17500   0.22500   0.27500   0.32500   0.37500   0.42500   0.47500 
<Band_DFT>  Eigen, time=0.801951
<Band_DFT>  DM, time=1.878358
    1   Sn  MulP   6.9999  6.9999 sum  13.9998
    2   Sn  MulP   7.0004  7.0004 sum  14.0008
    3   Sn  MulP   6.9999  6.9999 sum  13.9997
    4   Sn  MulP   6.9999  6.9999 sum  13.9997
 Sum of MulP: up   =    28.00000 down          =    28.00000
              total=    56.00000 ideal(neutral)=    56.00000
<DFT>  Total Spin Moment (muB) =  0.000000000000
<DFT>  Mixing_weight= 0.040000000000
<DFT>  Uele   =  -42.211609433214  dUele     =   0.000001642602
<DFT>  NormRD =    0.000001208096  Criterion =   0.000000100000

******************* MD=26  SCF= 5 *******************
<Poisson>  Poisson's equation using FFT...
<Set_Hamiltonian>  Hamiltonian matrix for VNA+dVH+Vxc...
<Band>  Solving the eigenvalue problem...
 KGrids1:  -0.45833  -0.37500  -0.29167  -0.20833  -0.12500  -0.04167   0.04167   0.12500   0.20833   0.29167   0.37500   0.45833 
 KGrids2:  -0.45833  -0.37500  -0.29167  -0.20833  -0.12500  -0.04167   0.04167   0.12500   0.20833   0.29167   0.37500   0.45833 
 KGrids3:  -0.47500  -0.42500  -0.37500  -0.32500  -0.27500  -0.22500  -0.17500  -0.12500  -0.07500  -0.02500   0.02500   0.07500   0.12500   0.17500   0.22500   0.27500   0.32500   0.37500   0.42500   0.47500 
<Band_DFT>  Eigen, time=0.751465
<Band_DFT>  DM, time=2.041311
    1   Sn  MulP   6.9999  6.9999 sum  13.9998
    2   Sn  MulP   7.0004  7.0004 sum  14.0008
    3   Sn  MulP   6.9999  6.9999 sum  13.9997
    4   Sn  MulP   6.9999  6.9999 sum  13.9997
 Sum of MulP: up   =    28.00000 down          =    28.00000
              total=    56.00000 ideal(neutral)=    56.00000
<DFT>  Total Spin Moment (muB) =  0.000000000000
<DFT>  Mixing_weight= 0.040000000000
<DFT>  Uele   =  -42.211609137460  dUele     =   0.000000295754
<DFT>  NormRD =    0.000001447703  Criterion =   0.000000100000

******************* MD=26  SCF= 6 *******************
<Poisson>  Poisson's equation using FFT...
<Set_Hamiltonian>  Hamiltonian matrix for VNA+dVH+Vxc...
<Band>  Solving the eigenvalue problem...
 KGrids1:  -0.45833  -0.37500  -0.29167  -0.20833  -0.12500  -0.04167   0.04167   0.12500   0.20833   0.29167   0.37500   0.45833 
 KGrids2:  -0.45833  -0.37500  -0.29167  -0.20833  -0.12500  -0.04167   0.04167   0.12500   0.20833   0.29167   0.37500   0.45833 
 KGrids3:  -0.47500  -0.42500  -0.37500  -0.32500  -0.27500  -0.22500  -0.17500  -0.12500  -0.07500  -0.02500   0.02500   0.07500   0.12500   0.17500   0.22500   0.27500   0.32500   0.37500   0.42500   0.47500 
<Band_DFT>  Eigen, time=0.750669
<Band_DFT>  DM, time=2.036614
    1   Sn  MulP   6.9999  6.9999 sum  13.9998
    2   Sn  MulP   7.0004  7.0004 sum  14.0008
    3   Sn  MulP   6.9999  6.9999 sum  13.9997
    4   Sn  MulP   6.9999  6.9999 sum  13.9997
 Sum of MulP: up   =    28.00000 down          =    28.00000
              total=    56.00000 ideal(neutral)=    56.00000
<DFT>  Total Spin Moment (muB) =  0.000000000000
<DFT>  Mixing_weight= 0.040000000000
<DFT>  Uele   =  -42.211609152164  dUele     =   0.000000014705
<DFT>  NormRD =    0.000000631956  Criterion =   0.000000100000
<MD=26>  Force calculation
  Force calculation #1
  Force calculation #2
  Force calculation #3
  Force calculation #4
  Force calculation #5
  Stress calculation #1
  Stress calculation #2
  Stress calculation #3
  Stress calculation #4
  Stress calculation #5
<MD=26>  Total Energy
  Force calculation #6
  Force calculation #7

*******************************************************
                  Dipole moment (Debye)                 
*******************************************************

 Absolute D      521.25803357

                      Dx                Dy                Dz
 Total           -362.13832181     -362.89704603      -94.18867989
 Core             401.43897519      402.24085281      325.52155711
 Electron        -763.57729700     -765.13789884     -419.71023700
 Back ground       -0.00000000       -0.00000000       -0.00000000

*******************************************************
               Stress tensor (Hartree/bohr^3)            
*******************************************************

       0.00000030        0.00000000        0.00000000 
       0.00000000       -0.00000187        0.00000305 
       0.00000000        0.00000305        0.00000040 

*******************************************************
                Total Energy (Hartree) at MD =26        
*******************************************************

  Uele  =     -42.211609152164

  Ukin  =     203.438553722977
  UH0   =   -2703.963008946003
  UH1   =       0.004898165245
  Una   =    -149.420984172057
  Unl   =     -47.913243411300
  Uxc0  =     -25.237144331047
  Uxc1  =     -25.237144331047
  Ucore =    2464.170751909448
  Uhub  =       0.000000000000
  Ucs   =       0.000000000000
  Uzs   =       0.000000000000
  Uzo   =       0.000000000000
  Uef   =       0.000000000000
  UvdW  =       0.000000000000
  Uch   =       0.000000000000
  Utot  =    -284.157321393785

  UpV   =       0.000000000000
  Enpy  =    -284.157321393785
  Note:

  Uele:   band energy
  Ukin:   kinetic energy
  UH0:    electric part of screened Coulomb energy
  UH1:    difference electron-electron Coulomb energy
  Una:    neutral atom potential energy
  Unl:    non-local potential energy
  Uxc0:   exchange-correlation energy for alpha spin
  Uxc1:   exchange-correlation energy for beta spin
  Ucore:  core-core Coulomb energy
  Uhub:   LDA+U energy
  Ucs:    constraint energy for spin orientation
  Uzs:    Zeeman term for spin magnetic moment
  Uzo:    Zeeman term for orbital magnetic moment
  Uef:    electric energy by electric field
  UvdW:   semi-empirical vdW energy 
  Uch:    penalty term to create a core hole
  UpV:    pressure times volume
  Enpy:   Enthalpy = Utot + UpV
  (see also PRB 72, 045121(2005) for the energy contributions)


*******************************************************
           Computational times (s) at MD =26            
*******************************************************

  DFT in total      =   25.73165

  Set_OLP_Kin       =    0.70527
  Set_Nonlocal      =    0.93282
  Set_ProExpn_VNA   =    2.48142
  Set_Hamiltonian   =    1.47731
  Poisson           =    0.00102
  diagonalization   =   15.20513
  Mixing_DM         =    0.00455
  Force             =    1.94336
  Total_Energy      =    0.40399
  Set_Aden_Grid     =    0.00780
  Set_Orbitals_Grid =    0.17288
  Set_Density_Grid  =    0.56481
  RestartFileDFT    =    0.00294
  Mulliken_Charge   =    0.00101
  FFT(2D)_Density   =    0.00170

The SCF was achieved at MD=  26

*******************************************************
             MD or geometry opt. at MD =26              
*******************************************************

<BFGS>  |Maximum force| (Hartree/Bohr) = 0.000294402300
<BFGS>  Criterion       (Hartree/Bohr) = 0.000100000000

     atom=   1, XYZ(ang) Fxyz(a.u.)=  -0.0000    0.0010   -0.0001    -0.0000    0.0000   -0.0000
     atom=   2, XYZ(ang) Fxyz(a.u.)=   2.9849    2.9904    1.6197    -0.0000    0.0000   -0.0001
     atom=   3, XYZ(ang) Fxyz(a.u.)=   0.0000    2.9873    0.8291     0.0000   -0.0001    0.0003
     atom=   4, XYZ(ang) Fxyz(a.u.)=   2.9849    0.0038    2.3904     0.0000   -0.0000   -0.0000

*******************************************************
        Analysis of neighbors and setting of grids        
*******************************************************


*******************************************************
  Allocation of atoms to processors at MD_iter=   27     
*******************************************************

 proc =   0  # of atoms=   1  estimated weight=         1.00000
 proc =   1  # of atoms=   1  estimated weight=         1.00000
 proc =   2  # of atoms=   1  estimated weight=         1.00000
 proc =   3  # of atoms=   1  estimated weight=         1.00000
 proc =   4  # of atoms=   0  estimated weight=         0.00000
 proc =   5  # of atoms=   0  estimated weight=         0.00000
 proc =   6  # of atoms=   0  estimated weight=         0.00000
 proc =   7  # of atoms=   0  estimated weight=         0.00000
 proc =   8  # of atoms=   0  estimated weight=         0.00000
 proc =   9  # of atoms=   0  estimated weight=         0.00000
 proc =  10  # of atoms=   0  estimated weight=         0.00000
 proc =  11  # of atoms=   0  estimated weight=         0.00000
 proc =  12  # of atoms=   0  estimated weight=         0.00000
 proc =  13  # of atoms=   0  estimated weight=         0.00000
 proc =  14  # of atoms=   0  estimated weight=         0.00000
 proc =  15  # of atoms=   0  estimated weight=         0.00000



TFNAN=     256   Average FNAN=  64.00000
TSNAN=       0   Average SNAN=   0.00000
<truncation> CpyCell= 3 ct_AN=   1 FNAN SNAN  64   0
<truncation> CpyCell= 3 ct_AN=   2 FNAN SNAN  64   0
<truncation> CpyCell= 3 ct_AN=   3 FNAN SNAN  64   0
<truncation> CpyCell= 3 ct_AN=   4 FNAN SNAN  64   0
<UCell_Box> Info. of cutoff energy and num. of grids
lattice vectors (bohr)
A  = 11.281295655248,  0.000000000000,  0.000000000000
B  =  0.000000000000, 11.281295655248,  0.028203239138
C  =  0.000000000000,  0.015204829790,  6.081931916162
reciprocal lattice vectors (bohr^-1)
RA =  0.556956000374,  0.000000000000,  0.000000000000
RB =  0.000000000000,  0.556959481370, -0.001392398703
RC =  0.000000000000, -0.002582742073,  1.033096829091
Required cutoff energy (Ryd) for 3D-grids = 200.0000
    Used cutoff energy (Ryd) for 3D-grids = 193.8750, 193.8786, 194.5146
Num. of grids of a-, b-, and c-axes = 50, 50, 27
Cell_Volume =    774.028233187484 (Bohr^3)
GridVol     =      0.011467084936 (Bohr^3)
Cell vectors (bohr) of the grid cell (gtv)
  gtv_a =  0.225625913105,  0.000000000000,  0.000000000000
  gtv_b =  0.000000000000,  0.225625913105,  0.000564064783
  gtv_c =  0.000000000000,  0.000563141844,  0.225256737636
  |gtv_a| =  0.225625913105
  |gtv_b| =  0.225626618185
  |gtv_c| =  0.225257441562
Num. of grids overlapping with atom    1 = 125061
Num. of grids overlapping with atom    2 = 125313
Num. of grids overlapping with atom    3 = 125158
Num. of grids overlapping with atom    4 = 125092

*******************************************************
             SCF calculation at MD =27                
*******************************************************

<MD=27>  Calculation of the overlap matrix
<MD=27>  Calculation of the nonlocal matrix
<MD=27>  Calculation of the VNA projector matrix

******************* MD=27  SCF= 1 *******************
<Restart>  Found restart files
<Poisson>  Poisson's equation using FFT...
<Band>  Solving the eigenvalue problem...
 KGrids1:  -0.45833  -0.37500  -0.29167  -0.20833  -0.12500  -0.04167   0.04167   0.12500   0.20833   0.29167   0.37500   0.45833 
 KGrids2:  -0.45833  -0.37500  -0.29167  -0.20833  -0.12500  -0.04167   0.04167   0.12500   0.20833   0.29167   0.37500   0.45833 
 KGrids3:  -0.47500  -0.42500  -0.37500  -0.32500  -0.27500  -0.22500  -0.17500  -0.12500  -0.07500  -0.02500   0.02500   0.07500   0.12500   0.17500   0.22500   0.27500   0.32500   0.37500   0.42500   0.47500 
<Band_DFT>  Eigen, time=0.792729
<Band_DFT>  DM, time=1.508210
    1   Sn  MulP   6.9999  6.9999 sum  13.9998
    2   Sn  MulP   7.0004  7.0004 sum  14.0008
    3   Sn  MulP   6.9999  6.9999 sum  13.9997
    4   Sn  MulP   6.9999  6.9999 sum  13.9997
 Sum of MulP: up   =    28.00000 down          =    28.00000
              total=    56.00000 ideal(neutral)=    56.00000
<DFT>  Total Spin Moment (muB) =  0.000000000000
<DFT>  Mixing_weight= 0.400000000000
<DFT>  Uele   =  -42.211606966897  dUele     =   1.000000000000
<DFT>  NormRD =    1.000000000000  Criterion =   0.000000100000

******************* MD=27  SCF= 2 *******************
<Poisson>  Poisson's equation using FFT...
<Set_Hamiltonian>  Hamiltonian matrix for VNA+dVH+Vxc...
<Band>  Solving the eigenvalue problem...
 KGrids1:  -0.45833  -0.37500  -0.29167  -0.20833  -0.12500  -0.04167   0.04167   0.12500   0.20833   0.29167   0.37500   0.45833 
 KGrids2:  -0.45833  -0.37500  -0.29167  -0.20833  -0.12500  -0.04167   0.04167   0.12500   0.20833   0.29167   0.37500   0.45833 
 KGrids3:  -0.47500  -0.42500  -0.37500  -0.32500  -0.27500  -0.22500  -0.17500  -0.12500  -0.07500  -0.02500   0.02500   0.07500   0.12500   0.17500   0.22500   0.27500   0.32500   0.37500   0.42500   0.47500 
<Band_DFT>  Eigen, time=0.796231
<Band_DFT>  DM, time=1.617939
    1   Sn  MulP   6.9999  6.9999 sum  13.9998
    2   Sn  MulP   7.0004  7.0004 sum  14.0008
    3   Sn  MulP   6.9999  6.9999 sum  13.9997
    4   Sn  MulP   6.9999  6.9999 sum  13.9997
 Sum of MulP: up   =    28.00000 down          =    28.00000
              total=    56.00000 ideal(neutral)=    56.00000
<DFT>  Total Spin Moment (muB) =  0.000000000000
<DFT>  Mixing_weight= 0.400000000000
<DFT>  Uele   =  -42.211608548150  dUele     =   0.000001581253
<DFT>  NormRD =    0.000026722118  Criterion =   0.000000100000

******************* MD=27  SCF= 3 *******************
<Poisson>  Poisson's equation using FFT...
<Set_Hamiltonian>  Hamiltonian matrix for VNA+dVH+Vxc...
<Band>  Solving the eigenvalue problem...
 KGrids1:  -0.45833  -0.37500  -0.29167  -0.20833  -0.12500  -0.04167   0.04167   0.12500   0.20833   0.29167   0.37500   0.45833 
 KGrids2:  -0.45833  -0.37500  -0.29167  -0.20833  -0.12500  -0.04167   0.04167   0.12500   0.20833   0.29167   0.37500   0.45833 
 KGrids3:  -0.47500  -0.42500  -0.37500  -0.32500  -0.27500  -0.22500  -0.17500  -0.12500  -0.07500  -0.02500   0.02500   0.07500   0.12500   0.17500   0.22500   0.27500   0.32500   0.37500   0.42500   0.47500 
<Band_DFT>  Eigen, time=0.675965
<Band_DFT>  DM, time=1.565398
    1   Sn  MulP   6.9999  6.9999 sum  13.9998
    2   Sn  MulP   7.0004  7.0004 sum  14.0008
    3   Sn  MulP   6.9999  6.9999 sum  13.9997
    4   Sn  MulP   6.9999  6.9999 sum  13.9997
 Sum of MulP: up   =    28.00000 down          =    28.00000
              total=    56.00000 ideal(neutral)=    56.00000
<DFT>  Total Spin Moment (muB) =  0.000000000000
<DFT>  Mixing_weight= 0.040000000000
<DFT>  Uele   =  -42.211609585526  dUele     =   0.000001037376
<DFT>  NormRD =    0.000018200835  Criterion =   0.000000100000

******************* MD=27  SCF= 4 *******************
<Poisson>  Poisson's equation using FFT...
<Set_Hamiltonian>  Hamiltonian matrix for VNA+dVH+Vxc...
<Band>  Solving the eigenvalue problem...
 KGrids1:  -0.45833  -0.37500  -0.29167  -0.20833  -0.12500  -0.04167   0.04167   0.12500   0.20833   0.29167   0.37500   0.45833 
 KGrids2:  -0.45833  -0.37500  -0.29167  -0.20833  -0.12500  -0.04167   0.04167   0.12500   0.20833   0.29167   0.37500   0.45833 
 KGrids3:  -0.47500  -0.42500  -0.37500  -0.32500  -0.27500  -0.22500  -0.17500  -0.12500  -0.07500  -0.02500   0.02500   0.07500   0.12500   0.17500   0.22500   0.27500   0.32500   0.37500   0.42500   0.47500 
<Band_DFT>  Eigen, time=0.756923
<Band_DFT>  DM, time=1.366144
    1   Sn  MulP   6.9999  6.9999 sum  13.9998
    2   Sn  MulP   7.0004  7.0004 sum  14.0008
    3   Sn  MulP   6.9999  6.9999 sum  13.9997
    4   Sn  MulP   6.9999  6.9999 sum  13.9997
 Sum of MulP: up   =    28.00000 down          =    28.00000
              total=    56.00000 ideal(neutral)=    56.00000
<DFT>  Total Spin Moment (muB) =  0.000000000000
<DFT>  Mixing_weight= 0.040000000000
<DFT>  Uele   =  -42.211612046817  dUele     =   0.000002461291
<DFT>  NormRD =    0.000002307070  Criterion =   0.000000100000

******************* MD=27  SCF= 5 *******************
<Poisson>  Poisson's equation using FFT...
<Set_Hamiltonian>  Hamiltonian matrix for VNA+dVH+Vxc...
<Band>  Solving the eigenvalue problem...
 KGrids1:  -0.45833  -0.37500  -0.29167  -0.20833  -0.12500  -0.04167   0.04167   0.12500   0.20833   0.29167   0.37500   0.45833 
 KGrids2:  -0.45833  -0.37500  -0.29167  -0.20833  -0.12500  -0.04167   0.04167   0.12500   0.20833   0.29167   0.37500   0.45833 
 KGrids3:  -0.47500  -0.42500  -0.37500  -0.32500  -0.27500  -0.22500  -0.17500  -0.12500  -0.07500  -0.02500   0.02500   0.07500   0.12500   0.17500   0.22500   0.27500   0.32500   0.37500   0.42500   0.47500 
<Band_DFT>  Eigen, time=0.513970
<Band_DFT>  DM, time=1.436520
    1   Sn  MulP   6.9999  6.9999 sum  13.9998
    2   Sn  MulP   7.0004  7.0004 sum  14.0008
    3   Sn  MulP   6.9999  6.9999 sum  13.9997
    4   Sn  MulP   6.9999  6.9999 sum  13.9997
 Sum of MulP: up   =    28.00000 down          =    28.00000
              total=    56.00000 ideal(neutral)=    56.00000
<DFT>  Total Spin Moment (muB) =  0.000000000000
<DFT>  Mixing_weight= 0.040000000000
<DFT>  Uele   =  -42.211611706421  dUele     =   0.000000340396
<DFT>  NormRD =    0.000002572326  Criterion =   0.000000100000

******************* MD=27  SCF= 6 *******************
<Poisson>  Poisson's equation using FFT...
<Set_Hamiltonian>  Hamiltonian matrix for VNA+dVH+Vxc...
<Band>  Solving the eigenvalue problem...
 KGrids1:  -0.45833  -0.37500  -0.29167  -0.20833  -0.12500  -0.04167   0.04167   0.12500   0.20833   0.29167   0.37500   0.45833 
 KGrids2:  -0.45833  -0.37500  -0.29167  -0.20833  -0.12500  -0.04167   0.04167   0.12500   0.20833   0.29167   0.37500   0.45833 
 KGrids3:  -0.47500  -0.42500  -0.37500  -0.32500  -0.27500  -0.22500  -0.17500  -0.12500  -0.07500  -0.02500   0.02500   0.07500   0.12500   0.17500   0.22500   0.27500   0.32500   0.37500   0.42500   0.47500 
<Band_DFT>  Eigen, time=0.738659
<Band_DFT>  DM, time=1.862120
    1   Sn  MulP   6.9999  6.9999 sum  13.9998
    2   Sn  MulP   7.0004  7.0004 sum  14.0008
    3   Sn  MulP   6.9999  6.9999 sum  13.9997
    4   Sn  MulP   6.9999  6.9999 sum  13.9997
 Sum of MulP: up   =    28.00000 down          =    28.00000
              total=    56.00000 ideal(neutral)=    56.00000
<DFT>  Total Spin Moment (muB) =  0.000000000000
<DFT>  Mixing_weight= 0.040000000000
<DFT>  Uele   =  -42.211611680505  dUele     =   0.000000025915
<DFT>  NormRD =    0.000000486572  Criterion =   0.000000100000
<MD=27>  Force calculation
  Force calculation #1
  Force calculation #2
  Force calculation #3
  Force calculation #4
  Force calculation #5
  Stress calculation #1
  Stress calculation #2
  Stress calculation #3
  Stress calculation #4
  Stress calculation #5
<MD=27>  Total Energy
  Force calculation #6
  Force calculation #7

*******************************************************
                  Dipole moment (Debye)                 
*******************************************************

 Absolute D      521.17477783

                      Dx                Dy                Dz
 Total           -362.13801408     -362.76118876      -94.25246799
 Core             401.43901670      402.29222264      325.40839082
 Electron        -763.57703078     -765.05341140     -419.66085881
 Back ground       -0.00000000       -0.00000000       -0.00000000

*******************************************************
               Stress tensor (Hartree/bohr^3)            
*******************************************************

       0.00000057        0.00000000       -0.00000000 
       0.00000000       -0.00000205        0.00000316 
      -0.00000000        0.00000316        0.00000041 

*******************************************************
                Total Energy (Hartree) at MD =27        
*******************************************************

  Uele  =     -42.211611680505

  Ukin  =     203.438528596542
  UH0   =   -2703.963140149339
  UH1   =       0.004898175876
  Una   =    -149.420971252260
  Unl   =     -47.913233311089
  Uxc0  =     -25.237143553401
  Uxc1  =     -25.237143553401
  Ucore =    2464.170883042248
  Uhub  =       0.000000000000
  Ucs   =       0.000000000000
  Uzs   =       0.000000000000
  Uzo   =       0.000000000000
  Uef   =       0.000000000000
  UvdW  =       0.000000000000
  Uch   =       0.000000000000
  Utot  =    -284.157322004824

  UpV   =       0.000000000000
  Enpy  =    -284.157322004824
  Note:

  Uele:   band energy
  Ukin:   kinetic energy
  UH0:    electric part of screened Coulomb energy
  UH1:    difference electron-electron Coulomb energy
  Una:    neutral atom potential energy
  Unl:    non-local potential energy
  Uxc0:   exchange-correlation energy for alpha spin
  Uxc1:   exchange-correlation energy for beta spin
  Ucore:  core-core Coulomb energy
  Uhub:   LDA+U energy
  Ucs:    constraint energy for spin orientation
  Uzs:    Zeeman term for spin magnetic moment
  Uzo:    Zeeman term for orbital magnetic moment
  Uef:    electric energy by electric field
  UvdW:   semi-empirical vdW energy 
  Uch:    penalty term to create a core hole
  UpV:    pressure times volume
  Enpy:   Enthalpy = Utot + UpV
  (see also PRB 72, 045121(2005) for the energy contributions)


*******************************************************
           Computational times (s) at MD =27            
*******************************************************

  DFT in total      =   25.74467

  Set_OLP_Kin       =    0.69786
  Set_Nonlocal      =    1.39327
  Set_ProExpn_VNA   =    3.33758
  Set_Hamiltonian   =    1.44669
  Poisson           =    0.00085
  diagonalization   =   14.03070
  Mixing_DM         =    0.00441
  Force             =    1.95595
  Total_Energy      =    0.40445
  Set_Aden_Grid     =    0.00773
  Set_Orbitals_Grid =    0.17083
  Set_Density_Grid  =    0.53036
  RestartFileDFT    =    0.00307
  Mulliken_Charge   =    0.00101
  FFT(2D)_Density   =    0.00172

The SCF was achieved at MD=  27

*******************************************************
             MD or geometry opt. at MD =27              
*******************************************************

<BFGS>  |Maximum force| (Hartree/Bohr) = 0.000302796577
<BFGS>  Criterion       (Hartree/Bohr) = 0.000100000000

     atom=   1, XYZ(ang) Fxyz(a.u.)=  -0.0000    0.0009   -0.0000    -0.0000    0.0001   -0.0000
     atom=   2, XYZ(ang) Fxyz(a.u.)=   2.9849    2.9902    1.6198    -0.0000    0.0001   -0.0000
     atom=   3, XYZ(ang) Fxyz(a.u.)=   0.0000    2.9874    0.8303     0.0000   -0.0000    0.0003
     atom=   4, XYZ(ang) Fxyz(a.u.)=   2.9849    0.0036    2.3908     0.0000   -0.0000   -0.0002

*******************************************************
        Analysis of neighbors and setting of grids        
*******************************************************


*******************************************************
  Allocation of atoms to processors at MD_iter=   28     
*******************************************************

 proc =   0  # of atoms=   1  estimated weight=         1.00000
 proc =   1  # of atoms=   1  estimated weight=         1.00000
 proc =   2  # of atoms=   1  estimated weight=         1.00000
 proc =   3  # of atoms=   1  estimated weight=         1.00000
 proc =   4  # of atoms=   0  estimated weight=         0.00000
 proc =   5  # of atoms=   0  estimated weight=         0.00000
 proc =   6  # of atoms=   0  estimated weight=         0.00000
 proc =   7  # of atoms=   0  estimated weight=         0.00000
 proc =   8  # of atoms=   0  estimated weight=         0.00000
 proc =   9  # of atoms=   0  estimated weight=         0.00000
 proc =  10  # of atoms=   0  estimated weight=         0.00000
 proc =  11  # of atoms=   0  estimated weight=         0.00000
 proc =  12  # of atoms=   0  estimated weight=         0.00000
 proc =  13  # of atoms=   0  estimated weight=         0.00000
 proc =  14  # of atoms=   0  estimated weight=         0.00000
 proc =  15  # of atoms=   0  estimated weight=         0.00000



TFNAN=     256   Average FNAN=  64.00000
TSNAN=       0   Average SNAN=   0.00000
<truncation> CpyCell= 3 ct_AN=   1 FNAN SNAN  64   0
<truncation> CpyCell= 3 ct_AN=   2 FNAN SNAN  64   0
<truncation> CpyCell= 3 ct_AN=   3 FNAN SNAN  64   0
<truncation> CpyCell= 3 ct_AN=   4 FNAN SNAN  64   0
<UCell_Box> Info. of cutoff energy and num. of grids
lattice vectors (bohr)
A  = 11.281295655248,  0.000000000000,  0.000000000000
B  =  0.000000000000, 11.281295655248,  0.028203239138
C  =  0.000000000000,  0.015204829790,  6.081931916162
reciprocal lattice vectors (bohr^-1)
RA =  0.556956000374,  0.000000000000,  0.000000000000
RB =  0.000000000000,  0.556959481370, -0.001392398703
RC =  0.000000000000, -0.002582742073,  1.033096829091
Required cutoff energy (Ryd) for 3D-grids = 200.0000
    Used cutoff energy (Ryd) for 3D-grids = 193.8750, 193.8786, 194.5146
Num. of grids of a-, b-, and c-axes = 50, 50, 27
Cell_Volume =    774.028233187484 (Bohr^3)
GridVol     =      0.011467084936 (Bohr^3)
Cell vectors (bohr) of the grid cell (gtv)
  gtv_a =  0.225625913105,  0.000000000000,  0.000000000000
  gtv_b =  0.000000000000,  0.225625913105,  0.000564064783
  gtv_c =  0.000000000000,  0.000563141844,  0.225256737636
  |gtv_a| =  0.225625913105
  |gtv_b| =  0.225626618185
  |gtv_c| =  0.225257441562
Num. of grids overlapping with atom    1 = 125063
Num. of grids overlapping with atom    2 = 125311
Num. of grids overlapping with atom    3 = 125140
Num. of grids overlapping with atom    4 = 125094

*******************************************************
             SCF calculation at MD =28                
*******************************************************

<MD=28>  Calculation of the overlap matrix
<MD=28>  Calculation of the nonlocal matrix
<MD=28>  Calculation of the VNA projector matrix

******************* MD=28  SCF= 1 *******************
<Restart>  Found restart files
<Poisson>  Poisson's equation using FFT...
<Band>  Solving the eigenvalue problem...
 KGrids1:  -0.45833  -0.37500  -0.29167  -0.20833  -0.12500  -0.04167   0.04167   0.12500   0.20833   0.29167   0.37500   0.45833 
 KGrids2:  -0.45833  -0.37500  -0.29167  -0.20833  -0.12500  -0.04167   0.04167   0.12500   0.20833   0.29167   0.37500   0.45833 
 KGrids3:  -0.47500  -0.42500  -0.37500  -0.32500  -0.27500  -0.22500  -0.17500  -0.12500  -0.07500  -0.02500   0.02500   0.07500   0.12500   0.17500   0.22500   0.27500   0.32500   0.37500   0.42500   0.47500 
<Band_DFT>  Eigen, time=0.746248
<Band_DFT>  DM, time=2.043044
    1   Sn  MulP   6.9999  6.9999 sum  13.9998
    2   Sn  MulP   7.0004  7.0004 sum  14.0008
    3   Sn  MulP   6.9999  6.9999 sum  13.9997
    4   Sn  MulP   6.9999  6.9999 sum  13.9997
 Sum of MulP: up   =    28.00000 down          =    28.00000
              total=    56.00000 ideal(neutral)=    56.00000
<DFT>  Total Spin Moment (muB) =  0.000000000000
<DFT>  Mixing_weight= 0.400000000000
<DFT>  Uele   =  -42.211612331308  dUele     =   1.000000000000
<DFT>  NormRD =    1.000000000000  Criterion =   0.000000100000

******************* MD=28  SCF= 2 *******************
<Poisson>  Poisson's equation using FFT...
<Set_Hamiltonian>  Hamiltonian matrix for VNA+dVH+Vxc...
<Band>  Solving the eigenvalue problem...
 KGrids1:  -0.45833  -0.37500  -0.29167  -0.20833  -0.12500  -0.04167   0.04167   0.12500   0.20833   0.29167   0.37500   0.45833 
 KGrids2:  -0.45833  -0.37500  -0.29167  -0.20833  -0.12500  -0.04167   0.04167   0.12500   0.20833   0.29167   0.37500   0.45833 
 KGrids3:  -0.47500  -0.42500  -0.37500  -0.32500  -0.27500  -0.22500  -0.17500  -0.12500  -0.07500  -0.02500   0.02500   0.07500   0.12500   0.17500   0.22500   0.27500   0.32500   0.37500   0.42500   0.47500 
<Band_DFT>  Eigen, time=0.739264
<Band_DFT>  DM, time=2.042719
    1   Sn  MulP   6.9999  6.9999 sum  13.9998
    2   Sn  MulP   7.0004  7.0004 sum  14.0008
    3   Sn  MulP   6.9999  6.9999 sum  13.9997
    4   Sn  MulP   6.9999  6.9999 sum  13.9997
 Sum of MulP: up   =    28.00000 down          =    28.00000
              total=    56.00000 ideal(neutral)=    56.00000
<DFT>  Total Spin Moment (muB) =  0.000000000000
<DFT>  Mixing_weight= 0.400000000000
<DFT>  Uele   =  -42.211611254761  dUele     =   0.000001076546
<DFT>  NormRD =    0.000043193316  Criterion =   0.000000100000

******************* MD=28  SCF= 3 *******************
<Poisson>  Poisson's equation using FFT...
<Set_Hamiltonian>  Hamiltonian matrix for VNA+dVH+Vxc...
<Band>  Solving the eigenvalue problem...
 KGrids1:  -0.45833  -0.37500  -0.29167  -0.20833  -0.12500  -0.04167   0.04167   0.12500   0.20833   0.29167   0.37500   0.45833 
 KGrids2:  -0.45833  -0.37500  -0.29167  -0.20833  -0.12500  -0.04167   0.04167   0.12500   0.20833   0.29167   0.37500   0.45833 
 KGrids3:  -0.47500  -0.42500  -0.37500  -0.32500  -0.27500  -0.22500  -0.17500  -0.12500  -0.07500  -0.02500   0.02500   0.07500   0.12500   0.17500   0.22500   0.27500   0.32500   0.37500   0.42500   0.47500 
<Band_DFT>  Eigen, time=0.743620
<Band_DFT>  DM, time=1.472473
    1   Sn  MulP   6.9999  6.9999 sum  13.9998
    2   Sn  MulP   7.0004  7.0004 sum  14.0008
    3   Sn  MulP   6.9999  6.9999 sum  13.9997
    4   Sn  MulP   6.9999  6.9999 sum  13.9997
 Sum of MulP: up   =    28.00000 down          =    28.00000
              total=    56.00000 ideal(neutral)=    56.00000
<DFT>  Total Spin Moment (muB) =  0.000000000000
<DFT>  Mixing_weight= 0.040000000000
<DFT>  Uele   =  -42.211610564416  dUele     =   0.000000690346
<DFT>  NormRD =    0.000029666967  Criterion =   0.000000100000

******************* MD=28  SCF= 4 *******************
<Poisson>  Poisson's equation using FFT...
<Set_Hamiltonian>  Hamiltonian matrix for VNA+dVH+Vxc...
<Band>  Solving the eigenvalue problem...
 KGrids1:  -0.45833  -0.37500  -0.29167  -0.20833  -0.12500  -0.04167   0.04167   0.12500   0.20833   0.29167   0.37500   0.45833 
 KGrids2:  -0.45833  -0.37500  -0.29167  -0.20833  -0.12500  -0.04167   0.04167   0.12500   0.20833   0.29167   0.37500   0.45833 
 KGrids3:  -0.47500  -0.42500  -0.37500  -0.32500  -0.27500  -0.22500  -0.17500  -0.12500  -0.07500  -0.02500   0.02500   0.07500   0.12500   0.17500   0.22500   0.27500   0.32500   0.37500   0.42500   0.47500 
<Band_DFT>  Eigen, time=0.595257
<Band_DFT>  DM, time=1.383946
    1   Sn  MulP   6.9999  6.9999 sum  13.9998
    2   Sn  MulP   7.0004  7.0004 sum  14.0008
    3   Sn  MulP   6.9999  6.9999 sum  13.9997
    4   Sn  MulP   6.9999  6.9999 sum  13.9997
 Sum of MulP: up   =    28.00000 down          =    28.00000
              total=    56.00000 ideal(neutral)=    56.00000
<DFT>  Total Spin Moment (muB) =  0.000000000000
<DFT>  Mixing_weight= 0.040000000000
<DFT>  Uele   =  -42.211609079926  dUele     =   0.000001484490
<DFT>  NormRD =    0.000003380599  Criterion =   0.000000100000

******************* MD=28  SCF= 5 *******************
<Poisson>  Poisson's equation using FFT...
<Set_Hamiltonian>  Hamiltonian matrix for VNA+dVH+Vxc...
<Band>  Solving the eigenvalue problem...
 KGrids1:  -0.45833  -0.37500  -0.29167  -0.20833  -0.12500  -0.04167   0.04167   0.12500   0.20833   0.29167   0.37500   0.45833 
 KGrids2:  -0.45833  -0.37500  -0.29167  -0.20833  -0.12500  -0.04167   0.04167   0.12500   0.20833   0.29167   0.37500   0.45833 
 KGrids3:  -0.47500  -0.42500  -0.37500  -0.32500  -0.27500  -0.22500  -0.17500  -0.12500  -0.07500  -0.02500   0.02500   0.07500   0.12500   0.17500   0.22500   0.27500   0.32500   0.37500   0.42500   0.47500 
<Band_DFT>  Eigen, time=0.645142
<Band_DFT>  DM, time=1.515624
    1   Sn  MulP   6.9999  6.9999 sum  13.9998
    2   Sn  MulP   7.0004  7.0004 sum  14.0008
    3   Sn  MulP   6.9999  6.9999 sum  13.9997
    4   Sn  MulP   6.9999  6.9999 sum  13.9997
 Sum of MulP: up   =    28.00000 down          =    28.00000
              total=    56.00000 ideal(neutral)=    56.00000
<DFT>  Total Spin Moment (muB) =  0.000000000000
<DFT>  Mixing_weight= 0.040000000000
<DFT>  Uele   =  -42.211609234518  dUele     =   0.000000154593
<DFT>  NormRD =    0.000003635863  Criterion =   0.000000100000

******************* MD=28  SCF= 6 *******************
<Poisson>  Poisson's equation using FFT...
<Set_Hamiltonian>  Hamiltonian matrix for VNA+dVH+Vxc...
<Band>  Solving the eigenvalue problem...
 KGrids1:  -0.45833  -0.37500  -0.29167  -0.20833  -0.12500  -0.04167   0.04167   0.12500   0.20833   0.29167   0.37500   0.45833 
 KGrids2:  -0.45833  -0.37500  -0.29167  -0.20833  -0.12500  -0.04167   0.04167   0.12500   0.20833   0.29167   0.37500   0.45833 
 KGrids3:  -0.47500  -0.42500  -0.37500  -0.32500  -0.27500  -0.22500  -0.17500  -0.12500  -0.07500  -0.02500   0.02500   0.07500   0.12500   0.17500   0.22500   0.27500   0.32500   0.37500   0.42500   0.47500 
<Band_DFT>  Eigen, time=0.629185
<Band_DFT>  DM, time=1.929028
    1   Sn  MulP   6.9999  6.9999 sum  13.9998
    2   Sn  MulP   7.0004  7.0004 sum  14.0008
    3   Sn  MulP   6.9999  6.9999 sum  13.9997
    4   Sn  MulP   6.9999  6.9999 sum  13.9997
 Sum of MulP: up   =    28.00000 down          =    28.00000
              total=    56.00000 ideal(neutral)=    56.00000
<DFT>  Total Spin Moment (muB) =  0.000000000000
<DFT>  Mixing_weight= 0.040000000000
<DFT>  Uele   =  -42.211609249469  dUele     =   0.000000014950
<DFT>  NormRD =    0.000000937949  Criterion =   0.000000100000
<MD=28>  Force calculation
  Force calculation #1
  Force calculation #2
  Force calculation #3
  Force calculation #4
  Force calculation #5
  Stress calculation #1
  Stress calculation #2
  Stress calculation #3
  Stress calculation #4
  Stress calculation #5
<MD=28>  Total Energy
  Force calculation #6
  Force calculation #7

*******************************************************
                  Dipole moment (Debye)                 
*******************************************************

 Absolute D      521.24883973

                      Dx                Dy                Dz
 Total           -362.13827196     -362.88249923      -94.19403727
 Core             401.43900748      402.26524264      325.51759934
 Electron        -763.57727945     -765.14774187     -419.71163661
 Back ground       -0.00000000       -0.00000000       -0.00000000

*******************************************************
               Stress tensor (Hartree/bohr^3)            
*******************************************************

       0.00000028        0.00000000        0.00000000 
       0.00000000       -0.00000196        0.00000304 
       0.00000000        0.00000304        0.00000033 

*******************************************************
                Total Energy (Hartree) at MD =28        
*******************************************************

  Uele  =     -42.211609249469

  Ukin  =     203.438560143469
  UH0   =   -2703.962919937012
  UH1   =       0.004898153252
  Una   =    -149.420988242589
  Unl   =     -47.913245829651
  Uxc0  =     -25.237144612203
  Uxc1  =     -25.237144612203
  Ucore =    2464.170663771142
  Uhub  =       0.000000000000
  Ucs   =       0.000000000000
  Uzs   =       0.000000000000
  Uzo   =       0.000000000000
  Uef   =       0.000000000000
  UvdW  =       0.000000000000
  Uch   =       0.000000000000
  Utot  =    -284.157321165795

  UpV   =       0.000000000000
  Enpy  =    -284.157321165795
  Note:

  Uele:   band energy
  Ukin:   kinetic energy
  UH0:    electric part of screened Coulomb energy
  UH1:    difference electron-electron Coulomb energy
  Una:    neutral atom potential energy
  Unl:    non-local potential energy
  Uxc0:   exchange-correlation energy for alpha spin
  Uxc1:   exchange-correlation energy for beta spin
  Ucore:  core-core Coulomb energy
  Uhub:   LDA+U energy
  Ucs:    constraint energy for spin orientation
  Uzs:    Zeeman term for spin magnetic moment
  Uzo:    Zeeman term for orbital magnetic moment
  Uef:    electric energy by electric field
  UvdW:   semi-empirical vdW energy 
  Uch:    penalty term to create a core hole
  UpV:    pressure times volume
  Enpy:   Enthalpy = Utot + UpV
  (see also PRB 72, 045121(2005) for the energy contributions)


*******************************************************
           Computational times (s) at MD =28            
*******************************************************

  DFT in total      =   26.10182

  Set_OLP_Kin       =    0.69601
  Set_Nonlocal      =    1.39186
  Set_ProExpn_VNA   =    2.94343
  Set_Hamiltonian   =    1.57878
  Poisson           =    0.00084
  diagonalization   =   14.82876
  Mixing_DM         =    0.00441
  Force             =    1.96705
  Total_Energy      =    0.31538
  Set_Aden_Grid     =    0.00709
  Set_Orbitals_Grid =    0.09939
  Set_Density_Grid  =    0.57299
  RestartFileDFT    =    0.00308
  Mulliken_Charge   =    0.00100
  FFT(2D)_Density   =    0.00172

The SCF was achieved at MD=  28

*******************************************************
             MD or geometry opt. at MD =28              
*******************************************************

<BFGS>  |Maximum force| (Hartree/Bohr) = 0.000249372007
<BFGS>  Criterion       (Hartree/Bohr) = 0.000100000000

     atom=   1, XYZ(ang) Fxyz(a.u.)=  -0.0000    0.0010   -0.0000    -0.0000    0.0000   -0.0000
     atom=   2, XYZ(ang) Fxyz(a.u.)=   2.9849    2.9905    1.6198     0.0000    0.0000   -0.0000
     atom=   3, XYZ(ang) Fxyz(a.u.)=   0.0000    2.9886    0.8314     0.0000   -0.0001    0.0002
     atom=   4, XYZ(ang) Fxyz(a.u.)=   2.9849    0.0039    2.3902     0.0000   -0.0000   -0.0001

*******************************************************
        Analysis of neighbors and setting of grids        
*******************************************************


*******************************************************
  Allocation of atoms to processors at MD_iter=   29     
*******************************************************

 proc =   0  # of atoms=   1  estimated weight=         1.00000
 proc =   1  # of atoms=   1  estimated weight=         1.00000
 proc =   2  # of atoms=   1  estimated weight=         1.00000
 proc =   3  # of atoms=   1  estimated weight=         1.00000
 proc =   4  # of atoms=   0  estimated weight=         0.00000
 proc =   5  # of atoms=   0  estimated weight=         0.00000
 proc =   6  # of atoms=   0  estimated weight=         0.00000
 proc =   7  # of atoms=   0  estimated weight=         0.00000
 proc =   8  # of atoms=   0  estimated weight=         0.00000
 proc =   9  # of atoms=   0  estimated weight=         0.00000
 proc =  10  # of atoms=   0  estimated weight=         0.00000
 proc =  11  # of atoms=   0  estimated weight=         0.00000
 proc =  12  # of atoms=   0  estimated weight=         0.00000
 proc =  13  # of atoms=   0  estimated weight=         0.00000
 proc =  14  # of atoms=   0  estimated weight=         0.00000
 proc =  15  # of atoms=   0  estimated weight=         0.00000



TFNAN=     256   Average FNAN=  64.00000
TSNAN=       0   Average SNAN=   0.00000
<truncation> CpyCell= 3 ct_AN=   1 FNAN SNAN  64   0
<truncation> CpyCell= 3 ct_AN=   2 FNAN SNAN  64   0
<truncation> CpyCell= 3 ct_AN=   3 FNAN SNAN  64   0
<truncation> CpyCell= 3 ct_AN=   4 FNAN SNAN  64   0
<UCell_Box> Info. of cutoff energy and num. of grids
lattice vectors (bohr)
A  = 11.281295655248,  0.000000000000,  0.000000000000
B  =  0.000000000000, 11.281295655248,  0.028203239138
C  =  0.000000000000,  0.015204829790,  6.081931916162
reciprocal lattice vectors (bohr^-1)
RA =  0.556956000374,  0.000000000000,  0.000000000000
RB =  0.000000000000,  0.556959481370, -0.001392398703
RC =  0.000000000000, -0.002582742073,  1.033096829091
Required cutoff energy (Ryd) for 3D-grids = 200.0000
    Used cutoff energy (Ryd) for 3D-grids = 193.8750, 193.8786, 194.5146
Num. of grids of a-, b-, and c-axes = 50, 50, 27
Cell_Volume =    774.028233187484 (Bohr^3)
GridVol     =      0.011467084936 (Bohr^3)
Cell vectors (bohr) of the grid cell (gtv)
  gtv_a =  0.225625913105,  0.000000000000,  0.000000000000
  gtv_b =  0.000000000000,  0.225625913105,  0.000564064783
  gtv_c =  0.000000000000,  0.000563141844,  0.225256737636
  |gtv_a| =  0.225625913105
  |gtv_b| =  0.225626618185
  |gtv_c| =  0.225257441562
Num. of grids overlapping with atom    1 = 125063
Num. of grids overlapping with atom    2 = 125311
Num. of grids overlapping with atom    3 = 125129
Num. of grids overlapping with atom    4 = 125089

*******************************************************
             SCF calculation at MD =29                
*******************************************************

<MD=29>  Calculation of the overlap matrix
<MD=29>  Calculation of the nonlocal matrix
<MD=29>  Calculation of the VNA projector matrix

******************* MD=29  SCF= 1 *******************
<Restart>  Found restart files
<Poisson>  Poisson's equation using FFT...
<Band>  Solving the eigenvalue problem...
 KGrids1:  -0.45833  -0.37500  -0.29167  -0.20833  -0.12500  -0.04167   0.04167   0.12500   0.20833   0.29167   0.37500   0.45833 
 KGrids2:  -0.45833  -0.37500  -0.29167  -0.20833  -0.12500  -0.04167   0.04167   0.12500   0.20833   0.29167   0.37500   0.45833 
 KGrids3:  -0.47500  -0.42500  -0.37500  -0.32500  -0.27500  -0.22500  -0.17500  -0.12500  -0.07500  -0.02500   0.02500   0.07500   0.12500   0.17500   0.22500   0.27500   0.32500   0.37500   0.42500   0.47500 
<Band_DFT>  Eigen, time=0.743750
<Band_DFT>  DM, time=1.832356
    1   Sn  MulP   6.9999  6.9999 sum  13.9997
    2   Sn  MulP   7.0004  7.0004 sum  14.0008
    3   Sn  MulP   6.9999  6.9999 sum  13.9997
    4   Sn  MulP   6.9999  6.9999 sum  13.9997
 Sum of MulP: up   =    28.00000 down          =    28.00000
              total=    56.00000 ideal(neutral)=    56.00000
<DFT>  Total Spin Moment (muB) =  0.000000000000
<DFT>  Mixing_weight= 0.400000000000
<DFT>  Uele   =  -42.211621126724  dUele     =   1.000000000000
<DFT>  NormRD =    1.000000000000  Criterion =   0.000000100000

******************* MD=29  SCF= 2 *******************
<Poisson>  Poisson's equation using FFT...
<Set_Hamiltonian>  Hamiltonian matrix for VNA+dVH+Vxc...
<Band>  Solving the eigenvalue problem...
 KGrids1:  -0.45833  -0.37500  -0.29167  -0.20833  -0.12500  -0.04167   0.04167   0.12500   0.20833   0.29167   0.37500   0.45833 
 KGrids2:  -0.45833  -0.37500  -0.29167  -0.20833  -0.12500  -0.04167   0.04167   0.12500   0.20833   0.29167   0.37500   0.45833 
 KGrids3:  -0.47500  -0.42500  -0.37500  -0.32500  -0.27500  -0.22500  -0.17500  -0.12500  -0.07500  -0.02500   0.02500   0.07500   0.12500   0.17500   0.22500   0.27500   0.32500   0.37500   0.42500   0.47500 
<Band_DFT>  Eigen, time=0.749757
<Band_DFT>  DM, time=1.836037
    1   Sn  MulP   6.9999  6.9999 sum  13.9997
    2   Sn  MulP   7.0004  7.0004 sum  14.0008
    3   Sn  MulP   6.9999  6.9999 sum  13.9997
    4   Sn  MulP   6.9999  6.9999 sum  13.9997
 Sum of MulP: up   =    28.00000 down          =    28.00000
              total=    56.00000 ideal(neutral)=    56.00000
<DFT>  Total Spin Moment (muB) =  0.000000000000
<DFT>  Mixing_weight= 0.400000000000
<DFT>  Uele   =  -42.211616915695  dUele     =   0.000004211029
<DFT>  NormRD =    0.000141599486  Criterion =   0.000000100000

******************* MD=29  SCF= 3 *******************
<Poisson>  Poisson's equation using FFT...
<Set_Hamiltonian>  Hamiltonian matrix for VNA+dVH+Vxc...
<Band>  Solving the eigenvalue problem...
 KGrids1:  -0.45833  -0.37500  -0.29167  -0.20833  -0.12500  -0.04167   0.04167   0.12500   0.20833   0.29167   0.37500   0.45833 
 KGrids2:  -0.45833  -0.37500  -0.29167  -0.20833  -0.12500  -0.04167   0.04167   0.12500   0.20833   0.29167   0.37500   0.45833 
 KGrids3:  -0.47500  -0.42500  -0.37500  -0.32500  -0.27500  -0.22500  -0.17500  -0.12500  -0.07500  -0.02500   0.02500   0.07500   0.12500   0.17500   0.22500   0.27500   0.32500   0.37500   0.42500   0.47500 
<Band_DFT>  Eigen, time=0.775266
<Band_DFT>  DM, time=1.977879
    1   Sn  MulP   6.9999  6.9999 sum  13.9997
    2   Sn  MulP   7.0004  7.0004 sum  14.0008
    3   Sn  MulP   6.9999  6.9999 sum  13.9997
    4   Sn  MulP   6.9999  6.9999 sum  13.9997
 Sum of MulP: up   =    28.00000 down          =    28.00000
              total=    56.00000 ideal(neutral)=    56.00000
<DFT>  Total Spin Moment (muB) =  0.000000000000
<DFT>  Mixing_weight= 0.040000000000
<DFT>  Uele   =  -42.211614137492  dUele     =   0.000002778203
<DFT>  NormRD =    0.000096924283  Criterion =   0.000000100000

******************* MD=29  SCF= 4 *******************
<Poisson>  Poisson's equation using FFT...
<Set_Hamiltonian>  Hamiltonian matrix for VNA+dVH+Vxc...
<Band>  Solving the eigenvalue problem...
 KGrids1:  -0.45833  -0.37500  -0.29167  -0.20833  -0.12500  -0.04167   0.04167   0.12500   0.20833   0.29167   0.37500   0.45833 
 KGrids2:  -0.45833  -0.37500  -0.29167  -0.20833  -0.12500  -0.04167   0.04167   0.12500   0.20833   0.29167   0.37500   0.45833 
 KGrids3:  -0.47500  -0.42500  -0.37500  -0.32500  -0.27500  -0.22500  -0.17500  -0.12500  -0.07500  -0.02500   0.02500   0.07500   0.12500   0.17500   0.22500   0.27500   0.32500   0.37500   0.42500   0.47500 
<Band_DFT>  Eigen, time=0.750572
<Band_DFT>  DM, time=1.527081
    1   Sn  MulP   6.9999  6.9999 sum  13.9997
    2   Sn  MulP   7.0004  7.0004 sum  14.0008
    3   Sn  MulP   6.9999  6.9999 sum  13.9997
    4   Sn  MulP   6.9999  6.9999 sum  13.9997
 Sum of MulP: up   =    28.00000 down          =    28.00000
              total=    56.00000 ideal(neutral)=    56.00000
<DFT>  Total Spin Moment (muB) =  0.000000000000
<DFT>  Mixing_weight= 0.040000000000
<DFT>  Uele   =  -42.211607290671  dUele     =   0.000006846822
<DFT>  NormRD =    0.000013078095  Criterion =   0.000000100000

******************* MD=29  SCF= 5 *******************
<Poisson>  Poisson's equation using FFT...
<Set_Hamiltonian>  Hamiltonian matrix for VNA+dVH+Vxc...
<Band>  Solving the eigenvalue problem...
 KGrids1:  -0.45833  -0.37500  -0.29167  -0.20833  -0.12500  -0.04167   0.04167   0.12500   0.20833   0.29167   0.37500   0.45833 
 KGrids2:  -0.45833  -0.37500  -0.29167  -0.20833  -0.12500  -0.04167   0.04167   0.12500   0.20833   0.29167   0.37500   0.45833 
 KGrids3:  -0.47500  -0.42500  -0.37500  -0.32500  -0.27500  -0.22500  -0.17500  -0.12500  -0.07500  -0.02500   0.02500   0.07500   0.12500   0.17500   0.22500   0.27500   0.32500   0.37500   0.42500   0.47500 
<Band_DFT>  Eigen, time=0.752468
<Band_DFT>  DM, time=2.047783
    1   Sn  MulP   6.9999  6.9999 sum  13.9997
    2   Sn  MulP   7.0004  7.0004 sum  14.0008
    3   Sn  MulP   6.9999  6.9999 sum  13.9997
    4   Sn  MulP   6.9999  6.9999 sum  13.9997
 Sum of MulP: up   =    28.00000 down          =    28.00000
              total=    56.00000 ideal(neutral)=    56.00000
<DFT>  Total Spin Moment (muB) =  0.000000000000
<DFT>  Mixing_weight= 0.040000000000
<DFT>  Uele   =  -42.211608162711  dUele     =   0.000000872041
<DFT>  NormRD =    0.000011995310  Criterion =   0.000000100000

******************* MD=29  SCF= 6 *******************
<Poisson>  Poisson's equation using FFT...
<Set_Hamiltonian>  Hamiltonian matrix for VNA+dVH+Vxc...
<Band>  Solving the eigenvalue problem...
 KGrids1:  -0.45833  -0.37500  -0.29167  -0.20833  -0.12500  -0.04167   0.04167   0.12500   0.20833   0.29167   0.37500   0.45833 
 KGrids2:  -0.45833  -0.37500  -0.29167  -0.20833  -0.12500  -0.04167   0.04167   0.12500   0.20833   0.29167   0.37500   0.45833 
 KGrids3:  -0.47500  -0.42500  -0.37500  -0.32500  -0.27500  -0.22500  -0.17500  -0.12500  -0.07500  -0.02500   0.02500   0.07500   0.12500   0.17500   0.22500   0.27500   0.32500   0.37500   0.42500   0.47500 
<Band_DFT>  Eigen, time=0.753517
<Band_DFT>  DM, time=2.050631
    1   Sn  MulP   6.9999  6.9999 sum  13.9997
    2   Sn  MulP   7.0004  7.0004 sum  14.0008
    3   Sn  MulP   6.9999  6.9999 sum  13.9997
    4   Sn  MulP   6.9999  6.9999 sum  13.9997
 Sum of MulP: up   =    28.00000 down          =    28.00000
              total=    56.00000 ideal(neutral)=    56.00000
<DFT>  Total Spin Moment (muB) =  0.000000000000
<DFT>  Mixing_weight= 0.040000000000
<DFT>  Uele   =  -42.211608311150  dUele     =   0.000000148439
<DFT>  NormRD =    0.000002107207  Criterion =   0.000000100000

******************* MD=29  SCF= 7 *******************
<Poisson>  Poisson's equation using FFT...
<Set_Hamiltonian>  Hamiltonian matrix for VNA+dVH+Vxc...
<Band>  Solving the eigenvalue problem...
 KGrids1:  -0.45833  -0.37500  -0.29167  -0.20833  -0.12500  -0.04167   0.04167   0.12500   0.20833   0.29167   0.37500   0.45833 
 KGrids2:  -0.45833  -0.37500  -0.29167  -0.20833  -0.12500  -0.04167   0.04167   0.12500   0.20833   0.29167   0.37500   0.45833 
 KGrids3:  -0.47500  -0.42500  -0.37500  -0.32500  -0.27500  -0.22500  -0.17500  -0.12500  -0.07500  -0.02500   0.02500   0.07500   0.12500   0.17500   0.22500   0.27500   0.32500   0.37500   0.42500   0.47500 
<Band_DFT>  Eigen, time=0.750829
<Band_DFT>  DM, time=2.042893
    1   Sn  MulP   6.9999  6.9999 sum  13.9997
    2   Sn  MulP   7.0004  7.0004 sum  14.0008
    3   Sn  MulP   6.9999  6.9999 sum  13.9997
    4   Sn  MulP   6.9999  6.9999 sum  13.9997
 Sum of MulP: up   =    28.00000 down          =    28.00000
              total=    56.00000 ideal(neutral)=    56.00000
<DFT>  Total Spin Moment (muB) =  0.000000000000
<DFT>  Mixing_weight= 0.040000000000
<DFT>  Uele   =  -42.211608253827  dUele     =   0.000000057323
<DFT>  NormRD =    0.000000523242  Criterion =   0.000000100000
<MD=29>  Force calculation
  Force calculation #1
  Force calculation #2
  Force calculation #3
  Force calculation #4
  Force calculation #5
  Stress calculation #1
  Stress calculation #2
  Stress calculation #3
  Stress calculation #4
  Stress calculation #5
<MD=29>  Total Energy
  Force calculation #6
  Force calculation #7

*******************************************************
                  Dipole moment (Debye)                 
*******************************************************

 Absolute D      521.13828611

                      Dx                Dy                Dz
 Total           -362.13769242     -362.72831128      -94.17843265
 Core             401.43919395      402.39117924      325.56143019
 Electron        -763.57688637     -765.11949052     -419.73986284
 Back ground       -0.00000000       -0.00000000       -0.00000000

*******************************************************
               Stress tensor (Hartree/bohr^3)            
*******************************************************

       0.00000003        0.00000000       -0.00000000 
       0.00000000       -0.00000215        0.00000304 
      -0.00000000        0.00000304        0.00000032 

*******************************************************
                Total Energy (Hartree) at MD =29        
*******************************************************

  Uele  =     -42.211608253827

  Ukin  =     203.438599389707
  UH0   =   -2703.962454580804
  UH1   =       0.004898100307
  Una   =    -149.421011468480
  Unl   =     -47.913261141931
  Uxc0  =     -25.237146498177
  Uxc1  =     -25.237146498177
  Ucore =    2464.170202157343
  Uhub  =       0.000000000000
  Ucs   =       0.000000000000
  Uzs   =       0.000000000000
  Uzo   =       0.000000000000
  Uef   =       0.000000000000
  UvdW  =       0.000000000000
  Uch   =       0.000000000000
  Utot  =    -284.157320540213

  UpV   =       0.000000000000
  Enpy  =    -284.157320540213
  Note:

  Uele:   band energy
  Ukin:   kinetic energy
  UH0:    electric part of screened Coulomb energy
  UH1:    difference electron-electron Coulomb energy
  Una:    neutral atom potential energy
  Unl:    non-local potential energy
  Uxc0:   exchange-correlation energy for alpha spin
  Uxc1:   exchange-correlation energy for beta spin
  Ucore:  core-core Coulomb energy
  Uhub:   LDA+U energy
  Ucs:    constraint energy for spin orientation
  Uzs:    Zeeman term for spin magnetic moment
  Uzo:    Zeeman term for orbital magnetic moment
  Uef:    electric energy by electric field
  UvdW:   semi-empirical vdW energy 
  Uch:    penalty term to create a core hole
  UpV:    pressure times volume
  Enpy:   Enthalpy = Utot + UpV
  (see also PRB 72, 045121(2005) for the energy contributions)


*******************************************************
           Computational times (s) at MD =29            
*******************************************************

  DFT in total      =   30.11781

  Set_OLP_Kin       =    0.69870
  Set_Nonlocal      =    1.21294
  Set_ProExpn_VNA   =    2.70281
  Set_Hamiltonian   =    1.65474
  Poisson           =    0.00101
  diagonalization   =   18.97315
  Mixing_DM         =    0.00528
  Force             =    1.91367
  Total_Energy      =    0.40444
  Set_Aden_Grid     =    0.00708
  Set_Orbitals_Grid =    0.09958
  Set_Density_Grid  =    0.64464
  RestartFileDFT    =    0.00290
  Mulliken_Charge   =    0.00110
  FFT(2D)_Density   =    0.00198

The SCF was achieved at MD=  29

*******************************************************
             MD or geometry opt. at MD =29              
*******************************************************

<BFGS>  |Maximum force| (Hartree/Bohr) = 0.000254845102
<BFGS>  Criterion       (Hartree/Bohr) = 0.000100000000

     atom=   1, XYZ(ang) Fxyz(a.u.)=  -0.0000    0.0010    0.0001    -0.0000   -0.0000   -0.0000
     atom=   2, XYZ(ang) Fxyz(a.u.)=   2.9849    2.9904    1.6198    -0.0000    0.0001    0.0000
     atom=   3, XYZ(ang) Fxyz(a.u.)=   0.0000    2.9895    0.8339     0.0000    0.0001    0.0001
     atom=   4, XYZ(ang) Fxyz(a.u.)=   2.9849    0.0038    2.3904     0.0000   -0.0001   -0.0003

*******************************************************
        Analysis of neighbors and setting of grids        
*******************************************************


*******************************************************
  Allocation of atoms to processors at MD_iter=   30     
*******************************************************

 proc =   0  # of atoms=   1  estimated weight=         1.00000
 proc =   1  # of atoms=   1  estimated weight=         1.00000
 proc =   2  # of atoms=   1  estimated weight=         1.00000
 proc =   3  # of atoms=   1  estimated weight=         1.00000
 proc =   4  # of atoms=   0  estimated weight=         0.00000
 proc =   5  # of atoms=   0  estimated weight=         0.00000
 proc =   6  # of atoms=   0  estimated weight=         0.00000
 proc =   7  # of atoms=   0  estimated weight=         0.00000
 proc =   8  # of atoms=   0  estimated weight=         0.00000
 proc =   9  # of atoms=   0  estimated weight=         0.00000
 proc =  10  # of atoms=   0  estimated weight=         0.00000
 proc =  11  # of atoms=   0  estimated weight=         0.00000
 proc =  12  # of atoms=   0  estimated weight=         0.00000
 proc =  13  # of atoms=   0  estimated weight=         0.00000
 proc =  14  # of atoms=   0  estimated weight=         0.00000
 proc =  15  # of atoms=   0  estimated weight=         0.00000



TFNAN=     256   Average FNAN=  64.00000
TSNAN=       0   Average SNAN=   0.00000
<truncation> CpyCell= 3 ct_AN=   1 FNAN SNAN  64   0
<truncation> CpyCell= 3 ct_AN=   2 FNAN SNAN  64   0
<truncation> CpyCell= 3 ct_AN=   3 FNAN SNAN  64   0
<truncation> CpyCell= 3 ct_AN=   4 FNAN SNAN  64   0
<UCell_Box> Info. of cutoff energy and num. of grids
lattice vectors (bohr)
A  = 11.281295655248,  0.000000000000,  0.000000000000
B  =  0.000000000000, 11.281295655248,  0.028203239138
C  =  0.000000000000,  0.015204829790,  6.081931916162
reciprocal lattice vectors (bohr^-1)
RA =  0.556956000374,  0.000000000000,  0.000000000000
RB =  0.000000000000,  0.556959481370, -0.001392398703
RC =  0.000000000000, -0.002582742073,  1.033096829091
Required cutoff energy (Ryd) for 3D-grids = 200.0000
    Used cutoff energy (Ryd) for 3D-grids = 193.8750, 193.8786, 194.5146
Num. of grids of a-, b-, and c-axes = 50, 50, 27
Cell_Volume =    774.028233187484 (Bohr^3)
GridVol     =      0.011467084936 (Bohr^3)
Cell vectors (bohr) of the grid cell (gtv)
  gtv_a =  0.225625913105,  0.000000000000,  0.000000000000
  gtv_b =  0.000000000000,  0.225625913105,  0.000564064783
  gtv_c =  0.000000000000,  0.000563141844,  0.225256737636
  |gtv_a| =  0.225625913105
  |gtv_b| =  0.225626618185
  |gtv_c| =  0.225257441562
Num. of grids overlapping with atom    1 = 125058
Num. of grids overlapping with atom    2 = 125313
Num. of grids overlapping with atom    3 = 125085
Num. of grids overlapping with atom    4 = 125090

*******************************************************
             SCF calculation at MD =30                
*******************************************************

<MD=30>  Calculation of the overlap matrix
<MD=30>  Calculation of the nonlocal matrix
<MD=30>  Calculation of the VNA projector matrix

******************* MD=30  SCF= 1 *******************
<Restart>  Found restart files
<Poisson>  Poisson's equation using FFT...
<Band>  Solving the eigenvalue problem...
 KGrids1:  -0.45833  -0.37500  -0.29167  -0.20833  -0.12500  -0.04167   0.04167   0.12500   0.20833   0.29167   0.37500   0.45833 
 KGrids2:  -0.45833  -0.37500  -0.29167  -0.20833  -0.12500  -0.04167   0.04167   0.12500   0.20833   0.29167   0.37500   0.45833 
 KGrids3:  -0.47500  -0.42500  -0.37500  -0.32500  -0.27500  -0.22500  -0.17500  -0.12500  -0.07500  -0.02500   0.02500   0.07500   0.12500   0.17500   0.22500   0.27500   0.32500   0.37500   0.42500   0.47500 
<Band_DFT>  Eigen, time=0.760814
<Band_DFT>  DM, time=2.015984
    1   Sn  MulP   6.9999  6.9999 sum  13.9997
    2   Sn  MulP   7.0004  7.0004 sum  14.0009
    3   Sn  MulP   6.9999  6.9999 sum  13.9997
    4   Sn  MulP   6.9998  6.9998 sum  13.9997
 Sum of MulP: up   =    28.00000 down          =    28.00000
              total=    56.00000 ideal(neutral)=    56.00000
<DFT>  Total Spin Moment (muB) =  0.000000000000
<DFT>  Mixing_weight= 0.400000000000
<DFT>  Uele   =  -42.211606124270  dUele     =   1.000000000000
<DFT>  NormRD =    1.000000000000  Criterion =   0.000000100000

******************* MD=30  SCF= 2 *******************
<Poisson>  Poisson's equation using FFT...
<Set_Hamiltonian>  Hamiltonian matrix for VNA+dVH+Vxc...
<Band>  Solving the eigenvalue problem...
 KGrids1:  -0.45833  -0.37500  -0.29167  -0.20833  -0.12500  -0.04167   0.04167   0.12500   0.20833   0.29167   0.37500   0.45833 
 KGrids2:  -0.45833  -0.37500  -0.29167  -0.20833  -0.12500  -0.04167   0.04167   0.12500   0.20833   0.29167   0.37500   0.45833 
 KGrids3:  -0.47500  -0.42500  -0.37500  -0.32500  -0.27500  -0.22500  -0.17500  -0.12500  -0.07500  -0.02500   0.02500   0.07500   0.12500   0.17500   0.22500   0.27500   0.32500   0.37500   0.42500   0.47500 
<Band_DFT>  Eigen, time=0.738452
<Band_DFT>  DM, time=1.924971
    1   Sn  MulP   6.9999  6.9999 sum  13.9997
    2   Sn  MulP   7.0004  7.0004 sum  14.0009
    3   Sn  MulP   6.9999  6.9999 sum  13.9997
    4   Sn  MulP   6.9998  6.9998 sum  13.9997
 Sum of MulP: up   =    28.00000 down          =    28.00000
              total=    56.00000 ideal(neutral)=    56.00000
<DFT>  Total Spin Moment (muB) =  0.000000000000
<DFT>  Mixing_weight= 0.400000000000
<DFT>  Uele   =  -42.211603996337  dUele     =   0.000002127934
<DFT>  NormRD =    0.000053723760  Criterion =   0.000000100000

******************* MD=30  SCF= 3 *******************
<Poisson>  Poisson's equation using FFT...
<Set_Hamiltonian>  Hamiltonian matrix for VNA+dVH+Vxc...
<Band>  Solving the eigenvalue problem...
 KGrids1:  -0.45833  -0.37500  -0.29167  -0.20833  -0.12500  -0.04167   0.04167   0.12500   0.20833   0.29167   0.37500   0.45833 
 KGrids2:  -0.45833  -0.37500  -0.29167  -0.20833  -0.12500  -0.04167   0.04167   0.12500   0.20833   0.29167   0.37500   0.45833 
 KGrids3:  -0.47500  -0.42500  -0.37500  -0.32500  -0.27500  -0.22500  -0.17500  -0.12500  -0.07500  -0.02500   0.02500   0.07500   0.12500   0.17500   0.22500   0.27500   0.32500   0.37500   0.42500   0.47500 
<Band_DFT>  Eigen, time=0.742710
<Band_DFT>  DM, time=1.998600
    1   Sn  MulP   6.9999  6.9999 sum  13.9997
    2   Sn  MulP   7.0004  7.0004 sum  14.0009
    3   Sn  MulP   6.9999  6.9999 sum  13.9997
    4   Sn  MulP   6.9998  6.9998 sum  13.9997
 Sum of MulP: up   =    28.00000 down          =    28.00000
              total=    56.00000 ideal(neutral)=    56.00000
<DFT>  Total Spin Moment (muB) =  0.000000000000
<DFT>  Mixing_weight= 0.040000000000
<DFT>  Uele   =  -42.211602676854  dUele     =   0.000001319482
<DFT>  NormRD =    0.000034696710  Criterion =   0.000000100000

******************* MD=30  SCF= 4 *******************
<Poisson>  Poisson's equation using FFT...
<Set_Hamiltonian>  Hamiltonian matrix for VNA+dVH+Vxc...
<Band>  Solving the eigenvalue problem...
 KGrids1:  -0.45833  -0.37500  -0.29167  -0.20833  -0.12500  -0.04167   0.04167   0.12500   0.20833   0.29167   0.37500   0.45833 
 KGrids2:  -0.45833  -0.37500  -0.29167  -0.20833  -0.12500  -0.04167   0.04167   0.12500   0.20833   0.29167   0.37500   0.45833 
 KGrids3:  -0.47500  -0.42500  -0.37500  -0.32500  -0.27500  -0.22500  -0.17500  -0.12500  -0.07500  -0.02500   0.02500   0.07500   0.12500   0.17500   0.22500   0.27500   0.32500   0.37500   0.42500   0.47500 
<Band_DFT>  Eigen, time=0.785937
<Band_DFT>  DM, time=1.782521
    1   Sn  MulP   6.9999  6.9999 sum  13.9997
    2   Sn  MulP   7.0004  7.0004 sum  14.0009
    3   Sn  MulP   6.9999  6.9999 sum  13.9997
    4   Sn  MulP   6.9998  6.9998 sum  13.9997
 Sum of MulP: up   =    28.00000 down          =    28.00000
              total=    56.00000 ideal(neutral)=    56.00000
<DFT>  Total Spin Moment (muB) =  0.000000000000
<DFT>  Mixing_weight= 0.040000000000
<DFT>  Uele   =  -42.211599846878  dUele     =   0.000002829976
<DFT>  NormRD =    0.000003137113  Criterion =   0.000000100000

******************* MD=30  SCF= 5 *******************
<Poisson>  Poisson's equation using FFT...
<Set_Hamiltonian>  Hamiltonian matrix for VNA+dVH+Vxc...
<Band>  Solving the eigenvalue problem...
 KGrids1:  -0.45833  -0.37500  -0.29167  -0.20833  -0.12500  -0.04167   0.04167   0.12500   0.20833   0.29167   0.37500   0.45833 
 KGrids2:  -0.45833  -0.37500  -0.29167  -0.20833  -0.12500  -0.04167   0.04167   0.12500   0.20833   0.29167   0.37500   0.45833 
 KGrids3:  -0.47500  -0.42500  -0.37500  -0.32500  -0.27500  -0.22500  -0.17500  -0.12500  -0.07500  -0.02500   0.02500   0.07500   0.12500   0.17500   0.22500   0.27500   0.32500   0.37500   0.42500   0.47500 
<Band_DFT>  Eigen, time=0.745223
<Band_DFT>  DM, time=1.814801
    1   Sn  MulP   6.9999  6.9999 sum  13.9997
    2   Sn  MulP   7.0004  7.0004 sum  14.0009
    3   Sn  MulP   6.9999  6.9999 sum  13.9997
    4   Sn  MulP   6.9998  6.9998 sum  13.9997
 Sum of MulP: up   =    28.00000 down          =    28.00000
              total=    56.00000 ideal(neutral)=    56.00000
<DFT>  Total Spin Moment (muB) =  0.000000000000
<DFT>  Mixing_weight= 0.040000000000
<DFT>  Uele   =  -42.211600209497  dUele     =   0.000000362619
<DFT>  NormRD =    0.000002862219  Criterion =   0.000000100000

******************* MD=30  SCF= 6 *******************
<Poisson>  Poisson's equation using FFT...
<Set_Hamiltonian>  Hamiltonian matrix for VNA+dVH+Vxc...
<Band>  Solving the eigenvalue problem...
 KGrids1:  -0.45833  -0.37500  -0.29167  -0.20833  -0.12500  -0.04167   0.04167   0.12500   0.20833   0.29167   0.37500   0.45833 
 KGrids2:  -0.45833  -0.37500  -0.29167  -0.20833  -0.12500  -0.04167   0.04167   0.12500   0.20833   0.29167   0.37500   0.45833 
 KGrids3:  -0.47500  -0.42500  -0.37500  -0.32500  -0.27500  -0.22500  -0.17500  -0.12500  -0.07500  -0.02500   0.02500   0.07500   0.12500   0.17500   0.22500   0.27500   0.32500   0.37500   0.42500   0.47500 
<Band_DFT>  Eigen, time=0.765517
<Band_DFT>  DM, time=1.770064
    1   Sn  MulP   6.9999  6.9999 sum  13.9997
    2   Sn  MulP   7.0004  7.0004 sum  14.0009
    3   Sn  MulP   6.9999  6.9999 sum  13.9997
    4   Sn  MulP   6.9998  6.9998 sum  13.9997
 Sum of MulP: up   =    28.00000 down          =    28.00000
              total=    56.00000 ideal(neutral)=    56.00000
<DFT>  Total Spin Moment (muB) =  0.000000000000
<DFT>  Mixing_weight= 0.040000000000
<DFT>  Uele   =  -42.211600258575  dUele     =   0.000000049078
<DFT>  NormRD =    0.000001636027  Criterion =   0.000000100000
<MD=30>  Force calculation
  Force calculation #1
  Force calculation #2
  Force calculation #3
  Force calculation #4
  Force calculation #5
  Stress calculation #1
  Stress calculation #2
  Stress calculation #3
  Stress calculation #4
  Stress calculation #5
<MD=30>  Total Energy
  Force calculation #6
  Force calculation #7

*******************************************************
                  Dipole moment (Debye)                 
*******************************************************

 Absolute D      521.13945990

                      Dx                Dy                Dz
 Total           -362.13770185     -362.75517162      -94.08138510
 Core             401.43930005      402.44344281      325.75233335
 Electron        -763.57700190     -765.19861444     -419.83371845
 Back ground       -0.00000000       -0.00000000       -0.00000000

*******************************************************
               Stress tensor (Hartree/bohr^3)            
*******************************************************

      -0.00000040        0.00000000       -0.00000000 
       0.00000000       -0.00000177        0.00000322 
      -0.00000000        0.00000322        0.00000052 

*******************************************************
                Total Energy (Hartree) at MD =30        
*******************************************************

  Uele  =     -42.211600258575

  Ukin  =     203.438651920317
  UH0   =   -2703.961763149109
  UH1   =       0.004898002119
  Una   =    -149.421041323039
  Unl   =     -47.913282509035
  Uxc0  =     -25.237149841242
  Uxc1  =     -25.237149841242
  Ucore =    2464.169515232898
  Uhub  =       0.000000000000
  Ucs   =       0.000000000000
  Uzs   =       0.000000000000
  Uzo   =       0.000000000000
  Uef   =       0.000000000000
  UvdW  =       0.000000000000
  Uch   =       0.000000000000
  Utot  =    -284.157321508332

  UpV   =       0.000000000000
  Enpy  =    -284.157321508332
  Note:

  Uele:   band energy
  Ukin:   kinetic energy
  UH0:    electric part of screened Coulomb energy
  UH1:    difference electron-electron Coulomb energy
  Una:    neutral atom potential energy
  Unl:    non-local potential energy
  Uxc0:   exchange-correlation energy for alpha spin
  Uxc1:   exchange-correlation energy for beta spin
  Ucore:  core-core Coulomb energy
  Uhub:   LDA+U energy
  Ucs:    constraint energy for spin orientation
  Uzs:    Zeeman term for spin magnetic moment
  Uzo:    Zeeman term for orbital magnetic moment
  Uef:    electric energy by electric field
  UvdW:   semi-empirical vdW energy 
  Uch:    penalty term to create a core hole
  UpV:    pressure times volume
  Enpy:   Enthalpy = Utot + UpV
  (see also PRB 72, 045121(2005) for the energy contributions)


*******************************************************
           Computational times (s) at MD =30            
*******************************************************

  DFT in total      =   27.40264

  Set_OLP_Kin       =    0.69757
  Set_Nonlocal      =    1.35986
  Set_ProExpn_VNA   =    2.57291
  Set_Hamiltonian   =    1.51840
  Poisson           =    0.00111
  diagonalization   =   16.23046
  Mixing_DM         =    0.00468
  Force             =    2.10841
  Total_Energy      =    0.32071
  Set_Aden_Grid     =    0.06120
  Set_Orbitals_Grid =    0.10061
  Set_Density_Grid  =    0.62007
  RestartFileDFT    =    0.00328
  Mulliken_Charge   =    0.00113
  FFT(2D)_Density   =    0.00174

The SCF was achieved at MD=  30

*******************************************************
             MD or geometry opt. at MD =30              
*******************************************************

<BFGS>  |Maximum force| (Hartree/Bohr) = 0.000340454881
<BFGS>  Criterion       (Hartree/Bohr) = 0.000100000000

     atom=   1, XYZ(ang) Fxyz(a.u.)=  -0.0000    0.0010    0.0000    -0.0000   -0.0001    0.0000
     atom=   2, XYZ(ang) Fxyz(a.u.)=   2.9849    2.9904    1.6199    -0.0000    0.0001    0.0000
     atom=   3, XYZ(ang) Fxyz(a.u.)=   0.0000    2.9887    0.8318     0.0000    0.0002   -0.0003
     atom=   4, XYZ(ang) Fxyz(a.u.)=   2.9849    0.0038    2.3903     0.0000   -0.0001   -0.0002

*******************************************************
        Analysis of neighbors and setting of grids        
*******************************************************


*******************************************************
  Allocation of atoms to processors at MD_iter=   31     
*******************************************************

 proc =   0  # of atoms=   1  estimated weight=         1.00000
 proc =   1  # of atoms=   1  estimated weight=         1.00000
 proc =   2  # of atoms=   1  estimated weight=         1.00000
 proc =   3  # of atoms=   1  estimated weight=         1.00000
 proc =   4  # of atoms=   0  estimated weight=         0.00000
 proc =   5  # of atoms=   0  estimated weight=         0.00000
 proc =   6  # of atoms=   0  estimated weight=         0.00000
 proc =   7  # of atoms=   0  estimated weight=         0.00000
 proc =   8  # of atoms=   0  estimated weight=         0.00000
 proc =   9  # of atoms=   0  estimated weight=         0.00000
 proc =  10  # of atoms=   0  estimated weight=         0.00000
 proc =  11  # of atoms=   0  estimated weight=         0.00000
 proc =  12  # of atoms=   0  estimated weight=         0.00000
 proc =  13  # of atoms=   0  estimated weight=         0.00000
 proc =  14  # of atoms=   0  estimated weight=         0.00000
 proc =  15  # of atoms=   0  estimated weight=         0.00000



TFNAN=     256   Average FNAN=  64.00000
TSNAN=       0   Average SNAN=   0.00000
<truncation> CpyCell= 3 ct_AN=   1 FNAN SNAN  64   0
<truncation> CpyCell= 3 ct_AN=   2 FNAN SNAN  64   0
<truncation> CpyCell= 3 ct_AN=   3 FNAN SNAN  64   0
<truncation> CpyCell= 3 ct_AN=   4 FNAN SNAN  64   0
<UCell_Box> Info. of cutoff energy and num. of grids
lattice vectors (bohr)
A  = 11.281295655248,  0.000000000000,  0.000000000000
B  =  0.000000000000, 11.281295655248,  0.028203239138
C  =  0.000000000000,  0.015204829790,  6.081931916162
reciprocal lattice vectors (bohr^-1)
RA =  0.556956000374,  0.000000000000,  0.000000000000
RB =  0.000000000000,  0.556959481370, -0.001392398703
RC =  0.000000000000, -0.002582742073,  1.033096829091
Required cutoff energy (Ryd) for 3D-grids = 200.0000
    Used cutoff energy (Ryd) for 3D-grids = 193.8750, 193.8786, 194.5146
Num. of grids of a-, b-, and c-axes = 50, 50, 27
Cell_Volume =    774.028233187484 (Bohr^3)
GridVol     =      0.011467084936 (Bohr^3)
Cell vectors (bohr) of the grid cell (gtv)
  gtv_a =  0.225625913105,  0.000000000000,  0.000000000000
  gtv_b =  0.000000000000,  0.225625913105,  0.000564064783
  gtv_c =  0.000000000000,  0.000563141844,  0.225256737636
  |gtv_a| =  0.225625913105
  |gtv_b| =  0.225626618185
  |gtv_c| =  0.225257441562
Num. of grids overlapping with atom    1 = 125061
Num. of grids overlapping with atom    2 = 125313
Num. of grids overlapping with atom    3 = 125126
Num. of grids overlapping with atom    4 = 125087

*******************************************************
             SCF calculation at MD =31                
*******************************************************

<MD=31>  Calculation of the overlap matrix
<MD=31>  Calculation of the nonlocal matrix
<MD=31>  Calculation of the VNA projector matrix

******************* MD=31  SCF= 1 *******************
<Restart>  Found restart files
<Poisson>  Poisson's equation using FFT...
<Band>  Solving the eigenvalue problem...
 KGrids1:  -0.45833  -0.37500  -0.29167  -0.20833  -0.12500  -0.04167   0.04167   0.12500   0.20833   0.29167   0.37500   0.45833 
 KGrids2:  -0.45833  -0.37500  -0.29167  -0.20833  -0.12500  -0.04167   0.04167   0.12500   0.20833   0.29167   0.37500   0.45833 
 KGrids3:  -0.47500  -0.42500  -0.37500  -0.32500  -0.27500  -0.22500  -0.17500  -0.12500  -0.07500  -0.02500   0.02500   0.07500   0.12500   0.17500   0.22500   0.27500   0.32500   0.37500   0.42500   0.47500 
<Band_DFT>  Eigen, time=0.750563
<Band_DFT>  DM, time=2.034631
    1   Sn  MulP   6.9999  6.9999 sum  13.9997
    2   Sn  MulP   7.0004  7.0004 sum  14.0008
    3   Sn  MulP   6.9999  6.9999 sum  13.9997
    4   Sn  MulP   6.9999  6.9999 sum  13.9997
 Sum of MulP: up   =    28.00000 down          =    28.00000
              total=    56.00000 ideal(neutral)=    56.00000
<DFT>  Total Spin Moment (muB) =  0.000000000000
<DFT>  Mixing_weight= 0.400000000000
<DFT>  Uele   =  -42.211608513491  dUele     =   1.000000000000
<DFT>  NormRD =    1.000000000000  Criterion =   0.000000100000

******************* MD=31  SCF= 2 *******************
<Poisson>  Poisson's equation using FFT...
<Set_Hamiltonian>  Hamiltonian matrix for VNA+dVH+Vxc...
<Band>  Solving the eigenvalue problem...
 KGrids1:  -0.45833  -0.37500  -0.29167  -0.20833  -0.12500  -0.04167   0.04167   0.12500   0.20833   0.29167   0.37500   0.45833 
 KGrids2:  -0.45833  -0.37500  -0.29167  -0.20833  -0.12500  -0.04167   0.04167   0.12500   0.20833   0.29167   0.37500   0.45833 
 KGrids3:  -0.47500  -0.42500  -0.37500  -0.32500  -0.27500  -0.22500  -0.17500  -0.12500  -0.07500  -0.02500   0.02500   0.07500   0.12500   0.17500   0.22500   0.27500   0.32500   0.37500   0.42500   0.47500 
<Band_DFT>  Eigen, time=0.740905
<Band_DFT>  DM, time=2.036388
    1   Sn  MulP   6.9999  6.9999 sum  13.9997
    2   Sn  MulP   7.0004  7.0004 sum  14.0008
    3   Sn  MulP   6.9999  6.9999 sum  13.9997
    4   Sn  MulP   6.9999  6.9999 sum  13.9997
 Sum of MulP: up   =    28.00000 down          =    28.00000
              total=    56.00000 ideal(neutral)=    56.00000
<DFT>  Total Spin Moment (muB) =  0.000000000000
<DFT>  Mixing_weight= 0.400000000000
<DFT>  Uele   =  -42.211608126191  dUele     =   0.000000387300
<DFT>  NormRD =    0.000019653486  Criterion =   0.000000100000

******************* MD=31  SCF= 3 *******************
<Poisson>  Poisson's equation using FFT...
<Set_Hamiltonian>  Hamiltonian matrix for VNA+dVH+Vxc...
<Band>  Solving the eigenvalue problem...
 KGrids1:  -0.45833  -0.37500  -0.29167  -0.20833  -0.12500  -0.04167   0.04167   0.12500   0.20833   0.29167   0.37500   0.45833 
 KGrids2:  -0.45833  -0.37500  -0.29167  -0.20833  -0.12500  -0.04167   0.04167   0.12500   0.20833   0.29167   0.37500   0.45833 
 KGrids3:  -0.47500  -0.42500  -0.37500  -0.32500  -0.27500  -0.22500  -0.17500  -0.12500  -0.07500  -0.02500   0.02500   0.07500   0.12500   0.17500   0.22500   0.27500   0.32500   0.37500   0.42500   0.47500 
<Band_DFT>  Eigen, time=0.742809
<Band_DFT>  DM, time=2.037920
    1   Sn  MulP   6.9999  6.9999 sum  13.9997
    2   Sn  MulP   7.0004  7.0004 sum  14.0008
    3   Sn  MulP   6.9999  6.9999 sum  13.9997
    4   Sn  MulP   6.9999  6.9999 sum  13.9997
 Sum of MulP: up   =    28.00000 down          =    28.00000
              total=    56.00000 ideal(neutral)=    56.00000
<DFT>  Total Spin Moment (muB) =  0.000000000000
<DFT>  Mixing_weight= 0.040000000000
<DFT>  Uele   =  -42.211607863764  dUele     =   0.000000262427
<DFT>  NormRD =    0.000013454949  Criterion =   0.000000100000

******************* MD=31  SCF= 4 *******************
<Poisson>  Poisson's equation using FFT...
<Set_Hamiltonian>  Hamiltonian matrix for VNA+dVH+Vxc...
<Band>  Solving the eigenvalue problem...
 KGrids1:  -0.45833  -0.37500  -0.29167  -0.20833  -0.12500  -0.04167   0.04167   0.12500   0.20833   0.29167   0.37500   0.45833 
 KGrids2:  -0.45833  -0.37500  -0.29167  -0.20833  -0.12500  -0.04167   0.04167   0.12500   0.20833   0.29167   0.37500   0.45833 
 KGrids3:  -0.47500  -0.42500  -0.37500  -0.32500  -0.27500  -0.22500  -0.17500  -0.12500  -0.07500  -0.02500   0.02500   0.07500   0.12500   0.17500   0.22500   0.27500   0.32500   0.37500   0.42500   0.47500 
<Band_DFT>  Eigen, time=0.742209
<Band_DFT>  DM, time=2.039964
    1   Sn  MulP   6.9999  6.9999 sum  13.9997
    2   Sn  MulP   7.0004  7.0004 sum  14.0008
    3   Sn  MulP   6.9999  6.9999 sum  13.9997
    4   Sn  MulP   6.9999  6.9999 sum  13.9997
 Sum of MulP: up   =    28.00000 down          =    28.00000
              total=    56.00000 ideal(neutral)=    56.00000
<DFT>  Total Spin Moment (muB) =  0.000000000000
<DFT>  Mixing_weight= 0.040000000000
<DFT>  Uele   =  -42.211607184930  dUele     =   0.000000678834
<DFT>  NormRD =    0.000001783237  Criterion =   0.000000100000

******************* MD=31  SCF= 5 *******************
<Poisson>  Poisson's equation using FFT...
<Set_Hamiltonian>  Hamiltonian matrix for VNA+dVH+Vxc...
<Band>  Solving the eigenvalue problem...
 KGrids1:  -0.45833  -0.37500  -0.29167  -0.20833  -0.12500  -0.04167   0.04167   0.12500   0.20833   0.29167   0.37500   0.45833 
 KGrids2:  -0.45833  -0.37500  -0.29167  -0.20833  -0.12500  -0.04167   0.04167   0.12500   0.20833   0.29167   0.37500   0.45833 
 KGrids3:  -0.47500  -0.42500  -0.37500  -0.32500  -0.27500  -0.22500  -0.17500  -0.12500  -0.07500  -0.02500   0.02500   0.07500   0.12500   0.17500   0.22500   0.27500   0.32500   0.37500   0.42500   0.47500 
<Band_DFT>  Eigen, time=0.741697
<Band_DFT>  DM, time=2.035795
    1   Sn  MulP   6.9999  6.9999 sum  13.9997
    2   Sn  MulP   7.0004  7.0004 sum  14.0008
    3   Sn  MulP   6.9999  6.9999 sum  13.9997
    4   Sn  MulP   6.9999  6.9999 sum  13.9997
 Sum of MulP: up   =    28.00000 down          =    28.00000
              total=    56.00000 ideal(neutral)=    56.00000
<DFT>  Total Spin Moment (muB) =  0.000000000000
<DFT>  Mixing_weight= 0.040000000000
<DFT>  Uele   =  -42.211607302582  dUele     =   0.000000117652
<DFT>  NormRD =    0.000001870059  Criterion =   0.000000100000

******************* MD=31  SCF= 6 *******************
<Poisson>  Poisson's equation using FFT...
<Set_Hamiltonian>  Hamiltonian matrix for VNA+dVH+Vxc...
<Band>  Solving the eigenvalue problem...
 KGrids1:  -0.45833  -0.37500  -0.29167  -0.20833  -0.12500  -0.04167   0.04167   0.12500   0.20833   0.29167   0.37500   0.45833 
 KGrids2:  -0.45833  -0.37500  -0.29167  -0.20833  -0.12500  -0.04167   0.04167   0.12500   0.20833   0.29167   0.37500   0.45833 
 KGrids3:  -0.47500  -0.42500  -0.37500  -0.32500  -0.27500  -0.22500  -0.17500  -0.12500  -0.07500  -0.02500   0.02500   0.07500   0.12500   0.17500   0.22500   0.27500   0.32500   0.37500   0.42500   0.47500 
<Band_DFT>  Eigen, time=0.744028
<Band_DFT>  DM, time=2.041133
    1   Sn  MulP   6.9999  6.9999 sum  13.9997
    2   Sn  MulP   7.0004  7.0004 sum  14.0008
    3   Sn  MulP   6.9999  6.9999 sum  13.9997
    4   Sn  MulP   6.9999  6.9999 sum  13.9997
 Sum of MulP: up   =    28.00000 down          =    28.00000
              total=    56.00000 ideal(neutral)=    56.00000
<DFT>  Total Spin Moment (muB) =  0.000000000000
<DFT>  Mixing_weight= 0.040000000000
<DFT>  Uele   =  -42.211607301555  dUele     =   0.000000001026
<DFT>  NormRD =    0.000000413694  Criterion =   0.000000100000
<MD=31>  Force calculation
  Force calculation #1
  Force calculation #2
  Force calculation #3
  Force calculation #4
  Force calculation #5
  Stress calculation #1
  Stress calculation #2
  Stress calculation #3
  Stress calculation #4
  Stress calculation #5
<MD=31>  Total Energy
  Force calculation #6
  Force calculation #7

*******************************************************
                  Dipole moment (Debye)                 
*******************************************************

 Absolute D      521.15611151

                      Dx                Dy                Dz
 Total           -362.13777665     -362.75830400      -94.16122429
 Core             401.43919014      402.38783220      325.59703892
 Electron        -763.57696679     -765.14613620     -419.75826321
 Back ground       -0.00000000       -0.00000000       -0.00000000

*******************************************************
               Stress tensor (Hartree/bohr^3)            
*******************************************************

      -0.00000005        0.00000000       -0.00000000 
       0.00000000       -0.00000209        0.00000307 
      -0.00000000        0.00000307        0.00000032 

*******************************************************
                Total Energy (Hartree) at MD =31        
*******************************************************

  Uele  =     -42.211607301555

  Ukin  =     203.438608036985
  UH0   =   -2703.962372448178
  UH1   =       0.004898088633
  Una   =    -149.421016321075
  Unl   =     -47.913264578496
  Uxc0  =     -25.237146962668
  Uxc1  =     -25.237146962668
  Ucore =    2464.170120575988
  Uhub  =       0.000000000000
  Ucs   =       0.000000000000
  Uzs   =       0.000000000000
  Uzo   =       0.000000000000
  Uef   =       0.000000000000
  UvdW  =       0.000000000000
  Uch   =       0.000000000000
  Utot  =    -284.157320571479

  UpV   =       0.000000000000
  Enpy  =    -284.157320571479
  Note:

  Uele:   band energy
  Ukin:   kinetic energy
  UH0:    electric part of screened Coulomb energy
  UH1:    difference electron-electron Coulomb energy
  Una:    neutral atom potential energy
  Unl:    non-local potential energy
  Uxc0:   exchange-correlation energy for alpha spin
  Uxc1:   exchange-correlation energy for beta spin
  Ucore:  core-core Coulomb energy
  Uhub:   LDA+U energy
  Ucs:    constraint energy for spin orientation
  Uzs:    Zeeman term for spin magnetic moment
  Uzo:    Zeeman term for orbital magnetic moment
  Uef:    electric energy by electric field
  UvdW:   semi-empirical vdW energy 
  Uch:    penalty term to create a core hole
  UpV:    pressure times volume
  Enpy:   Enthalpy = Utot + UpV
  (see also PRB 72, 045121(2005) for the energy contributions)


*******************************************************
           Computational times (s) at MD =31            
*******************************************************

  DFT in total      =   28.37285

  Set_OLP_Kin       =    0.69820
  Set_Nonlocal      =    1.17883
  Set_ProExpn_VNA   =    2.67670
  Set_Hamiltonian   =    1.30787
  Poisson           =    0.00094
  diagonalization   =   17.01660
  Mixing_DM         =    0.00453
  Force             =    2.61754
  Total_Energy      =    0.40650
  Set_Aden_Grid     =    0.00713
  Set_Orbitals_Grid =    0.13562
  Set_Density_Grid  =    0.57843
  RestartFileDFT    =    0.00316
  Mulliken_Charge   =    0.00105
  FFT(2D)_Density   =    0.00183

The SCF was achieved at MD=  31

*******************************************************
             MD or geometry opt. at MD =31              
*******************************************************

<BFGS>  |Maximum force| (Hartree/Bohr) = 0.000233075312
<BFGS>  Criterion       (Hartree/Bohr) = 0.000100000000

     atom=   1, XYZ(ang) Fxyz(a.u.)=   0.0000    0.0007    0.0000    -0.0000   -0.0000   -0.0000
     atom=   2, XYZ(ang) Fxyz(a.u.)=   2.9849    2.9899    1.6197    -0.0000    0.0001    0.0000
     atom=   3, XYZ(ang) Fxyz(a.u.)=   0.0000    2.9870    0.8312     0.0000    0.0000    0.0000
     atom=   4, XYZ(ang) Fxyz(a.u.)=   2.9849    0.0032    2.3916     0.0000   -0.0001   -0.0002

*******************************************************
        Analysis of neighbors and setting of grids        
*******************************************************


*******************************************************
  Allocation of atoms to processors at MD_iter=   32     
*******************************************************

 proc =   0  # of atoms=   1  estimated weight=         1.00000
 proc =   1  # of atoms=   1  estimated weight=         1.00000
 proc =   2  # of atoms=   1  estimated weight=         1.00000
 proc =   3  # of atoms=   1  estimated weight=         1.00000
 proc =   4  # of atoms=   0  estimated weight=         0.00000
 proc =   5  # of atoms=   0  estimated weight=         0.00000
 proc =   6  # of atoms=   0  estimated weight=         0.00000
 proc =   7  # of atoms=   0  estimated weight=         0.00000
 proc =   8  # of atoms=   0  estimated weight=         0.00000
 proc =   9  # of atoms=   0  estimated weight=         0.00000
 proc =  10  # of atoms=   0  estimated weight=         0.00000
 proc =  11  # of atoms=   0  estimated weight=         0.00000
 proc =  12  # of atoms=   0  estimated weight=         0.00000
 proc =  13  # of atoms=   0  estimated weight=         0.00000
 proc =  14  # of atoms=   0  estimated weight=         0.00000
 proc =  15  # of atoms=   0  estimated weight=         0.00000



TFNAN=     256   Average FNAN=  64.00000
TSNAN=       0   Average SNAN=   0.00000
<truncation> CpyCell= 3 ct_AN=   1 FNAN SNAN  64   0
<truncation> CpyCell= 3 ct_AN=   2 FNAN SNAN  64   0
<truncation> CpyCell= 3 ct_AN=   3 FNAN SNAN  64   0
<truncation> CpyCell= 3 ct_AN=   4 FNAN SNAN  64   0
<UCell_Box> Info. of cutoff energy and num. of grids
lattice vectors (bohr)
A  = 11.281295655248,  0.000000000000,  0.000000000000
B  =  0.000000000000, 11.281295655248,  0.028203239138
C  =  0.000000000000,  0.015204829790,  6.081931916162
reciprocal lattice vectors (bohr^-1)
RA =  0.556956000374,  0.000000000000,  0.000000000000
RB =  0.000000000000,  0.556959481370, -0.001392398703
RC =  0.000000000000, -0.002582742073,  1.033096829091
Required cutoff energy (Ryd) for 3D-grids = 200.0000
    Used cutoff energy (Ryd) for 3D-grids = 193.8750, 193.8786, 194.5146
Num. of grids of a-, b-, and c-axes = 50, 50, 27
Cell_Volume =    774.028233187484 (Bohr^3)
GridVol     =      0.011467084936 (Bohr^3)
Cell vectors (bohr) of the grid cell (gtv)
  gtv_a =  0.225625913105,  0.000000000000,  0.000000000000
  gtv_b =  0.000000000000,  0.225625913105,  0.000564064783
  gtv_c =  0.000000000000,  0.000563141844,  0.225256737636
  |gtv_a| =  0.225625913105
  |gtv_b| =  0.225626618185
  |gtv_c| =  0.225257441562
Num. of grids overlapping with atom    1 = 125063
Num. of grids overlapping with atom    2 = 125307
Num. of grids overlapping with atom    3 = 125133
Num. of grids overlapping with atom    4 = 125085

*******************************************************
             SCF calculation at MD =32                
*******************************************************

<MD=32>  Calculation of the overlap matrix
<MD=32>  Calculation of the nonlocal matrix
<MD=32>  Calculation of the VNA projector matrix

******************* MD=32  SCF= 1 *******************
<Restart>  Found restart files
<Poisson>  Poisson's equation using FFT...
<Band>  Solving the eigenvalue problem...
 KGrids1:  -0.45833  -0.37500  -0.29167  -0.20833  -0.12500  -0.04167   0.04167   0.12500   0.20833   0.29167   0.37500   0.45833 
 KGrids2:  -0.45833  -0.37500  -0.29167  -0.20833  -0.12500  -0.04167   0.04167   0.12500   0.20833   0.29167   0.37500   0.45833 
 KGrids3:  -0.47500  -0.42500  -0.37500  -0.32500  -0.27500  -0.22500  -0.17500  -0.12500  -0.07500  -0.02500   0.02500   0.07500   0.12500   0.17500   0.22500   0.27500   0.32500   0.37500   0.42500   0.47500 
<Band_DFT>  Eigen, time=0.748174
<Band_DFT>  DM, time=1.937558
    1   Sn  MulP   6.9999  6.9999 sum  13.9998
    2   Sn  MulP   7.0004  7.0004 sum  14.0007
    3   Sn  MulP   6.9999  6.9999 sum  13.9997
    4   Sn  MulP   6.9999  6.9999 sum  13.9997
 Sum of MulP: up   =    28.00000 down          =    28.00000
              total=    56.00000 ideal(neutral)=    56.00000
<DFT>  Total Spin Moment (muB) =  0.000000000000
<DFT>  Mixing_weight= 0.400000000000
<DFT>  Uele   =  -42.211600528236  dUele     =   1.000000000000
<DFT>  NormRD =    1.000000000000  Criterion =   0.000000100000

******************* MD=32  SCF= 2 *******************
<Poisson>  Poisson's equation using FFT...
<Set_Hamiltonian>  Hamiltonian matrix for VNA+dVH+Vxc...
<Band>  Solving the eigenvalue problem...
 KGrids1:  -0.45833  -0.37500  -0.29167  -0.20833  -0.12500  -0.04167   0.04167   0.12500   0.20833   0.29167   0.37500   0.45833 
 KGrids2:  -0.45833  -0.37500  -0.29167  -0.20833  -0.12500  -0.04167   0.04167   0.12500   0.20833   0.29167   0.37500   0.45833 
 KGrids3:  -0.47500  -0.42500  -0.37500  -0.32500  -0.27500  -0.22500  -0.17500  -0.12500  -0.07500  -0.02500   0.02500   0.07500   0.12500   0.17500   0.22500   0.27500   0.32500   0.37500   0.42500   0.47500 
<Band_DFT>  Eigen, time=0.741334
<Band_DFT>  DM, time=1.903249
    1   Sn  MulP   6.9999  6.9999 sum  13.9998
    2   Sn  MulP   7.0004  7.0004 sum  14.0008
    3   Sn  MulP   6.9999  6.9999 sum  13.9997
    4   Sn  MulP   6.9999  6.9999 sum  13.9997
 Sum of MulP: up   =    28.00000 down          =    28.00000
              total=    56.00000 ideal(neutral)=    56.00000
<DFT>  Total Spin Moment (muB) =  0.000000000000
<DFT>  Mixing_weight= 0.400000000000
<DFT>  Uele   =  -42.211603992173  dUele     =   0.000003463937
<DFT>  NormRD =    0.000719156563  Criterion =   0.000000100000

******************* MD=32  SCF= 3 *******************
<Poisson>  Poisson's equation using FFT...
<Set_Hamiltonian>  Hamiltonian matrix for VNA+dVH+Vxc...
<Band>  Solving the eigenvalue problem...
 KGrids1:  -0.45833  -0.37500  -0.29167  -0.20833  -0.12500  -0.04167   0.04167   0.12500   0.20833   0.29167   0.37500   0.45833 
 KGrids2:  -0.45833  -0.37500  -0.29167  -0.20833  -0.12500  -0.04167   0.04167   0.12500   0.20833   0.29167   0.37500   0.45833 
 KGrids3:  -0.47500  -0.42500  -0.37500  -0.32500  -0.27500  -0.22500  -0.17500  -0.12500  -0.07500  -0.02500   0.02500   0.07500   0.12500   0.17500   0.22500   0.27500   0.32500   0.37500   0.42500   0.47500 
<Band_DFT>  Eigen, time=0.673490
<Band_DFT>  DM, time=1.851122
    1   Sn  MulP   6.9999  6.9999 sum  13.9998
    2   Sn  MulP   7.0004  7.0004 sum  14.0008
    3   Sn  MulP   6.9999  6.9999 sum  13.9997
    4   Sn  MulP   6.9999  6.9999 sum  13.9997
 Sum of MulP: up   =    28.00000 down          =    28.00000
              total=    56.00000 ideal(neutral)=    56.00000
<DFT>  Total Spin Moment (muB) =  0.000000000000
<DFT>  Mixing_weight= 0.040000000000
<DFT>  Uele   =  -42.211605949945  dUele     =   0.000001957772
<DFT>  NormRD =    0.000489795106  Criterion =   0.000000100000

******************* MD=32  SCF= 4 *******************
<Poisson>  Poisson's equation using FFT...
<Set_Hamiltonian>  Hamiltonian matrix for VNA+dVH+Vxc...
<Band>  Solving the eigenvalue problem...
 KGrids1:  -0.45833  -0.37500  -0.29167  -0.20833  -0.12500  -0.04167   0.04167   0.12500   0.20833   0.29167   0.37500   0.45833 
 KGrids2:  -0.45833  -0.37500  -0.29167  -0.20833  -0.12500  -0.04167   0.04167   0.12500   0.20833   0.29167   0.37500   0.45833 
 KGrids3:  -0.47500  -0.42500  -0.37500  -0.32500  -0.27500  -0.22500  -0.17500  -0.12500  -0.07500  -0.02500   0.02500   0.07500   0.12500   0.17500   0.22500   0.27500   0.32500   0.37500   0.42500   0.47500 
<Band_DFT>  Eigen, time=0.582271
<Band_DFT>  DM, time=1.470014
    1   Sn  MulP   6.9999  6.9999 sum  13.9998
    2   Sn  MulP   7.0004  7.0004 sum  14.0008
    3   Sn  MulP   6.9999  6.9999 sum  13.9997
    4   Sn  MulP   6.9999  6.9999 sum  13.9997
 Sum of MulP: up   =    28.00000 down          =    28.00000
              total=    56.00000 ideal(neutral)=    56.00000
<DFT>  Total Spin Moment (muB) =  0.000000000000
<DFT>  Mixing_weight= 0.040000000000
<DFT>  Uele   =  -42.211607502011  dUele     =   0.000001552066
<DFT>  NormRD =    0.000048940010  Criterion =   0.000000100000

******************* MD=32  SCF= 5 *******************
<Poisson>  Poisson's equation using FFT...
<Set_Hamiltonian>  Hamiltonian matrix for VNA+dVH+Vxc...
<Band>  Solving the eigenvalue problem...
 KGrids1:  -0.45833  -0.37500  -0.29167  -0.20833  -0.12500  -0.04167   0.04167   0.12500   0.20833   0.29167   0.37500   0.45833 
 KGrids2:  -0.45833  -0.37500  -0.29167  -0.20833  -0.12500  -0.04167   0.04167   0.12500   0.20833   0.29167   0.37500   0.45833 
 KGrids3:  -0.47500  -0.42500  -0.37500  -0.32500  -0.27500  -0.22500  -0.17500  -0.12500  -0.07500  -0.02500   0.02500   0.07500   0.12500   0.17500   0.22500   0.27500   0.32500   0.37500   0.42500   0.47500 
<Band_DFT>  Eigen, time=0.513500
<Band_DFT>  DM, time=1.388002
    1   Sn  MulP   6.9999  6.9999 sum  13.9998
    2   Sn  MulP   7.0004  7.0004 sum  14.0008
    3   Sn  MulP   6.9999  6.9999 sum  13.9997
    4   Sn  MulP   6.9999  6.9999 sum  13.9997
 Sum of MulP: up   =    28.00000 down          =    28.00000
              total=    56.00000 ideal(neutral)=    56.00000
<DFT>  Total Spin Moment (muB) =  0.000000000000
<DFT>  Mixing_weight= 0.040000000000
<DFT>  Uele   =  -42.211607743761  dUele     =   0.000000241750
<DFT>  NormRD =    0.000048867936  Criterion =   0.000000100000

******************* MD=32  SCF= 6 *******************
<Poisson>  Poisson's equation using FFT...
<Set_Hamiltonian>  Hamiltonian matrix for VNA+dVH+Vxc...
<Band>  Solving the eigenvalue problem...
 KGrids1:  -0.45833  -0.37500  -0.29167  -0.20833  -0.12500  -0.04167   0.04167   0.12500   0.20833   0.29167   0.37500   0.45833 
 KGrids2:  -0.45833  -0.37500  -0.29167  -0.20833  -0.12500  -0.04167   0.04167   0.12500   0.20833   0.29167   0.37500   0.45833 
 KGrids3:  -0.47500  -0.42500  -0.37500  -0.32500  -0.27500  -0.22500  -0.17500  -0.12500  -0.07500  -0.02500   0.02500   0.07500   0.12500   0.17500   0.22500   0.27500   0.32500   0.37500   0.42500   0.47500 
<Band_DFT>  Eigen, time=0.793525
<Band_DFT>  DM, time=1.882165
    1   Sn  MulP   6.9999  6.9999 sum  13.9998
    2   Sn  MulP   7.0004  7.0004 sum  14.0008
    3   Sn  MulP   6.9999  6.9999 sum  13.9997
    4   Sn  MulP   6.9999  6.9999 sum  13.9997
 Sum of MulP: up   =    28.00000 down          =    28.00000
              total=    56.00000 ideal(neutral)=    56.00000
<DFT>  Total Spin Moment (muB) =  0.000000000000
<DFT>  Mixing_weight= 0.040000000000
<DFT>  Uele   =  -42.211607829087  dUele     =   0.000000085326
<DFT>  NormRD =    0.000015573779  Criterion =   0.000000100000
<MD=32>  Force calculation
  Force calculation #1
  Force calculation #2
  Force calculation #3
  Force calculation #4
  Force calculation #5
  Stress calculation #1
  Stress calculation #2
  Stress calculation #3
  Stress calculation #4
  Stress calculation #5
<MD=32>  Total Energy
  Force calculation #6
  Force calculation #7

*******************************************************
                  Dipole moment (Debye)                 
*******************************************************

 Absolute D      521.36017317

                      Dx                Dy                Dz
 Total           -362.13858083     -363.05877183      -94.12973300
 Core             401.43894768      402.17334803      325.63292713
 Electron        -763.57752852     -765.23211986     -419.76266013
 Back ground       -0.00000000       -0.00000000       -0.00000000

*******************************************************
               Stress tensor (Hartree/bohr^3)            
*******************************************************

       0.00000010        0.00000000        0.00000000 
       0.00000000       -0.00000170        0.00000308 
       0.00000000        0.00000308        0.00000035 

*******************************************************
                Total Energy (Hartree) at MD =32        
*******************************************************

  Uele  =     -42.211607829087

  Ukin  =     203.438569526523
  UH0   =   -2703.962935529760
  UH1   =       0.004898160230
  Una   =    -149.420992243352
  Unl   =     -47.913249746635
  Uxc0  =     -25.237144563235
  Uxc1  =     -25.237144563235
  Ucore =    2464.170678464807
  Uhub  =       0.000000000000
  Ucs   =       0.000000000000
  Uzs   =       0.000000000000
  Uzo   =       0.000000000000
  Uef   =       0.000000000000
  UvdW  =       0.000000000000
  Uch   =       0.000000000000
  Utot  =    -284.157320494657

  UpV   =       0.000000000000
  Enpy  =    -284.157320494657
  Note:

  Uele:   band energy
  Ukin:   kinetic energy
  UH0:    electric part of screened Coulomb energy
  UH1:    difference electron-electron Coulomb energy
  Una:    neutral atom potential energy
  Unl:    non-local potential energy
  Uxc0:   exchange-correlation energy for alpha spin
  Uxc1:   exchange-correlation energy for beta spin
  Ucore:  core-core Coulomb energy
  Uhub:   LDA+U energy
  Ucs:    constraint energy for spin orientation
  Uzs:    Zeeman term for spin magnetic moment
  Uzo:    Zeeman term for orbital magnetic moment
  Uef:    electric energy by electric field
  UvdW:   semi-empirical vdW energy 
  Uch:    penalty term to create a core hole
  UpV:    pressure times volume
  Enpy:   Enthalpy = Utot + UpV
  (see also PRB 72, 045121(2005) for the energy contributions)


*******************************************************
           Computational times (s) at MD =32            
*******************************************************

  DFT in total      =   26.85147

  Set_OLP_Kin       =    0.69779
  Set_Nonlocal      =    1.46307
  Set_ProExpn_VNA   =    2.88420
  Set_Hamiltonian   =    1.58674
  Poisson           =    0.00099
  diagonalization   =   14.89867
  Mixing_DM         =    0.00446
  Force             =    2.37301
  Total_Energy      =    0.34677
  Set_Aden_Grid     =    0.00725
  Set_Orbitals_Grid =    0.09989
  Set_Density_Grid  =    0.58279
  RestartFileDFT    =    0.00299
  Mulliken_Charge   =    0.00099
  FFT(2D)_Density   =    0.00170

The SCF was achieved at MD=  32

*******************************************************
             MD or geometry opt. at MD =32              
*******************************************************

<BFGS>  |Maximum force| (Hartree/Bohr) = 0.000185456185
<BFGS>  Criterion       (Hartree/Bohr) = 0.000100000000

     atom=   1, XYZ(ang) Fxyz(a.u.)=  -0.0000    0.0009    0.0000     0.0000   -0.0000   -0.0000
     atom=   2, XYZ(ang) Fxyz(a.u.)=   2.9849    2.9902    1.6198     0.0000   -0.0001   -0.0000
     atom=   3, XYZ(ang) Fxyz(a.u.)=   0.0000    2.9881    0.8319     0.0000   -0.0002    0.0002
     atom=   4, XYZ(ang) Fxyz(a.u.)=   2.9849    0.0036    2.3909    -0.0000   -0.0000    0.0002

*******************************************************
        Analysis of neighbors and setting of grids        
*******************************************************


*******************************************************
  Allocation of atoms to processors at MD_iter=   33     
*******************************************************

 proc =   0  # of atoms=   1  estimated weight=         1.00000
 proc =   1  # of atoms=   1  estimated weight=         1.00000
 proc =   2  # of atoms=   1  estimated weight=         1.00000
 proc =   3  # of atoms=   1  estimated weight=         1.00000
 proc =   4  # of atoms=   0  estimated weight=         0.00000
 proc =   5  # of atoms=   0  estimated weight=         0.00000
 proc =   6  # of atoms=   0  estimated weight=         0.00000
 proc =   7  # of atoms=   0  estimated weight=         0.00000
 proc =   8  # of atoms=   0  estimated weight=         0.00000
 proc =   9  # of atoms=   0  estimated weight=         0.00000
 proc =  10  # of atoms=   0  estimated weight=         0.00000
 proc =  11  # of atoms=   0  estimated weight=         0.00000
 proc =  12  # of atoms=   0  estimated weight=         0.00000
 proc =  13  # of atoms=   0  estimated weight=         0.00000
 proc =  14  # of atoms=   0  estimated weight=         0.00000
 proc =  15  # of atoms=   0  estimated weight=         0.00000



TFNAN=     256   Average FNAN=  64.00000
TSNAN=       0   Average SNAN=   0.00000
<truncation> CpyCell= 3 ct_AN=   1 FNAN SNAN  64   0
<truncation> CpyCell= 3 ct_AN=   2 FNAN SNAN  64   0
<truncation> CpyCell= 3 ct_AN=   3 FNAN SNAN  64   0
<truncation> CpyCell= 3 ct_AN=   4 FNAN SNAN  64   0
<UCell_Box> Info. of cutoff energy and num. of grids
lattice vectors (bohr)
A  = 11.281295655248,  0.000000000000,  0.000000000000
B  =  0.000000000000, 11.281295655248,  0.028203239138
C  =  0.000000000000,  0.015204829790,  6.081931916162
reciprocal lattice vectors (bohr^-1)
RA =  0.556956000374,  0.000000000000,  0.000000000000
RB =  0.000000000000,  0.556959481370, -0.001392398703
RC =  0.000000000000, -0.002582742073,  1.033096829091
Required cutoff energy (Ryd) for 3D-grids = 200.0000
    Used cutoff energy (Ryd) for 3D-grids = 193.8750, 193.8786, 194.5146
Num. of grids of a-, b-, and c-axes = 50, 50, 27
Cell_Volume =    774.028233187484 (Bohr^3)
GridVol     =      0.011467084936 (Bohr^3)
Cell vectors (bohr) of the grid cell (gtv)
  gtv_a =  0.225625913105,  0.000000000000,  0.000000000000
  gtv_b =  0.000000000000,  0.225625913105,  0.000564064783
  gtv_c =  0.000000000000,  0.000563141844,  0.225256737636
  |gtv_a| =  0.225625913105
  |gtv_b| =  0.225626618185
  |gtv_c| =  0.225257441562
Num. of grids overlapping with atom    1 = 125059
Num. of grids overlapping with atom    2 = 125311
Num. of grids overlapping with atom    3 = 125115
Num. of grids overlapping with atom    4 = 125096

*******************************************************
             SCF calculation at MD =33                
*******************************************************

<MD=33>  Calculation of the overlap matrix
<MD=33>  Calculation of the nonlocal matrix
<MD=33>  Calculation of the VNA projector matrix

******************* MD=33  SCF= 1 *******************
<Restart>  Found restart files
<Poisson>  Poisson's equation using FFT...
<Band>  Solving the eigenvalue problem...
 KGrids1:  -0.45833  -0.37500  -0.29167  -0.20833  -0.12500  -0.04167   0.04167   0.12500   0.20833   0.29167   0.37500   0.45833 
 KGrids2:  -0.45833  -0.37500  -0.29167  -0.20833  -0.12500  -0.04167   0.04167   0.12500   0.20833   0.29167   0.37500   0.45833 
 KGrids3:  -0.47500  -0.42500  -0.37500  -0.32500  -0.27500  -0.22500  -0.17500  -0.12500  -0.07500  -0.02500   0.02500   0.07500   0.12500   0.17500   0.22500   0.27500   0.32500   0.37500   0.42500   0.47500 
<Band_DFT>  Eigen, time=0.753462
<Band_DFT>  DM, time=2.048104
    1   Sn  MulP   6.9999  6.9999 sum  13.9997
    2   Sn  MulP   7.0004  7.0004 sum  14.0008
    3   Sn  MulP   6.9999  6.9999 sum  13.9997
    4   Sn  MulP   6.9999  6.9999 sum  13.9997
 Sum of MulP: up   =    28.00000 down          =    28.00000
              total=    56.00000 ideal(neutral)=    56.00000
<DFT>  Total Spin Moment (muB) =  0.000000000000
<DFT>  Mixing_weight= 0.400000000000
<DFT>  Uele   =  -42.211605555977  dUele     =   1.000000000000
<DFT>  NormRD =    1.000000000000  Criterion =   0.000000100000

******************* MD=33  SCF= 2 *******************
<Poisson>  Poisson's equation using FFT...
<Set_Hamiltonian>  Hamiltonian matrix for VNA+dVH+Vxc...
<Band>  Solving the eigenvalue problem...
 KGrids1:  -0.45833  -0.37500  -0.29167  -0.20833  -0.12500  -0.04167   0.04167   0.12500   0.20833   0.29167   0.37500   0.45833 
 KGrids2:  -0.45833  -0.37500  -0.29167  -0.20833  -0.12500  -0.04167   0.04167   0.12500   0.20833   0.29167   0.37500   0.45833 
 KGrids3:  -0.47500  -0.42500  -0.37500  -0.32500  -0.27500  -0.22500  -0.17500  -0.12500  -0.07500  -0.02500   0.02500   0.07500   0.12500   0.17500   0.22500   0.27500   0.32500   0.37500   0.42500   0.47500 
<Band_DFT>  Eigen, time=0.794432
<Band_DFT>  DM, time=1.994016
    1   Sn  MulP   6.9999  6.9999 sum  13.9997
    2   Sn  MulP   7.0004  7.0004 sum  14.0008
    3   Sn  MulP   6.9999  6.9999 sum  13.9997
    4   Sn  MulP   6.9999  6.9999 sum  13.9997
 Sum of MulP: up   =    28.00000 down          =    28.00000
              total=    56.00000 ideal(neutral)=    56.00000
<DFT>  Total Spin Moment (muB) =  0.000000000000
<DFT>  Mixing_weight= 0.400000000000
<DFT>  Uele   =  -42.211605805560  dUele     =   0.000000249583
<DFT>  NormRD =    0.000019047967  Criterion =   0.000000100000

******************* MD=33  SCF= 3 *******************
<Poisson>  Poisson's equation using FFT...
<Set_Hamiltonian>  Hamiltonian matrix for VNA+dVH+Vxc...
<Band>  Solving the eigenvalue problem...
 KGrids1:  -0.45833  -0.37500  -0.29167  -0.20833  -0.12500  -0.04167   0.04167   0.12500   0.20833   0.29167   0.37500   0.45833 
 KGrids2:  -0.45833  -0.37500  -0.29167  -0.20833  -0.12500  -0.04167   0.04167   0.12500   0.20833   0.29167   0.37500   0.45833 
 KGrids3:  -0.47500  -0.42500  -0.37500  -0.32500  -0.27500  -0.22500  -0.17500  -0.12500  -0.07500  -0.02500   0.02500   0.07500   0.12500   0.17500   0.22500   0.27500   0.32500   0.37500   0.42500   0.47500 
<Band_DFT>  Eigen, time=0.787300
<Band_DFT>  DM, time=1.985605
    1   Sn  MulP   6.9999  6.9999 sum  13.9997
    2   Sn  MulP   7.0004  7.0004 sum  14.0008
    3   Sn  MulP   6.9999  6.9999 sum  13.9997
    4   Sn  MulP   6.9999  6.9999 sum  13.9997
 Sum of MulP: up   =    28.00000 down          =    28.00000
              total=    56.00000 ideal(neutral)=    56.00000
<DFT>  Total Spin Moment (muB) =  0.000000000000
<DFT>  Mixing_weight= 0.040000000000
<DFT>  Uele   =  -42.211605962508  dUele     =   0.000000156948
<DFT>  NormRD =    0.000012658611  Criterion =   0.000000100000

******************* MD=33  SCF= 4 *******************
<Poisson>  Poisson's equation using FFT...
<Set_Hamiltonian>  Hamiltonian matrix for VNA+dVH+Vxc...
<Band>  Solving the eigenvalue problem...
 KGrids1:  -0.45833  -0.37500  -0.29167  -0.20833  -0.12500  -0.04167   0.04167   0.12500   0.20833   0.29167   0.37500   0.45833 
 KGrids2:  -0.45833  -0.37500  -0.29167  -0.20833  -0.12500  -0.04167   0.04167   0.12500   0.20833   0.29167   0.37500   0.45833 
 KGrids3:  -0.47500  -0.42500  -0.37500  -0.32500  -0.27500  -0.22500  -0.17500  -0.12500  -0.07500  -0.02500   0.02500   0.07500   0.12500   0.17500   0.22500   0.27500   0.32500   0.37500   0.42500   0.47500 
<Band_DFT>  Eigen, time=0.787018
<Band_DFT>  DM, time=1.833307
    1   Sn  MulP   6.9999  6.9999 sum  13.9997
    2   Sn  MulP   7.0004  7.0004 sum  14.0008
    3   Sn  MulP   6.9999  6.9999 sum  13.9997
    4   Sn  MulP   6.9999  6.9999 sum  13.9997
 Sum of MulP: up   =    28.00000 down          =    28.00000
              total=    56.00000 ideal(neutral)=    56.00000
<DFT>  Total Spin Moment (muB) =  0.000000000000
<DFT>  Mixing_weight= 0.040000000000
<DFT>  Uele   =  -42.211606296746  dUele     =   0.000000334238
<DFT>  NormRD =    0.000001572039  Criterion =   0.000000100000

******************* MD=33  SCF= 5 *******************
<Poisson>  Poisson's equation using FFT...
<Set_Hamiltonian>  Hamiltonian matrix for VNA+dVH+Vxc...
<Band>  Solving the eigenvalue problem...
 KGrids1:  -0.45833  -0.37500  -0.29167  -0.20833  -0.12500  -0.04167   0.04167   0.12500   0.20833   0.29167   0.37500   0.45833 
 KGrids2:  -0.45833  -0.37500  -0.29167  -0.20833  -0.12500  -0.04167   0.04167   0.12500   0.20833   0.29167   0.37500   0.45833 
 KGrids3:  -0.47500  -0.42500  -0.37500  -0.32500  -0.27500  -0.22500  -0.17500  -0.12500  -0.07500  -0.02500   0.02500   0.07500   0.12500   0.17500   0.22500   0.27500   0.32500   0.37500   0.42500   0.47500 
<Band_DFT>  Eigen, time=0.738945
<Band_DFT>  DM, time=2.040894
    1   Sn  MulP   6.9999  6.9999 sum  13.9997
    2   Sn  MulP   7.0004  7.0004 sum  14.0008
    3   Sn  MulP   6.9999  6.9999 sum  13.9997
    4   Sn  MulP   6.9999  6.9999 sum  13.9997
 Sum of MulP: up   =    28.00000 down          =    28.00000
              total=    56.00000 ideal(neutral)=    56.00000
<DFT>  Total Spin Moment (muB) =  0.000000000000
<DFT>  Mixing_weight= 0.040000000000
<DFT>  Uele   =  -42.211606255186  dUele     =   0.000000041560
<DFT>  NormRD =    0.000001408384  Criterion =   0.000000100000
<MD=33>  Force calculation
  Force calculation #1
  Force calculation #2
  Force calculation #3
  Force calculation #4
  Force calculation #5
  Stress calculation #1
  Stress calculation #2
  Stress calculation #3
  Stress calculation #4
  Stress calculation #5
<MD=33>  Total Energy
  Force calculation #6
  Force calculation #7

*******************************************************
                  Dipole moment (Debye)                 
*******************************************************

 Absolute D      521.22574978

                      Dx                Dy                Dz
 Total           -362.13809388     -362.86488069      -94.13480522
 Core             401.43910735      402.30840287      325.63659945
 Electron        -763.57720123     -765.17328356     -419.77140468
 Back ground       -0.00000000       -0.00000000       -0.00000000

*******************************************************
               Stress tensor (Hartree/bohr^3)            
*******************************************************

      -0.00000016        0.00000000       -0.00000000 
       0.00000000       -0.00000200        0.00000304 
      -0.00000000        0.00000304        0.00000037 

*******************************************************
                Total Energy (Hartree) at MD =33        
*******************************************************

  Uele  =     -42.211606255186

  Ukin  =     203.438599594577
  UH0   =   -2703.962532736976
  UH1   =       0.004898105732
  Una   =    -149.421009914705
  Unl   =     -47.913261882622
  Uxc0  =     -25.237146239910
  Uxc1  =     -25.237146239910
  Ucore =    2464.170278809024
  Uhub  =       0.000000000000
  Ucs   =       0.000000000000
  Uzs   =       0.000000000000
  Uzo   =       0.000000000000
  Uef   =       0.000000000000
  UvdW  =       0.000000000000
  Uch   =       0.000000000000
  Utot  =    -284.157320504789

  UpV   =       0.000000000000
  Enpy  =    -284.157320504789
  Note:

  Uele:   band energy
  Ukin:   kinetic energy
  UH0:    electric part of screened Coulomb energy
  UH1:    difference electron-electron Coulomb energy
  Una:    neutral atom potential energy
  Unl:    non-local potential energy
  Uxc0:   exchange-correlation energy for alpha spin
  Uxc1:   exchange-correlation energy for beta spin
  Ucore:  core-core Coulomb energy
  Uhub:   LDA+U energy
  Ucs:    constraint energy for spin orientation
  Uzs:    Zeeman term for spin magnetic moment
  Uzo:    Zeeman term for orbital magnetic moment
  Uef:    electric energy by electric field
  UvdW:   semi-empirical vdW energy 
  Uch:    penalty term to create a core hole
  UpV:    pressure times volume
  Enpy:   Enthalpy = Utot + UpV
  (see also PRB 72, 045121(2005) for the energy contributions)


*******************************************************
           Computational times (s) at MD =33            
*******************************************************

  DFT in total      =   25.83649

  Set_OLP_Kin       =    0.69706
  Set_Nonlocal      =    1.37272
  Set_ProExpn_VNA   =    2.88060
  Set_Hamiltonian   =    1.36572
  Poisson           =    0.00078
  diagonalization   =   14.07606
  Mixing_DM         =    0.00386
  Force             =    2.48250
  Total_Energy      =    0.35783
  Set_Aden_Grid     =    0.17027
  Set_Orbitals_Grid =    0.10020
  Set_Density_Grid  =    0.52428
  RestartFileDFT    =    0.02861
  Mulliken_Charge   =    0.00093
  FFT(2D)_Density   =    0.00165

The SCF was achieved at MD=  33

*******************************************************
             MD or geometry opt. at MD =33              
*******************************************************


The geometry optimization was achieved.
<BFGS>  |Maximum force| (Hartree/Bohr) = 0.000090353823
<BFGS>  Criterion       (Hartree/Bohr) = 0.000100000000

     atom=   1, XYZ(ang) Fxyz(a.u.)=  -0.0000    0.0009    0.0000    -0.0000   -0.0000   -0.0000
     atom=   2, XYZ(ang) Fxyz(a.u.)=   2.9849    2.9902    1.6198    -0.0000    0.0000   -0.0000
     atom=   3, XYZ(ang) Fxyz(a.u.)=   0.0000    2.9881    0.8319     0.0000   -0.0001    0.0001
     atom=   4, XYZ(ang) Fxyz(a.u.)=   2.9849    0.0036    2.3909     0.0000   -0.0000   -0.0001

outputting data on grids to files...


***********************************************************
***********************************************************
               Computational Time (second)                 
***********************************************************
***********************************************************

                               Min_ID   Min_Time       Max_ID   Max_Time
   Total Computational Time =     9      960.764          0      960.775
   readfile                 =     9        2.343         13        2.344
   truncation               =     5        5.053          1        5.755
   MD_pac                   =     0        0.007         15        0.009
   OutData                  =     8        0.000          0        0.011
   DFT                      =     1      952.638          5      953.340

*** In DFT ***

   Set_OLP_Kin              =    12        0.994          3       26.209
   Set_Nonlocal             =     3       41.358         12       66.572
   Set_ProExpn_VNA          =     6       32.753          0       93.359
   Set_Hamiltonian          =     3       53.194         15       53.194
   Poisson                  =    12        0.039          3        0.039
   Diagonalization          =     0      571.311          2      571.316
   Mixing_DM                =     4        0.168         13        0.168
   Force                    =     2       67.390         15       67.390
   Total_Energy             =     3       12.957          0       12.962
   Set_Aden_Grid            =     0        1.457          6       62.032
   Set_Orbitals_Grid        =     8        0.000          2        3.887
   Set_Density_Grid         =     5       19.946          1       19.974
   RestartFileDFT           =     8        0.092          4        3.795
   Mulliken_Charge          =    15        0.036          8        0.036
   FFT(2D)_Density          =    13        0.065         10        0.065
   Others                   =     2       60.709          6       65.780

The calculation was normally finished.
