
The number of threads in each node for OpenMP parallelization is 1.


*******************************************************
*******************************************************
 Welcome to OpenMX   Ver. 3.9.9                           
 Copyright (C), 2002-2019, T. Ozaki                    
 OpenMX comes with ABSOLUTELY NO WARRANTY.             
 This is free software, and you are welcome to         
 redistribute it under the constitution of the GNU-GPL.
*******************************************************
*******************************************************



<Input_std>  Your input file was normally read.
<Input_std>  The system includes 1 species and 4 atoms.

*******************************************************
                     PAO and VPS                       
*******************************************************

<SetPara_DFT>  PAOs of species Sn were normally found.
<SetPara_DFT>  VPSs of species Sn were normally found.
               Sn_PBE19.vps is j-dependent.
               In case of scf.SpinOrbit.Coupling=off,
               j-dependent pseudo potentials are averaged by j-degeneracy,
               which corresponds to a scalar relativistic treatment.

*******************************************************
     Fourier transform of PAO and projectors of VNL    
*******************************************************

<FT_PAO>          Fourier transform of pseudo atomic orbitals
<FT_NLP>          Fourier transform of non-local projectors
<FT_ProExpn_VNA>  Fourier transform of VNA separable projectors
<FT_VNA>          Fourier transform of VNA potentials
<FT_ProductPAO>   Fourier transform of product of PAOs

*******************************************************
  Allocation of atoms to processors at MD_iter=    1     
*******************************************************

 proc =   0  # of atoms=   1  estimated weight=         1.00000
 proc =   1  # of atoms=   1  estimated weight=         1.00000
 proc =   2  # of atoms=   1  estimated weight=         1.00000
 proc =   3  # of atoms=   1  estimated weight=         1.00000
 proc =   4  # of atoms=   0  estimated weight=         0.00000
 proc =   5  # of atoms=   0  estimated weight=         0.00000
 proc =   6  # of atoms=   0  estimated weight=         0.00000
 proc =   7  # of atoms=   0  estimated weight=         0.00000
 proc =   8  # of atoms=   0  estimated weight=         0.00000
 proc =   9  # of atoms=   0  estimated weight=         0.00000
 proc =  10  # of atoms=   0  estimated weight=         0.00000
 proc =  11  # of atoms=   0  estimated weight=         0.00000
 proc =  12  # of atoms=   0  estimated weight=         0.00000
 proc =  13  # of atoms=   0  estimated weight=         0.00000
 proc =  14  # of atoms=   0  estimated weight=         0.00000
 proc =  15  # of atoms=   0  estimated weight=         0.00000




*******************************************************
        Analysis of neighbors and setting of grids        
*******************************************************

TFNAN=     216   Average FNAN=  54.00000
TSNAN=       0   Average SNAN=   0.00000
<truncation> CpyCell= 1 ct_AN=   1 FNAN SNAN  54   0
<truncation> CpyCell= 1 ct_AN=   2 FNAN SNAN  54   0
<truncation> CpyCell= 1 ct_AN=   3 FNAN SNAN  54   0
<truncation> CpyCell= 1 ct_AN=   4 FNAN SNAN  54   0
TFNAN=     256   Average FNAN=  64.00000
TSNAN=       0   Average SNAN=   0.00000
<truncation> CpyCell= 2 ct_AN=   1 FNAN SNAN  64   0
<truncation> CpyCell= 2 ct_AN=   2 FNAN SNAN  64   0
<truncation> CpyCell= 2 ct_AN=   3 FNAN SNAN  64   0
<truncation> CpyCell= 2 ct_AN=   4 FNAN SNAN  64   0
TFNAN=     256   Average FNAN=  64.00000
TSNAN=       0   Average SNAN=   0.00000
<truncation> CpyCell= 3 ct_AN=   1 FNAN SNAN  64   0
<truncation> CpyCell= 3 ct_AN=   2 FNAN SNAN  64   0
<truncation> CpyCell= 3 ct_AN=   3 FNAN SNAN  64   0
<truncation> CpyCell= 3 ct_AN=   4 FNAN SNAN  64   0
TFNAN=     256   Average FNAN=  64.00000
TSNAN=       0   Average SNAN=   0.00000
<truncation> CpyCell= 3 ct_AN=   1 FNAN SNAN  64   0
<truncation> CpyCell= 3 ct_AN=   2 FNAN SNAN  64   0
<truncation> CpyCell= 3 ct_AN=   3 FNAN SNAN  64   0
<truncation> CpyCell= 3 ct_AN=   4 FNAN SNAN  64   0
<Check_System> The system is bulk.
lattice vectors (bohr)
A  = 11.337702133525,  0.000000000000,  0.000000000000
B  =  0.000000000000, 11.281295655248,  0.000000000000
C  =  0.000000000000,  0.000000000000,  6.081931916162
reciprocal lattice vectors (bohr^-1)
RA =  0.554185074999,  0.000000000000,  0.000000000000
RB =  0.000000000000,  0.556956000374,  0.000000000000
RC =  0.000000000000,  0.000000000000,  1.033090372236
Grid_Origin  0.000000000000  0.000000000000  0.000000000000
Cell_Volume =    777.903236248648 (Bohr^3)
GridVol     =      0.011524492389 (Bohr^3)
Grid_Origin  0.000000000000  0.000000000000  0.000000000000
Cell_Volume =    777.903236248648 (Bohr^3)
GridVol     =      0.011524492389 (Bohr^3)
<UCell_Box> Info. of cutoff energy and num. of grids
lattice vectors (bohr)
A  = 11.337702133525,  0.000000000000,  0.000000000000
B  =  0.000000000000, 11.281295655248,  0.000000000000
C  =  0.000000000000,  0.000000000000,  6.081931916162
reciprocal lattice vectors (bohr^-1)
RA =  0.554185074999,  0.000000000000,  0.000000000000
RB =  0.000000000000,  0.556956000374,  0.000000000000
RC =  0.000000000000,  0.000000000000,  1.033090372236
Required cutoff energy (Ryd) for 3D-grids = 200.0000
    Used cutoff energy (Ryd) for 3D-grids = 191.9507, 193.8750, 194.5110
Num. of grids of a-, b-, and c-axes = 50, 50, 27
Grid_Origin  0.000000000000  0.000000000000  0.000000000000
Cell_Volume =    777.903236248648 (Bohr^3)
GridVol     =      0.011524492389 (Bohr^3)
Cell vectors (bohr) of the grid cell (gtv)
  gtv_a =  0.226754042670,  0.000000000000,  0.000000000000
  gtv_b =  0.000000000000,  0.225625913105,  0.000000000000
  gtv_c =  0.000000000000,  0.000000000000,  0.225256737636
  |gtv_a| =  0.226754042670
  |gtv_b| =  0.225625913105
  |gtv_c| =  0.225256737636
Num. of grids overlapping with atom    1 = 124513
Num. of grids overlapping with atom    2 = 124714
Num. of grids overlapping with atom    3 = 124638
Num. of grids overlapping with atom    4 = 124638

*******************************************************
             SCF calculation at MD = 1                
*******************************************************

<MD= 1>  Calculation of the overlap matrix
<MD= 1>  Calculation of the nonlocal matrix
<MD= 1>  Calculation of the VNA projector matrix

******************* MD= 1  SCF= 1 *******************
<Band>  Solving the eigenvalue problem...
 KGrids1:  -0.45833  -0.37500  -0.29167  -0.20833  -0.12500  -0.04167   0.04167   0.12500   0.20833   0.29167   0.37500   0.45833 
 KGrids2:  -0.45833  -0.37500  -0.29167  -0.20833  -0.12500  -0.04167   0.04167   0.12500   0.20833   0.29167   0.37500   0.45833 
 KGrids3:  -0.47500  -0.42500  -0.37500  -0.32500  -0.27500  -0.22500  -0.17500  -0.12500  -0.07500  -0.02500   0.02500   0.07500   0.12500   0.17500   0.22500   0.27500   0.32500   0.37500   0.42500   0.47500 
<Band_DFT>  Eigen, time=0.736329
<Band_DFT>  DM, time=2.028106
    1   Sn  MulP   7.0001  7.0001 sum  14.0001
    2   Sn  MulP   7.0000  7.0000 sum  13.9999
    3   Sn  MulP   7.0000  7.0000 sum  14.0001
    4   Sn  MulP   6.9999  6.9999 sum  13.9999
 Sum of MulP: up   =    28.00000 down          =    28.00000
              total=    56.00000 ideal(neutral)=    56.00000
<DFT>  Total Spin Moment (muB) =  0.000000000000
<DFT>  Mixing_weight= 0.100000000000
<DFT>  Uele   =  -41.296948351836  dUele     =   1.000000000000
<DFT>  NormRD =    1.000000000000  Criterion =   0.000000100000

******************* MD= 1  SCF= 2 *******************
<Poisson>  Poisson's equation using FFT...
<Set_Hamiltonian>  Hamiltonian matrix for VNA+dVH+Vxc...
<Band>  Solving the eigenvalue problem...
 KGrids1:  -0.45833  -0.37500  -0.29167  -0.20833  -0.12500  -0.04167   0.04167   0.12500   0.20833   0.29167   0.37500   0.45833 
 KGrids2:  -0.45833  -0.37500  -0.29167  -0.20833  -0.12500  -0.04167   0.04167   0.12500   0.20833   0.29167   0.37500   0.45833 
 KGrids3:  -0.47500  -0.42500  -0.37500  -0.32500  -0.27500  -0.22500  -0.17500  -0.12500  -0.07500  -0.02500   0.02500   0.07500   0.12500   0.17500   0.22500   0.27500   0.32500   0.37500   0.42500   0.47500 
<Band_DFT>  Eigen, time=0.732603
<Band_DFT>  DM, time=2.033050
    1   Sn  MulP   7.0001  7.0001 sum  14.0001
    2   Sn  MulP   7.0000  7.0000 sum  13.9999
    3   Sn  MulP   7.0000  7.0000 sum  14.0001
    4   Sn  MulP   6.9999  6.9999 sum  13.9999
 Sum of MulP: up   =    28.00000 down          =    28.00000
              total=    56.00000 ideal(neutral)=    56.00000
<DFT>  Total Spin Moment (muB) =  0.000000000000
<DFT>  Mixing_weight= 0.124428525137
<DFT>  Uele   =  -41.296948351836  dUele     =   0.000000000000
<DFT>  NormRD =    0.443086631492  Criterion =   0.000000100000

******************* MD= 1  SCF= 3 *******************
<Poisson>  Poisson's equation using FFT...
<Set_Hamiltonian>  Hamiltonian matrix for VNA+dVH+Vxc...
<Band>  Solving the eigenvalue problem...
 KGrids1:  -0.45833  -0.37500  -0.29167  -0.20833  -0.12500  -0.04167   0.04167   0.12500   0.20833   0.29167   0.37500   0.45833 
 KGrids2:  -0.45833  -0.37500  -0.29167  -0.20833  -0.12500  -0.04167   0.04167   0.12500   0.20833   0.29167   0.37500   0.45833 
 KGrids3:  -0.47500  -0.42500  -0.37500  -0.32500  -0.27500  -0.22500  -0.17500  -0.12500  -0.07500  -0.02500   0.02500   0.07500   0.12500   0.17500   0.22500   0.27500   0.32500   0.37500   0.42500   0.47500 
<Band_DFT>  Eigen, time=0.745867
<Band_DFT>  DM, time=2.038067
    1   Sn  MulP   7.0001  7.0001 sum  14.0001
    2   Sn  MulP   7.0000  7.0000 sum  13.9999
    3   Sn  MulP   7.0000  7.0000 sum  14.0001
    4   Sn  MulP   6.9999  6.9999 sum  13.9999
 Sum of MulP: up   =    28.00000 down          =    28.00000
              total=    56.00000 ideal(neutral)=    56.00000
<DFT>  Total Spin Moment (muB) =  0.000000000000
<DFT>  Mixing_weight= 0.400000000000
<DFT>  Uele   =  -41.390284893461  dUele     =   0.093336541624
<DFT>  NormRD =    0.398348935059  Criterion =   0.000000100000

******************* MD= 1  SCF= 4 *******************
<Poisson>  Poisson's equation using FFT...
<Set_Hamiltonian>  Hamiltonian matrix for VNA+dVH+Vxc...
<Band>  Solving the eigenvalue problem...
 KGrids1:  -0.45833  -0.37500  -0.29167  -0.20833  -0.12500  -0.04167   0.04167   0.12500   0.20833   0.29167   0.37500   0.45833 
 KGrids2:  -0.45833  -0.37500  -0.29167  -0.20833  -0.12500  -0.04167   0.04167   0.12500   0.20833   0.29167   0.37500   0.45833 
 KGrids3:  -0.47500  -0.42500  -0.37500  -0.32500  -0.27500  -0.22500  -0.17500  -0.12500  -0.07500  -0.02500   0.02500   0.07500   0.12500   0.17500   0.22500   0.27500   0.32500   0.37500   0.42500   0.47500 
<Band_DFT>  Eigen, time=0.742586
<Band_DFT>  DM, time=2.002451
    1   Sn  MulP   7.0001  7.0001 sum  14.0001
    2   Sn  MulP   7.0000  7.0000 sum  13.9999
    3   Sn  MulP   7.0000  7.0000 sum  14.0001
    4   Sn  MulP   6.9999  6.9999 sum  13.9999
 Sum of MulP: up   =    28.00000 down          =    28.00000
              total=    56.00000 ideal(neutral)=    56.00000
<DFT>  Total Spin Moment (muB) =  0.000000000000
<DFT>  Mixing_weight= 0.400000000000
<DFT>  Uele   =  -41.658119272169  dUele     =   0.267834378708
<DFT>  NormRD =    0.272052556761  Criterion =   0.000000100000

******************* MD= 1  SCF= 5 *******************
<Poisson>  Poisson's equation using FFT...
<Set_Hamiltonian>  Hamiltonian matrix for VNA+dVH+Vxc...
<Band>  Solving the eigenvalue problem...
 KGrids1:  -0.45833  -0.37500  -0.29167  -0.20833  -0.12500  -0.04167   0.04167   0.12500   0.20833   0.29167   0.37500   0.45833 
 KGrids2:  -0.45833  -0.37500  -0.29167  -0.20833  -0.12500  -0.04167   0.04167   0.12500   0.20833   0.29167   0.37500   0.45833 
 KGrids3:  -0.47500  -0.42500  -0.37500  -0.32500  -0.27500  -0.22500  -0.17500  -0.12500  -0.07500  -0.02500   0.02500   0.07500   0.12500   0.17500   0.22500   0.27500   0.32500   0.37500   0.42500   0.47500 
<Band_DFT>  Eigen, time=0.795197
<Band_DFT>  DM, time=1.990487
    1   Sn  MulP   7.0001  7.0001 sum  14.0001
    2   Sn  MulP   6.9999  6.9999 sum  13.9999
    3   Sn  MulP   7.0000  7.0000 sum  14.0001
    4   Sn  MulP   6.9999  6.9999 sum  13.9999
 Sum of MulP: up   =    28.00000 down          =    28.00000
              total=    56.00000 ideal(neutral)=    56.00000
<DFT>  Total Spin Moment (muB) =  0.000000000000
<DFT>  Mixing_weight= 0.040000000000
<DFT>  Uele   =  -41.834112186044  dUele     =   0.175992913875
<DFT>  NormRD =    0.196705097792  Criterion =   0.000000100000

******************* MD= 1  SCF= 6 *******************
<Poisson>  Poisson's equation using FFT...
<Set_Hamiltonian>  Hamiltonian matrix for VNA+dVH+Vxc...
<Band>  Solving the eigenvalue problem...
 KGrids1:  -0.45833  -0.37500  -0.29167  -0.20833  -0.12500  -0.04167   0.04167   0.12500   0.20833   0.29167   0.37500   0.45833 
 KGrids2:  -0.45833  -0.37500  -0.29167  -0.20833  -0.12500  -0.04167   0.04167   0.12500   0.20833   0.29167   0.37500   0.45833 
 KGrids3:  -0.47500  -0.42500  -0.37500  -0.32500  -0.27500  -0.22500  -0.17500  -0.12500  -0.07500  -0.02500   0.02500   0.07500   0.12500   0.17500   0.22500   0.27500   0.32500   0.37500   0.42500   0.47500 
<Band_DFT>  Eigen, time=0.546748
<Band_DFT>  DM, time=1.394804
    1   Sn  MulP   7.0001  7.0001 sum  14.0002
    2   Sn  MulP   6.9999  6.9999 sum  13.9999
    3   Sn  MulP   7.0000  7.0000 sum  14.0001
    4   Sn  MulP   7.0000  7.0000 sum  13.9999
 Sum of MulP: up   =    28.00000 down          =    28.00000
              total=    56.00000 ideal(neutral)=    56.00000
<DFT>  Total Spin Moment (muB) =  0.000000000000
<DFT>  Mixing_weight= 0.040000000000
<DFT>  Uele   =  -42.197568153537  dUele     =   0.363455967493
<DFT>  NormRD =    0.008257449548  Criterion =   0.000000100000

******************* MD= 1  SCF= 7 *******************
<Poisson>  Poisson's equation using FFT...
<Set_Hamiltonian>  Hamiltonian matrix for VNA+dVH+Vxc...
<Band>  Solving the eigenvalue problem...
 KGrids1:  -0.45833  -0.37500  -0.29167  -0.20833  -0.12500  -0.04167   0.04167   0.12500   0.20833   0.29167   0.37500   0.45833 
 KGrids2:  -0.45833  -0.37500  -0.29167  -0.20833  -0.12500  -0.04167   0.04167   0.12500   0.20833   0.29167   0.37500   0.45833 
 KGrids3:  -0.47500  -0.42500  -0.37500  -0.32500  -0.27500  -0.22500  -0.17500  -0.12500  -0.07500  -0.02500   0.02500   0.07500   0.12500   0.17500   0.22500   0.27500   0.32500   0.37500   0.42500   0.47500 
<Band_DFT>  Eigen, time=0.680512
<Band_DFT>  DM, time=1.395035
    1   Sn  MulP   7.0001  7.0001 sum  14.0002
    2   Sn  MulP   6.9999  6.9999 sum  13.9999
    3   Sn  MulP   7.0000  7.0000 sum  14.0001
    4   Sn  MulP   6.9999  6.9999 sum  13.9999
 Sum of MulP: up   =    28.00000 down          =    28.00000
              total=    56.00000 ideal(neutral)=    56.00000
<DFT>  Total Spin Moment (muB) =  0.000000000000
<DFT>  Mixing_weight= 0.040000000000
<DFT>  Uele   =  -42.197995564817  dUele     =   0.000427411281
<DFT>  NormRD =    0.003462785915  Criterion =   0.000000100000

******************* MD= 1  SCF= 8 *******************
<Poisson>  Poisson's equation using FFT...
<Set_Hamiltonian>  Hamiltonian matrix for VNA+dVH+Vxc...
<Band>  Solving the eigenvalue problem...
 KGrids1:  -0.45833  -0.37500  -0.29167  -0.20833  -0.12500  -0.04167   0.04167   0.12500   0.20833   0.29167   0.37500   0.45833 
 KGrids2:  -0.45833  -0.37500  -0.29167  -0.20833  -0.12500  -0.04167   0.04167   0.12500   0.20833   0.29167   0.37500   0.45833 
 KGrids3:  -0.47500  -0.42500  -0.37500  -0.32500  -0.27500  -0.22500  -0.17500  -0.12500  -0.07500  -0.02500   0.02500   0.07500   0.12500   0.17500   0.22500   0.27500   0.32500   0.37500   0.42500   0.47500 
<Band_DFT>  Eigen, time=0.739582
<Band_DFT>  DM, time=2.037313
    1   Sn  MulP   7.0001  7.0001 sum  14.0001
    2   Sn  MulP   7.0000  7.0000 sum  13.9999
    3   Sn  MulP   7.0000  7.0000 sum  14.0001
    4   Sn  MulP   7.0000  7.0000 sum  13.9999
 Sum of MulP: up   =    28.00000 down          =    28.00000
              total=    56.00000 ideal(neutral)=    56.00000
<DFT>  Total Spin Moment (muB) =  0.000000000000
<DFT>  Mixing_weight= 0.040000000000
<DFT>  Uele   =  -42.204660843870  dUele     =   0.006665279053
<DFT>  NormRD =    0.000969265908  Criterion =   0.000000100000

******************* MD= 1  SCF= 9 *******************
<Poisson>  Poisson's equation using FFT...
<Set_Hamiltonian>  Hamiltonian matrix for VNA+dVH+Vxc...
<Band>  Solving the eigenvalue problem...
 KGrids1:  -0.45833  -0.37500  -0.29167  -0.20833  -0.12500  -0.04167   0.04167   0.12500   0.20833   0.29167   0.37500   0.45833 
 KGrids2:  -0.45833  -0.37500  -0.29167  -0.20833  -0.12500  -0.04167   0.04167   0.12500   0.20833   0.29167   0.37500   0.45833 
 KGrids3:  -0.47500  -0.42500  -0.37500  -0.32500  -0.27500  -0.22500  -0.17500  -0.12500  -0.07500  -0.02500   0.02500   0.07500   0.12500   0.17500   0.22500   0.27500   0.32500   0.37500   0.42500   0.47500 
<Band_DFT>  Eigen, time=0.747571
<Band_DFT>  DM, time=2.036048
    1   Sn  MulP   7.0001  7.0001 sum  14.0003
    2   Sn  MulP   6.9999  6.9999 sum  13.9998
    3   Sn  MulP   7.0000  7.0000 sum  14.0001
    4   Sn  MulP   6.9999  6.9999 sum  13.9999
 Sum of MulP: up   =    28.00000 down          =    28.00000
              total=    56.00000 ideal(neutral)=    56.00000
<DFT>  Total Spin Moment (muB) =  0.000000000000
<DFT>  Mixing_weight= 0.040000000000
<DFT>  Uele   =  -42.202911450638  dUele     =   0.001749393232
<DFT>  NormRD =    0.000249836437  Criterion =   0.000000100000

******************* MD= 1  SCF=10 *******************
<Poisson>  Poisson's equation using FFT...
<Set_Hamiltonian>  Hamiltonian matrix for VNA+dVH+Vxc...
<Band>  Solving the eigenvalue problem...
 KGrids1:  -0.45833  -0.37500  -0.29167  -0.20833  -0.12500  -0.04167   0.04167   0.12500   0.20833   0.29167   0.37500   0.45833 
 KGrids2:  -0.45833  -0.37500  -0.29167  -0.20833  -0.12500  -0.04167   0.04167   0.12500   0.20833   0.29167   0.37500   0.45833 
 KGrids3:  -0.47500  -0.42500  -0.37500  -0.32500  -0.27500  -0.22500  -0.17500  -0.12500  -0.07500  -0.02500   0.02500   0.07500   0.12500   0.17500   0.22500   0.27500   0.32500   0.37500   0.42500   0.47500 
<Band_DFT>  Eigen, time=0.739329
<Band_DFT>  DM, time=2.037466
    1   Sn  MulP   7.0001  7.0001 sum  14.0001
    2   Sn  MulP   6.9999  6.9999 sum  13.9999
    3   Sn  MulP   7.0000  7.0000 sum  14.0001
    4   Sn  MulP   7.0000  7.0000 sum  13.9999
 Sum of MulP: up   =    28.00000 down          =    28.00000
              total=    56.00000 ideal(neutral)=    56.00000
<DFT>  Total Spin Moment (muB) =  0.000000000000
<DFT>  Mixing_weight= 0.040000000000
<DFT>  Uele   =  -42.202889681208  dUele     =   0.000021769430
<DFT>  NormRD =    0.000043421500  Criterion =   0.000000100000

******************* MD= 1  SCF=11 *******************
<Poisson>  Poisson's equation using FFT...
<Set_Hamiltonian>  Hamiltonian matrix for VNA+dVH+Vxc...
<Band>  Solving the eigenvalue problem...
 KGrids1:  -0.45833  -0.37500  -0.29167  -0.20833  -0.12500  -0.04167   0.04167   0.12500   0.20833   0.29167   0.37500   0.45833 
 KGrids2:  -0.45833  -0.37500  -0.29167  -0.20833  -0.12500  -0.04167   0.04167   0.12500   0.20833   0.29167   0.37500   0.45833 
 KGrids3:  -0.47500  -0.42500  -0.37500  -0.32500  -0.27500  -0.22500  -0.17500  -0.12500  -0.07500  -0.02500   0.02500   0.07500   0.12500   0.17500   0.22500   0.27500   0.32500   0.37500   0.42500   0.47500 
<Band_DFT>  Eigen, time=0.738566
<Band_DFT>  DM, time=1.788881
    1   Sn  MulP   7.0001  7.0001 sum  14.0002
    2   Sn  MulP   6.9999  6.9999 sum  13.9999
    3   Sn  MulP   7.0000  7.0000 sum  14.0001
    4   Sn  MulP   6.9999  6.9999 sum  13.9999
 Sum of MulP: up   =    28.00000 down          =    28.00000
              total=    56.00000 ideal(neutral)=    56.00000
<DFT>  Total Spin Moment (muB) =  0.000000000000
<DFT>  Mixing_weight= 0.040000000000
<DFT>  Uele   =  -42.202885319721  dUele     =   0.000004361487
<DFT>  NormRD =    0.000008100418  Criterion =   0.000000100000

******************* MD= 1  SCF=12 *******************
<Poisson>  Poisson's equation using FFT...
<Set_Hamiltonian>  Hamiltonian matrix for VNA+dVH+Vxc...
<Band>  Solving the eigenvalue problem...
 KGrids1:  -0.45833  -0.37500  -0.29167  -0.20833  -0.12500  -0.04167   0.04167   0.12500   0.20833   0.29167   0.37500   0.45833 
 KGrids2:  -0.45833  -0.37500  -0.29167  -0.20833  -0.12500  -0.04167   0.04167   0.12500   0.20833   0.29167   0.37500   0.45833 
 KGrids3:  -0.47500  -0.42500  -0.37500  -0.32500  -0.27500  -0.22500  -0.17500  -0.12500  -0.07500  -0.02500   0.02500   0.07500   0.12500   0.17500   0.22500   0.27500   0.32500   0.37500   0.42500   0.47500 
<Band_DFT>  Eigen, time=0.739118
<Band_DFT>  DM, time=1.682313
    1   Sn  MulP   7.0001  7.0001 sum  14.0002
    2   Sn  MulP   6.9999  6.9999 sum  13.9999
    3   Sn  MulP   7.0000  7.0000 sum  14.0001
    4   Sn  MulP   7.0000  7.0000 sum  13.9999
 Sum of MulP: up   =    28.00000 down          =    28.00000
              total=    56.00000 ideal(neutral)=    56.00000
<DFT>  Total Spin Moment (muB) =  0.000000000000
<DFT>  Mixing_weight= 0.040000000000
<DFT>  Uele   =  -42.202870219668  dUele     =   0.000015100053
<DFT>  NormRD =    0.000009764728  Criterion =   0.000000100000

******************* MD= 1  SCF=13 *******************
<Poisson>  Poisson's equation using FFT...
<Set_Hamiltonian>  Hamiltonian matrix for VNA+dVH+Vxc...
<Band>  Solving the eigenvalue problem...
 KGrids1:  -0.45833  -0.37500  -0.29167  -0.20833  -0.12500  -0.04167   0.04167   0.12500   0.20833   0.29167   0.37500   0.45833 
 KGrids2:  -0.45833  -0.37500  -0.29167  -0.20833  -0.12500  -0.04167   0.04167   0.12500   0.20833   0.29167   0.37500   0.45833 
 KGrids3:  -0.47500  -0.42500  -0.37500  -0.32500  -0.27500  -0.22500  -0.17500  -0.12500  -0.07500  -0.02500   0.02500   0.07500   0.12500   0.17500   0.22500   0.27500   0.32500   0.37500   0.42500   0.47500 
<Band_DFT>  Eigen, time=0.794339
<Band_DFT>  DM, time=1.989551
    1   Sn  MulP   7.0001  7.0001 sum  14.0002
    2   Sn  MulP   6.9999  6.9999 sum  13.9999
    3   Sn  MulP   7.0000  7.0000 sum  14.0001
    4   Sn  MulP   7.0000  7.0000 sum  13.9999
 Sum of MulP: up   =    28.00000 down          =    28.00000
              total=    56.00000 ideal(neutral)=    56.00000
<DFT>  Total Spin Moment (muB) =  0.000000000000
<DFT>  Mixing_weight= 0.040000000000
<DFT>  Uele   =  -42.202870887608  dUele     =   0.000000667941
<DFT>  NormRD =    0.000000567750  Criterion =   0.000000100000

******************* MD= 1  SCF=14 *******************
<Poisson>  Poisson's equation using FFT...
<Set_Hamiltonian>  Hamiltonian matrix for VNA+dVH+Vxc...
<Band>  Solving the eigenvalue problem...
 KGrids1:  -0.45833  -0.37500  -0.29167  -0.20833  -0.12500  -0.04167   0.04167   0.12500   0.20833   0.29167   0.37500   0.45833 
 KGrids2:  -0.45833  -0.37500  -0.29167  -0.20833  -0.12500  -0.04167   0.04167   0.12500   0.20833   0.29167   0.37500   0.45833 
 KGrids3:  -0.47500  -0.42500  -0.37500  -0.32500  -0.27500  -0.22500  -0.17500  -0.12500  -0.07500  -0.02500   0.02500   0.07500   0.12500   0.17500   0.22500   0.27500   0.32500   0.37500   0.42500   0.47500 
<Band_DFT>  Eigen, time=0.788495
<Band_DFT>  DM, time=1.589142
    1   Sn  MulP   7.0001  7.0001 sum  14.0002
    2   Sn  MulP   6.9999  6.9999 sum  13.9999
    3   Sn  MulP   7.0000  7.0000 sum  14.0001
    4   Sn  MulP   7.0000  7.0000 sum  13.9999
 Sum of MulP: up   =    28.00000 down          =    28.00000
              total=    56.00000 ideal(neutral)=    56.00000
<DFT>  Total Spin Moment (muB) =  0.000000000000
<DFT>  Mixing_weight= 0.040000000000
<DFT>  Uele   =  -42.202871006194  dUele     =   0.000000118586
<DFT>  NormRD =    0.000000334921  Criterion =   0.000000100000

******************* MD= 1  SCF=15 *******************
<Poisson>  Poisson's equation using FFT...
<Set_Hamiltonian>  Hamiltonian matrix for VNA+dVH+Vxc...
<Band>  Solving the eigenvalue problem...
 KGrids1:  -0.45833  -0.37500  -0.29167  -0.20833  -0.12500  -0.04167   0.04167   0.12500   0.20833   0.29167   0.37500   0.45833 
 KGrids2:  -0.45833  -0.37500  -0.29167  -0.20833  -0.12500  -0.04167   0.04167   0.12500   0.20833   0.29167   0.37500   0.45833 
 KGrids3:  -0.47500  -0.42500  -0.37500  -0.32500  -0.27500  -0.22500  -0.17500  -0.12500  -0.07500  -0.02500   0.02500   0.07500   0.12500   0.17500   0.22500   0.27500   0.32500   0.37500   0.42500   0.47500 
<Band_DFT>  Eigen, time=0.733676
<Band_DFT>  DM, time=1.788030
    1   Sn  MulP   7.0001  7.0001 sum  14.0002
    2   Sn  MulP   6.9999  6.9999 sum  13.9999
    3   Sn  MulP   7.0000  7.0000 sum  14.0001
    4   Sn  MulP   7.0000  7.0000 sum  13.9999
 Sum of MulP: up   =    28.00000 down          =    28.00000
              total=    56.00000 ideal(neutral)=    56.00000
<DFT>  Total Spin Moment (muB) =  0.000000000000
<DFT>  Mixing_weight= 0.040000000000
<DFT>  Uele   =  -42.202871011951  dUele     =   0.000000005757
<DFT>  NormRD =    0.000000104415  Criterion =   0.000000100000
<MD= 1>  Force calculation
  Force calculation #1
  Force calculation #2
  Force calculation #3
  Force calculation #4
  Force calculation #5
  Stress calculation #1
  Stress calculation #2
  Stress calculation #3
  Stress calculation #4
  Stress calculation #5
<MD= 1>  Total Energy
  Force calculation #6
  Force calculation #7

*******************************************************
                  Dipole moment (Debye)                 
*******************************************************

 Absolute D      521.63316859

                      Dx                Dy                Dz
 Total           -363.75345080     -362.14056353      -92.94515504
 Core             403.44610602      401.43891146      324.63347331
 Electron        -767.19955682     -763.57947500     -417.57862836
 Back ground       -0.00000000       -0.00000000       -0.00000000

*******************************************************
               Stress tensor (Hartree/bohr^3)            
*******************************************************

       0.00001825        0.00000000        0.00000000 
       0.00000000       -0.00000013        0.00000000 
       0.00000000        0.00000000        0.00000428 

*******************************************************
                Total Energy (Hartree) at MD = 1        
*******************************************************

  Uele  =     -42.202871011951

  Ukin  =     203.431531207428
  UH0   =   -2699.788263652785
  UH1   =       0.004875497483
  Una   =    -149.406359591192
  Unl   =     -47.917135679829
  Uxc0  =     -25.234520785457
  Uxc1  =     -25.234520785457
  Ucore =    2459.987138869946
  Uhub  =       0.000000000000
  Ucs   =       0.000000000000
  Uzs   =       0.000000000000
  Uzo   =       0.000000000000
  Uef   =       0.000000000000
  UvdW  =       0.000000000000
  Uch   =       0.000000000000
  Utot  =    -284.157254919863

  UpV   =       0.000000000000
  Enpy  =    -284.157254919863
  Note:

  Uele:   band energy
  Ukin:   kinetic energy
  UH0:    electric part of screened Coulomb energy
  UH1:    difference electron-electron Coulomb energy
  Una:    neutral atom potential energy
  Unl:    non-local potential energy
  Uxc0:   exchange-correlation energy for alpha spin
  Uxc1:   exchange-correlation energy for beta spin
  Ucore:  core-core Coulomb energy
  Uhub:   LDA+U energy
  Ucs:    constraint energy for spin orientation
  Uzs:    Zeeman term for spin magnetic moment
  Uzo:    Zeeman term for orbital magnetic moment
  Uef:    electric energy by electric field
  UvdW:   semi-empirical vdW energy 
  Uch:    penalty term to create a core hole
  UpV:    pressure times volume
  Enpy:   Enthalpy = Utot + UpV
  (see also PRB 72, 045121(2005) for the energy contributions)


*******************************************************
           Computational times (s) at MD = 1            
*******************************************************

  DFT in total      =   54.09720

  Set_OLP_Kin       =    0.96014
  Set_Nonlocal      =    1.20016
  Set_ProExpn_VNA   =    3.09592
  Set_Hamiltonian   =    3.37368
  Poisson           =    0.00458
  diagonalization   =   39.72466
  Mixing_DM         =    0.01268
  Force             =    2.04997
  Total_Energy      =    0.41229
  Set_Aden_Grid     =    0.00866
  Set_Orbitals_Grid =    0.13332
  Set_Density_Grid  =    1.23288
  RestartFileDFT    =    0.00303
  Mulliken_Charge   =    0.00210
  FFT(2D)_Density   =    0.00617

The SCF was achieved at MD=   1

*******************************************************
             MD or geometry opt. at MD = 1              
*******************************************************

<Steepest_Descent>  SD_scaling= 1.259817209093
<Steepest_Descent>  |Maximum force| (Hartree/Bohr) = 0.001080214167
<Steepest_Descent>  Criterion       (Hartree/Bohr) = 0.000100000000

  atom=  1, XYZ(ang) Fxyz(a.u.)=   0.0000    0.0000   -0.0002    -0.0000   -0.0000    0.0002
  atom=  2, XYZ(ang) Fxyz(a.u.)=   2.9998    2.9849    1.6090    -0.0000    0.0000    0.0002
  atom=  3, XYZ(ang) Fxyz(a.u.)=  -0.0000    2.9849    0.8053     0.0000    0.0000   -0.0011
  atom=  4, XYZ(ang) Fxyz(a.u.)=   2.9998    0.0000    2.4134     0.0000   -0.0000    0.0006

*******************************************************
        Analysis of neighbors and setting of grids        
*******************************************************


*******************************************************
  Allocation of atoms to processors at MD_iter=    2     
*******************************************************

 proc =   0  # of atoms=   1  estimated weight=         1.00000
 proc =   1  # of atoms=   1  estimated weight=         1.00000
 proc =   2  # of atoms=   1  estimated weight=         1.00000
 proc =   3  # of atoms=   1  estimated weight=         1.00000
 proc =   4  # of atoms=   0  estimated weight=         0.00000
 proc =   5  # of atoms=   0  estimated weight=         0.00000
 proc =   6  # of atoms=   0  estimated weight=         0.00000
 proc =   7  # of atoms=   0  estimated weight=         0.00000
 proc =   8  # of atoms=   0  estimated weight=         0.00000
 proc =   9  # of atoms=   0  estimated weight=         0.00000
 proc =  10  # of atoms=   0  estimated weight=         0.00000
 proc =  11  # of atoms=   0  estimated weight=         0.00000
 proc =  12  # of atoms=   0  estimated weight=         0.00000
 proc =  13  # of atoms=   0  estimated weight=         0.00000
 proc =  14  # of atoms=   0  estimated weight=         0.00000
 proc =  15  # of atoms=   0  estimated weight=         0.00000



TFNAN=     256   Average FNAN=  64.00000
TSNAN=       0   Average SNAN=   0.00000
<truncation> CpyCell= 3 ct_AN=   1 FNAN SNAN  64   0
<truncation> CpyCell= 3 ct_AN=   2 FNAN SNAN  64   0
<truncation> CpyCell= 3 ct_AN=   3 FNAN SNAN  64   0
<truncation> CpyCell= 3 ct_AN=   4 FNAN SNAN  64   0
<UCell_Box> Info. of cutoff energy and num. of grids
lattice vectors (bohr)
A  = 11.337702133525,  0.000000000000,  0.000000000000
B  =  0.000000000000, 11.281295655248,  0.000000000000
C  =  0.000000000000,  0.000000000000,  6.081931916162
reciprocal lattice vectors (bohr^-1)
RA =  0.554185074999,  0.000000000000,  0.000000000000
RB =  0.000000000000,  0.556956000374,  0.000000000000
RC =  0.000000000000,  0.000000000000,  1.033090372236
Required cutoff energy (Ryd) for 3D-grids = 200.0000
    Used cutoff energy (Ryd) for 3D-grids = 191.9507, 193.8750, 194.5110
Num. of grids of a-, b-, and c-axes = 50, 50, 27
Cell_Volume =    777.903236248648 (Bohr^3)
GridVol     =      0.011524492389 (Bohr^3)
Cell vectors (bohr) of the grid cell (gtv)
  gtv_a =  0.226754042670,  0.000000000000,  0.000000000000
  gtv_b =  0.000000000000,  0.225625913105,  0.000000000000
  gtv_c =  0.000000000000,  0.000000000000,  0.225256737636
  |gtv_a| =  0.226754042670
  |gtv_b| =  0.225625913105
  |gtv_c| =  0.225256737636
Num. of grids overlapping with atom    1 = 124513
Num. of grids overlapping with atom    2 = 124710
Num. of grids overlapping with atom    3 = 124646
Num. of grids overlapping with atom    4 = 124642

*******************************************************
             SCF calculation at MD = 2                
*******************************************************

<MD= 2>  Calculation of the overlap matrix
<MD= 2>  Calculation of the nonlocal matrix
<MD= 2>  Calculation of the VNA projector matrix

******************* MD= 2  SCF= 1 *******************
<Restart>  Found restart files
<Poisson>  Poisson's equation using FFT...
<Band>  Solving the eigenvalue problem...
 KGrids1:  -0.45833  -0.37500  -0.29167  -0.20833  -0.12500  -0.04167   0.04167   0.12500   0.20833   0.29167   0.37500   0.45833 
 KGrids2:  -0.45833  -0.37500  -0.29167  -0.20833  -0.12500  -0.04167   0.04167   0.12500   0.20833   0.29167   0.37500   0.45833 
 KGrids3:  -0.47500  -0.42500  -0.37500  -0.32500  -0.27500  -0.22500  -0.17500  -0.12500  -0.07500  -0.02500   0.02500   0.07500   0.12500   0.17500   0.22500   0.27500   0.32500   0.37500   0.42500   0.47500 
<Band_DFT>  Eigen, time=0.746995
<Band_DFT>  DM, time=2.038518
    1   Sn  MulP   7.0001  7.0001 sum  14.0001
    2   Sn  MulP   7.0000  7.0000 sum  13.9999
    3   Sn  MulP   7.0000  7.0000 sum  14.0001
    4   Sn  MulP   6.9999  6.9999 sum  13.9999
 Sum of MulP: up   =    28.00000 down          =    28.00000
              total=    56.00000 ideal(neutral)=    56.00000
<DFT>  Total Spin Moment (muB) =  0.000000000000
<DFT>  Mixing_weight= 0.400000000000
<DFT>  Uele   =  -42.202871308644  dUele     =   1.000000000000
<DFT>  NormRD =    1.000000000000  Criterion =   0.000000100000

******************* MD= 2  SCF= 2 *******************
<Poisson>  Poisson's equation using FFT...
<Set_Hamiltonian>  Hamiltonian matrix for VNA+dVH+Vxc...
<Band>  Solving the eigenvalue problem...
 KGrids1:  -0.45833  -0.37500  -0.29167  -0.20833  -0.12500  -0.04167   0.04167   0.12500   0.20833   0.29167   0.37500   0.45833 
 KGrids2:  -0.45833  -0.37500  -0.29167  -0.20833  -0.12500  -0.04167   0.04167   0.12500   0.20833   0.29167   0.37500   0.45833 
 KGrids3:  -0.47500  -0.42500  -0.37500  -0.32500  -0.27500  -0.22500  -0.17500  -0.12500  -0.07500  -0.02500   0.02500   0.07500   0.12500   0.17500   0.22500   0.27500   0.32500   0.37500   0.42500   0.47500 
<Band_DFT>  Eigen, time=0.744662
<Band_DFT>  DM, time=2.042156
    1   Sn  MulP   7.0001  7.0001 sum  14.0001
    2   Sn  MulP   7.0000  7.0000 sum  13.9999
    3   Sn  MulP   7.0000  7.0000 sum  14.0001
    4   Sn  MulP   6.9999  6.9999 sum  13.9999
 Sum of MulP: up   =    28.00000 down          =    28.00000
              total=    56.00000 ideal(neutral)=    56.00000
<DFT>  Total Spin Moment (muB) =  0.000000000000
<DFT>  Mixing_weight= 0.400000000000
<DFT>  Uele   =  -42.202865457241  dUele     =   0.000005851403
<DFT>  NormRD =    0.000210750569  Criterion =   0.000000100000

******************* MD= 2  SCF= 3 *******************
<Poisson>  Poisson's equation using FFT...
<Set_Hamiltonian>  Hamiltonian matrix for VNA+dVH+Vxc...
<Band>  Solving the eigenvalue problem...
 KGrids1:  -0.45833  -0.37500  -0.29167  -0.20833  -0.12500  -0.04167   0.04167   0.12500   0.20833   0.29167   0.37500   0.45833 
 KGrids2:  -0.45833  -0.37500  -0.29167  -0.20833  -0.12500  -0.04167   0.04167   0.12500   0.20833   0.29167   0.37500   0.45833 
 KGrids3:  -0.47500  -0.42500  -0.37500  -0.32500  -0.27500  -0.22500  -0.17500  -0.12500  -0.07500  -0.02500   0.02500   0.07500   0.12500   0.17500   0.22500   0.27500   0.32500   0.37500   0.42500   0.47500 
<Band_DFT>  Eigen, time=0.741918
<Band_DFT>  DM, time=1.930363
    1   Sn  MulP   7.0001  7.0001 sum  14.0001
    2   Sn  MulP   6.9999  6.9999 sum  13.9999
    3   Sn  MulP   7.0000  7.0000 sum  14.0001
    4   Sn  MulP   6.9999  6.9999 sum  13.9999
 Sum of MulP: up   =    28.00000 down          =    28.00000
              total=    56.00000 ideal(neutral)=    56.00000
<DFT>  Total Spin Moment (muB) =  0.000000000000
<DFT>  Mixing_weight= 0.040000000000
<DFT>  Uele   =  -42.202861917291  dUele     =   0.000003539950
<DFT>  NormRD =    0.000143721539  Criterion =   0.000000100000

******************* MD= 2  SCF= 4 *******************
<Poisson>  Poisson's equation using FFT...
<Set_Hamiltonian>  Hamiltonian matrix for VNA+dVH+Vxc...
<Band>  Solving the eigenvalue problem...
 KGrids1:  -0.45833  -0.37500  -0.29167  -0.20833  -0.12500  -0.04167   0.04167   0.12500   0.20833   0.29167   0.37500   0.45833 
 KGrids2:  -0.45833  -0.37500  -0.29167  -0.20833  -0.12500  -0.04167   0.04167   0.12500   0.20833   0.29167   0.37500   0.45833 
 KGrids3:  -0.47500  -0.42500  -0.37500  -0.32500  -0.27500  -0.22500  -0.17500  -0.12500  -0.07500  -0.02500   0.02500   0.07500   0.12500   0.17500   0.22500   0.27500   0.32500   0.37500   0.42500   0.47500 
<Band_DFT>  Eigen, time=0.739106
<Band_DFT>  DM, time=1.784687
    1   Sn  MulP   7.0001  7.0001 sum  14.0002
    2   Sn  MulP   6.9999  6.9999 sum  13.9999
    3   Sn  MulP   7.0000  7.0000 sum  14.0001
    4   Sn  MulP   6.9999  6.9999 sum  13.9999
 Sum of MulP: up   =    28.00000 down          =    28.00000
              total=    56.00000 ideal(neutral)=    56.00000
<DFT>  Total Spin Moment (muB) =  0.000000000000
<DFT>  Mixing_weight= 0.040000000000
<DFT>  Uele   =  -42.202856387478  dUele     =   0.000005529813
<DFT>  NormRD =    0.000014226808  Criterion =   0.000000100000

******************* MD= 2  SCF= 5 *******************
<Poisson>  Poisson's equation using FFT...
<Set_Hamiltonian>  Hamiltonian matrix for VNA+dVH+Vxc...
<Band>  Solving the eigenvalue problem...
 KGrids1:  -0.45833  -0.37500  -0.29167  -0.20833  -0.12500  -0.04167   0.04167   0.12500   0.20833   0.29167   0.37500   0.45833 
 KGrids2:  -0.45833  -0.37500  -0.29167  -0.20833  -0.12500  -0.04167   0.04167   0.12500   0.20833   0.29167   0.37500   0.45833 
 KGrids3:  -0.47500  -0.42500  -0.37500  -0.32500  -0.27500  -0.22500  -0.17500  -0.12500  -0.07500  -0.02500   0.02500   0.07500   0.12500   0.17500   0.22500   0.27500   0.32500   0.37500   0.42500   0.47500 
<Band_DFT>  Eigen, time=0.744335
<Band_DFT>  DM, time=1.776201
    1   Sn  MulP   7.0001  7.0001 sum  14.0002
    2   Sn  MulP   6.9999  6.9999 sum  13.9999
    3   Sn  MulP   7.0000  7.0000 sum  14.0001
    4   Sn  MulP   6.9999  6.9999 sum  13.9999
 Sum of MulP: up   =    28.00000 down          =    28.00000
              total=    56.00000 ideal(neutral)=    56.00000
<DFT>  Total Spin Moment (muB) =  0.000000000000
<DFT>  Mixing_weight= 0.040000000000
<DFT>  Uele   =  -42.202856462829  dUele     =   0.000000075351
<DFT>  NormRD =    0.000007438425  Criterion =   0.000000100000
<MD= 2>  Force calculation
  Force calculation #1
  Force calculation #2
  Force calculation #3
  Force calculation #4
  Force calculation #5
  Stress calculation #1
  Stress calculation #2
  Stress calculation #3
  Stress calculation #4
  Stress calculation #5
<MD= 2>  Total Energy
  Force calculation #6
  Force calculation #7

*******************************************************
                  Dipole moment (Debye)                 
*******************************************************

 Absolute D      521.63764680

                      Dx                Dy                Dz
 Total           -363.75343430     -362.14055325      -92.97038923
 Core             403.44610602      401.43891146      324.63341908
 Electron        -767.19954032     -763.57946472     -417.60380831
 Back ground       -0.00000000       -0.00000000       -0.00000000

*******************************************************
               Stress tensor (Hartree/bohr^3)            
*******************************************************

       0.00001827        0.00000000        0.00000000 
       0.00000000       -0.00000000       -0.00000000 
       0.00000000       -0.00000000        0.00000423 

*******************************************************
                Total Energy (Hartree) at MD = 2        
*******************************************************

  Uele  =     -42.202856462829

  Ukin  =     203.431581964863
  UH0   =   -2699.788239390984
  UH1   =       0.004875420424
  Una   =    -149.406382261491
  Unl   =     -47.917158822040
  Uxc0  =     -25.234523194121
  Uxc1  =     -25.234523194121
  Ucore =    2459.987112661288
  Uhub  =       0.000000000000
  Ucs   =       0.000000000000
  Uzs   =       0.000000000000
  Uzo   =       0.000000000000
  Uef   =       0.000000000000
  UvdW  =       0.000000000000
  Uch   =       0.000000000000
  Utot  =    -284.157256816182

  UpV   =       0.000000000000
  Enpy  =    -284.157256816182
  Note:

  Uele:   band energy
  Ukin:   kinetic energy
  UH0:    electric part of screened Coulomb energy
  UH1:    difference electron-electron Coulomb energy
  Una:    neutral atom potential energy
  Unl:    non-local potential energy
  Uxc0:   exchange-correlation energy for alpha spin
  Uxc1:   exchange-correlation energy for beta spin
  Ucore:  core-core Coulomb energy
  Uhub:   LDA+U energy
  Ucs:    constraint energy for spin orientation
  Uzs:    Zeeman term for spin magnetic moment
  Uzo:    Zeeman term for orbital magnetic moment
  Uef:    electric energy by electric field
  UvdW:   semi-empirical vdW energy 
  Uch:    penalty term to create a core hole
  UpV:    pressure times volume
  Enpy:   Enthalpy = Utot + UpV
  (see also PRB 72, 045121(2005) for the energy contributions)


*******************************************************
           Computational times (s) at MD = 2            
*******************************************************

  DFT in total      =   25.20020

  Set_OLP_Kin       =    0.73131
  Set_Nonlocal      =    1.06387
  Set_ProExpn_VNA   =    3.16809
  Set_Hamiltonian   =    1.12375
  Poisson           =    0.00158
  diagonalization   =   13.55966
  Mixing_DM         =    0.00455
  Force             =    2.58657
  Total_Energy      =    0.40424
  Set_Aden_Grid     =    0.00741
  Set_Orbitals_Grid =    0.12341
  Set_Density_Grid  =    0.44383
  RestartFileDFT    =    0.00924
  Mulliken_Charge   =    0.00085
  FFT(2D)_Density   =    0.00171

The SCF was achieved at MD=   2

*******************************************************
             MD or geometry opt. at MD = 2              
*******************************************************

<Steepest_Descent>  SD_scaling= 1.259817209093
<Steepest_Descent>  |Maximum force| (Hartree/Bohr) = 0.000967961599
<Steepest_Descent>  Criterion       (Hartree/Bohr) = 0.000100000000

  atom=  1, XYZ(ang) Fxyz(a.u.)=   0.0000   -0.0000   -0.0003    -0.0000    0.0000    0.0002
  atom=  2, XYZ(ang) Fxyz(a.u.)=   2.9998    2.9849    1.6089    -0.0000    0.0000    0.0003
  atom=  3, XYZ(ang) Fxyz(a.u.)=  -0.0000    2.9849    0.8060     0.0000   -0.0000   -0.0010
  atom=  4, XYZ(ang) Fxyz(a.u.)=   2.9998    0.0000    2.4131     0.0000   -0.0000    0.0005

*******************************************************
        Analysis of neighbors and setting of grids        
*******************************************************


*******************************************************
  Allocation of atoms to processors at MD_iter=    3     
*******************************************************

 proc =   0  # of atoms=   1  estimated weight=         1.00000
 proc =   1  # of atoms=   1  estimated weight=         1.00000
 proc =   2  # of atoms=   1  estimated weight=         1.00000
 proc =   3  # of atoms=   1  estimated weight=         1.00000
 proc =   4  # of atoms=   0  estimated weight=         0.00000
 proc =   5  # of atoms=   0  estimated weight=         0.00000
 proc =   6  # of atoms=   0  estimated weight=         0.00000
 proc =   7  # of atoms=   0  estimated weight=         0.00000
 proc =   8  # of atoms=   0  estimated weight=         0.00000
 proc =   9  # of atoms=   0  estimated weight=         0.00000
 proc =  10  # of atoms=   0  estimated weight=         0.00000
 proc =  11  # of atoms=   0  estimated weight=         0.00000
 proc =  12  # of atoms=   0  estimated weight=         0.00000
 proc =  13  # of atoms=   0  estimated weight=         0.00000
 proc =  14  # of atoms=   0  estimated weight=         0.00000
 proc =  15  # of atoms=   0  estimated weight=         0.00000



TFNAN=     256   Average FNAN=  64.00000
TSNAN=       0   Average SNAN=   0.00000
<truncation> CpyCell= 3 ct_AN=   1 FNAN SNAN  64   0
<truncation> CpyCell= 3 ct_AN=   2 FNAN SNAN  64   0
<truncation> CpyCell= 3 ct_AN=   3 FNAN SNAN  64   0
<truncation> CpyCell= 3 ct_AN=   4 FNAN SNAN  64   0
<UCell_Box> Info. of cutoff energy and num. of grids
lattice vectors (bohr)
A  = 11.337702133525,  0.000000000000,  0.000000000000
B  =  0.000000000000, 11.281295655248,  0.000000000000
C  =  0.000000000000,  0.000000000000,  6.081931916162
reciprocal lattice vectors (bohr^-1)
RA =  0.554185074999,  0.000000000000,  0.000000000000
RB =  0.000000000000,  0.556956000374,  0.000000000000
RC =  0.000000000000,  0.000000000000,  1.033090372236
Required cutoff energy (Ryd) for 3D-grids = 200.0000
    Used cutoff energy (Ryd) for 3D-grids = 191.9507, 193.8750, 194.5110
Num. of grids of a-, b-, and c-axes = 50, 50, 27
Cell_Volume =    777.903236248648 (Bohr^3)
GridVol     =      0.011524492389 (Bohr^3)
Cell vectors (bohr) of the grid cell (gtv)
  gtv_a =  0.226754042670,  0.000000000000,  0.000000000000
  gtv_b =  0.000000000000,  0.225625913105,  0.000000000000
  gtv_c =  0.000000000000,  0.000000000000,  0.225256737636
  |gtv_a| =  0.226754042670
  |gtv_b| =  0.225625913105
  |gtv_c| =  0.225256737636
Num. of grids overlapping with atom    1 = 124517
Num. of grids overlapping with atom    2 = 124706
Num. of grids overlapping with atom    3 = 124646
Num. of grids overlapping with atom    4 = 124646

*******************************************************
             SCF calculation at MD = 3                
*******************************************************

<MD= 3>  Calculation of the overlap matrix
<MD= 3>  Calculation of the nonlocal matrix
<MD= 3>  Calculation of the VNA projector matrix

******************* MD= 3  SCF= 1 *******************
<Restart>  Found restart files
<Poisson>  Poisson's equation using FFT...
<Band>  Solving the eigenvalue problem...
 KGrids1:  -0.45833  -0.37500  -0.29167  -0.20833  -0.12500  -0.04167   0.04167   0.12500   0.20833   0.29167   0.37500   0.45833 
 KGrids2:  -0.45833  -0.37500  -0.29167  -0.20833  -0.12500  -0.04167   0.04167   0.12500   0.20833   0.29167   0.37500   0.45833 
 KGrids3:  -0.47500  -0.42500  -0.37500  -0.32500  -0.27500  -0.22500  -0.17500  -0.12500  -0.07500  -0.02500   0.02500   0.07500   0.12500   0.17500   0.22500   0.27500   0.32500   0.37500   0.42500   0.47500 
<Band_DFT>  Eigen, time=0.744009
<Band_DFT>  DM, time=2.038811
    1   Sn  MulP   7.0001  7.0001 sum  14.0001
    2   Sn  MulP   7.0000  7.0000 sum  13.9999
    3   Sn  MulP   7.0000  7.0000 sum  14.0001
    4   Sn  MulP   6.9999  6.9999 sum  13.9999
 Sum of MulP: up   =    28.00000 down          =    28.00000
              total=    56.00000 ideal(neutral)=    56.00000
<DFT>  Total Spin Moment (muB) =  0.000000000000
<DFT>  Mixing_weight= 0.400000000000
<DFT>  Uele   =  -42.202856129816  dUele     =   1.000000000000
<DFT>  NormRD =    1.000000000000  Criterion =   0.000000100000

******************* MD= 3  SCF= 2 *******************
<Poisson>  Poisson's equation using FFT...
<Set_Hamiltonian>  Hamiltonian matrix for VNA+dVH+Vxc...
<Band>  Solving the eigenvalue problem...
 KGrids1:  -0.45833  -0.37500  -0.29167  -0.20833  -0.12500  -0.04167   0.04167   0.12500   0.20833   0.29167   0.37500   0.45833 
 KGrids2:  -0.45833  -0.37500  -0.29167  -0.20833  -0.12500  -0.04167   0.04167   0.12500   0.20833   0.29167   0.37500   0.45833 
 KGrids3:  -0.47500  -0.42500  -0.37500  -0.32500  -0.27500  -0.22500  -0.17500  -0.12500  -0.07500  -0.02500   0.02500   0.07500   0.12500   0.17500   0.22500   0.27500   0.32500   0.37500   0.42500   0.47500 
<Band_DFT>  Eigen, time=0.742605
<Band_DFT>  DM, time=2.037112
    1   Sn  MulP   7.0001  7.0001 sum  14.0001
    2   Sn  MulP   7.0000  7.0000 sum  13.9999
    3   Sn  MulP   7.0000  7.0000 sum  14.0001
    4   Sn  MulP   6.9999  6.9999 sum  13.9999
 Sum of MulP: up   =    28.00000 down          =    28.00000
              total=    56.00000 ideal(neutral)=    56.00000
<DFT>  Total Spin Moment (muB) =  0.000000000000
<DFT>  Mixing_weight= 0.400000000000
<DFT>  Uele   =  -42.202851260448  dUele     =   0.000004869368
<DFT>  NormRD =    0.000186991895  Criterion =   0.000000100000

******************* MD= 3  SCF= 3 *******************
<Poisson>  Poisson's equation using FFT...
<Set_Hamiltonian>  Hamiltonian matrix for VNA+dVH+Vxc...
<Band>  Solving the eigenvalue problem...
 KGrids1:  -0.45833  -0.37500  -0.29167  -0.20833  -0.12500  -0.04167   0.04167   0.12500   0.20833   0.29167   0.37500   0.45833 
 KGrids2:  -0.45833  -0.37500  -0.29167  -0.20833  -0.12500  -0.04167   0.04167   0.12500   0.20833   0.29167   0.37500   0.45833 
 KGrids3:  -0.47500  -0.42500  -0.37500  -0.32500  -0.27500  -0.22500  -0.17500  -0.12500  -0.07500  -0.02500   0.02500   0.07500   0.12500   0.17500   0.22500   0.27500   0.32500   0.37500   0.42500   0.47500 
<Band_DFT>  Eigen, time=0.793802
<Band_DFT>  DM, time=1.990059
    1   Sn  MulP   7.0001  7.0001 sum  14.0001
    2   Sn  MulP   7.0000  7.0000 sum  13.9999
    3   Sn  MulP   7.0000  7.0000 sum  14.0001
    4   Sn  MulP   6.9999  6.9999 sum  13.9999
 Sum of MulP: up   =    28.00000 down          =    28.00000
              total=    56.00000 ideal(neutral)=    56.00000
<DFT>  Total Spin Moment (muB) =  0.000000000000
<DFT>  Mixing_weight= 0.040000000000
<DFT>  Uele   =  -42.202848320237  dUele     =   0.000002940211
<DFT>  NormRD =    0.000127562269  Criterion =   0.000000100000

******************* MD= 3  SCF= 4 *******************
<Poisson>  Poisson's equation using FFT...
<Set_Hamiltonian>  Hamiltonian matrix for VNA+dVH+Vxc...
<Band>  Solving the eigenvalue problem...
 KGrids1:  -0.45833  -0.37500  -0.29167  -0.20833  -0.12500  -0.04167   0.04167   0.12500   0.20833   0.29167   0.37500   0.45833 
 KGrids2:  -0.45833  -0.37500  -0.29167  -0.20833  -0.12500  -0.04167   0.04167   0.12500   0.20833   0.29167   0.37500   0.45833 
 KGrids3:  -0.47500  -0.42500  -0.37500  -0.32500  -0.27500  -0.22500  -0.17500  -0.12500  -0.07500  -0.02500   0.02500   0.07500   0.12500   0.17500   0.22500   0.27500   0.32500   0.37500   0.42500   0.47500 
<Band_DFT>  Eigen, time=0.744122
<Band_DFT>  DM, time=2.037859
    1   Sn  MulP   7.0001  7.0001 sum  14.0001
    2   Sn  MulP   7.0000  7.0000 sum  13.9999
    3   Sn  MulP   7.0000  7.0000 sum  14.0001
    4   Sn  MulP   6.9999  6.9999 sum  13.9999
 Sum of MulP: up   =    28.00000 down          =    28.00000
              total=    56.00000 ideal(neutral)=    56.00000
<DFT>  Total Spin Moment (muB) =  0.000000000000
<DFT>  Mixing_weight= 0.040000000000
<DFT>  Uele   =  -42.202843798610  dUele     =   0.000004521627
<DFT>  NormRD =    0.000012850898  Criterion =   0.000000100000

******************* MD= 3  SCF= 5 *******************
<Poisson>  Poisson's equation using FFT...
<Set_Hamiltonian>  Hamiltonian matrix for VNA+dVH+Vxc...
<Band>  Solving the eigenvalue problem...
 KGrids1:  -0.45833  -0.37500  -0.29167  -0.20833  -0.12500  -0.04167   0.04167   0.12500   0.20833   0.29167   0.37500   0.45833 
 KGrids2:  -0.45833  -0.37500  -0.29167  -0.20833  -0.12500  -0.04167   0.04167   0.12500   0.20833   0.29167   0.37500   0.45833 
 KGrids3:  -0.47500  -0.42500  -0.37500  -0.32500  -0.27500  -0.22500  -0.17500  -0.12500  -0.07500  -0.02500   0.02500   0.07500   0.12500   0.17500   0.22500   0.27500   0.32500   0.37500   0.42500   0.47500 
<Band_DFT>  Eigen, time=0.742179
<Band_DFT>  DM, time=2.039342
    1   Sn  MulP   7.0001  7.0001 sum  14.0001
    2   Sn  MulP   7.0000  7.0000 sum  13.9999
    3   Sn  MulP   7.0000  7.0000 sum  14.0001
    4   Sn  MulP   6.9999  6.9999 sum  13.9999
 Sum of MulP: up   =    28.00000 down          =    28.00000
              total=    56.00000 ideal(neutral)=    56.00000
<DFT>  Total Spin Moment (muB) =  0.000000000000
<DFT>  Mixing_weight= 0.040000000000
<DFT>  Uele   =  -42.202843834437  dUele     =   0.000000035827
<DFT>  NormRD =    0.000008515073  Criterion =   0.000000100000
<MD= 3>  Force calculation
  Force calculation #1
  Force calculation #2
  Force calculation #3
  Force calculation #4
  Force calculation #5
  Stress calculation #1
  Stress calculation #2
  Stress calculation #3
  Stress calculation #4
  Stress calculation #5
<MD= 3>  Total Energy
  Force calculation #6
  Force calculation #7

*******************************************************
                  Dipole moment (Debye)                 
*******************************************************

 Absolute D      521.64109374

                      Dx                Dy                Dz
 Total           -363.75342411     -362.14054228      -92.98981003
 Core             403.44610779      401.43891161      324.63471730
 Electron        -767.19953190     -763.57945388     -417.62452734
 Back ground       -0.00000000       -0.00000000       -0.00000000

*******************************************************
               Stress tensor (Hartree/bohr^3)            
*******************************************************

       0.00001828        0.00000000        0.00000000 
       0.00000000        0.00000014       -0.00000000 
       0.00000000       -0.00000000        0.00000434 

*******************************************************
                Total Energy (Hartree) at MD = 3        
*******************************************************

  Uele  =     -42.202843834437

  Ukin  =     203.431624811741
  UH0   =   -2699.788206242019
  UH1   =       0.004875354798
  Una   =    -149.406401169587
  Unl   =     -47.917178380642
  Uxc0  =     -25.234525161069
  Uxc1  =     -25.234525161069
  Ucore =    2459.987077562871
  Uhub  =       0.000000000000
  Ucs   =       0.000000000000
  Uzs   =       0.000000000000
  Uzo   =       0.000000000000
  Uef   =       0.000000000000
  UvdW  =       0.000000000000
  Uch   =       0.000000000000
  Utot  =    -284.157258384976

  UpV   =       0.000000000000
  Enpy  =    -284.157258384976
  Note:

  Uele:   band energy
  Ukin:   kinetic energy
  UH0:    electric part of screened Coulomb energy
  UH1:    difference electron-electron Coulomb energy
  Una:    neutral atom potential energy
  Unl:    non-local potential energy
  Uxc0:   exchange-correlation energy for alpha spin
  Uxc1:   exchange-correlation energy for beta spin
  Ucore:  core-core Coulomb energy
  Uhub:   LDA+U energy
  Ucs:    constraint energy for spin orientation
  Uzs:    Zeeman term for spin magnetic moment
  Uzo:    Zeeman term for orbital magnetic moment
  Uef:    electric energy by electric field
  UvdW:   semi-empirical vdW energy 
  Uch:    penalty term to create a core hole
  UpV:    pressure times volume
  Enpy:   Enthalpy = Utot + UpV
  (see also PRB 72, 045121(2005) for the energy contributions)


*******************************************************
           Computational times (s) at MD = 3            
*******************************************************

  DFT in total      =   25.10582

  Set_OLP_Kin       =    0.91379
  Set_Nonlocal      =    1.15109
  Set_ProExpn_VNA   =    2.82322
  Set_Hamiltonian   =    1.28203
  Poisson           =    0.00121
  diagonalization   =   14.19965
  Mixing_DM         =    0.00457
  Force             =    1.96569
  Total_Energy      =    0.40674
  Set_Aden_Grid     =    0.00714
  Set_Orbitals_Grid =    0.09640
  Set_Density_Grid  =    0.52194
  RestartFileDFT    =    0.00458
  Mulliken_Charge   =    0.00093
  FFT(2D)_Density   =    0.00183

The SCF was achieved at MD=   3

*******************************************************
             MD or geometry opt. at MD = 3              
*******************************************************

<Steepest_Descent>  SD_scaling= 1.259817209093
<Steepest_Descent>  |Maximum force| (Hartree/Bohr) = 0.001046934588
<Steepest_Descent>  Criterion       (Hartree/Bohr) = 0.000100000000

  atom=  1, XYZ(ang) Fxyz(a.u.)=   0.0000   -0.0000   -0.0004    -0.0000    0.0000    0.0002
  atom=  2, XYZ(ang) Fxyz(a.u.)=   2.9998    2.9849    1.6087    -0.0000    0.0000    0.0003
  atom=  3, XYZ(ang) Fxyz(a.u.)=  -0.0000    2.9849    0.8067     0.0000    0.0000   -0.0010
  atom=  4, XYZ(ang) Fxyz(a.u.)=   2.9998   -0.0000    2.4128     0.0000    0.0000    0.0005

*******************************************************
        Analysis of neighbors and setting of grids        
*******************************************************


*******************************************************
  Allocation of atoms to processors at MD_iter=    4     
*******************************************************

 proc =   0  # of atoms=   1  estimated weight=         1.00000
 proc =   1  # of atoms=   1  estimated weight=         1.00000
 proc =   2  # of atoms=   1  estimated weight=         1.00000
 proc =   3  # of atoms=   1  estimated weight=         1.00000
 proc =   4  # of atoms=   0  estimated weight=         0.00000
 proc =   5  # of atoms=   0  estimated weight=         0.00000
 proc =   6  # of atoms=   0  estimated weight=         0.00000
 proc =   7  # of atoms=   0  estimated weight=         0.00000
 proc =   8  # of atoms=   0  estimated weight=         0.00000
 proc =   9  # of atoms=   0  estimated weight=         0.00000
 proc =  10  # of atoms=   0  estimated weight=         0.00000
 proc =  11  # of atoms=   0  estimated weight=         0.00000
 proc =  12  # of atoms=   0  estimated weight=         0.00000
 proc =  13  # of atoms=   0  estimated weight=         0.00000
 proc =  14  # of atoms=   0  estimated weight=         0.00000
 proc =  15  # of atoms=   0  estimated weight=         0.00000



TFNAN=     256   Average FNAN=  64.00000
TSNAN=       0   Average SNAN=   0.00000
<truncation> CpyCell= 3 ct_AN=   1 FNAN SNAN  64   0
<truncation> CpyCell= 3 ct_AN=   2 FNAN SNAN  64   0
<truncation> CpyCell= 3 ct_AN=   3 FNAN SNAN  64   0
<truncation> CpyCell= 3 ct_AN=   4 FNAN SNAN  64   0
<UCell_Box> Info. of cutoff energy and num. of grids
lattice vectors (bohr)
A  = 11.337702133525,  0.000000000000,  0.000000000000
B  =  0.000000000000, 11.281295655248,  0.000000000000
C  =  0.000000000000,  0.000000000000,  6.081931916162
reciprocal lattice vectors (bohr^-1)
RA =  0.554185074999,  0.000000000000,  0.000000000000
RB =  0.000000000000,  0.556956000374,  0.000000000000
RC =  0.000000000000,  0.000000000000,  1.033090372236
Required cutoff energy (Ryd) for 3D-grids = 200.0000
    Used cutoff energy (Ryd) for 3D-grids = 191.9507, 193.8750, 194.5110
Num. of grids of a-, b-, and c-axes = 50, 50, 27
Cell_Volume =    777.903236248648 (Bohr^3)
GridVol     =      0.011524492389 (Bohr^3)
Cell vectors (bohr) of the grid cell (gtv)
  gtv_a =  0.226754042670,  0.000000000000,  0.000000000000
  gtv_b =  0.000000000000,  0.225625913105,  0.000000000000
  gtv_c =  0.000000000000,  0.000000000000,  0.225256737636
  |gtv_a| =  0.226754042670
  |gtv_b| =  0.225625913105
  |gtv_c| =  0.225256737636
Num. of grids overlapping with atom    1 = 124521
Num. of grids overlapping with atom    2 = 124702
Num. of grids overlapping with atom    3 = 124622
Num. of grids overlapping with atom    4 = 124642

*******************************************************
             SCF calculation at MD = 4                
*******************************************************

<MD= 4>  Calculation of the overlap matrix
<MD= 4>  Calculation of the nonlocal matrix
<MD= 4>  Calculation of the VNA projector matrix

******************* MD= 4  SCF= 1 *******************
<Restart>  Found restart files
<Poisson>  Poisson's equation using FFT...
<Band>  Solving the eigenvalue problem...
 KGrids1:  -0.45833  -0.37500  -0.29167  -0.20833  -0.12500  -0.04167   0.04167   0.12500   0.20833   0.29167   0.37500   0.45833 
 KGrids2:  -0.45833  -0.37500  -0.29167  -0.20833  -0.12500  -0.04167   0.04167   0.12500   0.20833   0.29167   0.37500   0.45833 
 KGrids3:  -0.47500  -0.42500  -0.37500  -0.32500  -0.27500  -0.22500  -0.17500  -0.12500  -0.07500  -0.02500   0.02500   0.07500   0.12500   0.17500   0.22500   0.27500   0.32500   0.37500   0.42500   0.47500 
<Band_DFT>  Eigen, time=0.746308
<Band_DFT>  DM, time=2.036792
    1   Sn  MulP   7.0001  7.0001 sum  14.0001
    2   Sn  MulP   7.0000  7.0000 sum  13.9999
    3   Sn  MulP   7.0000  7.0000 sum  14.0000
    4   Sn  MulP   6.9999  6.9999 sum  13.9999
 Sum of MulP: up   =    28.00000 down          =    28.00000
              total=    56.00000 ideal(neutral)=    56.00000
<DFT>  Total Spin Moment (muB) =  0.000000000000
<DFT>  Mixing_weight= 0.400000000000
<DFT>  Uele   =  -42.202833607164  dUele     =   1.000000000000
<DFT>  NormRD =    1.000000000000  Criterion =   0.000000100000

******************* MD= 4  SCF= 2 *******************
<Poisson>  Poisson's equation using FFT...
<Set_Hamiltonian>  Hamiltonian matrix for VNA+dVH+Vxc...
<Band>  Solving the eigenvalue problem...
 KGrids1:  -0.45833  -0.37500  -0.29167  -0.20833  -0.12500  -0.04167   0.04167   0.12500   0.20833   0.29167   0.37500   0.45833 
 KGrids2:  -0.45833  -0.37500  -0.29167  -0.20833  -0.12500  -0.04167   0.04167   0.12500   0.20833   0.29167   0.37500   0.45833 
 KGrids3:  -0.47500  -0.42500  -0.37500  -0.32500  -0.27500  -0.22500  -0.17500  -0.12500  -0.07500  -0.02500   0.02500   0.07500   0.12500   0.17500   0.22500   0.27500   0.32500   0.37500   0.42500   0.47500 
<Band_DFT>  Eigen, time=0.737084
<Band_DFT>  DM, time=2.040258
    1   Sn  MulP   7.0001  7.0001 sum  14.0001
    2   Sn  MulP   7.0000  7.0000 sum  13.9999
    3   Sn  MulP   7.0000  7.0000 sum  14.0000
    4   Sn  MulP   6.9999  6.9999 sum  13.9999
 Sum of MulP: up   =    28.00000 down          =    28.00000
              total=    56.00000 ideal(neutral)=    56.00000
<DFT>  Total Spin Moment (muB) =  0.000000000000
<DFT>  Mixing_weight= 0.400000000000
<DFT>  Uele   =  -42.202832327878  dUele     =   0.000001279286
<DFT>  NormRD =    0.000008218896  Criterion =   0.000000100000

******************* MD= 4  SCF= 3 *******************
<Poisson>  Poisson's equation using FFT...
<Set_Hamiltonian>  Hamiltonian matrix for VNA+dVH+Vxc...
<Band>  Solving the eigenvalue problem...
 KGrids1:  -0.45833  -0.37500  -0.29167  -0.20833  -0.12500  -0.04167   0.04167   0.12500   0.20833   0.29167   0.37500   0.45833 
 KGrids2:  -0.45833  -0.37500  -0.29167  -0.20833  -0.12500  -0.04167   0.04167   0.12500   0.20833   0.29167   0.37500   0.45833 
 KGrids3:  -0.47500  -0.42500  -0.37500  -0.32500  -0.27500  -0.22500  -0.17500  -0.12500  -0.07500  -0.02500   0.02500   0.07500   0.12500   0.17500   0.22500   0.27500   0.32500   0.37500   0.42500   0.47500 
<Band_DFT>  Eigen, time=0.747433
<Band_DFT>  DM, time=2.043884
    1   Sn  MulP   7.0001  7.0001 sum  14.0001
    2   Sn  MulP   7.0000  7.0000 sum  13.9999
    3   Sn  MulP   7.0000  7.0000 sum  14.0000
    4   Sn  MulP   6.9999  6.9999 sum  13.9999
 Sum of MulP: up   =    28.00000 down          =    28.00000
              total=    56.00000 ideal(neutral)=    56.00000
<DFT>  Total Spin Moment (muB) =  0.000000000000
<DFT>  Mixing_weight= 0.040000000000
<DFT>  Uele   =  -42.202831500642  dUele     =   0.000000827236
<DFT>  NormRD =    0.000005499931  Criterion =   0.000000100000

******************* MD= 4  SCF= 4 *******************
<Poisson>  Poisson's equation using FFT...
<Set_Hamiltonian>  Hamiltonian matrix for VNA+dVH+Vxc...
<Band>  Solving the eigenvalue problem...
 KGrids1:  -0.45833  -0.37500  -0.29167  -0.20833  -0.12500  -0.04167   0.04167   0.12500   0.20833   0.29167   0.37500   0.45833 
 KGrids2:  -0.45833  -0.37500  -0.29167  -0.20833  -0.12500  -0.04167   0.04167   0.12500   0.20833   0.29167   0.37500   0.45833 
 KGrids3:  -0.47500  -0.42500  -0.37500  -0.32500  -0.27500  -0.22500  -0.17500  -0.12500  -0.07500  -0.02500   0.02500   0.07500   0.12500   0.17500   0.22500   0.27500   0.32500   0.37500   0.42500   0.47500 
<Band_DFT>  Eigen, time=0.739487
<Band_DFT>  DM, time=2.038381
    1   Sn  MulP   7.0001  7.0001 sum  14.0001
    2   Sn  MulP   7.0000  7.0000 sum  13.9999
    3   Sn  MulP   7.0000  7.0000 sum  14.0000
    4   Sn  MulP   6.9999  6.9999 sum  13.9999
 Sum of MulP: up   =    28.00000 down          =    28.00000
              total=    56.00000 ideal(neutral)=    56.00000
<DFT>  Total Spin Moment (muB) =  0.000000000000
<DFT>  Mixing_weight= 0.040000000000
<DFT>  Uele   =  -42.202829563522  dUele     =   0.000001937120
<DFT>  NormRD =    0.000000884292  Criterion =   0.000000100000

******************* MD= 4  SCF= 5 *******************
<Poisson>  Poisson's equation using FFT...
<Set_Hamiltonian>  Hamiltonian matrix for VNA+dVH+Vxc...
<Band>  Solving the eigenvalue problem...
 KGrids1:  -0.45833  -0.37500  -0.29167  -0.20833  -0.12500  -0.04167   0.04167   0.12500   0.20833   0.29167   0.37500   0.45833 
 KGrids2:  -0.45833  -0.37500  -0.29167  -0.20833  -0.12500  -0.04167   0.04167   0.12500   0.20833   0.29167   0.37500   0.45833 
 KGrids3:  -0.47500  -0.42500  -0.37500  -0.32500  -0.27500  -0.22500  -0.17500  -0.12500  -0.07500  -0.02500   0.02500   0.07500   0.12500   0.17500   0.22500   0.27500   0.32500   0.37500   0.42500   0.47500 
<Band_DFT>  Eigen, time=0.745783
<Band_DFT>  DM, time=2.040114
    1   Sn  MulP   7.0001  7.0001 sum  14.0001
    2   Sn  MulP   7.0000  7.0000 sum  13.9999
    3   Sn  MulP   7.0000  7.0000 sum  14.0000
    4   Sn  MulP   6.9999  6.9999 sum  13.9999
 Sum of MulP: up   =    28.00000 down          =    28.00000
              total=    56.00000 ideal(neutral)=    56.00000
<DFT>  Total Spin Moment (muB) =  0.000000000000
<DFT>  Mixing_weight= 0.040000000000
<DFT>  Uele   =  -42.202829827951  dUele     =   0.000000264428
<DFT>  NormRD =    0.000001208179  Criterion =   0.000000100000

******************* MD= 4  SCF= 6 *******************
<Poisson>  Poisson's equation using FFT...
<Set_Hamiltonian>  Hamiltonian matrix for VNA+dVH+Vxc...
<Band>  Solving the eigenvalue problem...
 KGrids1:  -0.45833  -0.37500  -0.29167  -0.20833  -0.12500  -0.04167   0.04167   0.12500   0.20833   0.29167   0.37500   0.45833 
 KGrids2:  -0.45833  -0.37500  -0.29167  -0.20833  -0.12500  -0.04167   0.04167   0.12500   0.20833   0.29167   0.37500   0.45833 
 KGrids3:  -0.47500  -0.42500  -0.37500  -0.32500  -0.27500  -0.22500  -0.17500  -0.12500  -0.07500  -0.02500   0.02500   0.07500   0.12500   0.17500   0.22500   0.27500   0.32500   0.37500   0.42500   0.47500 
<Band_DFT>  Eigen, time=0.736776
<Band_DFT>  DM, time=2.039254
    1   Sn  MulP   7.0001  7.0001 sum  14.0001
    2   Sn  MulP   7.0000  7.0000 sum  13.9999
    3   Sn  MulP   7.0000  7.0000 sum  14.0000
    4   Sn  MulP   6.9999  6.9999 sum  13.9999
 Sum of MulP: up   =    28.00000 down          =    28.00000
              total=    56.00000 ideal(neutral)=    56.00000
<DFT>  Total Spin Moment (muB) =  0.000000000000
<DFT>  Mixing_weight= 0.040000000000
<DFT>  Uele   =  -42.202829865987  dUele     =   0.000000038037
<DFT>  NormRD =    0.000000101531  Criterion =   0.000000100000
<MD= 4>  Force calculation
  Force calculation #1
  Force calculation #2
  Force calculation #3
  Force calculation #4
  Force calculation #5
  Stress calculation #1
  Stress calculation #2
  Stress calculation #3
  Stress calculation #4
  Stress calculation #5
<MD= 4>  Total Energy
  Force calculation #6
  Force calculation #7

*******************************************************
                  Dipole moment (Debye)                 
*******************************************************

 Absolute D      521.64370863

                      Dx                Dy                Dz
 Total           -363.75341227     -362.14054405      -93.00451695
 Core             403.44610954      401.43890849      324.63885359
 Electron        -767.19952181     -763.57945254     -417.64337054
 Back ground       -0.00000000       -0.00000000       -0.00000000

*******************************************************
               Stress tensor (Hartree/bohr^3)            
*******************************************************

       0.00001830        0.00000000        0.00000000 
       0.00000000        0.00000029       -0.00000000 
       0.00000000       -0.00000000        0.00000452 

*******************************************************
                Total Energy (Hartree) at MD = 4        
*******************************************************

  Uele  =     -42.202829865987

  Ukin  =     203.431669908598
  UH0   =   -2699.788161092841
  UH1   =       0.004875280032
  Una   =    -149.406420675486
  Unl   =     -47.917199390930
  Uxc0  =     -25.234527717356
  Uxc1  =     -25.234527717356
  Ucore =    2459.987030346283
  Uhub  =       0.000000000000
  Ucs   =       0.000000000000
  Uzs   =       0.000000000000
  Uzo   =       0.000000000000
  Uef   =       0.000000000000
  UvdW  =       0.000000000000
  Uch   =       0.000000000000
  Utot  =    -284.157261059055

  UpV   =       0.000000000000
  Enpy  =    -284.157261059055
  Note:

  Uele:   band energy
  Ukin:   kinetic energy
  UH0:    electric part of screened Coulomb energy
  UH1:    difference electron-electron Coulomb energy
  Una:    neutral atom potential energy
  Unl:    non-local potential energy
  Uxc0:   exchange-correlation energy for alpha spin
  Uxc1:   exchange-correlation energy for beta spin
  Ucore:  core-core Coulomb energy
  Uhub:   LDA+U energy
  Ucs:    constraint energy for spin orientation
  Uzs:    Zeeman term for spin magnetic moment
  Uzo:    Zeeman term for orbital magnetic moment
  Uef:    electric energy by electric field
  UvdW:   semi-empirical vdW energy 
  Uch:    penalty term to create a core hole
  UpV:    pressure times volume
  Enpy:   Enthalpy = Utot + UpV
  (see also PRB 72, 045121(2005) for the energy contributions)


*******************************************************
           Computational times (s) at MD = 4            
*******************************************************

  DFT in total      =   28.40940

  Set_OLP_Kin       =    0.70084
  Set_Nonlocal      =    1.47426
  Set_ProExpn_VNA   =    2.90798
  Set_Hamiltonian   =    1.26659
  Poisson           =    0.00098
  diagonalization   =   17.01435
  Mixing_DM         =    0.00459
  Force             =    1.99581
  Total_Energy      =    0.40337
  Set_Aden_Grid     =    0.17033
  Set_Orbitals_Grid =    0.11196
  Set_Density_Grid  =    0.50148
  RestartFileDFT    =    0.02390
  Mulliken_Charge   =    0.00094
  FFT(2D)_Density   =    0.00174

The SCF was achieved at MD=   4

*******************************************************
             MD or geometry opt. at MD = 4              
*******************************************************

<Steepest_Descent>  SD_scaling= 1.259817209093
<Steepest_Descent>  |Maximum force| (Hartree/Bohr) = 0.001151158583
<Steepest_Descent>  Criterion       (Hartree/Bohr) = 0.000100000000

  atom=  1, XYZ(ang) Fxyz(a.u.)=   0.0000    0.0000   -0.0005     0.0000   -0.0000    0.0002
  atom=  2, XYZ(ang) Fxyz(a.u.)=   2.9998    2.9849    1.6084    -0.0000    0.0000    0.0003
  atom=  3, XYZ(ang) Fxyz(a.u.)=  -0.0000    2.9849    0.8074     0.0000    0.0000   -0.0012
  atom=  4, XYZ(ang) Fxyz(a.u.)=   2.9998    0.0000    2.4124     0.0000   -0.0000    0.0005

*******************************************************
        Analysis of neighbors and setting of grids        
*******************************************************


*******************************************************
  Allocation of atoms to processors at MD_iter=    5     
*******************************************************

 proc =   0  # of atoms=   1  estimated weight=         1.00000
 proc =   1  # of atoms=   1  estimated weight=         1.00000
 proc =   2  # of atoms=   1  estimated weight=         1.00000
 proc =   3  # of atoms=   1  estimated weight=         1.00000
 proc =   4  # of atoms=   0  estimated weight=         0.00000
 proc =   5  # of atoms=   0  estimated weight=         0.00000
 proc =   6  # of atoms=   0  estimated weight=         0.00000
 proc =   7  # of atoms=   0  estimated weight=         0.00000
 proc =   8  # of atoms=   0  estimated weight=         0.00000
 proc =   9  # of atoms=   0  estimated weight=         0.00000
 proc =  10  # of atoms=   0  estimated weight=         0.00000
 proc =  11  # of atoms=   0  estimated weight=         0.00000
 proc =  12  # of atoms=   0  estimated weight=         0.00000
 proc =  13  # of atoms=   0  estimated weight=         0.00000
 proc =  14  # of atoms=   0  estimated weight=         0.00000
 proc =  15  # of atoms=   0  estimated weight=         0.00000



TFNAN=     256   Average FNAN=  64.00000
TSNAN=       0   Average SNAN=   0.00000
<truncation> CpyCell= 3 ct_AN=   1 FNAN SNAN  64   0
<truncation> CpyCell= 3 ct_AN=   2 FNAN SNAN  64   0
<truncation> CpyCell= 3 ct_AN=   3 FNAN SNAN  64   0
<truncation> CpyCell= 3 ct_AN=   4 FNAN SNAN  64   0
<UCell_Box> Info. of cutoff energy and num. of grids
lattice vectors (bohr)
A  = 11.337702133525,  0.000000000000,  0.000000000000
B  =  0.000000000000, 11.281295655248,  0.000000000000
C  =  0.000000000000,  0.000000000000,  6.081931916162
reciprocal lattice vectors (bohr^-1)
RA =  0.554185074999,  0.000000000000,  0.000000000000
RB =  0.000000000000,  0.556956000374,  0.000000000000
RC =  0.000000000000,  0.000000000000,  1.033090372236
Required cutoff energy (Ryd) for 3D-grids = 200.0000
    Used cutoff energy (Ryd) for 3D-grids = 191.9507, 193.8750, 194.5110
Num. of grids of a-, b-, and c-axes = 50, 50, 27
Cell_Volume =    777.903236248648 (Bohr^3)
GridVol     =      0.011524492389 (Bohr^3)
Cell vectors (bohr) of the grid cell (gtv)
  gtv_a =  0.226754042670,  0.000000000000,  0.000000000000
  gtv_b =  0.000000000000,  0.225625913105,  0.000000000000
  gtv_c =  0.000000000000,  0.000000000000,  0.225256737636
  |gtv_a| =  0.226754042670
  |gtv_b| =  0.225625913105
  |gtv_c| =  0.225256737636
Num. of grids overlapping with atom    1 = 124521
Num. of grids overlapping with atom    2 = 124702
Num. of grids overlapping with atom    3 = 124632
Num. of grids overlapping with atom    4 = 124642

*******************************************************
             SCF calculation at MD = 5                
*******************************************************

<MD= 5>  Calculation of the overlap matrix
<MD= 5>  Calculation of the nonlocal matrix
<MD= 5>  Calculation of the VNA projector matrix

******************* MD= 5  SCF= 1 *******************
<Restart>  Found restart files
<Poisson>  Poisson's equation using FFT...
<Band>  Solving the eigenvalue problem...
 KGrids1:  -0.45833  -0.37500  -0.29167  -0.20833  -0.12500  -0.04167   0.04167   0.12500   0.20833   0.29167   0.37500   0.45833 
 KGrids2:  -0.45833  -0.37500  -0.29167  -0.20833  -0.12500  -0.04167   0.04167   0.12500   0.20833   0.29167   0.37500   0.45833 
 KGrids3:  -0.47500  -0.42500  -0.37500  -0.32500  -0.27500  -0.22500  -0.17500  -0.12500  -0.07500  -0.02500   0.02500   0.07500   0.12500   0.17500   0.22500   0.27500   0.32500   0.37500   0.42500   0.47500 
<Band_DFT>  Eigen, time=0.739965
<Band_DFT>  DM, time=1.870163
    1   Sn  MulP   7.0001  7.0001 sum  14.0001
    2   Sn  MulP   7.0000  7.0000 sum  13.9999
    3   Sn  MulP   7.0000  7.0000 sum  14.0000
    4   Sn  MulP   6.9999  6.9999 sum  13.9999
 Sum of MulP: up   =    28.00000 down          =    28.00000
              total=    56.00000 ideal(neutral)=    56.00000
<DFT>  Total Spin Moment (muB) =  0.000000000000
<DFT>  Mixing_weight= 0.400000000000
<DFT>  Uele   =  -42.202797815716  dUele     =   1.000000000000
<DFT>  NormRD =    1.000000000000  Criterion =   0.000000100000

******************* MD= 5  SCF= 2 *******************
<Poisson>  Poisson's equation using FFT...
<Set_Hamiltonian>  Hamiltonian matrix for VNA+dVH+Vxc...
<Band>  Solving the eigenvalue problem...
 KGrids1:  -0.45833  -0.37500  -0.29167  -0.20833  -0.12500  -0.04167   0.04167   0.12500   0.20833   0.29167   0.37500   0.45833 
 KGrids2:  -0.45833  -0.37500  -0.29167  -0.20833  -0.12500  -0.04167   0.04167   0.12500   0.20833   0.29167   0.37500   0.45833 
 KGrids3:  -0.47500  -0.42500  -0.37500  -0.32500  -0.27500  -0.22500  -0.17500  -0.12500  -0.07500  -0.02500   0.02500   0.07500   0.12500   0.17500   0.22500   0.27500   0.32500   0.37500   0.42500   0.47500 
<Band_DFT>  Eigen, time=0.784782
<Band_DFT>  DM, time=1.997109
    1   Sn  MulP   7.0001  7.0001 sum  14.0001
    2   Sn  MulP   7.0000  7.0000 sum  13.9999
    3   Sn  MulP   7.0000  7.0000 sum  14.0000
    4   Sn  MulP   6.9999  6.9999 sum  13.9999
 Sum of MulP: up   =    28.00000 down          =    28.00000
              total=    56.00000 ideal(neutral)=    56.00000
<DFT>  Total Spin Moment (muB) =  0.000000000000
<DFT>  Mixing_weight= 0.400000000000
<DFT>  Uele   =  -42.202803179838  dUele     =   0.000005364122
<DFT>  NormRD =    0.000009465694  Criterion =   0.000000100000

******************* MD= 5  SCF= 3 *******************
<Poisson>  Poisson's equation using FFT...
<Set_Hamiltonian>  Hamiltonian matrix for VNA+dVH+Vxc...
<Band>  Solving the eigenvalue problem...
 KGrids1:  -0.45833  -0.37500  -0.29167  -0.20833  -0.12500  -0.04167   0.04167   0.12500   0.20833   0.29167   0.37500   0.45833 
 KGrids2:  -0.45833  -0.37500  -0.29167  -0.20833  -0.12500  -0.04167   0.04167   0.12500   0.20833   0.29167   0.37500   0.45833 
 KGrids3:  -0.47500  -0.42500  -0.37500  -0.32500  -0.27500  -0.22500  -0.17500  -0.12500  -0.07500  -0.02500   0.02500   0.07500   0.12500   0.17500   0.22500   0.27500   0.32500   0.37500   0.42500   0.47500 
<Band_DFT>  Eigen, time=0.742106
<Band_DFT>  DM, time=2.039261
    1   Sn  MulP   7.0001  7.0001 sum  14.0001
    2   Sn  MulP   7.0000  7.0000 sum  13.9999
    3   Sn  MulP   7.0000  7.0000 sum  14.0000
    4   Sn  MulP   6.9999  6.9999 sum  13.9999
 Sum of MulP: up   =    28.00000 down          =    28.00000
              total=    56.00000 ideal(neutral)=    56.00000
<DFT>  Total Spin Moment (muB) =  0.000000000000
<DFT>  Mixing_weight= 0.040000000000
<DFT>  Uele   =  -42.202806713811  dUele     =   0.000003533973
<DFT>  NormRD =    0.000006316518  Criterion =   0.000000100000

******************* MD= 5  SCF= 4 *******************
<Poisson>  Poisson's equation using FFT...
<Set_Hamiltonian>  Hamiltonian matrix for VNA+dVH+Vxc...
<Band>  Solving the eigenvalue problem...
 KGrids1:  -0.45833  -0.37500  -0.29167  -0.20833  -0.12500  -0.04167   0.04167   0.12500   0.20833   0.29167   0.37500   0.45833 
 KGrids2:  -0.45833  -0.37500  -0.29167  -0.20833  -0.12500  -0.04167   0.04167   0.12500   0.20833   0.29167   0.37500   0.45833 
 KGrids3:  -0.47500  -0.42500  -0.37500  -0.32500  -0.27500  -0.22500  -0.17500  -0.12500  -0.07500  -0.02500   0.02500   0.07500   0.12500   0.17500   0.22500   0.27500   0.32500   0.37500   0.42500   0.47500 
<Band_DFT>  Eigen, time=0.740430
<Band_DFT>  DM, time=2.038338
    1   Sn  MulP   7.0001  7.0001 sum  14.0001
    2   Sn  MulP   7.0000  7.0000 sum  13.9999
    3   Sn  MulP   7.0000  7.0000 sum  14.0000
    4   Sn  MulP   6.9999  6.9999 sum  13.9999
 Sum of MulP: up   =    28.00000 down          =    28.00000
              total=    56.00000 ideal(neutral)=    56.00000
<DFT>  Total Spin Moment (muB) =  0.000000000000
<DFT>  Mixing_weight= 0.040000000000
<DFT>  Uele   =  -42.202815744166  dUele     =   0.000009030355
<DFT>  NormRD =    0.000001593004  Criterion =   0.000000100000

******************* MD= 5  SCF= 5 *******************
<Poisson>  Poisson's equation using FFT...
<Set_Hamiltonian>  Hamiltonian matrix for VNA+dVH+Vxc...
<Band>  Solving the eigenvalue problem...
 KGrids1:  -0.45833  -0.37500  -0.29167  -0.20833  -0.12500  -0.04167   0.04167   0.12500   0.20833   0.29167   0.37500   0.45833 
 KGrids2:  -0.45833  -0.37500  -0.29167  -0.20833  -0.12500  -0.04167   0.04167   0.12500   0.20833   0.29167   0.37500   0.45833 
 KGrids3:  -0.47500  -0.42500  -0.37500  -0.32500  -0.27500  -0.22500  -0.17500  -0.12500  -0.07500  -0.02500   0.02500   0.07500   0.12500   0.17500   0.22500   0.27500   0.32500   0.37500   0.42500   0.47500 
<Band_DFT>  Eigen, time=0.739843
<Band_DFT>  DM, time=2.035414
    1   Sn  MulP   7.0001  7.0001 sum  14.0001
    2   Sn  MulP   7.0000  7.0000 sum  13.9999
    3   Sn  MulP   7.0000  7.0000 sum  14.0000
    4   Sn  MulP   6.9999  6.9999 sum  13.9999
 Sum of MulP: up   =    28.00000 down          =    28.00000
              total=    56.00000 ideal(neutral)=    56.00000
<DFT>  Total Spin Moment (muB) =  0.000000000000
<DFT>  Mixing_weight= 0.040000000000
<DFT>  Uele   =  -42.202814213723  dUele     =   0.000001530443
<DFT>  NormRD =    0.000001635201  Criterion =   0.000000100000

******************* MD= 5  SCF= 6 *******************
<Poisson>  Poisson's equation using FFT...
<Set_Hamiltonian>  Hamiltonian matrix for VNA+dVH+Vxc...
<Band>  Solving the eigenvalue problem...
 KGrids1:  -0.45833  -0.37500  -0.29167  -0.20833  -0.12500  -0.04167   0.04167   0.12500   0.20833   0.29167   0.37500   0.45833 
 KGrids2:  -0.45833  -0.37500  -0.29167  -0.20833  -0.12500  -0.04167   0.04167   0.12500   0.20833   0.29167   0.37500   0.45833 
 KGrids3:  -0.47500  -0.42500  -0.37500  -0.32500  -0.27500  -0.22500  -0.17500  -0.12500  -0.07500  -0.02500   0.02500   0.07500   0.12500   0.17500   0.22500   0.27500   0.32500   0.37500   0.42500   0.47500 
<Band_DFT>  Eigen, time=0.736869
<Band_DFT>  DM, time=2.035538
    1   Sn  MulP   7.0001  7.0001 sum  14.0001
    2   Sn  MulP   7.0000  7.0000 sum  13.9999
    3   Sn  MulP   7.0000  7.0000 sum  14.0000
    4   Sn  MulP   6.9999  6.9999 sum  13.9999
 Sum of MulP: up   =    28.00000 down          =    28.00000
              total=    56.00000 ideal(neutral)=    56.00000
<DFT>  Total Spin Moment (muB) =  0.000000000000
<DFT>  Mixing_weight= 0.040000000000
<DFT>  Uele   =  -42.202814078844  dUele     =   0.000000134879
<DFT>  NormRD =    0.000000085036  Criterion =   0.000000100000

******************* MD= 5  SCF= 7 *******************
<Poisson>  Poisson's equation using FFT...
<Set_Hamiltonian>  Hamiltonian matrix for VNA+dVH+Vxc...
<Band>  Solving the eigenvalue problem...
 KGrids1:  -0.45833  -0.37500  -0.29167  -0.20833  -0.12500  -0.04167   0.04167   0.12500   0.20833   0.29167   0.37500   0.45833 
 KGrids2:  -0.45833  -0.37500  -0.29167  -0.20833  -0.12500  -0.04167   0.04167   0.12500   0.20833   0.29167   0.37500   0.45833 
 KGrids3:  -0.47500  -0.42500  -0.37500  -0.32500  -0.27500  -0.22500  -0.17500  -0.12500  -0.07500  -0.02500   0.02500   0.07500   0.12500   0.17500   0.22500   0.27500   0.32500   0.37500   0.42500   0.47500 
<Band_DFT>  Eigen, time=0.739679
<Band_DFT>  DM, time=2.035001
    1   Sn  MulP   7.0001  7.0001 sum  14.0001
    2   Sn  MulP   7.0000  7.0000 sum  13.9999
    3   Sn  MulP   7.0000  7.0000 sum  14.0000
    4   Sn  MulP   6.9999  6.9999 sum  13.9999
 Sum of MulP: up   =    28.00000 down          =    28.00000
              total=    56.00000 ideal(neutral)=    56.00000
<DFT>  Total Spin Moment (muB) =  0.000000000000
<DFT>  Mixing_weight= 0.040000000000
<DFT>  Uele   =  -42.202814133735  dUele     =   0.000000054891
<DFT>  NormRD =    0.000000126800  Criterion =   0.000000100000
<MD= 5>  Force calculation
  Force calculation #1
  Force calculation #2
  Force calculation #3
  Force calculation #4
  Force calculation #5
  Stress calculation #1
  Stress calculation #2
  Stress calculation #3
  Stress calculation #4
  Stress calculation #5
<MD= 5>  Total Energy
  Force calculation #6
  Force calculation #7

*******************************************************
                  Dipole moment (Debye)                 
*******************************************************

 Absolute D      521.64606037

                      Dx                Dy                Dz
 Total           -363.75340618     -362.14051955      -93.01782569
 Core             403.44611035      401.43891094      324.64345827
 Electron        -767.19951653     -763.57943049     -417.66128396
 Back ground       -0.00000000       -0.00000000       -0.00000000

*******************************************************
               Stress tensor (Hartree/bohr^3)            
*******************************************************

       0.00001826        0.00000000        0.00000000 
       0.00000000        0.00000039        0.00000000 
       0.00000000        0.00000000        0.00000460 

*******************************************************
                Total Energy (Hartree) at MD = 5        
*******************************************************

  Uele  =     -42.202814133735

  Ukin  =     203.431719038763
  UH0   =   -2699.788100331970
  UH1   =       0.004875196548
  Una   =    -149.406442042399
  Unl   =     -47.917222218824
  Uxc0  =     -25.234530167760
  Uxc1  =     -25.234530167760
  Ucore =    2459.986967401692
  Uhub  =       0.000000000000
  Ucs   =       0.000000000000
  Uzs   =       0.000000000000
  Uzo   =       0.000000000000
  Uef   =       0.000000000000
  UvdW  =       0.000000000000
  Uch   =       0.000000000000
  Utot  =    -284.157263291710

  UpV   =       0.000000000000
  Enpy  =    -284.157263291710
  Note:

  Uele:   band energy
  Ukin:   kinetic energy
  UH0:    electric part of screened Coulomb energy
  UH1:    difference electron-electron Coulomb energy
  Una:    neutral atom potential energy
  Unl:    non-local potential energy
  Uxc0:   exchange-correlation energy for alpha spin
  Uxc1:   exchange-correlation energy for beta spin
  Ucore:  core-core Coulomb energy
  Uhub:   LDA+U energy
  Ucs:    constraint energy for spin orientation
  Uzs:    Zeeman term for spin magnetic moment
  Uzo:    Zeeman term for orbital magnetic moment
  Uef:    electric energy by electric field
  UvdW:   semi-empirical vdW energy 
  Uch:    penalty term to create a core hole
  UpV:    pressure times volume
  Enpy:   Enthalpy = Utot + UpV
  (see also PRB 72, 045121(2005) for the energy contributions)


*******************************************************
           Computational times (s) at MD = 5            
*******************************************************

  DFT in total      =   31.11884

  Set_OLP_Kin       =    0.71256
  Set_Nonlocal      =    1.35412
  Set_ProExpn_VNA   =    2.70478
  Set_Hamiltonian   =    1.59653
  Poisson           =    0.00115
  diagonalization   =   19.66592
  Mixing_DM         =    0.00548
  Force             =    1.94383
  Total_Energy      =    0.40582
  Set_Aden_Grid     =    0.16282
  Set_Orbitals_Grid =    0.09677
  Set_Density_Grid  =    0.59556
  RestartFileDFT    =    0.03902
  Mulliken_Charge   =    0.00112
  FFT(2D)_Density   =    0.00220

The SCF was achieved at MD=   5

*******************************************************
             MD or geometry opt. at MD = 5              
*******************************************************

<BFGS>  |Maximum force| (Hartree/Bohr) = 0.001234352862
<BFGS>  Criterion       (Hartree/Bohr) = 0.000100000000

     atom=   1, XYZ(ang) Fxyz(a.u.)=   0.0000    0.0000   -0.0006    -0.0000    0.0000    0.0001
     atom=   2, XYZ(ang) Fxyz(a.u.)=   2.9998    2.9849    1.6082    -0.0000    0.0000    0.0004
     atom=   3, XYZ(ang) Fxyz(a.u.)=  -0.0000    2.9849    0.8081     0.0000    0.0000   -0.0012
     atom=   4, XYZ(ang) Fxyz(a.u.)=   2.9998    0.0000    2.4121     0.0000   -0.0000    0.0006

*******************************************************
        Analysis of neighbors and setting of grids        
*******************************************************


*******************************************************
  Allocation of atoms to processors at MD_iter=    6     
*******************************************************

 proc =   0  # of atoms=   1  estimated weight=         1.00000
 proc =   1  # of atoms=   1  estimated weight=         1.00000
 proc =   2  # of atoms=   1  estimated weight=         1.00000
 proc =   3  # of atoms=   1  estimated weight=         1.00000
 proc =   4  # of atoms=   0  estimated weight=         0.00000
 proc =   5  # of atoms=   0  estimated weight=         0.00000
 proc =   6  # of atoms=   0  estimated weight=         0.00000
 proc =   7  # of atoms=   0  estimated weight=         0.00000
 proc =   8  # of atoms=   0  estimated weight=         0.00000
 proc =   9  # of atoms=   0  estimated weight=         0.00000
 proc =  10  # of atoms=   0  estimated weight=         0.00000
 proc =  11  # of atoms=   0  estimated weight=         0.00000
 proc =  12  # of atoms=   0  estimated weight=         0.00000
 proc =  13  # of atoms=   0  estimated weight=         0.00000
 proc =  14  # of atoms=   0  estimated weight=         0.00000
 proc =  15  # of atoms=   0  estimated weight=         0.00000



TFNAN=     256   Average FNAN=  64.00000
TSNAN=       0   Average SNAN=   0.00000
<truncation> CpyCell= 3 ct_AN=   1 FNAN SNAN  64   0
<truncation> CpyCell= 3 ct_AN=   2 FNAN SNAN  64   0
<truncation> CpyCell= 3 ct_AN=   3 FNAN SNAN  64   0
<truncation> CpyCell= 3 ct_AN=   4 FNAN SNAN  64   0
<UCell_Box> Info. of cutoff energy and num. of grids
lattice vectors (bohr)
A  = 11.337702133525,  0.000000000000,  0.000000000000
B  =  0.000000000000, 11.281295655248,  0.000000000000
C  =  0.000000000000,  0.000000000000,  6.081931916162
reciprocal lattice vectors (bohr^-1)
RA =  0.554185074999,  0.000000000000,  0.000000000000
RB =  0.000000000000,  0.556956000374,  0.000000000000
RC =  0.000000000000,  0.000000000000,  1.033090372236
Required cutoff energy (Ryd) for 3D-grids = 200.0000
    Used cutoff energy (Ryd) for 3D-grids = 191.9507, 193.8750, 194.5110
Num. of grids of a-, b-, and c-axes = 50, 50, 27
Cell_Volume =    777.903236248648 (Bohr^3)
GridVol     =      0.011524492389 (Bohr^3)
Cell vectors (bohr) of the grid cell (gtv)
  gtv_a =  0.226754042670,  0.000000000000,  0.000000000000
  gtv_b =  0.000000000000,  0.225625913105,  0.000000000000
  gtv_c =  0.000000000000,  0.000000000000,  0.225256737636
  |gtv_a| =  0.226754042670
  |gtv_b| =  0.225625913105
  |gtv_c| =  0.225256737636
Num. of grids overlapping with atom    1 = 124527
Num. of grids overlapping with atom    2 = 124696
Num. of grids overlapping with atom    3 = 124618
Num. of grids overlapping with atom    4 = 124626

*******************************************************
             SCF calculation at MD = 6                
*******************************************************

<MD= 6>  Calculation of the overlap matrix
<MD= 6>  Calculation of the nonlocal matrix
<MD= 6>  Calculation of the VNA projector matrix

******************* MD= 6  SCF= 1 *******************
<Restart>  Found restart files
<Poisson>  Poisson's equation using FFT...
<Band>  Solving the eigenvalue problem...
 KGrids1:  -0.45833  -0.37500  -0.29167  -0.20833  -0.12500  -0.04167   0.04167   0.12500   0.20833   0.29167   0.37500   0.45833 
 KGrids2:  -0.45833  -0.37500  -0.29167  -0.20833  -0.12500  -0.04167   0.04167   0.12500   0.20833   0.29167   0.37500   0.45833 
 KGrids3:  -0.47500  -0.42500  -0.37500  -0.32500  -0.27500  -0.22500  -0.17500  -0.12500  -0.07500  -0.02500   0.02500   0.07500   0.12500   0.17500   0.22500   0.27500   0.32500   0.37500   0.42500   0.47500 
<Band_DFT>  Eigen, time=0.738811
<Band_DFT>  DM, time=1.834769
    1   Sn  MulP   7.0001  7.0001 sum  14.0001
    2   Sn  MulP   7.0000  7.0000 sum  14.0000
    3   Sn  MulP   7.0000  7.0000 sum  14.0000
    4   Sn  MulP   6.9999  6.9999 sum  13.9999
 Sum of MulP: up   =    28.00000 down          =    28.00000
              total=    56.00000 ideal(neutral)=    56.00000
<DFT>  Total Spin Moment (muB) =  0.000000000000
<DFT>  Mixing_weight= 0.400000000000
<DFT>  Uele   =  -42.202849208372  dUele     =   1.000000000000
<DFT>  NormRD =    1.000000000000  Criterion =   0.000000100000

******************* MD= 6  SCF= 2 *******************
<Poisson>  Poisson's equation using FFT...
<Set_Hamiltonian>  Hamiltonian matrix for VNA+dVH+Vxc...
<Band>  Solving the eigenvalue problem...
 KGrids1:  -0.45833  -0.37500  -0.29167  -0.20833  -0.12500  -0.04167   0.04167   0.12500   0.20833   0.29167   0.37500   0.45833 
 KGrids2:  -0.45833  -0.37500  -0.29167  -0.20833  -0.12500  -0.04167   0.04167   0.12500   0.20833   0.29167   0.37500   0.45833 
 KGrids3:  -0.47500  -0.42500  -0.37500  -0.32500  -0.27500  -0.22500  -0.17500  -0.12500  -0.07500  -0.02500   0.02500   0.07500   0.12500   0.17500   0.22500   0.27500   0.32500   0.37500   0.42500   0.47500 
<Band_DFT>  Eigen, time=0.744360
<Band_DFT>  DM, time=1.922812
    1   Sn  MulP   7.0001  7.0001 sum  14.0001
    2   Sn  MulP   7.0000  7.0000 sum  13.9999
    3   Sn  MulP   7.0000  7.0000 sum  14.0000
    4   Sn  MulP   6.9999  6.9999 sum  13.9999
 Sum of MulP: up   =    28.00000 down          =    28.00000
              total=    56.00000 ideal(neutral)=    56.00000
<DFT>  Total Spin Moment (muB) =  0.000000000000
<DFT>  Mixing_weight= 0.400000000000
<DFT>  Uele   =  -42.202833264859  dUele     =   0.000015943512
<DFT>  NormRD =    0.000017207660  Criterion =   0.000000100000

******************* MD= 6  SCF= 3 *******************
<Poisson>  Poisson's equation using FFT...
<Set_Hamiltonian>  Hamiltonian matrix for VNA+dVH+Vxc...
<Band>  Solving the eigenvalue problem...
 KGrids1:  -0.45833  -0.37500  -0.29167  -0.20833  -0.12500  -0.04167   0.04167   0.12500   0.20833   0.29167   0.37500   0.45833 
 KGrids2:  -0.45833  -0.37500  -0.29167  -0.20833  -0.12500  -0.04167   0.04167   0.12500   0.20833   0.29167   0.37500   0.45833 
 KGrids3:  -0.47500  -0.42500  -0.37500  -0.32500  -0.27500  -0.22500  -0.17500  -0.12500  -0.07500  -0.02500   0.02500   0.07500   0.12500   0.17500   0.22500   0.27500   0.32500   0.37500   0.42500   0.47500 
<Band_DFT>  Eigen, time=0.736475
<Band_DFT>  DM, time=1.822040
    1   Sn  MulP   7.0001  7.0001 sum  14.0001
    2   Sn  MulP   7.0000  7.0000 sum  13.9999
    3   Sn  MulP   7.0000  7.0000 sum  14.0000
    4   Sn  MulP   6.9999  6.9999 sum  13.9999
 Sum of MulP: up   =    28.00000 down          =    28.00000
              total=    56.00000 ideal(neutral)=    56.00000
<DFT>  Total Spin Moment (muB) =  0.000000000000
<DFT>  Mixing_weight= 0.040000000000
<DFT>  Uele   =  -42.202822777320  dUele     =   0.000010487539
<DFT>  NormRD =    0.000012302367  Criterion =   0.000000100000

******************* MD= 6  SCF= 4 *******************
<Poisson>  Poisson's equation using FFT...
<Set_Hamiltonian>  Hamiltonian matrix for VNA+dVH+Vxc...
<Band>  Solving the eigenvalue problem...
 KGrids1:  -0.45833  -0.37500  -0.29167  -0.20833  -0.12500  -0.04167   0.04167   0.12500   0.20833   0.29167   0.37500   0.45833 
 KGrids2:  -0.45833  -0.37500  -0.29167  -0.20833  -0.12500  -0.04167   0.04167   0.12500   0.20833   0.29167   0.37500   0.45833 
 KGrids3:  -0.47500  -0.42500  -0.37500  -0.32500  -0.27500  -0.22500  -0.17500  -0.12500  -0.07500  -0.02500   0.02500   0.07500   0.12500   0.17500   0.22500   0.27500   0.32500   0.37500   0.42500   0.47500 
<Band_DFT>  Eigen, time=0.741206
<Band_DFT>  DM, time=1.828120
    1   Sn  MulP   7.0001  7.0001 sum  14.0001
    2   Sn  MulP   7.0000  7.0000 sum  13.9999
    3   Sn  MulP   7.0000  7.0000 sum  14.0000
    4   Sn  MulP   6.9999  6.9999 sum  13.9999
 Sum of MulP: up   =    28.00000 down          =    28.00000
              total=    56.00000 ideal(neutral)=    56.00000
<DFT>  Total Spin Moment (muB) =  0.000000000000
<DFT>  Mixing_weight= 0.040000000000
<DFT>  Uele   =  -42.202797906455  dUele     =   0.000024870866
<DFT>  NormRD =    0.000001643995  Criterion =   0.000000100000

******************* MD= 6  SCF= 5 *******************
<Poisson>  Poisson's equation using FFT...
<Set_Hamiltonian>  Hamiltonian matrix for VNA+dVH+Vxc...
<Band>  Solving the eigenvalue problem...
 KGrids1:  -0.45833  -0.37500  -0.29167  -0.20833  -0.12500  -0.04167   0.04167   0.12500   0.20833   0.29167   0.37500   0.45833 
 KGrids2:  -0.45833  -0.37500  -0.29167  -0.20833  -0.12500  -0.04167   0.04167   0.12500   0.20833   0.29167   0.37500   0.45833 
 KGrids3:  -0.47500  -0.42500  -0.37500  -0.32500  -0.27500  -0.22500  -0.17500  -0.12500  -0.07500  -0.02500   0.02500   0.07500   0.12500   0.17500   0.22500   0.27500   0.32500   0.37500   0.42500   0.47500 
<Band_DFT>  Eigen, time=0.738353
<Band_DFT>  DM, time=2.037702
    1   Sn  MulP   7.0001  7.0001 sum  14.0001
    2   Sn  MulP   7.0000  7.0000 sum  13.9999
    3   Sn  MulP   7.0000  7.0000 sum  14.0000
    4   Sn  MulP   6.9999  6.9999 sum  13.9999
 Sum of MulP: up   =    28.00000 down          =    28.00000
              total=    56.00000 ideal(neutral)=    56.00000
<DFT>  Total Spin Moment (muB) =  0.000000000000
<DFT>  Mixing_weight= 0.040000000000
<DFT>  Uele   =  -42.202801044962  dUele     =   0.000003138507
<DFT>  NormRD =    0.000002448214  Criterion =   0.000000100000

******************* MD= 6  SCF= 6 *******************
<Poisson>  Poisson's equation using FFT...
<Set_Hamiltonian>  Hamiltonian matrix for VNA+dVH+Vxc...
<Band>  Solving the eigenvalue problem...
 KGrids1:  -0.45833  -0.37500  -0.29167  -0.20833  -0.12500  -0.04167   0.04167   0.12500   0.20833   0.29167   0.37500   0.45833 
 KGrids2:  -0.45833  -0.37500  -0.29167  -0.20833  -0.12500  -0.04167   0.04167   0.12500   0.20833   0.29167   0.37500   0.45833 
 KGrids3:  -0.47500  -0.42500  -0.37500  -0.32500  -0.27500  -0.22500  -0.17500  -0.12500  -0.07500  -0.02500   0.02500   0.07500   0.12500   0.17500   0.22500   0.27500   0.32500   0.37500   0.42500   0.47500 
<Band_DFT>  Eigen, time=0.782250
<Band_DFT>  DM, time=1.994539
    1   Sn  MulP   7.0001  7.0001 sum  14.0001
    2   Sn  MulP   7.0000  7.0000 sum  13.9999
    3   Sn  MulP   7.0000  7.0000 sum  14.0000
    4   Sn  MulP   6.9999  6.9999 sum  13.9999
 Sum of MulP: up   =    28.00000 down          =    28.00000
              total=    56.00000 ideal(neutral)=    56.00000
<DFT>  Total Spin Moment (muB) =  0.000000000000
<DFT>  Mixing_weight= 0.040000000000
<DFT>  Uele   =  -42.202801091738  dUele     =   0.000000046776
<DFT>  NormRD =    0.000000317730  Criterion =   0.000000100000
<MD= 6>  Force calculation
  Force calculation #1
  Force calculation #2
  Force calculation #3
  Force calculation #4
  Force calculation #5
  Stress calculation #1
  Stress calculation #2
  Stress calculation #3
  Stress calculation #4
  Stress calculation #5
<MD= 6>  Total Energy
  Force calculation #6
  Force calculation #7

*******************************************************
                  Dipole moment (Debye)                 
*******************************************************

 Absolute D      521.64755731

                      Dx                Dy                Dz
 Total           -363.75341076     -362.14051242      -93.02623003
 Core             403.44611044      401.43891089      324.64820185
 Electron        -767.19952120     -763.57942331     -417.67443189
 Back ground       -0.00000000       -0.00000000       -0.00000000

*******************************************************
               Stress tensor (Hartree/bohr^3)            
*******************************************************

       0.00001825        0.00000000        0.00000000 
       0.00000000        0.00000047       -0.00000000 
       0.00000000       -0.00000000        0.00000471 

*******************************************************
                Total Energy (Hartree) at MD = 6        
*******************************************************

  Uele  =     -42.202801091738

  Ukin  =     203.431760247430
  UH0   =   -2699.788038787353
  UH1   =       0.004875124467
  Una   =    -149.406459762124
  Unl   =     -47.917241533234
  Uxc0  =     -25.234532439449
  Uxc1  =     -25.234532439449
  Ucore =    2459.986903976035
  Uhub  =       0.000000000000
  Ucs   =       0.000000000000
  Uzs   =       0.000000000000
  Uzo   =       0.000000000000
  Uef   =       0.000000000000
  UvdW  =       0.000000000000
  Uch   =       0.000000000000
  Utot  =    -284.157265613678

  UpV   =       0.000000000000
  Enpy  =    -284.157265613678
  Note:

  Uele:   band energy
  Ukin:   kinetic energy
  UH0:    electric part of screened Coulomb energy
  UH1:    difference electron-electron Coulomb energy
  Una:    neutral atom potential energy
  Unl:    non-local potential energy
  Uxc0:   exchange-correlation energy for alpha spin
  Uxc1:   exchange-correlation energy for beta spin
  Ucore:  core-core Coulomb energy
  Uhub:   LDA+U energy
  Ucs:    constraint energy for spin orientation
  Uzs:    Zeeman term for spin magnetic moment
  Uzo:    Zeeman term for orbital magnetic moment
  Uef:    electric energy by electric field
  UvdW:   semi-empirical vdW energy 
  Uch:    penalty term to create a core hole
  UpV:    pressure times volume
  Enpy:   Enthalpy = Utot + UpV
  (see also PRB 72, 045121(2005) for the energy contributions)


*******************************************************
           Computational times (s) at MD = 6            
*******************************************************

  DFT in total      =   28.25702

  Set_OLP_Kin       =    0.69744
  Set_Nonlocal      =    1.48500
  Set_ProExpn_VNA   =    2.88773
  Set_Hamiltonian   =    1.48925
  Poisson           =    0.00131
  diagonalization   =   16.28002
  Mixing_DM         =    0.00477
  Force             =    2.05711
  Total_Energy      =    0.43190
  Set_Aden_Grid     =    0.12351
  Set_Orbitals_Grid =    0.09705
  Set_Density_Grid  =    0.54371
  RestartFileDFT    =    0.02957
  Mulliken_Charge   =    0.00107
  FFT(2D)_Density   =    0.00174

The SCF was achieved at MD=   6

*******************************************************
             MD or geometry opt. at MD = 6              
*******************************************************

<BFGS>  |Maximum force| (Hartree/Bohr) = 0.001137182387
<BFGS>  Criterion       (Hartree/Bohr) = 0.000100000000

     atom=   1, XYZ(ang) Fxyz(a.u.)=   0.0000   -0.0000   -0.0025    -0.0000    0.0000    0.0001
     atom=   2, XYZ(ang) Fxyz(a.u.)=   2.9998    2.9849    1.6020    -0.0000   -0.0000    0.0004
     atom=   3, XYZ(ang) Fxyz(a.u.)=   0.0000    2.9849    0.8246    -0.0000   -0.0000   -0.0011
     atom=   4, XYZ(ang) Fxyz(a.u.)=   2.9998   -0.0000    2.4035     0.0000    0.0000    0.0006

*******************************************************
        Analysis of neighbors and setting of grids        
*******************************************************


*******************************************************
  Allocation of atoms to processors at MD_iter=    7     
*******************************************************

 proc =   0  # of atoms=   1  estimated weight=         1.00000
 proc =   1  # of atoms=   1  estimated weight=         1.00000
 proc =   2  # of atoms=   1  estimated weight=         1.00000
 proc =   3  # of atoms=   1  estimated weight=         1.00000
 proc =   4  # of atoms=   0  estimated weight=         0.00000
 proc =   5  # of atoms=   0  estimated weight=         0.00000
 proc =   6  # of atoms=   0  estimated weight=         0.00000
 proc =   7  # of atoms=   0  estimated weight=         0.00000
 proc =   8  # of atoms=   0  estimated weight=         0.00000
 proc =   9  # of atoms=   0  estimated weight=         0.00000
 proc =  10  # of atoms=   0  estimated weight=         0.00000
 proc =  11  # of atoms=   0  estimated weight=         0.00000
 proc =  12  # of atoms=   0  estimated weight=         0.00000
 proc =  13  # of atoms=   0  estimated weight=         0.00000
 proc =  14  # of atoms=   0  estimated weight=         0.00000
 proc =  15  # of atoms=   0  estimated weight=         0.00000



TFNAN=     256   Average FNAN=  64.00000
TSNAN=       0   Average SNAN=   0.00000
<truncation> CpyCell= 3 ct_AN=   1 FNAN SNAN  64   0
<truncation> CpyCell= 3 ct_AN=   2 FNAN SNAN  64   0
<truncation> CpyCell= 3 ct_AN=   3 FNAN SNAN  64   0
<truncation> CpyCell= 3 ct_AN=   4 FNAN SNAN  64   0
<UCell_Box> Info. of cutoff energy and num. of grids
lattice vectors (bohr)
A  = 11.337702133525,  0.000000000000,  0.000000000000
B  =  0.000000000000, 11.281295655248,  0.000000000000
C  =  0.000000000000,  0.000000000000,  6.081931916162
reciprocal lattice vectors (bohr^-1)
RA =  0.554185074999,  0.000000000000,  0.000000000000
RB =  0.000000000000,  0.556956000374,  0.000000000000
RC =  0.000000000000,  0.000000000000,  1.033090372236
Required cutoff energy (Ryd) for 3D-grids = 200.0000
    Used cutoff energy (Ryd) for 3D-grids = 191.9507, 193.8750, 194.5110
Num. of grids of a-, b-, and c-axes = 50, 50, 27
Cell_Volume =    777.903236248648 (Bohr^3)
GridVol     =      0.011524492389 (Bohr^3)
Cell vectors (bohr) of the grid cell (gtv)
  gtv_a =  0.226754042670,  0.000000000000,  0.000000000000
  gtv_b =  0.000000000000,  0.225625913105,  0.000000000000
  gtv_c =  0.000000000000,  0.000000000000,  0.225256737636
  |gtv_a| =  0.226754042670
  |gtv_b| =  0.225625913105
  |gtv_c| =  0.225256737636
Num. of grids overlapping with atom    1 = 124529
Num. of grids overlapping with atom    2 = 124686
Num. of grids overlapping with atom    3 = 124596
Num. of grids overlapping with atom    4 = 124642

*******************************************************
             SCF calculation at MD = 7                
*******************************************************

<MD= 7>  Calculation of the overlap matrix
<MD= 7>  Calculation of the nonlocal matrix
<MD= 7>  Calculation of the VNA projector matrix

******************* MD= 7  SCF= 1 *******************
<Restart>  Found restart files
<Poisson>  Poisson's equation using FFT...
<Band>  Solving the eigenvalue problem...
 KGrids1:  -0.45833  -0.37500  -0.29167  -0.20833  -0.12500  -0.04167   0.04167   0.12500   0.20833   0.29167   0.37500   0.45833 
 KGrids2:  -0.45833  -0.37500  -0.29167  -0.20833  -0.12500  -0.04167   0.04167   0.12500   0.20833   0.29167   0.37500   0.45833 
 KGrids3:  -0.47500  -0.42500  -0.37500  -0.32500  -0.27500  -0.22500  -0.17500  -0.12500  -0.07500  -0.02500   0.02500   0.07500   0.12500   0.17500   0.22500   0.27500   0.32500   0.37500   0.42500   0.47500 
<Band_DFT>  Eigen, time=0.741173
<Band_DFT>  DM, time=2.037103
    1   Sn  MulP   6.9997  6.9997 sum  13.9993
    2   Sn  MulP   7.0005  7.0005 sum  14.0010
    3   Sn  MulP   7.0000  7.0000 sum  14.0000
    4   Sn  MulP   6.9998  6.9998 sum  13.9997
 Sum of MulP: up   =    28.00000 down          =    28.00000
              total=    56.00000 ideal(neutral)=    56.00000
<DFT>  Total Spin Moment (muB) =  0.000000000000
<DFT>  Mixing_weight= 0.400000000000
<DFT>  Uele   =  -42.202747712769  dUele     =   1.000000000000
<DFT>  NormRD =    1.000000000000  Criterion =   0.000000100000

******************* MD= 7  SCF= 2 *******************
<Poisson>  Poisson's equation using FFT...
<Set_Hamiltonian>  Hamiltonian matrix for VNA+dVH+Vxc...
<Band>  Solving the eigenvalue problem...
 KGrids1:  -0.45833  -0.37500  -0.29167  -0.20833  -0.12500  -0.04167   0.04167   0.12500   0.20833   0.29167   0.37500   0.45833 
 KGrids2:  -0.45833  -0.37500  -0.29167  -0.20833  -0.12500  -0.04167   0.04167   0.12500   0.20833   0.29167   0.37500   0.45833 
 KGrids3:  -0.47500  -0.42500  -0.37500  -0.32500  -0.27500  -0.22500  -0.17500  -0.12500  -0.07500  -0.02500   0.02500   0.07500   0.12500   0.17500   0.22500   0.27500   0.32500   0.37500   0.42500   0.47500 
<Band_DFT>  Eigen, time=0.760387
<Band_DFT>  DM, time=1.400962
    1   Sn  MulP   6.9998  6.9998 sum  13.9997
    2   Sn  MulP   7.0003  7.0003 sum  14.0007
    3   Sn  MulP   7.0000  7.0000 sum  13.9999
    4   Sn  MulP   6.9999  6.9999 sum  13.9997
 Sum of MulP: up   =    28.00000 down          =    28.00000
              total=    56.00000 ideal(neutral)=    56.00000
<DFT>  Total Spin Moment (muB) =  0.000000000000
<DFT>  Mixing_weight= 0.400000000000
<DFT>  Uele   =  -42.202665100182  dUele     =   0.000082612587
<DFT>  NormRD =    0.004906196053  Criterion =   0.000000100000

******************* MD= 7  SCF= 3 *******************
<Poisson>  Poisson's equation using FFT...
<Set_Hamiltonian>  Hamiltonian matrix for VNA+dVH+Vxc...
<Band>  Solving the eigenvalue problem...
 KGrids1:  -0.45833  -0.37500  -0.29167  -0.20833  -0.12500  -0.04167   0.04167   0.12500   0.20833   0.29167   0.37500   0.45833 
 KGrids2:  -0.45833  -0.37500  -0.29167  -0.20833  -0.12500  -0.04167   0.04167   0.12500   0.20833   0.29167   0.37500   0.45833 
 KGrids3:  -0.47500  -0.42500  -0.37500  -0.32500  -0.27500  -0.22500  -0.17500  -0.12500  -0.07500  -0.02500   0.02500   0.07500   0.12500   0.17500   0.22500   0.27500   0.32500   0.37500   0.42500   0.47500 
<Band_DFT>  Eigen, time=0.635098
<Band_DFT>  DM, time=1.807316
    1   Sn  MulP   6.9999  6.9999 sum  13.9998
    2   Sn  MulP   7.0003  7.0003 sum  14.0005
    3   Sn  MulP   7.0000  7.0000 sum  13.9999
    4   Sn  MulP   6.9999  6.9999 sum  13.9998
 Sum of MulP: up   =    28.00000 down          =    28.00000
              total=    56.00000 ideal(neutral)=    56.00000
<DFT>  Total Spin Moment (muB) =  0.000000000000
<DFT>  Mixing_weight= 0.040000000000
<DFT>  Uele   =  -42.202617158366  dUele     =   0.000047941816
<DFT>  NormRD =    0.003336574712  Criterion =   0.000000100000

******************* MD= 7  SCF= 4 *******************
<Poisson>  Poisson's equation using FFT...
<Set_Hamiltonian>  Hamiltonian matrix for VNA+dVH+Vxc...
<Band>  Solving the eigenvalue problem...
 KGrids1:  -0.45833  -0.37500  -0.29167  -0.20833  -0.12500  -0.04167   0.04167   0.12500   0.20833   0.29167   0.37500   0.45833 
 KGrids2:  -0.45833  -0.37500  -0.29167  -0.20833  -0.12500  -0.04167   0.04167   0.12500   0.20833   0.29167   0.37500   0.45833 
 KGrids3:  -0.47500  -0.42500  -0.37500  -0.32500  -0.27500  -0.22500  -0.17500  -0.12500  -0.07500  -0.02500   0.02500   0.07500   0.12500   0.17500   0.22500   0.27500   0.32500   0.37500   0.42500   0.47500 
<Band_DFT>  Eigen, time=0.648170
<Band_DFT>  DM, time=1.805343
    1   Sn  MulP   7.0000  7.0000 sum  14.0000
    2   Sn  MulP   7.0002  7.0002 sum  14.0004
    3   Sn  MulP   6.9999  6.9999 sum  13.9999
    4   Sn  MulP   6.9999  6.9999 sum  13.9998
 Sum of MulP: up   =    28.00000 down          =    28.00000
              total=    56.00000 ideal(neutral)=    56.00000
<DFT>  Total Spin Moment (muB) =  0.000000000000
<DFT>  Mixing_weight= 0.040000000000
<DFT>  Uele   =  -42.202561135337  dUele     =   0.000056023029
<DFT>  NormRD =    0.000324512453  Criterion =   0.000000100000

******************* MD= 7  SCF= 5 *******************
<Poisson>  Poisson's equation using FFT...
<Set_Hamiltonian>  Hamiltonian matrix for VNA+dVH+Vxc...
<Band>  Solving the eigenvalue problem...
 KGrids1:  -0.45833  -0.37500  -0.29167  -0.20833  -0.12500  -0.04167   0.04167   0.12500   0.20833   0.29167   0.37500   0.45833 
 KGrids2:  -0.45833  -0.37500  -0.29167  -0.20833  -0.12500  -0.04167   0.04167   0.12500   0.20833   0.29167   0.37500   0.45833 
 KGrids3:  -0.47500  -0.42500  -0.37500  -0.32500  -0.27500  -0.22500  -0.17500  -0.12500  -0.07500  -0.02500   0.02500   0.07500   0.12500   0.17500   0.22500   0.27500   0.32500   0.37500   0.42500   0.47500 
<Band_DFT>  Eigen, time=0.644048
<Band_DFT>  DM, time=1.806834
    1   Sn  MulP   7.0000  7.0000 sum  14.0000
    2   Sn  MulP   7.0002  7.0002 sum  14.0004
    3   Sn  MulP   6.9999  6.9999 sum  13.9999
    4   Sn  MulP   6.9999  6.9999 sum  13.9998
 Sum of MulP: up   =    28.00000 down          =    28.00000
              total=    56.00000 ideal(neutral)=    56.00000
<DFT>  Total Spin Moment (muB) =  0.000000000000
<DFT>  Mixing_weight= 0.040000000000
<DFT>  Uele   =  -42.202561609811  dUele     =   0.000000474473
<DFT>  NormRD =    0.000123273813  Criterion =   0.000000100000

******************* MD= 7  SCF= 6 *******************
<Poisson>  Poisson's equation using FFT...
<Set_Hamiltonian>  Hamiltonian matrix for VNA+dVH+Vxc...
<Band>  Solving the eigenvalue problem...
 KGrids1:  -0.45833  -0.37500  -0.29167  -0.20833  -0.12500  -0.04167   0.04167   0.12500   0.20833   0.29167   0.37500   0.45833 
 KGrids2:  -0.45833  -0.37500  -0.29167  -0.20833  -0.12500  -0.04167   0.04167   0.12500   0.20833   0.29167   0.37500   0.45833 
 KGrids3:  -0.47500  -0.42500  -0.37500  -0.32500  -0.27500  -0.22500  -0.17500  -0.12500  -0.07500  -0.02500   0.02500   0.07500   0.12500   0.17500   0.22500   0.27500   0.32500   0.37500   0.42500   0.47500 
<Band_DFT>  Eigen, time=0.641898
<Band_DFT>  DM, time=1.805829
    1   Sn  MulP   7.0000  7.0000 sum  14.0000
    2   Sn  MulP   7.0002  7.0002 sum  14.0004
    3   Sn  MulP   6.9999  6.9999 sum  13.9998
    4   Sn  MulP   6.9999  6.9999 sum  13.9998
 Sum of MulP: up   =    28.00000 down          =    28.00000
              total=    56.00000 ideal(neutral)=    56.00000
<DFT>  Total Spin Moment (muB) =  0.000000000000
<DFT>  Mixing_weight= 0.040000000000
<DFT>  Uele   =  -42.202563326094  dUele     =   0.000001716284
<DFT>  NormRD =    0.000114741951  Criterion =   0.000000100000

******************* MD= 7  SCF= 7 *******************
<Poisson>  Poisson's equation using FFT...
<Set_Hamiltonian>  Hamiltonian matrix for VNA+dVH+Vxc...
<Band>  Solving the eigenvalue problem...
 KGrids1:  -0.45833  -0.37500  -0.29167  -0.20833  -0.12500  -0.04167   0.04167   0.12500   0.20833   0.29167   0.37500   0.45833 
 KGrids2:  -0.45833  -0.37500  -0.29167  -0.20833  -0.12500  -0.04167   0.04167   0.12500   0.20833   0.29167   0.37500   0.45833 
 KGrids3:  -0.47500  -0.42500  -0.37500  -0.32500  -0.27500  -0.22500  -0.17500  -0.12500  -0.07500  -0.02500   0.02500   0.07500   0.12500   0.17500   0.22500   0.27500   0.32500   0.37500   0.42500   0.47500 
<Band_DFT>  Eigen, time=0.516357
<Band_DFT>  DM, time=1.610740
    1   Sn  MulP   7.0000  7.0000 sum  14.0000
    2   Sn  MulP   7.0002  7.0002 sum  14.0004
    3   Sn  MulP   6.9999  6.9999 sum  13.9999
    4   Sn  MulP   6.9999  6.9999 sum  13.9998
 Sum of MulP: up   =    28.00000 down          =    28.00000
              total=    56.00000 ideal(neutral)=    56.00000
<DFT>  Total Spin Moment (muB) =  0.000000000000
<DFT>  Mixing_weight= 0.040000000000
<DFT>  Uele   =  -42.202563389713  dUele     =   0.000000063618
<DFT>  NormRD =    0.000012626846  Criterion =   0.000000100000
<MD= 7>  Force calculation
  Force calculation #1
  Force calculation #2
  Force calculation #3
  Force calculation #4
  Force calculation #5
  Stress calculation #1
  Stress calculation #2
  Stress calculation #3
  Stress calculation #4
  Stress calculation #5
<MD= 7>  Total Energy
  Force calculation #6
  Force calculation #7

*******************************************************
                  Dipole moment (Debye)                 
*******************************************************

 Absolute D      521.69603543

                      Dx                Dy                Dz
 Total           -363.75320811     -362.14086766      -93.29710042
 Core             403.44625700      401.43888423      324.63470920
 Electron        -767.19946511     -763.57975189     -417.93180962
 Back ground       -0.00000000       -0.00000000       -0.00000000

*******************************************************
               Stress tensor (Hartree/bohr^3)            
*******************************************************

       0.00001489        0.00000000        0.00000000 
       0.00000000        0.00000131       -0.00000000 
       0.00000000       -0.00000000        0.00000446 

*******************************************************
                Total Energy (Hartree) at MD = 7        
*******************************************************

  Uele  =     -42.202563389713

  Ukin  =     203.432805804273
  UH0   =   -2699.783245424120
  UH1   =       0.004873435415
  Una   =    -149.406909377695
  Unl   =     -47.917729345501
  Uxc0  =     -25.234578084883
  Uxc1  =     -25.234578084883
  Ucore =    2459.982066611935
  Uhub  =       0.000000000000
  Ucs   =       0.000000000000
  Uzs   =       0.000000000000
  Uzo   =       0.000000000000
  Uef   =       0.000000000000
  UvdW  =       0.000000000000
  Uch   =       0.000000000000
  Utot  =    -284.157294465459

  UpV   =       0.000000000000
  Enpy  =    -284.157294465459
  Note:

  Uele:   band energy
  Ukin:   kinetic energy
  UH0:    electric part of screened Coulomb energy
  UH1:    difference electron-electron Coulomb energy
  Una:    neutral atom potential energy
  Unl:    non-local potential energy
  Uxc0:   exchange-correlation energy for alpha spin
  Uxc1:   exchange-correlation energy for beta spin
  Ucore:  core-core Coulomb energy
  Uhub:   LDA+U energy
  Ucs:    constraint energy for spin orientation
  Uzs:    Zeeman term for spin magnetic moment
  Uzo:    Zeeman term for orbital magnetic moment
  Uef:    electric energy by electric field
  UvdW:   semi-empirical vdW energy 
  Uch:    penalty term to create a core hole
  UpV:    pressure times volume
  Enpy:   Enthalpy = Utot + UpV
  (see also PRB 72, 045121(2005) for the energy contributions)


*******************************************************
           Computational times (s) at MD = 7            
*******************************************************

  DFT in total      =   29.72431

  Set_OLP_Kin       =    0.69646
  Set_Nonlocal      =    1.38944
  Set_ProExpn_VNA   =    2.92322
  Set_Hamiltonian   =    1.70271
  Poisson           =    0.00122
  diagonalization   =   17.27677
  Mixing_DM         =    0.00549
  Force             =    2.59552
  Total_Energy      =    0.40911
  Set_Aden_Grid     =    0.15946
  Set_Orbitals_Grid =    0.09696
  Set_Density_Grid  =    0.60527
  RestartFileDFT    =    0.02962
  Mulliken_Charge   =    0.00118
  FFT(2D)_Density   =    0.00195

The SCF was achieved at MD=   7

*******************************************************
             MD or geometry opt. at MD = 7              
*******************************************************

<BFGS>  |Maximum force| (Hartree/Bohr) = 0.000593921966
<BFGS>  Criterion       (Hartree/Bohr) = 0.000100000000

     atom=   1, XYZ(ang) Fxyz(a.u.)=   0.0000   -0.0000   -0.0048     0.0000   -0.0000   -0.0001
     atom=   2, XYZ(ang) Fxyz(a.u.)=   2.9998    2.9849    1.5935     0.0000    0.0000    0.0002
     atom=   3, XYZ(ang) Fxyz(a.u.)=   0.0000    2.9849    0.8473     0.0000    0.0000   -0.0005
     atom=   4, XYZ(ang) Fxyz(a.u.)=   2.9998   -0.0000    2.3912     0.0000    0.0000    0.0006

*******************************************************
        Analysis of neighbors and setting of grids        
*******************************************************


*******************************************************
  Allocation of atoms to processors at MD_iter=    8     
*******************************************************

 proc =   0  # of atoms=   1  estimated weight=         1.00000
 proc =   1  # of atoms=   1  estimated weight=         1.00000
 proc =   2  # of atoms=   1  estimated weight=         1.00000
 proc =   3  # of atoms=   1  estimated weight=         1.00000
 proc =   4  # of atoms=   0  estimated weight=         0.00000
 proc =   5  # of atoms=   0  estimated weight=         0.00000
 proc =   6  # of atoms=   0  estimated weight=         0.00000
 proc =   7  # of atoms=   0  estimated weight=         0.00000
 proc =   8  # of atoms=   0  estimated weight=         0.00000
 proc =   9  # of atoms=   0  estimated weight=         0.00000
 proc =  10  # of atoms=   0  estimated weight=         0.00000
 proc =  11  # of atoms=   0  estimated weight=         0.00000
 proc =  12  # of atoms=   0  estimated weight=         0.00000
 proc =  13  # of atoms=   0  estimated weight=         0.00000
 proc =  14  # of atoms=   0  estimated weight=         0.00000
 proc =  15  # of atoms=   0  estimated weight=         0.00000



TFNAN=     256   Average FNAN=  64.00000
TSNAN=       0   Average SNAN=   0.00000
<truncation> CpyCell= 3 ct_AN=   1 FNAN SNAN  64   0
<truncation> CpyCell= 3 ct_AN=   2 FNAN SNAN  64   0
<truncation> CpyCell= 3 ct_AN=   3 FNAN SNAN  64   0
<truncation> CpyCell= 3 ct_AN=   4 FNAN SNAN  64   0
<UCell_Box> Info. of cutoff energy and num. of grids
lattice vectors (bohr)
A  = 11.337702133525,  0.000000000000,  0.000000000000
B  =  0.000000000000, 11.281295655248,  0.000000000000
C  =  0.000000000000,  0.000000000000,  6.081931916162
reciprocal lattice vectors (bohr^-1)
RA =  0.554185074999,  0.000000000000,  0.000000000000
RB =  0.000000000000,  0.556956000374,  0.000000000000
RC =  0.000000000000,  0.000000000000,  1.033090372236
Required cutoff energy (Ryd) for 3D-grids = 200.0000
    Used cutoff energy (Ryd) for 3D-grids = 191.9507, 193.8750, 194.5110
Num. of grids of a-, b-, and c-axes = 50, 50, 27
Cell_Volume =    777.903236248648 (Bohr^3)
GridVol     =      0.011524492389 (Bohr^3)
Cell vectors (bohr) of the grid cell (gtv)
  gtv_a =  0.226754042670,  0.000000000000,  0.000000000000
  gtv_b =  0.000000000000,  0.225625913105,  0.000000000000
  gtv_c =  0.000000000000,  0.000000000000,  0.225256737636
  |gtv_a| =  0.226754042670
  |gtv_b| =  0.225625913105
  |gtv_c| =  0.225256737636
Num. of grids overlapping with atom    1 = 124537
Num. of grids overlapping with atom    2 = 124668
Num. of grids overlapping with atom    3 = 124632
Num. of grids overlapping with atom    4 = 124559

*******************************************************
             SCF calculation at MD = 8                
*******************************************************

<MD= 8>  Calculation of the overlap matrix
<MD= 8>  Calculation of the nonlocal matrix
<MD= 8>  Calculation of the VNA projector matrix

******************* MD= 8  SCF= 1 *******************
<Restart>  Found restart files
<Poisson>  Poisson's equation using FFT...
<Band>  Solving the eigenvalue problem...
 KGrids1:  -0.45833  -0.37500  -0.29167  -0.20833  -0.12500  -0.04167   0.04167   0.12500   0.20833   0.29167   0.37500   0.45833 
 KGrids2:  -0.45833  -0.37500  -0.29167  -0.20833  -0.12500  -0.04167   0.04167   0.12500   0.20833   0.29167   0.37500   0.45833 
 KGrids3:  -0.47500  -0.42500  -0.37500  -0.32500  -0.27500  -0.22500  -0.17500  -0.12500  -0.07500  -0.02500   0.02500   0.07500   0.12500   0.17500   0.22500   0.27500   0.32500   0.37500   0.42500   0.47500 
<Band_DFT>  Eigen, time=0.745825
<Band_DFT>  DM, time=2.033693
    1   Sn  MulP   6.9998  6.9998 sum  13.9997
    2   Sn  MulP   7.0005  7.0005 sum  14.0011
    3   Sn  MulP   6.9998  6.9998 sum  13.9996
    4   Sn  MulP   6.9998  6.9998 sum  13.9996
 Sum of MulP: up   =    28.00000 down          =    28.00000
              total=    56.00000 ideal(neutral)=    56.00000
<DFT>  Total Spin Moment (muB) =  0.000000000000
<DFT>  Mixing_weight= 0.400000000000
<DFT>  Uele   =  -42.202345132083  dUele     =   1.000000000000
<DFT>  NormRD =    1.000000000000  Criterion =   0.000000100000

******************* MD= 8  SCF= 2 *******************
<Poisson>  Poisson's equation using FFT...
<Set_Hamiltonian>  Hamiltonian matrix for VNA+dVH+Vxc...
<Band>  Solving the eigenvalue problem...
 KGrids1:  -0.45833  -0.37500  -0.29167  -0.20833  -0.12500  -0.04167   0.04167   0.12500   0.20833   0.29167   0.37500   0.45833 
 KGrids2:  -0.45833  -0.37500  -0.29167  -0.20833  -0.12500  -0.04167   0.04167   0.12500   0.20833   0.29167   0.37500   0.45833 
 KGrids3:  -0.47500  -0.42500  -0.37500  -0.32500  -0.27500  -0.22500  -0.17500  -0.12500  -0.07500  -0.02500   0.02500   0.07500   0.12500   0.17500   0.22500   0.27500   0.32500   0.37500   0.42500   0.47500 
<Band_DFT>  Eigen, time=0.738729
<Band_DFT>  DM, time=2.036103
    1   Sn  MulP   6.9998  6.9998 sum  13.9997
    2   Sn  MulP   7.0005  7.0005 sum  14.0011
    3   Sn  MulP   6.9998  6.9998 sum  13.9996
    4   Sn  MulP   6.9998  6.9998 sum  13.9996
 Sum of MulP: up   =    28.00000 down          =    28.00000
              total=    56.00000 ideal(neutral)=    56.00000
<DFT>  Total Spin Moment (muB) =  0.000000000000
<DFT>  Mixing_weight= 0.400000000000
<DFT>  Uele   =  -42.202398399175  dUele     =   0.000053267092
<DFT>  NormRD =    0.000804631322  Criterion =   0.000000100000

******************* MD= 8  SCF= 3 *******************
<Poisson>  Poisson's equation using FFT...
<Set_Hamiltonian>  Hamiltonian matrix for VNA+dVH+Vxc...
<Band>  Solving the eigenvalue problem...
 KGrids1:  -0.45833  -0.37500  -0.29167  -0.20833  -0.12500  -0.04167   0.04167   0.12500   0.20833   0.29167   0.37500   0.45833 
 KGrids2:  -0.45833  -0.37500  -0.29167  -0.20833  -0.12500  -0.04167   0.04167   0.12500   0.20833   0.29167   0.37500   0.45833 
 KGrids3:  -0.47500  -0.42500  -0.37500  -0.32500  -0.27500  -0.22500  -0.17500  -0.12500  -0.07500  -0.02500   0.02500   0.07500   0.12500   0.17500   0.22500   0.27500   0.32500   0.37500   0.42500   0.47500 
<Band_DFT>  Eigen, time=0.740425
<Band_DFT>  DM, time=2.038337
    1   Sn  MulP   6.9998  6.9998 sum  13.9997
    2   Sn  MulP   7.0005  7.0005 sum  14.0011
    3   Sn  MulP   6.9998  6.9998 sum  13.9996
    4   Sn  MulP   6.9998  6.9998 sum  13.9997
 Sum of MulP: up   =    28.00000 down          =    28.00000
              total=    56.00000 ideal(neutral)=    56.00000
<DFT>  Total Spin Moment (muB) =  0.000000000000
<DFT>  Mixing_weight= 0.040000000000
<DFT>  Uele   =  -42.202430230093  dUele     =   0.000031830918
<DFT>  NormRD =    0.000511891751  Criterion =   0.000000100000

******************* MD= 8  SCF= 4 *******************
<Poisson>  Poisson's equation using FFT...
<Set_Hamiltonian>  Hamiltonian matrix for VNA+dVH+Vxc...
<Band>  Solving the eigenvalue problem...
 KGrids1:  -0.45833  -0.37500  -0.29167  -0.20833  -0.12500  -0.04167   0.04167   0.12500   0.20833   0.29167   0.37500   0.45833 
 KGrids2:  -0.45833  -0.37500  -0.29167  -0.20833  -0.12500  -0.04167   0.04167   0.12500   0.20833   0.29167   0.37500   0.45833 
 KGrids3:  -0.47500  -0.42500  -0.37500  -0.32500  -0.27500  -0.22500  -0.17500  -0.12500  -0.07500  -0.02500   0.02500   0.07500   0.12500   0.17500   0.22500   0.27500   0.32500   0.37500   0.42500   0.47500 
<Band_DFT>  Eigen, time=0.746266
<Band_DFT>  DM, time=2.040149
    1   Sn  MulP   6.9998  6.9998 sum  13.9997
    2   Sn  MulP   7.0005  7.0005 sum  14.0011
    3   Sn  MulP   6.9998  6.9998 sum  13.9996
    4   Sn  MulP   6.9998  6.9998 sum  13.9997
 Sum of MulP: up   =    28.00000 down          =    28.00000
              total=    56.00000 ideal(neutral)=    56.00000
<DFT>  Total Spin Moment (muB) =  0.000000000000
<DFT>  Mixing_weight= 0.040000000000
<DFT>  Uele   =  -42.202474745290  dUele     =   0.000044515197
<DFT>  NormRD =    0.000021840040  Criterion =   0.000000100000

******************* MD= 8  SCF= 5 *******************
<Poisson>  Poisson's equation using FFT...
<Set_Hamiltonian>  Hamiltonian matrix for VNA+dVH+Vxc...
<Band>  Solving the eigenvalue problem...
 KGrids1:  -0.45833  -0.37500  -0.29167  -0.20833  -0.12500  -0.04167   0.04167   0.12500   0.20833   0.29167   0.37500   0.45833 
 KGrids2:  -0.45833  -0.37500  -0.29167  -0.20833  -0.12500  -0.04167   0.04167   0.12500   0.20833   0.29167   0.37500   0.45833 
 KGrids3:  -0.47500  -0.42500  -0.37500  -0.32500  -0.27500  -0.22500  -0.17500  -0.12500  -0.07500  -0.02500   0.02500   0.07500   0.12500   0.17500   0.22500   0.27500   0.32500   0.37500   0.42500   0.47500 
<Band_DFT>  Eigen, time=0.741540
<Band_DFT>  DM, time=2.037461
    1   Sn  MulP   6.9998  6.9998 sum  13.9997
    2   Sn  MulP   7.0005  7.0005 sum  14.0010
    3   Sn  MulP   6.9998  6.9998 sum  13.9996
    4   Sn  MulP   6.9998  6.9998 sum  13.9997
 Sum of MulP: up   =    28.00000 down          =    28.00000
              total=    56.00000 ideal(neutral)=    56.00000
<DFT>  Total Spin Moment (muB) =  0.000000000000
<DFT>  Mixing_weight= 0.040000000000
<DFT>  Uele   =  -42.202472523925  dUele     =   0.000002221365
<DFT>  NormRD =    0.000028817532  Criterion =   0.000000100000

******************* MD= 8  SCF= 6 *******************
<Poisson>  Poisson's equation using FFT...
<Set_Hamiltonian>  Hamiltonian matrix for VNA+dVH+Vxc...
<Band>  Solving the eigenvalue problem...
 KGrids1:  -0.45833  -0.37500  -0.29167  -0.20833  -0.12500  -0.04167   0.04167   0.12500   0.20833   0.29167   0.37500   0.45833 
 KGrids2:  -0.45833  -0.37500  -0.29167  -0.20833  -0.12500  -0.04167   0.04167   0.12500   0.20833   0.29167   0.37500   0.45833 
 KGrids3:  -0.47500  -0.42500  -0.37500  -0.32500  -0.27500  -0.22500  -0.17500  -0.12500  -0.07500  -0.02500   0.02500   0.07500   0.12500   0.17500   0.22500   0.27500   0.32500   0.37500   0.42500   0.47500 
<Band_DFT>  Eigen, time=0.741692
<Band_DFT>  DM, time=2.041315
    1   Sn  MulP   6.9998  6.9998 sum  13.9997
    2   Sn  MulP   7.0005  7.0005 sum  14.0011
    3   Sn  MulP   6.9998  6.9998 sum  13.9996
    4   Sn  MulP   6.9998  6.9998 sum  13.9997
 Sum of MulP: up   =    28.00000 down          =    28.00000
              total=    56.00000 ideal(neutral)=    56.00000
<DFT>  Total Spin Moment (muB) =  0.000000000000
<DFT>  Mixing_weight= 0.040000000000
<DFT>  Uele   =  -42.202472909141  dUele     =   0.000000385217
<DFT>  NormRD =    0.000012659636  Criterion =   0.000000100000

******************* MD= 8  SCF= 7 *******************
<Poisson>  Poisson's equation using FFT...
<Set_Hamiltonian>  Hamiltonian matrix for VNA+dVH+Vxc...
<Band>  Solving the eigenvalue problem...
 KGrids1:  -0.45833  -0.37500  -0.29167  -0.20833  -0.12500  -0.04167   0.04167   0.12500   0.20833   0.29167   0.37500   0.45833 
 KGrids2:  -0.45833  -0.37500  -0.29167  -0.20833  -0.12500  -0.04167   0.04167   0.12500   0.20833   0.29167   0.37500   0.45833 
 KGrids3:  -0.47500  -0.42500  -0.37500  -0.32500  -0.27500  -0.22500  -0.17500  -0.12500  -0.07500  -0.02500   0.02500   0.07500   0.12500   0.17500   0.22500   0.27500   0.32500   0.37500   0.42500   0.47500 
<Band_DFT>  Eigen, time=0.748796
<Band_DFT>  DM, time=2.039165
    1   Sn  MulP   6.9998  6.9998 sum  13.9997
    2   Sn  MulP   7.0005  7.0005 sum  14.0011
    3   Sn  MulP   6.9998  6.9998 sum  13.9996
    4   Sn  MulP   6.9998  6.9998 sum  13.9997
 Sum of MulP: up   =    28.00000 down          =    28.00000
              total=    56.00000 ideal(neutral)=    56.00000
<DFT>  Total Spin Moment (muB) =  0.000000000000
<DFT>  Mixing_weight= 0.040000000000
<DFT>  Uele   =  -42.202473266520  dUele     =   0.000000357379
<DFT>  NormRD =    0.000002227708  Criterion =   0.000000100000

******************* MD= 8  SCF= 8 *******************
<Poisson>  Poisson's equation using FFT...
<Set_Hamiltonian>  Hamiltonian matrix for VNA+dVH+Vxc...
<Band>  Solving the eigenvalue problem...
 KGrids1:  -0.45833  -0.37500  -0.29167  -0.20833  -0.12500  -0.04167   0.04167   0.12500   0.20833   0.29167   0.37500   0.45833 
 KGrids2:  -0.45833  -0.37500  -0.29167  -0.20833  -0.12500  -0.04167   0.04167   0.12500   0.20833   0.29167   0.37500   0.45833 
 KGrids3:  -0.47500  -0.42500  -0.37500  -0.32500  -0.27500  -0.22500  -0.17500  -0.12500  -0.07500  -0.02500   0.02500   0.07500   0.12500   0.17500   0.22500   0.27500   0.32500   0.37500   0.42500   0.47500 
<Band_DFT>  Eigen, time=0.741844
<Band_DFT>  DM, time=2.041213
    1   Sn  MulP   6.9998  6.9998 sum  13.9997
    2   Sn  MulP   7.0005  7.0005 sum  14.0011
    3   Sn  MulP   6.9998  6.9998 sum  13.9996
    4   Sn  MulP   6.9998  6.9998 sum  13.9997
 Sum of MulP: up   =    28.00000 down          =    28.00000
              total=    56.00000 ideal(neutral)=    56.00000
<DFT>  Total Spin Moment (muB) =  0.000000000000
<DFT>  Mixing_weight= 0.040000000000
<DFT>  Uele   =  -42.202473346245  dUele     =   0.000000079725
<DFT>  NormRD =    0.000000613308  Criterion =   0.000000100000
<MD= 8>  Force calculation
  Force calculation #1
  Force calculation #2
  Force calculation #3
  Force calculation #4
  Force calculation #5
  Stress calculation #1
  Stress calculation #2
  Stress calculation #3
  Stress calculation #4
  Stress calculation #5
<MD= 8>  Total Energy
  Force calculation #6
  Force calculation #7

*******************************************************
                  Dipole moment (Debye)                 
*******************************************************

 Absolute D      521.76175897

                      Dx                Dy                Dz
 Total           -363.75329339     -362.14122375      -93.66220545
 Core             403.44638496      401.43884859      324.60610591
 Electron        -767.19967835     -763.58007234     -418.26831136
 Back ground       -0.00000000       -0.00000000       -0.00000000

*******************************************************
               Stress tensor (Hartree/bohr^3)            
*******************************************************

       0.00001171        0.00000000        0.00000000 
       0.00000000        0.00000384       -0.00000000 
       0.00000000       -0.00000000        0.00000574 

*******************************************************
                Total Energy (Hartree) at MD = 8        
*******************************************************

  Uele  =     -42.202473346245

  Ukin  =     203.433340336426
  UH0   =   -2699.766569261294
  UH1   =       0.004871973103
  Una   =    -149.407053131195
  Unl   =     -47.918034161631
  Uxc0  =     -25.234593202411
  Uxc1  =     -25.234593202411
  Ucore =    2459.965338714887
  Uhub  =       0.000000000000
  Ucs   =       0.000000000000
  Uzs   =       0.000000000000
  Uzo   =       0.000000000000
  Uef   =       0.000000000000
  UvdW  =       0.000000000000
  Uch   =       0.000000000000
  Utot  =    -284.157291934526

  UpV   =       0.000000000000
  Enpy  =    -284.157291934526
  Note:

  Uele:   band energy
  Ukin:   kinetic energy
  UH0:    electric part of screened Coulomb energy
  UH1:    difference electron-electron Coulomb energy
  Una:    neutral atom potential energy
  Unl:    non-local potential energy
  Uxc0:   exchange-correlation energy for alpha spin
  Uxc1:   exchange-correlation energy for beta spin
  Ucore:  core-core Coulomb energy
  Uhub:   LDA+U energy
  Ucs:    constraint energy for spin orientation
  Uzs:    Zeeman term for spin magnetic moment
  Uzo:    Zeeman term for orbital magnetic moment
  Uef:    electric energy by electric field
  UvdW:   semi-empirical vdW energy 
  Uch:    penalty term to create a core hole
  UpV:    pressure times volume
  Enpy:   Enthalpy = Utot + UpV
  (see also PRB 72, 045121(2005) for the energy contributions)


*******************************************************
           Computational times (s) at MD = 8            
*******************************************************

  DFT in total      =   34.80839

  Set_OLP_Kin       =    0.91313
  Set_Nonlocal      =    1.25630
  Set_ProExpn_VNA   =    3.14081
  Set_Hamiltonian   =    1.85872
  Poisson           =    0.00156
  diagonalization   =   22.68693
  Mixing_DM         =    0.00621
  Force             =    1.97977
  Total_Energy      =    0.29795
  Set_Aden_Grid     =    0.00731
  Set_Orbitals_Grid =    0.12532
  Set_Density_Grid  =    0.77960
  RestartFileDFT    =    0.01148
  Mulliken_Charge   =    0.00124
  FFT(2D)_Density   =    0.00228

The SCF was achieved at MD=   8

*******************************************************
             MD or geometry opt. at MD = 8              
*******************************************************

<BFGS>  |Maximum force| (Hartree/Bohr) = 0.001092363558
<BFGS>  Criterion       (Hartree/Bohr) = 0.000100000000

     atom=   1, XYZ(ang) Fxyz(a.u.)=   0.0000   -0.0000   -0.0050     0.0000   -0.0000    0.0005
     atom=   2, XYZ(ang) Fxyz(a.u.)=   2.9998    2.9849    1.5929     0.0000    0.0000    0.0011
     atom=   3, XYZ(ang) Fxyz(a.u.)=   0.0000    2.9849    0.8480    -0.0000    0.0000    0.0005
     atom=   4, XYZ(ang) Fxyz(a.u.)=   2.9998   -0.0000    2.3907    -0.0000    0.0000    0.0003

*******************************************************
        Analysis of neighbors and setting of grids        
*******************************************************


*******************************************************
  Allocation of atoms to processors at MD_iter=    9     
*******************************************************

 proc =   0  # of atoms=   1  estimated weight=         1.00000
 proc =   1  # of atoms=   1  estimated weight=         1.00000
 proc =   2  # of atoms=   1  estimated weight=         1.00000
 proc =   3  # of atoms=   1  estimated weight=         1.00000
 proc =   4  # of atoms=   0  estimated weight=         0.00000
 proc =   5  # of atoms=   0  estimated weight=         0.00000
 proc =   6  # of atoms=   0  estimated weight=         0.00000
 proc =   7  # of atoms=   0  estimated weight=         0.00000
 proc =   8  # of atoms=   0  estimated weight=         0.00000
 proc =   9  # of atoms=   0  estimated weight=         0.00000
 proc =  10  # of atoms=   0  estimated weight=         0.00000
 proc =  11  # of atoms=   0  estimated weight=         0.00000
 proc =  12  # of atoms=   0  estimated weight=         0.00000
 proc =  13  # of atoms=   0  estimated weight=         0.00000
 proc =  14  # of atoms=   0  estimated weight=         0.00000
 proc =  15  # of atoms=   0  estimated weight=         0.00000



TFNAN=     256   Average FNAN=  64.00000
TSNAN=       0   Average SNAN=   0.00000
<truncation> CpyCell= 3 ct_AN=   1 FNAN SNAN  64   0
<truncation> CpyCell= 3 ct_AN=   2 FNAN SNAN  64   0
<truncation> CpyCell= 3 ct_AN=   3 FNAN SNAN  64   0
<truncation> CpyCell= 3 ct_AN=   4 FNAN SNAN  64   0
<UCell_Box> Info. of cutoff energy and num. of grids
lattice vectors (bohr)
A  = 11.337702133525,  0.000000000000,  0.000000000000
B  =  0.000000000000, 11.281295655248,  0.000000000000
C  =  0.000000000000,  0.000000000000,  6.081931916162
reciprocal lattice vectors (bohr^-1)
RA =  0.554185074999,  0.000000000000,  0.000000000000
RB =  0.000000000000,  0.556956000374,  0.000000000000
RC =  0.000000000000,  0.000000000000,  1.033090372236
Required cutoff energy (Ryd) for 3D-grids = 200.0000
    Used cutoff energy (Ryd) for 3D-grids = 191.9507, 193.8750, 194.5110
Num. of grids of a-, b-, and c-axes = 50, 50, 27
Cell_Volume =    777.903236248648 (Bohr^3)
GridVol     =      0.011524492389 (Bohr^3)
Cell vectors (bohr) of the grid cell (gtv)
  gtv_a =  0.226754042670,  0.000000000000,  0.000000000000
  gtv_b =  0.000000000000,  0.225625913105,  0.000000000000
  gtv_c =  0.000000000000,  0.000000000000,  0.225256737636
  |gtv_a| =  0.226754042670
  |gtv_b| =  0.225625913105
  |gtv_c| =  0.225256737636
Num. of grids overlapping with atom    1 = 124537
Num. of grids overlapping with atom    2 = 124654
Num. of grids overlapping with atom    3 = 124640
Num. of grids overlapping with atom    4 = 124553

*******************************************************
             SCF calculation at MD = 9                
*******************************************************

<MD= 9>  Calculation of the overlap matrix
<MD= 9>  Calculation of the nonlocal matrix
<MD= 9>  Calculation of the VNA projector matrix

******************* MD= 9  SCF= 1 *******************
<Restart>  Found restart files
<Poisson>  Poisson's equation using FFT...
<Band>  Solving the eigenvalue problem...
 KGrids1:  -0.45833  -0.37500  -0.29167  -0.20833  -0.12500  -0.04167   0.04167   0.12500   0.20833   0.29167   0.37500   0.45833 
 KGrids2:  -0.45833  -0.37500  -0.29167  -0.20833  -0.12500  -0.04167   0.04167   0.12500   0.20833   0.29167   0.37500   0.45833 
 KGrids3:  -0.47500  -0.42500  -0.37500  -0.32500  -0.27500  -0.22500  -0.17500  -0.12500  -0.07500  -0.02500   0.02500   0.07500   0.12500   0.17500   0.22500   0.27500   0.32500   0.37500   0.42500   0.47500 
<Band_DFT>  Eigen, time=0.794501
<Band_DFT>  DM, time=1.989193
    1   Sn  MulP   6.9998  6.9998 sum  13.9997
    2   Sn  MulP   7.0005  7.0005 sum  14.0011
    3   Sn  MulP   6.9998  6.9998 sum  13.9996
    4   Sn  MulP   6.9998  6.9998 sum  13.9996
 Sum of MulP: up   =    28.00000 down          =    28.00000
              total=    56.00000 ideal(neutral)=    56.00000
<DFT>  Total Spin Moment (muB) =  0.000000000000
<DFT>  Mixing_weight= 0.400000000000
<DFT>  Uele   =  -42.202425745521  dUele     =   1.000000000000
<DFT>  NormRD =    1.000000000000  Criterion =   0.000000100000

******************* MD= 9  SCF= 2 *******************
<Poisson>  Poisson's equation using FFT...
<Set_Hamiltonian>  Hamiltonian matrix for VNA+dVH+Vxc...
<Band>  Solving the eigenvalue problem...
 KGrids1:  -0.45833  -0.37500  -0.29167  -0.20833  -0.12500  -0.04167   0.04167   0.12500   0.20833   0.29167   0.37500   0.45833 
 KGrids2:  -0.45833  -0.37500  -0.29167  -0.20833  -0.12500  -0.04167   0.04167   0.12500   0.20833   0.29167   0.37500   0.45833 
 KGrids3:  -0.47500  -0.42500  -0.37500  -0.32500  -0.27500  -0.22500  -0.17500  -0.12500  -0.07500  -0.02500   0.02500   0.07500   0.12500   0.17500   0.22500   0.27500   0.32500   0.37500   0.42500   0.47500 
<Band_DFT>  Eigen, time=0.749469
<Band_DFT>  DM, time=2.037577
    1   Sn  MulP   6.9998  6.9998 sum  13.9997
    2   Sn  MulP   7.0005  7.0005 sum  14.0011
    3   Sn  MulP   6.9998  6.9998 sum  13.9996
    4   Sn  MulP   6.9998  6.9998 sum  13.9996
 Sum of MulP: up   =    28.00000 down          =    28.00000
              total=    56.00000 ideal(neutral)=    56.00000
<DFT>  Total Spin Moment (muB) =  0.000000000000
<DFT>  Mixing_weight= 0.400000000000
<DFT>  Uele   =  -42.202442264882  dUele     =   0.000016519361
<DFT>  NormRD =    0.000216873399  Criterion =   0.000000100000

******************* MD= 9  SCF= 3 *******************
<Poisson>  Poisson's equation using FFT...
<Set_Hamiltonian>  Hamiltonian matrix for VNA+dVH+Vxc...
<Band>  Solving the eigenvalue problem...
 KGrids1:  -0.45833  -0.37500  -0.29167  -0.20833  -0.12500  -0.04167   0.04167   0.12500   0.20833   0.29167   0.37500   0.45833 
 KGrids2:  -0.45833  -0.37500  -0.29167  -0.20833  -0.12500  -0.04167   0.04167   0.12500   0.20833   0.29167   0.37500   0.45833 
 KGrids3:  -0.47500  -0.42500  -0.37500  -0.32500  -0.27500  -0.22500  -0.17500  -0.12500  -0.07500  -0.02500   0.02500   0.07500   0.12500   0.17500   0.22500   0.27500   0.32500   0.37500   0.42500   0.47500 
<Band_DFT>  Eigen, time=0.747235
<Band_DFT>  DM, time=1.948411
    1   Sn  MulP   6.9998  6.9998 sum  13.9997
    2   Sn  MulP   7.0005  7.0005 sum  14.0011
    3   Sn  MulP   6.9998  6.9998 sum  13.9996
    4   Sn  MulP   6.9998  6.9998 sum  13.9997
 Sum of MulP: up   =    28.00000 down          =    28.00000
              total=    56.00000 ideal(neutral)=    56.00000
<DFT>  Total Spin Moment (muB) =  0.000000000000
<DFT>  Mixing_weight= 0.040000000000
<DFT>  Uele   =  -42.202452473356  dUele     =   0.000010208473
<DFT>  NormRD =    0.000140332497  Criterion =   0.000000100000

******************* MD= 9  SCF= 4 *******************
<Poisson>  Poisson's equation using FFT...
<Set_Hamiltonian>  Hamiltonian matrix for VNA+dVH+Vxc...
<Band>  Solving the eigenvalue problem...
 KGrids1:  -0.45833  -0.37500  -0.29167  -0.20833  -0.12500  -0.04167   0.04167   0.12500   0.20833   0.29167   0.37500   0.45833 
 KGrids2:  -0.45833  -0.37500  -0.29167  -0.20833  -0.12500  -0.04167   0.04167   0.12500   0.20833   0.29167   0.37500   0.45833 
 KGrids3:  -0.47500  -0.42500  -0.37500  -0.32500  -0.27500  -0.22500  -0.17500  -0.12500  -0.07500  -0.02500   0.02500   0.07500   0.12500   0.17500   0.22500   0.27500   0.32500   0.37500   0.42500   0.47500 
<Band_DFT>  Eigen, time=0.742503
<Band_DFT>  DM, time=1.918662
    1   Sn  MulP   6.9998  6.9998 sum  13.9997
    2   Sn  MulP   7.0005  7.0005 sum  14.0011
    3   Sn  MulP   6.9998  6.9998 sum  13.9996
    4   Sn  MulP   6.9998  6.9998 sum  13.9997
 Sum of MulP: up   =    28.00000 down          =    28.00000
              total=    56.00000 ideal(neutral)=    56.00000
<DFT>  Total Spin Moment (muB) =  0.000000000000
<DFT>  Mixing_weight= 0.040000000000
<DFT>  Uele   =  -42.202470159052  dUele     =   0.000017685696
<DFT>  NormRD =    0.000008508477  Criterion =   0.000000100000

******************* MD= 9  SCF= 5 *******************
<Poisson>  Poisson's equation using FFT...
<Set_Hamiltonian>  Hamiltonian matrix for VNA+dVH+Vxc...
<Band>  Solving the eigenvalue problem...
 KGrids1:  -0.45833  -0.37500  -0.29167  -0.20833  -0.12500  -0.04167   0.04167   0.12500   0.20833   0.29167   0.37500   0.45833 
 KGrids2:  -0.45833  -0.37500  -0.29167  -0.20833  -0.12500  -0.04167   0.04167   0.12500   0.20833   0.29167   0.37500   0.45833 
 KGrids3:  -0.47500  -0.42500  -0.37500  -0.32500  -0.27500  -0.22500  -0.17500  -0.12500  -0.07500  -0.02500   0.02500   0.07500   0.12500   0.17500   0.22500   0.27500   0.32500   0.37500   0.42500   0.47500 
<Band_DFT>  Eigen, time=0.743032
<Band_DFT>  DM, time=1.914613
    1   Sn  MulP   6.9998  6.9998 sum  13.9997
    2   Sn  MulP   7.0005  7.0005 sum  14.0011
    3   Sn  MulP   6.9998  6.9998 sum  13.9996
    4   Sn  MulP   6.9998  6.9998 sum  13.9997
 Sum of MulP: up   =    28.00000 down          =    28.00000
              total=    56.00000 ideal(neutral)=    56.00000
<DFT>  Total Spin Moment (muB) =  0.000000000000
<DFT>  Mixing_weight= 0.040000000000
<DFT>  Uele   =  -42.202468404199  dUele     =   0.000001754853
<DFT>  NormRD =    0.000010405307  Criterion =   0.000000100000

******************* MD= 9  SCF= 6 *******************
<Poisson>  Poisson's equation using FFT...
<Set_Hamiltonian>  Hamiltonian matrix for VNA+dVH+Vxc...
<Band>  Solving the eigenvalue problem...
 KGrids1:  -0.45833  -0.37500  -0.29167  -0.20833  -0.12500  -0.04167   0.04167   0.12500   0.20833   0.29167   0.37500   0.45833 
 KGrids2:  -0.45833  -0.37500  -0.29167  -0.20833  -0.12500  -0.04167   0.04167   0.12500   0.20833   0.29167   0.37500   0.45833 
 KGrids3:  -0.47500  -0.42500  -0.37500  -0.32500  -0.27500  -0.22500  -0.17500  -0.12500  -0.07500  -0.02500   0.02500   0.07500   0.12500   0.17500   0.22500   0.27500   0.32500   0.37500   0.42500   0.47500 
<Band_DFT>  Eigen, time=0.741522
<Band_DFT>  DM, time=1.913493
    1   Sn  MulP   6.9998  6.9998 sum  13.9997
    2   Sn  MulP   7.0005  7.0005 sum  14.0011
    3   Sn  MulP   6.9998  6.9998 sum  13.9996
    4   Sn  MulP   6.9998  6.9998 sum  13.9997
 Sum of MulP: up   =    28.00000 down          =    28.00000
              total=    56.00000 ideal(neutral)=    56.00000
<DFT>  Total Spin Moment (muB) =  0.000000000000
<DFT>  Mixing_weight= 0.040000000000
<DFT>  Uele   =  -42.202468684649  dUele     =   0.000000280450
<DFT>  NormRD =    0.000005660254  Criterion =   0.000000100000

******************* MD= 9  SCF= 7 *******************
<Poisson>  Poisson's equation using FFT...
<Set_Hamiltonian>  Hamiltonian matrix for VNA+dVH+Vxc...
<Band>  Solving the eigenvalue problem...
 KGrids1:  -0.45833  -0.37500  -0.29167  -0.20833  -0.12500  -0.04167   0.04167   0.12500   0.20833   0.29167   0.37500   0.45833 
 KGrids2:  -0.45833  -0.37500  -0.29167  -0.20833  -0.12500  -0.04167   0.04167   0.12500   0.20833   0.29167   0.37500   0.45833 
 KGrids3:  -0.47500  -0.42500  -0.37500  -0.32500  -0.27500  -0.22500  -0.17500  -0.12500  -0.07500  -0.02500   0.02500   0.07500   0.12500   0.17500   0.22500   0.27500   0.32500   0.37500   0.42500   0.47500 
<Band_DFT>  Eigen, time=0.741203
<Band_DFT>  DM, time=1.911544
    1   Sn  MulP   6.9998  6.9998 sum  13.9997
    2   Sn  MulP   7.0005  7.0005 sum  14.0011
    3   Sn  MulP   6.9998  6.9998 sum  13.9996
    4   Sn  MulP   6.9998  6.9998 sum  13.9997
 Sum of MulP: up   =    28.00000 down          =    28.00000
              total=    56.00000 ideal(neutral)=    56.00000
<DFT>  Total Spin Moment (muB) =  0.000000000000
<DFT>  Mixing_weight= 0.040000000000
<DFT>  Uele   =  -42.202468853622  dUele     =   0.000000168973
<DFT>  NormRD =    0.000000638179  Criterion =   0.000000100000

******************* MD= 9  SCF= 8 *******************
<Poisson>  Poisson's equation using FFT...
<Set_Hamiltonian>  Hamiltonian matrix for VNA+dVH+Vxc...
<Band>  Solving the eigenvalue problem...
 KGrids1:  -0.45833  -0.37500  -0.29167  -0.20833  -0.12500  -0.04167   0.04167   0.12500   0.20833   0.29167   0.37500   0.45833 
 KGrids2:  -0.45833  -0.37500  -0.29167  -0.20833  -0.12500  -0.04167   0.04167   0.12500   0.20833   0.29167   0.37500   0.45833 
 KGrids3:  -0.47500  -0.42500  -0.37500  -0.32500  -0.27500  -0.22500  -0.17500  -0.12500  -0.07500  -0.02500   0.02500   0.07500   0.12500   0.17500   0.22500   0.27500   0.32500   0.37500   0.42500   0.47500 
<Band_DFT>  Eigen, time=0.738774
<Band_DFT>  DM, time=1.909153
    1   Sn  MulP   6.9998  6.9998 sum  13.9997
    2   Sn  MulP   7.0005  7.0005 sum  14.0011
    3   Sn  MulP   6.9998  6.9998 sum  13.9996
    4   Sn  MulP   6.9998  6.9998 sum  13.9997
 Sum of MulP: up   =    28.00000 down          =    28.00000
              total=    56.00000 ideal(neutral)=    56.00000
<DFT>  Total Spin Moment (muB) =  0.000000000000
<DFT>  Mixing_weight= 0.040000000000
<DFT>  Uele   =  -42.202468898086  dUele     =   0.000000044464
<DFT>  NormRD =    0.000000234610  Criterion =   0.000000100000
<MD= 9>  Force calculation
  Force calculation #1
  Force calculation #2
  Force calculation #3
  Force calculation #4
  Force calculation #5
  Stress calculation #1
  Stress calculation #2
  Stress calculation #3
  Stress calculation #4
  Stress calculation #5
<MD= 9>  Total Energy
  Force calculation #6
  Force calculation #7

*******************************************************
                  Dipole moment (Debye)                 
*******************************************************

 Absolute D      521.77077408

                      Dx                Dy                Dz
 Total           -363.75333536     -362.14125854      -93.71211534
 Core             403.44635730      401.43884166      324.56050108
 Electron        -767.19969266     -763.58010020     -418.27261642
 Back ground       -0.00000000       -0.00000000       -0.00000000

*******************************************************
               Stress tensor (Hartree/bohr^3)            
*******************************************************

       0.00001170        0.00000000        0.00000000 
       0.00000000        0.00000402       -0.00000000 
       0.00000000       -0.00000000        0.00000581 

*******************************************************
                Total Energy (Hartree) at MD = 9        
*******************************************************

  Uele  =     -42.202468898086

  Ukin  =     203.433348551115
  UH0   =   -2699.765718805174
  UH1   =       0.004871894859
  Una   =    -149.407050377232
  Unl   =     -47.918042383359
  Uxc0  =     -25.234593710207
  Uxc1  =     -25.234593710207
  Ucore =    2459.964485681542
  Uhub  =       0.000000000000
  Ucs   =       0.000000000000
  Uzs   =       0.000000000000
  Uzo   =       0.000000000000
  Uef   =       0.000000000000
  UvdW  =       0.000000000000
  Uch   =       0.000000000000
  Utot  =    -284.157292858663

  UpV   =       0.000000000000
  Enpy  =    -284.157292858663
  Note:

  Uele:   band energy
  Ukin:   kinetic energy
  UH0:    electric part of screened Coulomb energy
  UH1:    difference electron-electron Coulomb energy
  Una:    neutral atom potential energy
  Unl:    non-local potential energy
  Uxc0:   exchange-correlation energy for alpha spin
  Uxc1:   exchange-correlation energy for beta spin
  Ucore:  core-core Coulomb energy
  Uhub:   LDA+U energy
  Ucs:    constraint energy for spin orientation
  Uzs:    Zeeman term for spin magnetic moment
  Uzo:    Zeeman term for orbital magnetic moment
  Uef:    electric energy by electric field
  UvdW:   semi-empirical vdW energy 
  Uch:    penalty term to create a core hole
  UpV:    pressure times volume
  Enpy:   Enthalpy = Utot + UpV
  (see also PRB 72, 045121(2005) for the energy contributions)


*******************************************************
           Computational times (s) at MD = 9            
*******************************************************

  DFT in total      =   34.02083

  Set_OLP_Kin       =    0.69845
  Set_Nonlocal      =    1.40847
  Set_ProExpn_VNA   =    3.32297
  Set_Hamiltonian   =    1.89878
  Poisson           =    0.00131
  diagonalization   =   21.99311
  Mixing_DM         =    0.00629
  Force             =    1.95714
  Total_Energy      =    0.30466
  Set_Aden_Grid     =    0.00729
  Set_Orbitals_Grid =    0.13333
  Set_Density_Grid  =    0.71171
  RestartFileDFT    =    0.00296
  Mulliken_Charge   =    0.00119
  FFT(2D)_Density   =    0.00219

The SCF was achieved at MD=   9

*******************************************************
             MD or geometry opt. at MD = 9              
*******************************************************

<BFGS>  |Maximum force| (Hartree/Bohr) = 0.001235785037
<BFGS>  Criterion       (Hartree/Bohr) = 0.000100000000

     atom=   1, XYZ(ang) Fxyz(a.u.)=  -0.0000    0.0000   -0.0056     0.0000   -0.0000    0.0004
     atom=   2, XYZ(ang) Fxyz(a.u.)=   2.9998    2.9849    1.5938     0.0000    0.0000    0.0012
     atom=   3, XYZ(ang) Fxyz(a.u.)=   0.0000    2.9849    0.8277    -0.0000    0.0000    0.0007
     atom=   4, XYZ(ang) Fxyz(a.u.)=   2.9998   -0.0000    2.3993    -0.0000   -0.0000    0.0001

*******************************************************
        Analysis of neighbors and setting of grids        
*******************************************************


*******************************************************
  Allocation of atoms to processors at MD_iter=   10     
*******************************************************

 proc =   0  # of atoms=   1  estimated weight=         1.00000
 proc =   1  # of atoms=   1  estimated weight=         1.00000
 proc =   2  # of atoms=   1  estimated weight=         1.00000
 proc =   3  # of atoms=   1  estimated weight=         1.00000
 proc =   4  # of atoms=   0  estimated weight=         0.00000
 proc =   5  # of atoms=   0  estimated weight=         0.00000
 proc =   6  # of atoms=   0  estimated weight=         0.00000
 proc =   7  # of atoms=   0  estimated weight=         0.00000
 proc =   8  # of atoms=   0  estimated weight=         0.00000
 proc =   9  # of atoms=   0  estimated weight=         0.00000
 proc =  10  # of atoms=   0  estimated weight=         0.00000
 proc =  11  # of atoms=   0  estimated weight=         0.00000
 proc =  12  # of atoms=   0  estimated weight=         0.00000
 proc =  13  # of atoms=   0  estimated weight=         0.00000
 proc =  14  # of atoms=   0  estimated weight=         0.00000
 proc =  15  # of atoms=   0  estimated weight=         0.00000



TFNAN=     256   Average FNAN=  64.00000
TSNAN=       0   Average SNAN=   0.00000
<truncation> CpyCell= 3 ct_AN=   1 FNAN SNAN  64   0
<truncation> CpyCell= 3 ct_AN=   2 FNAN SNAN  64   0
<truncation> CpyCell= 3 ct_AN=   3 FNAN SNAN  64   0
<truncation> CpyCell= 3 ct_AN=   4 FNAN SNAN  64   0
<UCell_Box> Info. of cutoff energy and num. of grids
lattice vectors (bohr)
A  = 11.337702133525,  0.000000000000,  0.000000000000
B  =  0.000000000000, 11.281295655248,  0.000000000000
C  =  0.000000000000,  0.000000000000,  6.081931916162
reciprocal lattice vectors (bohr^-1)
RA =  0.554185074999,  0.000000000000,  0.000000000000
RB =  0.000000000000,  0.556956000374,  0.000000000000
RC =  0.000000000000,  0.000000000000,  1.033090372236
Required cutoff energy (Ryd) for 3D-grids = 200.0000
    Used cutoff energy (Ryd) for 3D-grids = 191.9507, 193.8750, 194.5110
Num. of grids of a-, b-, and c-axes = 50, 50, 27
Cell_Volume =    777.903236248648 (Bohr^3)
GridVol     =      0.011524492389 (Bohr^3)
Cell vectors (bohr) of the grid cell (gtv)
  gtv_a =  0.226754042670,  0.000000000000,  0.000000000000
  gtv_b =  0.000000000000,  0.225625913105,  0.000000000000
  gtv_c =  0.000000000000,  0.000000000000,  0.225256737636
  |gtv_a| =  0.226754042670
  |gtv_b| =  0.225625913105
  |gtv_c| =  0.225256737636
Num. of grids overlapping with atom    1 = 124537
Num. of grids overlapping with atom    2 = 124680
Num. of grids overlapping with atom    3 = 124553
Num. of grids overlapping with atom    4 = 124614

*******************************************************
             SCF calculation at MD =10                
*******************************************************

<MD=10>  Calculation of the overlap matrix
<MD=10>  Calculation of the nonlocal matrix
<MD=10>  Calculation of the VNA projector matrix

******************* MD=10  SCF= 1 *******************
<Restart>  Found restart files
<Poisson>  Poisson's equation using FFT...
<Band>  Solving the eigenvalue problem...
 KGrids1:  -0.45833  -0.37500  -0.29167  -0.20833  -0.12500  -0.04167   0.04167   0.12500   0.20833   0.29167   0.37500   0.45833 
 KGrids2:  -0.45833  -0.37500  -0.29167  -0.20833  -0.12500  -0.04167   0.04167   0.12500   0.20833   0.29167   0.37500   0.45833 
 KGrids3:  -0.47500  -0.42500  -0.37500  -0.32500  -0.27500  -0.22500  -0.17500  -0.12500  -0.07500  -0.02500   0.02500   0.07500   0.12500   0.17500   0.22500   0.27500   0.32500   0.37500   0.42500   0.47500 
<Band_DFT>  Eigen, time=0.522974
<Band_DFT>  DM, time=1.400379
    1   Sn  MulP   7.0003  7.0003 sum  14.0006
    2   Sn  MulP   6.9999  6.9999 sum  13.9998
    3   Sn  MulP   6.9999  6.9999 sum  13.9998
    4   Sn  MulP   6.9999  6.9999 sum  13.9998
 Sum of MulP: up   =    28.00000 down          =    28.00000
              total=    56.00000 ideal(neutral)=    56.00000
<DFT>  Total Spin Moment (muB) =  0.000000000000
<DFT>  Mixing_weight= 0.400000000000
<DFT>  Uele   =  -42.202462561030  dUele     =   1.000000000000
<DFT>  NormRD =    1.000000000000  Criterion =   0.000000100000

******************* MD=10  SCF= 2 *******************
<Poisson>  Poisson's equation using FFT...
<Set_Hamiltonian>  Hamiltonian matrix for VNA+dVH+Vxc...
<Band>  Solving the eigenvalue problem...
 KGrids1:  -0.45833  -0.37500  -0.29167  -0.20833  -0.12500  -0.04167   0.04167   0.12500   0.20833   0.29167   0.37500   0.45833 
 KGrids2:  -0.45833  -0.37500  -0.29167  -0.20833  -0.12500  -0.04167   0.04167   0.12500   0.20833   0.29167   0.37500   0.45833 
 KGrids3:  -0.47500  -0.42500  -0.37500  -0.32500  -0.27500  -0.22500  -0.17500  -0.12500  -0.07500  -0.02500   0.02500   0.07500   0.12500   0.17500   0.22500   0.27500   0.32500   0.37500   0.42500   0.47500 
<Band_DFT>  Eigen, time=0.741822
<Band_DFT>  DM, time=1.860811
    1   Sn  MulP   7.0001  7.0001 sum  14.0002
    2   Sn  MulP   7.0001  7.0001 sum  14.0001
    3   Sn  MulP   6.9999  6.9999 sum  13.9998
    4   Sn  MulP   6.9999  6.9999 sum  13.9998
 Sum of MulP: up   =    28.00000 down          =    28.00000
              total=    56.00000 ideal(neutral)=    56.00000
<DFT>  Total Spin Moment (muB) =  0.000000000000
<DFT>  Mixing_weight= 0.400000000000
<DFT>  Uele   =  -42.202468611795  dUele     =   0.000006050765
<DFT>  NormRD =    0.005551853018  Criterion =   0.000000100000

******************* MD=10  SCF= 3 *******************
<Poisson>  Poisson's equation using FFT...
<Set_Hamiltonian>  Hamiltonian matrix for VNA+dVH+Vxc...
<Band>  Solving the eigenvalue problem...
 KGrids1:  -0.45833  -0.37500  -0.29167  -0.20833  -0.12500  -0.04167   0.04167   0.12500   0.20833   0.29167   0.37500   0.45833 
 KGrids2:  -0.45833  -0.37500  -0.29167  -0.20833  -0.12500  -0.04167   0.04167   0.12500   0.20833   0.29167   0.37500   0.45833 
 KGrids3:  -0.47500  -0.42500  -0.37500  -0.32500  -0.27500  -0.22500  -0.17500  -0.12500  -0.07500  -0.02500   0.02500   0.07500   0.12500   0.17500   0.22500   0.27500   0.32500   0.37500   0.42500   0.47500 
<Band_DFT>  Eigen, time=0.741334
<Band_DFT>  DM, time=1.851519
    1   Sn  MulP   7.0000  7.0000 sum  14.0001
    2   Sn  MulP   7.0002  7.0002 sum  14.0003
    3   Sn  MulP   6.9999  6.9999 sum  13.9998
    4   Sn  MulP   6.9999  6.9999 sum  13.9998
 Sum of MulP: up   =    28.00000 down          =    28.00000
              total=    56.00000 ideal(neutral)=    56.00000
<DFT>  Total Spin Moment (muB) =  0.000000000000
<DFT>  Mixing_weight= 0.040000000000
<DFT>  Uele   =  -42.202469854421  dUele     =   0.000001242626
<DFT>  NormRD =    0.003746395366  Criterion =   0.000000100000

******************* MD=10  SCF= 4 *******************
<Poisson>  Poisson's equation using FFT...
<Set_Hamiltonian>  Hamiltonian matrix for VNA+dVH+Vxc...
<Band>  Solving the eigenvalue problem...
 KGrids1:  -0.45833  -0.37500  -0.29167  -0.20833  -0.12500  -0.04167   0.04167   0.12500   0.20833   0.29167   0.37500   0.45833 
 KGrids2:  -0.45833  -0.37500  -0.29167  -0.20833  -0.12500  -0.04167   0.04167   0.12500   0.20833   0.29167   0.37500   0.45833 
 KGrids3:  -0.47500  -0.42500  -0.37500  -0.32500  -0.27500  -0.22500  -0.17500  -0.12500  -0.07500  -0.02500   0.02500   0.07500   0.12500   0.17500   0.22500   0.27500   0.32500   0.37500   0.42500   0.47500 
<Band_DFT>  Eigen, time=0.737687
<Band_DFT>  DM, time=1.987226
    1   Sn  MulP   6.9999  6.9999 sum  13.9999
    2   Sn  MulP   7.0003  7.0003 sum  14.0005
    3   Sn  MulP   6.9999  6.9999 sum  13.9998
    4   Sn  MulP   6.9999  6.9999 sum  13.9998
 Sum of MulP: up   =    28.00000 down          =    28.00000
              total=    56.00000 ideal(neutral)=    56.00000
<DFT>  Total Spin Moment (muB) =  0.000000000000
<DFT>  Mixing_weight= 0.040000000000
<DFT>  Uele   =  -42.202447991878  dUele     =   0.000021862543
<DFT>  NormRD =    0.000348800512  Criterion =   0.000000100000

******************* MD=10  SCF= 5 *******************
<Poisson>  Poisson's equation using FFT...
<Set_Hamiltonian>  Hamiltonian matrix for VNA+dVH+Vxc...
<Band>  Solving the eigenvalue problem...
 KGrids1:  -0.45833  -0.37500  -0.29167  -0.20833  -0.12500  -0.04167   0.04167   0.12500   0.20833   0.29167   0.37500   0.45833 
 KGrids2:  -0.45833  -0.37500  -0.29167  -0.20833  -0.12500  -0.04167   0.04167   0.12500   0.20833   0.29167   0.37500   0.45833 
 KGrids3:  -0.47500  -0.42500  -0.37500  -0.32500  -0.27500  -0.22500  -0.17500  -0.12500  -0.07500  -0.02500   0.02500   0.07500   0.12500   0.17500   0.22500   0.27500   0.32500   0.37500   0.42500   0.47500 
<Band_DFT>  Eigen, time=0.743159
<Band_DFT>  DM, time=2.019133
    1   Sn  MulP   6.9999  6.9999 sum  13.9999
    2   Sn  MulP   7.0002  7.0002 sum  14.0005
    3   Sn  MulP   6.9999  6.9999 sum  13.9998
    4   Sn  MulP   6.9999  6.9999 sum  13.9998
 Sum of MulP: up   =    28.00000 down          =    28.00000
              total=    56.00000 ideal(neutral)=    56.00000
<DFT>  Total Spin Moment (muB) =  0.000000000000
<DFT>  Mixing_weight= 0.040000000000
<DFT>  Uele   =  -42.202453022237  dUele     =   0.000005030360
<DFT>  NormRD =    0.000132225658  Criterion =   0.000000100000

******************* MD=10  SCF= 6 *******************
<Poisson>  Poisson's equation using FFT...
<Set_Hamiltonian>  Hamiltonian matrix for VNA+dVH+Vxc...
<Band>  Solving the eigenvalue problem...
 KGrids1:  -0.45833  -0.37500  -0.29167  -0.20833  -0.12500  -0.04167   0.04167   0.12500   0.20833   0.29167   0.37500   0.45833 
 KGrids2:  -0.45833  -0.37500  -0.29167  -0.20833  -0.12500  -0.04167   0.04167   0.12500   0.20833   0.29167   0.37500   0.45833 
 KGrids3:  -0.47500  -0.42500  -0.37500  -0.32500  -0.27500  -0.22500  -0.17500  -0.12500  -0.07500  -0.02500   0.02500   0.07500   0.12500   0.17500   0.22500   0.27500   0.32500   0.37500   0.42500   0.47500 
<Band_DFT>  Eigen, time=0.738391
<Band_DFT>  DM, time=2.034668
    1   Sn  MulP   6.9999  6.9999 sum  13.9999
    2   Sn  MulP   7.0003  7.0003 sum  14.0005
    3   Sn  MulP   6.9999  6.9999 sum  13.9999
    4   Sn  MulP   6.9999  6.9999 sum  13.9997
 Sum of MulP: up   =    28.00000 down          =    28.00000
              total=    56.00000 ideal(neutral)=    56.00000
<DFT>  Total Spin Moment (muB) =  0.000000000000
<DFT>  Mixing_weight= 0.040000000000
<DFT>  Uele   =  -42.202451265519  dUele     =   0.000001756718
<DFT>  NormRD =    0.000093940031  Criterion =   0.000000100000

******************* MD=10  SCF= 7 *******************
<Poisson>  Poisson's equation using FFT...
<Set_Hamiltonian>  Hamiltonian matrix for VNA+dVH+Vxc...
<Band>  Solving the eigenvalue problem...
 KGrids1:  -0.45833  -0.37500  -0.29167  -0.20833  -0.12500  -0.04167   0.04167   0.12500   0.20833   0.29167   0.37500   0.45833 
 KGrids2:  -0.45833  -0.37500  -0.29167  -0.20833  -0.12500  -0.04167   0.04167   0.12500   0.20833   0.29167   0.37500   0.45833 
 KGrids3:  -0.47500  -0.42500  -0.37500  -0.32500  -0.27500  -0.22500  -0.17500  -0.12500  -0.07500  -0.02500   0.02500   0.07500   0.12500   0.17500   0.22500   0.27500   0.32500   0.37500   0.42500   0.47500 
<Band_DFT>  Eigen, time=0.738019
<Band_DFT>  DM, time=1.816827
    1   Sn  MulP   6.9999  6.9999 sum  13.9999
    2   Sn  MulP   7.0003  7.0003 sum  14.0005
    3   Sn  MulP   6.9999  6.9999 sum  13.9998
    4   Sn  MulP   6.9999  6.9999 sum  13.9998
 Sum of MulP: up   =    28.00000 down          =    28.00000
              total=    56.00000 ideal(neutral)=    56.00000
<DFT>  Total Spin Moment (muB) =  0.000000000000
<DFT>  Mixing_weight= 0.040000000000
<DFT>  Uele   =  -42.202451149241  dUele     =   0.000000116279
<DFT>  NormRD =    0.000020314337  Criterion =   0.000000100000

******************* MD=10  SCF= 8 *******************
<Poisson>  Poisson's equation using FFT...
<Set_Hamiltonian>  Hamiltonian matrix for VNA+dVH+Vxc...
<Band>  Solving the eigenvalue problem...
 KGrids1:  -0.45833  -0.37500  -0.29167  -0.20833  -0.12500  -0.04167   0.04167   0.12500   0.20833   0.29167   0.37500   0.45833 
 KGrids2:  -0.45833  -0.37500  -0.29167  -0.20833  -0.12500  -0.04167   0.04167   0.12500   0.20833   0.29167   0.37500   0.45833 
 KGrids3:  -0.47500  -0.42500  -0.37500  -0.32500  -0.27500  -0.22500  -0.17500  -0.12500  -0.07500  -0.02500   0.02500   0.07500   0.12500   0.17500   0.22500   0.27500   0.32500   0.37500   0.42500   0.47500 
<Band_DFT>  Eigen, time=0.799735
<Band_DFT>  DM, time=1.901301
    1   Sn  MulP   6.9999  6.9999 sum  13.9999
    2   Sn  MulP   7.0002  7.0002 sum  14.0005
    3   Sn  MulP   6.9999  6.9999 sum  13.9998
    4   Sn  MulP   6.9999  6.9999 sum  13.9998
 Sum of MulP: up   =    28.00000 down          =    28.00000
              total=    56.00000 ideal(neutral)=    56.00000
<DFT>  Total Spin Moment (muB) =  0.000000000000
<DFT>  Mixing_weight= 0.040000000000
<DFT>  Uele   =  -42.202451076307  dUele     =   0.000000072934
<DFT>  NormRD =    0.000009265374  Criterion =   0.000000100000
<MD=10>  Force calculation
  Force calculation #1
  Force calculation #2
  Force calculation #3
  Force calculation #4
  Force calculation #5
  Stress calculation #1
  Stress calculation #2
  Stress calculation #3
  Stress calculation #4
  Stress calculation #5
<MD=10>  Total Energy
  Force calculation #6
  Force calculation #7

*******************************************************
                  Dipole moment (Debye)                 
*******************************************************

 Absolute D      521.82461021

                      Dx                Dy                Dz
 Total           -363.75373658     -362.14087996      -94.01130787
 Core             403.44559009      401.43883928      323.80529396
 Electron        -767.19932667     -763.57971924     -417.81660183
 Back ground       -0.00000000       -0.00000000       -0.00000000

*******************************************************
               Stress tensor (Hartree/bohr^3)            
*******************************************************

       0.00001320        0.00000000       -0.00000000 
       0.00000000        0.00000254        0.00000000 
      -0.00000000        0.00000000        0.00000584 

*******************************************************
                Total Energy (Hartree) at MD =10        
*******************************************************

  Uele  =     -42.202451076307

  Ukin  =     203.433201920051
  UH0   =   -2699.779664759085
  UH1   =       0.004872563072
  Una   =    -149.407056299093
  Unl   =     -47.917929471496
  Uxc0  =     -25.234595659458
  Uxc1  =     -25.234595659458
  Ucore =    2459.978457601735
  Uhub  =       0.000000000000
  Ucs   =       0.000000000000
  Uzs   =       0.000000000000
  Uzo   =       0.000000000000
  Uef   =       0.000000000000
  UvdW  =       0.000000000000
  Uch   =       0.000000000000
  Utot  =    -284.157309763732

  UpV   =       0.000000000000
  Enpy  =    -284.157309763732
  Note:

  Uele:   band energy
  Ukin:   kinetic energy
  UH0:    electric part of screened Coulomb energy
  UH1:    difference electron-electron Coulomb energy
  Una:    neutral atom potential energy
  Unl:    non-local potential energy
  Uxc0:   exchange-correlation energy for alpha spin
  Uxc1:   exchange-correlation energy for beta spin
  Ucore:  core-core Coulomb energy
  Uhub:   LDA+U energy
  Ucs:    constraint energy for spin orientation
  Uzs:    Zeeman term for spin magnetic moment
  Uzo:    Zeeman term for orbital magnetic moment
  Uef:    electric energy by electric field
  UvdW:   semi-empirical vdW energy 
  Uch:    penalty term to create a core hole
  UpV:    pressure times volume
  Enpy:   Enthalpy = Utot + UpV
  (see also PRB 72, 045121(2005) for the energy contributions)


*******************************************************
           Computational times (s) at MD =10            
*******************************************************

  DFT in total      =   33.54635

  Set_OLP_Kin       =    0.70607
  Set_Nonlocal      =    1.39347
  Set_ProExpn_VNA   =    2.99993
  Set_Hamiltonian   =    1.77580
  Poisson           =    0.00137
  diagonalization   =   21.10502
  Mixing_DM         =    0.00602
  Force             =    2.11205
  Total_Energy      =    0.40889
  Set_Aden_Grid     =    0.00713
  Set_Orbitals_Grid =    0.09725
  Set_Density_Grid  =    0.71764
  RestartFileDFT    =    0.00421
  Mulliken_Charge   =    0.00132
  FFT(2D)_Density   =    0.00211

The SCF was achieved at MD=  10

*******************************************************
             MD or geometry opt. at MD =10              
*******************************************************

<BFGS>  |Maximum force| (Hartree/Bohr) = 0.001012273372
<BFGS>  Criterion       (Hartree/Bohr) = 0.000100000000

     atom=   1, XYZ(ang) Fxyz(a.u.)=  -0.0000    0.0000   -0.0130    -0.0000    0.0000    0.0002
     atom=   2, XYZ(ang) Fxyz(a.u.)=   2.9998    2.9849    1.5747    -0.0000   -0.0000    0.0010
     atom=   3, XYZ(ang) Fxyz(a.u.)=   0.0000    2.9849    0.8462     0.0000    0.0000   -0.0005
     atom=   4, XYZ(ang) Fxyz(a.u.)=   2.9998   -0.0000    2.3848     0.0000   -0.0000    0.0004

*******************************************************
        Analysis of neighbors and setting of grids        
*******************************************************


*******************************************************
  Allocation of atoms to processors at MD_iter=   11     
*******************************************************

 proc =   0  # of atoms=   1  estimated weight=         1.00000
 proc =   1  # of atoms=   1  estimated weight=         1.00000
 proc =   2  # of atoms=   1  estimated weight=         1.00000
 proc =   3  # of atoms=   1  estimated weight=         1.00000
 proc =   4  # of atoms=   0  estimated weight=         0.00000
 proc =   5  # of atoms=   0  estimated weight=         0.00000
 proc =   6  # of atoms=   0  estimated weight=         0.00000
 proc =   7  # of atoms=   0  estimated weight=         0.00000
 proc =   8  # of atoms=   0  estimated weight=         0.00000
 proc =   9  # of atoms=   0  estimated weight=         0.00000
 proc =  10  # of atoms=   0  estimated weight=         0.00000
 proc =  11  # of atoms=   0  estimated weight=         0.00000
 proc =  12  # of atoms=   0  estimated weight=         0.00000
 proc =  13  # of atoms=   0  estimated weight=         0.00000
 proc =  14  # of atoms=   0  estimated weight=         0.00000
 proc =  15  # of atoms=   0  estimated weight=         0.00000



TFNAN=     256   Average FNAN=  64.00000
TSNAN=       0   Average SNAN=   0.00000
<truncation> CpyCell= 3 ct_AN=   1 FNAN SNAN  64   0
<truncation> CpyCell= 3 ct_AN=   2 FNAN SNAN  64   0
<truncation> CpyCell= 3 ct_AN=   3 FNAN SNAN  64   0
<truncation> CpyCell= 3 ct_AN=   4 FNAN SNAN  64   0
<UCell_Box> Info. of cutoff energy and num. of grids
lattice vectors (bohr)
A  = 11.337702133525,  0.000000000000,  0.000000000000
B  =  0.000000000000, 11.281295655248,  0.000000000000
C  =  0.000000000000,  0.000000000000,  6.081931916162
reciprocal lattice vectors (bohr^-1)
RA =  0.554185074999,  0.000000000000,  0.000000000000
RB =  0.000000000000,  0.556956000374,  0.000000000000
RC =  0.000000000000,  0.000000000000,  1.033090372236
Required cutoff energy (Ryd) for 3D-grids = 200.0000
    Used cutoff energy (Ryd) for 3D-grids = 191.9507, 193.8750, 194.5110
Num. of grids of a-, b-, and c-axes = 50, 50, 27
Cell_Volume =    777.903236248648 (Bohr^3)
GridVol     =      0.011524492389 (Bohr^3)
Cell vectors (bohr) of the grid cell (gtv)
  gtv_a =  0.226754042670,  0.000000000000,  0.000000000000
  gtv_b =  0.000000000000,  0.225625913105,  0.000000000000
  gtv_c =  0.000000000000,  0.000000000000,  0.225256737636
  |gtv_a| =  0.226754042670
  |gtv_b| =  0.225625913105
  |gtv_c| =  0.225256737636
Num. of grids overlapping with atom    1 = 124632
Num. of grids overlapping with atom    2 = 124637
Num. of grids overlapping with atom    3 = 124608
Num. of grids overlapping with atom    4 = 124539

*******************************************************
             SCF calculation at MD =11                
*******************************************************

<MD=11>  Calculation of the overlap matrix
<MD=11>  Calculation of the nonlocal matrix
<MD=11>  Calculation of the VNA projector matrix

******************* MD=11  SCF= 1 *******************
<Restart>  Found restart files
<Poisson>  Poisson's equation using FFT...
<Band>  Solving the eigenvalue problem...
 KGrids1:  -0.45833  -0.37500  -0.29167  -0.20833  -0.12500  -0.04167   0.04167   0.12500   0.20833   0.29167   0.37500   0.45833 
 KGrids2:  -0.45833  -0.37500  -0.29167  -0.20833  -0.12500  -0.04167   0.04167   0.12500   0.20833   0.29167   0.37500   0.45833 
 KGrids3:  -0.47500  -0.42500  -0.37500  -0.32500  -0.27500  -0.22500  -0.17500  -0.12500  -0.07500  -0.02500   0.02500   0.07500   0.12500   0.17500   0.22500   0.27500   0.32500   0.37500   0.42500   0.47500 
<Band_DFT>  Eigen, time=0.743357
<Band_DFT>  DM, time=1.916022
    1   Sn  MulP   6.9994  6.9994 sum  13.9988
    2   Sn  MulP   7.0009  7.0009 sum  14.0019
    3   Sn  MulP   7.0000  7.0000 sum  13.9999
    4   Sn  MulP   6.9997  6.9997 sum  13.9994
 Sum of MulP: up   =    28.00000 down          =    28.00000
              total=    56.00000 ideal(neutral)=    56.00000
<DFT>  Total Spin Moment (muB) =  0.000000000000
<DFT>  Mixing_weight= 0.400000000000
<DFT>  Uele   =  -42.202133238477  dUele     =   1.000000000000
<DFT>  NormRD =    1.000000000000  Criterion =   0.000000100000

******************* MD=11  SCF= 2 *******************
<Poisson>  Poisson's equation using FFT...
<Set_Hamiltonian>  Hamiltonian matrix for VNA+dVH+Vxc...
<Band>  Solving the eigenvalue problem...
 KGrids1:  -0.45833  -0.37500  -0.29167  -0.20833  -0.12500  -0.04167   0.04167   0.12500   0.20833   0.29167   0.37500   0.45833 
 KGrids2:  -0.45833  -0.37500  -0.29167  -0.20833  -0.12500  -0.04167   0.04167   0.12500   0.20833   0.29167   0.37500   0.45833 
 KGrids3:  -0.47500  -0.42500  -0.37500  -0.32500  -0.27500  -0.22500  -0.17500  -0.12500  -0.07500  -0.02500   0.02500   0.07500   0.12500   0.17500   0.22500   0.27500   0.32500   0.37500   0.42500   0.47500 
<Band_DFT>  Eigen, time=0.739632
<Band_DFT>  DM, time=1.877065
    1   Sn  MulP   6.9996  6.9996 sum  13.9992
    2   Sn  MulP   7.0007  7.0007 sum  14.0015
    3   Sn  MulP   6.9999  6.9999 sum  13.9998
    4   Sn  MulP   6.9998  6.9998 sum  13.9996
 Sum of MulP: up   =    28.00000 down          =    28.00000
              total=    56.00000 ideal(neutral)=    56.00000
<DFT>  Total Spin Moment (muB) =  0.000000000000
<DFT>  Mixing_weight= 0.400000000000
<DFT>  Uele   =  -42.202156095765  dUele     =   0.000022857289
<DFT>  NormRD =    0.007820526841  Criterion =   0.000000100000

******************* MD=11  SCF= 3 *******************
<Poisson>  Poisson's equation using FFT...
<Set_Hamiltonian>  Hamiltonian matrix for VNA+dVH+Vxc...
<Band>  Solving the eigenvalue problem...
 KGrids1:  -0.45833  -0.37500  -0.29167  -0.20833  -0.12500  -0.04167   0.04167   0.12500   0.20833   0.29167   0.37500   0.45833 
 KGrids2:  -0.45833  -0.37500  -0.29167  -0.20833  -0.12500  -0.04167   0.04167   0.12500   0.20833   0.29167   0.37500   0.45833 
 KGrids3:  -0.47500  -0.42500  -0.37500  -0.32500  -0.27500  -0.22500  -0.17500  -0.12500  -0.07500  -0.02500   0.02500   0.07500   0.12500   0.17500   0.22500   0.27500   0.32500   0.37500   0.42500   0.47500 
<Band_DFT>  Eigen, time=0.791626
<Band_DFT>  DM, time=1.874093
    1   Sn  MulP   6.9997  6.9997 sum  13.9994
    2   Sn  MulP   7.0006  7.0006 sum  14.0012
    3   Sn  MulP   6.9999  6.9999 sum  13.9997
    4   Sn  MulP   6.9998  6.9998 sum  13.9996
 Sum of MulP: up   =    28.00000 down          =    28.00000
              total=    56.00000 ideal(neutral)=    56.00000
<DFT>  Total Spin Moment (muB) =  0.000000000000
<DFT>  Mixing_weight= 0.040000000000
<DFT>  Uele   =  -42.202178267296  dUele     =   0.000022171531
<DFT>  NormRD =    0.005337170887  Criterion =   0.000000100000

******************* MD=11  SCF= 4 *******************
<Poisson>  Poisson's equation using FFT...
<Set_Hamiltonian>  Hamiltonian matrix for VNA+dVH+Vxc...
<Band>  Solving the eigenvalue problem...
 KGrids1:  -0.45833  -0.37500  -0.29167  -0.20833  -0.12500  -0.04167   0.04167   0.12500   0.20833   0.29167   0.37500   0.45833 
 KGrids2:  -0.45833  -0.37500  -0.29167  -0.20833  -0.12500  -0.04167   0.04167   0.12500   0.20833   0.29167   0.37500   0.45833 
 KGrids3:  -0.47500  -0.42500  -0.37500  -0.32500  -0.27500  -0.22500  -0.17500  -0.12500  -0.07500  -0.02500   0.02500   0.07500   0.12500   0.17500   0.22500   0.27500   0.32500   0.37500   0.42500   0.47500 
<Band_DFT>  Eigen, time=0.791775
<Band_DFT>  DM, time=1.874619
    1   Sn  MulP   6.9998  6.9998 sum  13.9996
    2   Sn  MulP   7.0005  7.0005 sum  14.0010
    3   Sn  MulP   6.9998  6.9998 sum  13.9997
    4   Sn  MulP   6.9999  6.9999 sum  13.9997
 Sum of MulP: up   =    28.00000 down          =    28.00000
              total=    56.00000 ideal(neutral)=    56.00000
<DFT>  Total Spin Moment (muB) =  0.000000000000
<DFT>  Mixing_weight= 0.040000000000
<DFT>  Uele   =  -42.202301679352  dUele     =   0.000123412056
<DFT>  NormRD =    0.000506477891  Criterion =   0.000000100000

******************* MD=11  SCF= 5 *******************
<Poisson>  Poisson's equation using FFT...
<Set_Hamiltonian>  Hamiltonian matrix for VNA+dVH+Vxc...
<Band>  Solving the eigenvalue problem...
 KGrids1:  -0.45833  -0.37500  -0.29167  -0.20833  -0.12500  -0.04167   0.04167   0.12500   0.20833   0.29167   0.37500   0.45833 
 KGrids2:  -0.45833  -0.37500  -0.29167  -0.20833  -0.12500  -0.04167   0.04167   0.12500   0.20833   0.29167   0.37500   0.45833 
 KGrids3:  -0.47500  -0.42500  -0.37500  -0.32500  -0.27500  -0.22500  -0.17500  -0.12500  -0.07500  -0.02500   0.02500   0.07500   0.12500   0.17500   0.22500   0.27500   0.32500   0.37500   0.42500   0.47500 
<Band_DFT>  Eigen, time=0.787632
<Band_DFT>  DM, time=1.873880
    1   Sn  MulP   6.9998  6.9998 sum  13.9996
    2   Sn  MulP   7.0005  7.0005 sum  14.0010
    3   Sn  MulP   6.9999  6.9999 sum  13.9997
    4   Sn  MulP   6.9998  6.9998 sum  13.9997
 Sum of MulP: up   =    28.00000 down          =    28.00000
              total=    56.00000 ideal(neutral)=    56.00000
<DFT>  Total Spin Moment (muB) =  0.000000000000
<DFT>  Mixing_weight= 0.040000000000
<DFT>  Uele   =  -42.202279835297  dUele     =   0.000021844056
<DFT>  NormRD =    0.000205977553  Criterion =   0.000000100000

******************* MD=11  SCF= 6 *******************
<Poisson>  Poisson's equation using FFT...
<Set_Hamiltonian>  Hamiltonian matrix for VNA+dVH+Vxc...
<Band>  Solving the eigenvalue problem...
 KGrids1:  -0.45833  -0.37500  -0.29167  -0.20833  -0.12500  -0.04167   0.04167   0.12500   0.20833   0.29167   0.37500   0.45833 
 KGrids2:  -0.45833  -0.37500  -0.29167  -0.20833  -0.12500  -0.04167   0.04167   0.12500   0.20833   0.29167   0.37500   0.45833 
 KGrids3:  -0.47500  -0.42500  -0.37500  -0.32500  -0.27500  -0.22500  -0.17500  -0.12500  -0.07500  -0.02500   0.02500   0.07500   0.12500   0.17500   0.22500   0.27500   0.32500   0.37500   0.42500   0.47500 
<Band_DFT>  Eigen, time=0.745692
<Band_DFT>  DM, time=1.922745
    1   Sn  MulP   6.9998  6.9998 sum  13.9995
    2   Sn  MulP   7.0005  7.0005 sum  14.0011
    3   Sn  MulP   6.9998  6.9998 sum  13.9996
    4   Sn  MulP   6.9999  6.9999 sum  13.9998
 Sum of MulP: up   =    28.00000 down          =    28.00000
              total=    56.00000 ideal(neutral)=    56.00000
<DFT>  Total Spin Moment (muB) =  0.000000000000
<DFT>  Mixing_weight= 0.040000000000
<DFT>  Uele   =  -42.202285307539  dUele     =   0.000005472243
<DFT>  NormRD =    0.000204898718  Criterion =   0.000000100000

******************* MD=11  SCF= 7 *******************
<Poisson>  Poisson's equation using FFT...
<Set_Hamiltonian>  Hamiltonian matrix for VNA+dVH+Vxc...
<Band>  Solving the eigenvalue problem...
 KGrids1:  -0.45833  -0.37500  -0.29167  -0.20833  -0.12500  -0.04167   0.04167   0.12500   0.20833   0.29167   0.37500   0.45833 
 KGrids2:  -0.45833  -0.37500  -0.29167  -0.20833  -0.12500  -0.04167   0.04167   0.12500   0.20833   0.29167   0.37500   0.45833 
 KGrids3:  -0.47500  -0.42500  -0.37500  -0.32500  -0.27500  -0.22500  -0.17500  -0.12500  -0.07500  -0.02500   0.02500   0.07500   0.12500   0.17500   0.22500   0.27500   0.32500   0.37500   0.42500   0.47500 
<Band_DFT>  Eigen, time=0.739769
<Band_DFT>  DM, time=1.894966
    1   Sn  MulP   6.9998  6.9998 sum  13.9996
    2   Sn  MulP   7.0005  7.0005 sum  14.0010
    3   Sn  MulP   6.9998  6.9998 sum  13.9997
    4   Sn  MulP   6.9999  6.9999 sum  13.9997
 Sum of MulP: up   =    28.00000 down          =    28.00000
              total=    56.00000 ideal(neutral)=    56.00000
<DFT>  Total Spin Moment (muB) =  0.000000000000
<DFT>  Mixing_weight= 0.040000000000
<DFT>  Uele   =  -42.202286590012  dUele     =   0.000001282473
<DFT>  NormRD =    0.000017545214  Criterion =   0.000000100000

******************* MD=11  SCF= 8 *******************
<Poisson>  Poisson's equation using FFT...
<Set_Hamiltonian>  Hamiltonian matrix for VNA+dVH+Vxc...
<Band>  Solving the eigenvalue problem...
 KGrids1:  -0.45833  -0.37500  -0.29167  -0.20833  -0.12500  -0.04167   0.04167   0.12500   0.20833   0.29167   0.37500   0.45833 
 KGrids2:  -0.45833  -0.37500  -0.29167  -0.20833  -0.12500  -0.04167   0.04167   0.12500   0.20833   0.29167   0.37500   0.45833 
 KGrids3:  -0.47500  -0.42500  -0.37500  -0.32500  -0.27500  -0.22500  -0.17500  -0.12500  -0.07500  -0.02500   0.02500   0.07500   0.12500   0.17500   0.22500   0.27500   0.32500   0.37500   0.42500   0.47500 
<Band_DFT>  Eigen, time=0.786111
<Band_DFT>  DM, time=1.880838
    1   Sn  MulP   6.9998  6.9998 sum  13.9996
    2   Sn  MulP   7.0005  7.0005 sum  14.0010
    3   Sn  MulP   6.9998  6.9998 sum  13.9997
    4   Sn  MulP   6.9999  6.9999 sum  13.9997
 Sum of MulP: up   =    28.00000 down          =    28.00000
              total=    56.00000 ideal(neutral)=    56.00000
<DFT>  Total Spin Moment (muB) =  0.000000000000
<DFT>  Mixing_weight= 0.040000000000
<DFT>  Uele   =  -42.202286961515  dUele     =   0.000000371503
<DFT>  NormRD =    0.000005009295  Criterion =   0.000000100000

******************* MD=11  SCF= 9 *******************
<Poisson>  Poisson's equation using FFT...
<Set_Hamiltonian>  Hamiltonian matrix for VNA+dVH+Vxc...
<Band>  Solving the eigenvalue problem...
 KGrids1:  -0.45833  -0.37500  -0.29167  -0.20833  -0.12500  -0.04167   0.04167   0.12500   0.20833   0.29167   0.37500   0.45833 
 KGrids2:  -0.45833  -0.37500  -0.29167  -0.20833  -0.12500  -0.04167   0.04167   0.12500   0.20833   0.29167   0.37500   0.45833 
 KGrids3:  -0.47500  -0.42500  -0.37500  -0.32500  -0.27500  -0.22500  -0.17500  -0.12500  -0.07500  -0.02500   0.02500   0.07500   0.12500   0.17500   0.22500   0.27500   0.32500   0.37500   0.42500   0.47500 
<Band_DFT>  Eigen, time=0.742813
<Band_DFT>  DM, time=1.922655
    1   Sn  MulP   6.9998  6.9998 sum  13.9996
    2   Sn  MulP   7.0005  7.0005 sum  14.0010
    3   Sn  MulP   6.9998  6.9998 sum  13.9997
    4   Sn  MulP   6.9999  6.9999 sum  13.9997
 Sum of MulP: up   =    28.00000 down          =    28.00000
              total=    56.00000 ideal(neutral)=    56.00000
<DFT>  Total Spin Moment (muB) =  0.000000000000
<DFT>  Mixing_weight= 0.040000000000
<DFT>  Uele   =  -42.202287079368  dUele     =   0.000000117853
<DFT>  NormRD =    0.000003004116  Criterion =   0.000000100000

******************* MD=11  SCF=10 *******************
<Poisson>  Poisson's equation using FFT...
<Set_Hamiltonian>  Hamiltonian matrix for VNA+dVH+Vxc...
<Band>  Solving the eigenvalue problem...
 KGrids1:  -0.45833  -0.37500  -0.29167  -0.20833  -0.12500  -0.04167   0.04167   0.12500   0.20833   0.29167   0.37500   0.45833 
 KGrids2:  -0.45833  -0.37500  -0.29167  -0.20833  -0.12500  -0.04167   0.04167   0.12500   0.20833   0.29167   0.37500   0.45833 
 KGrids3:  -0.47500  -0.42500  -0.37500  -0.32500  -0.27500  -0.22500  -0.17500  -0.12500  -0.07500  -0.02500   0.02500   0.07500   0.12500   0.17500   0.22500   0.27500   0.32500   0.37500   0.42500   0.47500 
<Band_DFT>  Eigen, time=0.745821
<Band_DFT>  DM, time=1.822632
    1   Sn  MulP   6.9998  6.9998 sum  13.9996
    2   Sn  MulP   7.0005  7.0005 sum  14.0010
    3   Sn  MulP   6.9998  6.9998 sum  13.9997
    4   Sn  MulP   6.9999  6.9999 sum  13.9997
 Sum of MulP: up   =    28.00000 down          =    28.00000
              total=    56.00000 ideal(neutral)=    56.00000
<DFT>  Total Spin Moment (muB) =  0.000000000000
<DFT>  Mixing_weight= 0.040000000000
<DFT>  Uele   =  -42.202287246312  dUele     =   0.000000166944
<DFT>  NormRD =    0.000001573109  Criterion =   0.000000100000

******************* MD=11  SCF=11 *******************
<Poisson>  Poisson's equation using FFT...
<Set_Hamiltonian>  Hamiltonian matrix for VNA+dVH+Vxc...
<Band>  Solving the eigenvalue problem...
 KGrids1:  -0.45833  -0.37500  -0.29167  -0.20833  -0.12500  -0.04167   0.04167   0.12500   0.20833   0.29167   0.37500   0.45833 
 KGrids2:  -0.45833  -0.37500  -0.29167  -0.20833  -0.12500  -0.04167   0.04167   0.12500   0.20833   0.29167   0.37500   0.45833 
 KGrids3:  -0.47500  -0.42500  -0.37500  -0.32500  -0.27500  -0.22500  -0.17500  -0.12500  -0.07500  -0.02500   0.02500   0.07500   0.12500   0.17500   0.22500   0.27500   0.32500   0.37500   0.42500   0.47500 
<Band_DFT>  Eigen, time=0.745132
<Band_DFT>  DM, time=1.921873
    1   Sn  MulP   6.9998  6.9998 sum  13.9996
    2   Sn  MulP   7.0005  7.0005 sum  14.0010
    3   Sn  MulP   6.9998  6.9998 sum  13.9997
    4   Sn  MulP   6.9999  6.9999 sum  13.9997
 Sum of MulP: up   =    28.00000 down          =    28.00000
              total=    56.00000 ideal(neutral)=    56.00000
<DFT>  Total Spin Moment (muB) =  0.000000000000
<DFT>  Mixing_weight= 0.040000000000
<DFT>  Uele   =  -42.202287241849  dUele     =   0.000000004463
<DFT>  NormRD =    0.000000359080  Criterion =   0.000000100000
<MD=11>  Force calculation
  Force calculation #1
  Force calculation #2
  Force calculation #3
  Force calculation #4
  Force calculation #5
  Stress calculation #1
  Stress calculation #2
  Stress calculation #3
  Stress calculation #4
  Stress calculation #5
<MD=11>  Total Energy
  Force calculation #6
  Force calculation #7

*******************************************************
                  Dipole moment (Debye)                 
*******************************************************

 Absolute D      522.11133693

                      Dx                Dy                Dz
 Total           -363.75472207     -362.14170424      -95.58313854
 Core             403.44462245      401.43863946      322.28293995
 Electron        -767.19934452     -763.58034371     -417.86607849
 Back ground       -0.00000000       -0.00000000       -0.00000000

*******************************************************
               Stress tensor (Hartree/bohr^3)            
*******************************************************

       0.00001083        0.00000000       -0.00000000 
       0.00000000        0.00000730       -0.00000000 
      -0.00000000       -0.00000000        0.00000555 

*******************************************************
                Total Energy (Hartree) at MD =11        
*******************************************************

  Uele  =     -42.202287241849

  Ukin  =     203.434129918489
  UH0   =   -2699.757580014812
  UH1   =       0.004870358339
  Una   =    -149.407339438021
  Unl   =     -47.918439068715
  Uxc0  =     -25.234623504471
  Uxc1  =     -25.234623504471
  Ucore =    2459.956292278268
  Uhub  =       0.000000000000
  Ucs   =       0.000000000000
  Uzs   =       0.000000000000
  Uzo   =       0.000000000000
  Uef   =       0.000000000000
  UvdW  =       0.000000000000
  Uch   =       0.000000000000
  Utot  =    -284.157312975395

  UpV   =       0.000000000000
  Enpy  =    -284.157312975395
  Note:

  Uele:   band energy
  Ukin:   kinetic energy
  UH0:    electric part of screened Coulomb energy
  UH1:    difference electron-electron Coulomb energy
  Una:    neutral atom potential energy
  Unl:    non-local potential energy
  Uxc0:   exchange-correlation energy for alpha spin
  Uxc1:   exchange-correlation energy for beta spin
  Ucore:  core-core Coulomb energy
  Uhub:   LDA+U energy
  Ucs:    constraint energy for spin orientation
  Uzs:    Zeeman term for spin magnetic moment
  Uzo:    Zeeman term for orbital magnetic moment
  Uef:    electric energy by electric field
  UvdW:   semi-empirical vdW energy 
  Uch:    penalty term to create a core hole
  UpV:    pressure times volume
  Enpy:   Enthalpy = Utot + UpV
  (see also PRB 72, 045121(2005) for the energy contributions)


*******************************************************
           Computational times (s) at MD =11            
*******************************************************

  DFT in total      =   42.68728

  Set_OLP_Kin       =    1.03023
  Set_Nonlocal      =    1.21476
  Set_ProExpn_VNA   =    2.89643
  Set_Hamiltonian   =    2.48985
  Poisson           =    0.00224
  diagonalization   =   29.80624
  Mixing_DM         =    0.00848
  Force             =    1.99551
  Total_Energy      =    0.40486
  Set_Aden_Grid     =    0.00711
  Set_Orbitals_Grid =    0.09661
  Set_Density_Grid  =    0.90121
  RestartFileDFT    =    0.00492
  Mulliken_Charge   =    0.00156
  FFT(2D)_Density   =    0.00272

The SCF was achieved at MD=  11

*******************************************************
             MD or geometry opt. at MD =11              
*******************************************************

<BFGS>  |Maximum force| (Hartree/Bohr) = 0.000721913752
<BFGS>  Criterion       (Hartree/Bohr) = 0.000100000000

     atom=   1, XYZ(ang) Fxyz(a.u.)=  -0.0000    0.0000   -0.0144    -0.0000    0.0000    0.0000
     atom=   2, XYZ(ang) Fxyz(a.u.)=   2.9998    2.9849    1.5722    -0.0000   -0.0000    0.0005
     atom=   3, XYZ(ang) Fxyz(a.u.)=  -0.0000    2.9849    0.8333     0.0000   -0.0000    0.0007
     atom=   4, XYZ(ang) Fxyz(a.u.)=   2.9998   -0.0000    2.3894     0.0000   -0.0000   -0.0004

*******************************************************
        Analysis of neighbors and setting of grids        
*******************************************************


*******************************************************
  Allocation of atoms to processors at MD_iter=   12     
*******************************************************

 proc =   0  # of atoms=   1  estimated weight=         1.00000
 proc =   1  # of atoms=   1  estimated weight=         1.00000
 proc =   2  # of atoms=   1  estimated weight=         1.00000
 proc =   3  # of atoms=   1  estimated weight=         1.00000
 proc =   4  # of atoms=   0  estimated weight=         0.00000
 proc =   5  # of atoms=   0  estimated weight=         0.00000
 proc =   6  # of atoms=   0  estimated weight=         0.00000
 proc =   7  # of atoms=   0  estimated weight=         0.00000
 proc =   8  # of atoms=   0  estimated weight=         0.00000
 proc =   9  # of atoms=   0  estimated weight=         0.00000
 proc =  10  # of atoms=   0  estimated weight=         0.00000
 proc =  11  # of atoms=   0  estimated weight=         0.00000
 proc =  12  # of atoms=   0  estimated weight=         0.00000
 proc =  13  # of atoms=   0  estimated weight=         0.00000
 proc =  14  # of atoms=   0  estimated weight=         0.00000
 proc =  15  # of atoms=   0  estimated weight=         0.00000



TFNAN=     256   Average FNAN=  64.00000
TSNAN=       0   Average SNAN=   0.00000
<truncation> CpyCell= 3 ct_AN=   1 FNAN SNAN  64   0
<truncation> CpyCell= 3 ct_AN=   2 FNAN SNAN  64   0
<truncation> CpyCell= 3 ct_AN=   3 FNAN SNAN  64   0
<truncation> CpyCell= 3 ct_AN=   4 FNAN SNAN  64   0
<UCell_Box> Info. of cutoff energy and num. of grids
lattice vectors (bohr)
A  = 11.337702133525,  0.000000000000,  0.000000000000
B  =  0.000000000000, 11.281295655248,  0.000000000000
C  =  0.000000000000,  0.000000000000,  6.081931916162
reciprocal lattice vectors (bohr^-1)
RA =  0.554185074999,  0.000000000000,  0.000000000000
RB =  0.000000000000,  0.556956000374,  0.000000000000
RC =  0.000000000000,  0.000000000000,  1.033090372236
Required cutoff energy (Ryd) for 3D-grids = 200.0000
    Used cutoff energy (Ryd) for 3D-grids = 191.9507, 193.8750, 194.5110
Num. of grids of a-, b-, and c-axes = 50, 50, 27
Cell_Volume =    777.903236248648 (Bohr^3)
GridVol     =      0.011524492389 (Bohr^3)
Cell vectors (bohr) of the grid cell (gtv)
  gtv_a =  0.226754042670,  0.000000000000,  0.000000000000
  gtv_b =  0.000000000000,  0.225625913105,  0.000000000000
  gtv_c =  0.000000000000,  0.000000000000,  0.225256737636
  |gtv_a| =  0.226754042670
  |gtv_b| =  0.225625913105
  |gtv_c| =  0.225256737636
Num. of grids overlapping with atom    1 = 124632
Num. of grids overlapping with atom    2 = 124648
Num. of grids overlapping with atom    3 = 124535
Num. of grids overlapping with atom    4 = 124541

*******************************************************
             SCF calculation at MD =12                
*******************************************************

<MD=12>  Calculation of the overlap matrix
<MD=12>  Calculation of the nonlocal matrix
<MD=12>  Calculation of the VNA projector matrix

******************* MD=12  SCF= 1 *******************
<Restart>  Found restart files
<Poisson>  Poisson's equation using FFT...
<Band>  Solving the eigenvalue problem...
 KGrids1:  -0.45833  -0.37500  -0.29167  -0.20833  -0.12500  -0.04167   0.04167   0.12500   0.20833   0.29167   0.37500   0.45833 
 KGrids2:  -0.45833  -0.37500  -0.29167  -0.20833  -0.12500  -0.04167   0.04167   0.12500   0.20833   0.29167   0.37500   0.45833 
 KGrids3:  -0.47500  -0.42500  -0.37500  -0.32500  -0.27500  -0.22500  -0.17500  -0.12500  -0.07500  -0.02500   0.02500   0.07500   0.12500   0.17500   0.22500   0.27500   0.32500   0.37500   0.42500   0.47500 
<Band_DFT>  Eigen, time=0.746863
<Band_DFT>  DM, time=2.046183
    1   Sn  MulP   6.9999  6.9999 sum  13.9997
    2   Sn  MulP   7.0003  7.0003 sum  14.0007
    3   Sn  MulP   6.9999  6.9999 sum  13.9998
    4   Sn  MulP   6.9999  6.9999 sum  13.9998
 Sum of MulP: up   =    28.00000 down          =    28.00000
              total=    56.00000 ideal(neutral)=    56.00000
<DFT>  Total Spin Moment (muB) =  0.000000000000
<DFT>  Mixing_weight= 0.400000000000
<DFT>  Uele   =  -42.202262456704  dUele     =   1.000000000000
<DFT>  NormRD =    1.000000000000  Criterion =   0.000000100000

******************* MD=12  SCF= 2 *******************
<Poisson>  Poisson's equation using FFT...
<Set_Hamiltonian>  Hamiltonian matrix for VNA+dVH+Vxc...
<Band>  Solving the eigenvalue problem...
 KGrids1:  -0.45833  -0.37500  -0.29167  -0.20833  -0.12500  -0.04167   0.04167   0.12500   0.20833   0.29167   0.37500   0.45833 
 KGrids2:  -0.45833  -0.37500  -0.29167  -0.20833  -0.12500  -0.04167   0.04167   0.12500   0.20833   0.29167   0.37500   0.45833 
 KGrids3:  -0.47500  -0.42500  -0.37500  -0.32500  -0.27500  -0.22500  -0.17500  -0.12500  -0.07500  -0.02500   0.02500   0.07500   0.12500   0.17500   0.22500   0.27500   0.32500   0.37500   0.42500   0.47500 
<Band_DFT>  Eigen, time=0.708819
<Band_DFT>  DM, time=2.044318
    1   Sn  MulP   6.9999  6.9999 sum  13.9997
    2   Sn  MulP   7.0003  7.0003 sum  14.0007
    3   Sn  MulP   6.9999  6.9999 sum  13.9998
    4   Sn  MulP   6.9999  6.9999 sum  13.9998
 Sum of MulP: up   =    28.00000 down          =    28.00000
              total=    56.00000 ideal(neutral)=    56.00000
<DFT>  Total Spin Moment (muB) =  0.000000000000
<DFT>  Mixing_weight= 0.400000000000
<DFT>  Uele   =  -42.202241296418  dUele     =   0.000021160286
<DFT>  NormRD =    0.000131798591  Criterion =   0.000000100000

******************* MD=12  SCF= 3 *******************
<Poisson>  Poisson's equation using FFT...
<Set_Hamiltonian>  Hamiltonian matrix for VNA+dVH+Vxc...
<Band>  Solving the eigenvalue problem...
 KGrids1:  -0.45833  -0.37500  -0.29167  -0.20833  -0.12500  -0.04167   0.04167   0.12500   0.20833   0.29167   0.37500   0.45833 
 KGrids2:  -0.45833  -0.37500  -0.29167  -0.20833  -0.12500  -0.04167   0.04167   0.12500   0.20833   0.29167   0.37500   0.45833 
 KGrids3:  -0.47500  -0.42500  -0.37500  -0.32500  -0.27500  -0.22500  -0.17500  -0.12500  -0.07500  -0.02500   0.02500   0.07500   0.12500   0.17500   0.22500   0.27500   0.32500   0.37500   0.42500   0.47500 
<Band_DFT>  Eigen, time=0.740649
<Band_DFT>  DM, time=2.046963
    1   Sn  MulP   6.9999  6.9999 sum  13.9997
    2   Sn  MulP   7.0003  7.0003 sum  14.0007
    3   Sn  MulP   6.9999  6.9999 sum  13.9998
    4   Sn  MulP   6.9999  6.9999 sum  13.9998
 Sum of MulP: up   =    28.00000 down          =    28.00000
              total=    56.00000 ideal(neutral)=    56.00000
<DFT>  Total Spin Moment (muB) =  0.000000000000
<DFT>  Mixing_weight= 0.040000000000
<DFT>  Uele   =  -42.202227913707  dUele     =   0.000013382712
<DFT>  NormRD =    0.000084222250  Criterion =   0.000000100000

******************* MD=12  SCF= 4 *******************
<Poisson>  Poisson's equation using FFT...
<Set_Hamiltonian>  Hamiltonian matrix for VNA+dVH+Vxc...
<Band>  Solving the eigenvalue problem...
 KGrids1:  -0.45833  -0.37500  -0.29167  -0.20833  -0.12500  -0.04167   0.04167   0.12500   0.20833   0.29167   0.37500   0.45833 
 KGrids2:  -0.45833  -0.37500  -0.29167  -0.20833  -0.12500  -0.04167   0.04167   0.12500   0.20833   0.29167   0.37500   0.45833 
 KGrids3:  -0.47500  -0.42500  -0.37500  -0.32500  -0.27500  -0.22500  -0.17500  -0.12500  -0.07500  -0.02500   0.02500   0.07500   0.12500   0.17500   0.22500   0.27500   0.32500   0.37500   0.42500   0.47500 
<Band_DFT>  Eigen, time=0.743265
<Band_DFT>  DM, time=2.040443
    1   Sn  MulP   6.9999  6.9999 sum  13.9997
    2   Sn  MulP   7.0003  7.0003 sum  14.0007
    3   Sn  MulP   6.9999  6.9999 sum  13.9998
    4   Sn  MulP   6.9999  6.9999 sum  13.9998
 Sum of MulP: up   =    28.00000 down          =    28.00000
              total=    56.00000 ideal(neutral)=    56.00000
<DFT>  Total Spin Moment (muB) =  0.000000000000
<DFT>  Mixing_weight= 0.040000000000
<DFT>  Uele   =  -42.202199884480  dUele     =   0.000028029226
<DFT>  NormRD =    0.000007059301  Criterion =   0.000000100000

******************* MD=12  SCF= 5 *******************
<Poisson>  Poisson's equation using FFT...
<Set_Hamiltonian>  Hamiltonian matrix for VNA+dVH+Vxc...
<Band>  Solving the eigenvalue problem...
 KGrids1:  -0.45833  -0.37500  -0.29167  -0.20833  -0.12500  -0.04167   0.04167   0.12500   0.20833   0.29167   0.37500   0.45833 
 KGrids2:  -0.45833  -0.37500  -0.29167  -0.20833  -0.12500  -0.04167   0.04167   0.12500   0.20833   0.29167   0.37500   0.45833 
 KGrids3:  -0.47500  -0.42500  -0.37500  -0.32500  -0.27500  -0.22500  -0.17500  -0.12500  -0.07500  -0.02500   0.02500   0.07500   0.12500   0.17500   0.22500   0.27500   0.32500   0.37500   0.42500   0.47500 
<Band_DFT>  Eigen, time=0.744262
<Band_DFT>  DM, time=2.038740
    1   Sn  MulP   6.9998  6.9998 sum  13.9997
    2   Sn  MulP   7.0003  7.0003 sum  14.0007
    3   Sn  MulP   6.9999  6.9999 sum  13.9998
    4   Sn  MulP   6.9999  6.9999 sum  13.9998
 Sum of MulP: up   =    28.00000 down          =    28.00000
              total=    56.00000 ideal(neutral)=    56.00000
<DFT>  Total Spin Moment (muB) =  0.000000000000
<DFT>  Mixing_weight= 0.040000000000
<DFT>  Uele   =  -42.202203310621  dUele     =   0.000003426141
<DFT>  NormRD =    0.000006220764  Criterion =   0.000000100000

******************* MD=12  SCF= 6 *******************
<Poisson>  Poisson's equation using FFT...
<Set_Hamiltonian>  Hamiltonian matrix for VNA+dVH+Vxc...
<Band>  Solving the eigenvalue problem...
 KGrids1:  -0.45833  -0.37500  -0.29167  -0.20833  -0.12500  -0.04167   0.04167   0.12500   0.20833   0.29167   0.37500   0.45833 
 KGrids2:  -0.45833  -0.37500  -0.29167  -0.20833  -0.12500  -0.04167   0.04167   0.12500   0.20833   0.29167   0.37500   0.45833 
 KGrids3:  -0.47500  -0.42500  -0.37500  -0.32500  -0.27500  -0.22500  -0.17500  -0.12500  -0.07500  -0.02500   0.02500   0.07500   0.12500   0.17500   0.22500   0.27500   0.32500   0.37500   0.42500   0.47500 
<Band_DFT>  Eigen, time=0.743929
<Band_DFT>  DM, time=1.921776
    1   Sn  MulP   6.9998  6.9998 sum  13.9997
    2   Sn  MulP   7.0003  7.0003 sum  14.0007
    3   Sn  MulP   6.9999  6.9999 sum  13.9998
    4   Sn  MulP   6.9999  6.9999 sum  13.9998
 Sum of MulP: up   =    28.00000 down          =    28.00000
              total=    56.00000 ideal(neutral)=    56.00000
<DFT>  Total Spin Moment (muB) =  0.000000000000
<DFT>  Mixing_weight= 0.040000000000
<DFT>  Uele   =  -42.202203540503  dUele     =   0.000000229882
<DFT>  NormRD =    0.000003683613  Criterion =   0.000000100000

******************* MD=12  SCF= 7 *******************
<Poisson>  Poisson's equation using FFT...
<Set_Hamiltonian>  Hamiltonian matrix for VNA+dVH+Vxc...
<Band>  Solving the eigenvalue problem...
 KGrids1:  -0.45833  -0.37500  -0.29167  -0.20833  -0.12500  -0.04167   0.04167   0.12500   0.20833   0.29167   0.37500   0.45833 
 KGrids2:  -0.45833  -0.37500  -0.29167  -0.20833  -0.12500  -0.04167   0.04167   0.12500   0.20833   0.29167   0.37500   0.45833 
 KGrids3:  -0.47500  -0.42500  -0.37500  -0.32500  -0.27500  -0.22500  -0.17500  -0.12500  -0.07500  -0.02500   0.02500   0.07500   0.12500   0.17500   0.22500   0.27500   0.32500   0.37500   0.42500   0.47500 
<Band_DFT>  Eigen, time=0.739151
<Band_DFT>  DM, time=1.921459
    1   Sn  MulP   6.9998  6.9998 sum  13.9997
    2   Sn  MulP   7.0003  7.0003 sum  14.0007
    3   Sn  MulP   6.9999  6.9999 sum  13.9998
    4   Sn  MulP   6.9999  6.9999 sum  13.9998
 Sum of MulP: up   =    28.00000 down          =    28.00000
              total=    56.00000 ideal(neutral)=    56.00000
<DFT>  Total Spin Moment (muB) =  0.000000000000
<DFT>  Mixing_weight= 0.040000000000
<DFT>  Uele   =  -42.202203392675  dUele     =   0.000000147829
<DFT>  NormRD =    0.000000802264  Criterion =   0.000000100000

******************* MD=12  SCF= 8 *******************
<Poisson>  Poisson's equation using FFT...
<Set_Hamiltonian>  Hamiltonian matrix for VNA+dVH+Vxc...
<Band>  Solving the eigenvalue problem...
 KGrids1:  -0.45833  -0.37500  -0.29167  -0.20833  -0.12500  -0.04167   0.04167   0.12500   0.20833   0.29167   0.37500   0.45833 
 KGrids2:  -0.45833  -0.37500  -0.29167  -0.20833  -0.12500  -0.04167   0.04167   0.12500   0.20833   0.29167   0.37500   0.45833 
 KGrids3:  -0.47500  -0.42500  -0.37500  -0.32500  -0.27500  -0.22500  -0.17500  -0.12500  -0.07500  -0.02500   0.02500   0.07500   0.12500   0.17500   0.22500   0.27500   0.32500   0.37500   0.42500   0.47500 
<Band_DFT>  Eigen, time=0.789299
<Band_DFT>  DM, time=1.747892
    1   Sn  MulP   6.9998  6.9998 sum  13.9997
    2   Sn  MulP   7.0003  7.0003 sum  14.0007
    3   Sn  MulP   6.9999  6.9999 sum  13.9998
    4   Sn  MulP   6.9999  6.9999 sum  13.9998
 Sum of MulP: up   =    28.00000 down          =    28.00000
              total=    56.00000 ideal(neutral)=    56.00000
<DFT>  Total Spin Moment (muB) =  0.000000000000
<DFT>  Mixing_weight= 0.040000000000
<DFT>  Uele   =  -42.202203352238  dUele     =   0.000000040437
<DFT>  NormRD =    0.000000124460  Criterion =   0.000000100000
<MD=12>  Force calculation
  Force calculation #1
  Force calculation #2
  Force calculation #3
  Force calculation #4
  Force calculation #5
  Stress calculation #1
  Stress calculation #2
  Stress calculation #3
  Stress calculation #4
  Stress calculation #5
<MD=12>  Total Energy
  Force calculation #6
  Force calculation #7

*******************************************************
                  Dipole moment (Debye)                 
*******************************************************

 Absolute D      522.19650009

                      Dx                Dy                Dz
 Total           -363.75536365     -362.14132686      -96.04623625
 Core             403.44409682      401.43866377      321.46029917
 Electron        -767.19946048     -763.57999063     -417.50653542
 Back ground       -0.00000000       -0.00000000       -0.00000000

*******************************************************
               Stress tensor (Hartree/bohr^3)            
*******************************************************

       0.00001089        0.00000000       -0.00000001 
       0.00000000        0.00000622       -0.00000000 
      -0.00000001       -0.00000000        0.00000580 

*******************************************************
                Total Energy (Hartree) at MD =12        
*******************************************************

  Uele  =     -42.202203352238

  Ukin  =     203.434274944807
  UH0   =   -2699.767039280413
  UH1   =       0.004870371460
  Una   =    -149.407451021369
  Unl   =     -47.918475825244
  Uxc0  =     -25.234637566439
  Uxc1  =     -25.234637566439
  Ucore =    2459.965759090692
  Uhub  =       0.000000000000
  Ucs   =       0.000000000000
  Uzs   =       0.000000000000
  Uzo   =       0.000000000000
  Uef   =       0.000000000000
  UvdW  =       0.000000000000
  Uch   =       0.000000000000
  Utot  =    -284.157336852945

  UpV   =       0.000000000000
  Enpy  =    -284.157336852945
  Note:

  Uele:   band energy
  Ukin:   kinetic energy
  UH0:    electric part of screened Coulomb energy
  UH1:    difference electron-electron Coulomb energy
  Una:    neutral atom potential energy
  Unl:    non-local potential energy
  Uxc0:   exchange-correlation energy for alpha spin
  Uxc1:   exchange-correlation energy for beta spin
  Ucore:  core-core Coulomb energy
  Uhub:   LDA+U energy
  Ucs:    constraint energy for spin orientation
  Uzs:    Zeeman term for spin magnetic moment
  Uzo:    Zeeman term for orbital magnetic moment
  Uef:    electric energy by electric field
  UvdW:   semi-empirical vdW energy 
  Uch:    penalty term to create a core hole
  UpV:    pressure times volume
  Enpy:   Enthalpy = Utot + UpV
  (see also PRB 72, 045121(2005) for the energy contributions)


*******************************************************
           Computational times (s) at MD =12            
*******************************************************

  DFT in total      =   34.34737

  Set_OLP_Kin       =    0.69962
  Set_Nonlocal      =    1.47037
  Set_ProExpn_VNA   =    2.69275
  Set_Hamiltonian   =    1.89732
  Poisson           =    0.00128
  diagonalization   =   22.19754
  Mixing_DM         =    0.00623
  Force             =    2.05298
  Total_Energy      =    0.40465
  Set_Aden_Grid     =    0.14791
  Set_Orbitals_Grid =    0.09678
  Set_Density_Grid  =    0.70927
  RestartFileDFT    =    0.01410
  Mulliken_Charge   =    0.00116
  FFT(2D)_Density   =    0.00214

The SCF was achieved at MD=  12

*******************************************************
             MD or geometry opt. at MD =12              
*******************************************************

<BFGS>  |Maximum force| (Hartree/Bohr) = 0.000479530705
<BFGS>  Criterion       (Hartree/Bohr) = 0.000100000000

     atom=   1, XYZ(ang) Fxyz(a.u.)=  -0.0000    0.0000   -0.0123    -0.0000    0.0000   -0.0005
     atom=   2, XYZ(ang) Fxyz(a.u.)=   2.9998    2.9849    1.5769    -0.0000   -0.0000    0.0001
     atom=   3, XYZ(ang) Fxyz(a.u.)=  -0.0000    2.9849    0.8302     0.0000   -0.0000    0.0002
     atom=   4, XYZ(ang) Fxyz(a.u.)=   2.9998   -0.0000    2.3925     0.0000   -0.0000   -0.0005

*******************************************************
        Analysis of neighbors and setting of grids        
*******************************************************


*******************************************************
  Allocation of atoms to processors at MD_iter=   13     
*******************************************************

 proc =   0  # of atoms=   1  estimated weight=         1.00000
 proc =   1  # of atoms=   1  estimated weight=         1.00000
 proc =   2  # of atoms=   1  estimated weight=         1.00000
 proc =   3  # of atoms=   1  estimated weight=         1.00000
 proc =   4  # of atoms=   0  estimated weight=         0.00000
 proc =   5  # of atoms=   0  estimated weight=         0.00000
 proc =   6  # of atoms=   0  estimated weight=         0.00000
 proc =   7  # of atoms=   0  estimated weight=         0.00000
 proc =   8  # of atoms=   0  estimated weight=         0.00000
 proc =   9  # of atoms=   0  estimated weight=         0.00000
 proc =  10  # of atoms=   0  estimated weight=         0.00000
 proc =  11  # of atoms=   0  estimated weight=         0.00000
 proc =  12  # of atoms=   0  estimated weight=         0.00000
 proc =  13  # of atoms=   0  estimated weight=         0.00000
 proc =  14  # of atoms=   0  estimated weight=         0.00000
 proc =  15  # of atoms=   0  estimated weight=         0.00000



TFNAN=     256   Average FNAN=  64.00000
TSNAN=       0   Average SNAN=   0.00000
<truncation> CpyCell= 3 ct_AN=   1 FNAN SNAN  64   0
<truncation> CpyCell= 3 ct_AN=   2 FNAN SNAN  64   0
<truncation> CpyCell= 3 ct_AN=   3 FNAN SNAN  64   0
<truncation> CpyCell= 3 ct_AN=   4 FNAN SNAN  64   0
<UCell_Box> Info. of cutoff energy and num. of grids
lattice vectors (bohr)
A  = 11.337702133525,  0.000000000000,  0.000000000000
B  =  0.000000000000, 11.281295655248,  0.000000000000
C  =  0.000000000000,  0.000000000000,  6.081931916162
reciprocal lattice vectors (bohr^-1)
RA =  0.554185074999,  0.000000000000,  0.000000000000
RB =  0.000000000000,  0.556956000374,  0.000000000000
RC =  0.000000000000,  0.000000000000,  1.033090372236
Required cutoff energy (Ryd) for 3D-grids = 200.0000
    Used cutoff energy (Ryd) for 3D-grids = 191.9507, 193.8750, 194.5110
Num. of grids of a-, b-, and c-axes = 50, 50, 27
Cell_Volume =    777.903236248648 (Bohr^3)
GridVol     =      0.011524492389 (Bohr^3)
Cell vectors (bohr) of the grid cell (gtv)
  gtv_a =  0.226754042670,  0.000000000000,  0.000000000000
  gtv_b =  0.000000000000,  0.225625913105,  0.000000000000
  gtv_c =  0.000000000000,  0.000000000000,  0.225256737636
  |gtv_a| =  0.226754042670
  |gtv_b| =  0.225625913105
  |gtv_c| =  0.225256737636
Num. of grids overlapping with atom    1 = 124620
Num. of grids overlapping with atom    2 = 124628
Num. of grids overlapping with atom    3 = 124543
Num. of grids overlapping with atom    4 = 124553

*******************************************************
             SCF calculation at MD =13                
*******************************************************

<MD=13>  Calculation of the overlap matrix
<MD=13>  Calculation of the nonlocal matrix
<MD=13>  Calculation of the VNA projector matrix

******************* MD=13  SCF= 1 *******************
<Restart>  Found restart files
<Poisson>  Poisson's equation using FFT...
<Band>  Solving the eigenvalue problem...
 KGrids1:  -0.45833  -0.37500  -0.29167  -0.20833  -0.12500  -0.04167   0.04167   0.12500   0.20833   0.29167   0.37500   0.45833 
 KGrids2:  -0.45833  -0.37500  -0.29167  -0.20833  -0.12500  -0.04167   0.04167   0.12500   0.20833   0.29167   0.37500   0.45833 
 KGrids3:  -0.47500  -0.42500  -0.37500  -0.32500  -0.27500  -0.22500  -0.17500  -0.12500  -0.07500  -0.02500   0.02500   0.07500   0.12500   0.17500   0.22500   0.27500   0.32500   0.37500   0.42500   0.47500 
<Band_DFT>  Eigen, time=0.740269
<Band_DFT>  DM, time=2.039348
    1   Sn  MulP   6.9999  6.9999 sum  13.9998
    2   Sn  MulP   7.0003  7.0003 sum  14.0006
    3   Sn  MulP   6.9999  6.9999 sum  13.9999
    4   Sn  MulP   6.9999  6.9999 sum  13.9998
 Sum of MulP: up   =    28.00000 down          =    28.00000
              total=    56.00000 ideal(neutral)=    56.00000
<DFT>  Total Spin Moment (muB) =  0.000000000000
<DFT>  Mixing_weight= 0.400000000000
<DFT>  Uele   =  -42.202244355566  dUele     =   1.000000000000
<DFT>  NormRD =    1.000000000000  Criterion =   0.000000100000

******************* MD=13  SCF= 2 *******************
<Poisson>  Poisson's equation using FFT...
<Set_Hamiltonian>  Hamiltonian matrix for VNA+dVH+Vxc...
<Band>  Solving the eigenvalue problem...
 KGrids1:  -0.45833  -0.37500  -0.29167  -0.20833  -0.12500  -0.04167   0.04167   0.12500   0.20833   0.29167   0.37500   0.45833 
 KGrids2:  -0.45833  -0.37500  -0.29167  -0.20833  -0.12500  -0.04167   0.04167   0.12500   0.20833   0.29167   0.37500   0.45833 
 KGrids3:  -0.47500  -0.42500  -0.37500  -0.32500  -0.27500  -0.22500  -0.17500  -0.12500  -0.07500  -0.02500   0.02500   0.07500   0.12500   0.17500   0.22500   0.27500   0.32500   0.37500   0.42500   0.47500 
<Band_DFT>  Eigen, time=0.737332
<Band_DFT>  DM, time=2.037220
    1   Sn  MulP   6.9999  6.9999 sum  13.9998
    2   Sn  MulP   7.0003  7.0003 sum  14.0006
    3   Sn  MulP   6.9999  6.9999 sum  13.9999
    4   Sn  MulP   6.9999  6.9999 sum  13.9998
 Sum of MulP: up   =    28.00000 down          =    28.00000
              total=    56.00000 ideal(neutral)=    56.00000
<DFT>  Total Spin Moment (muB) =  0.000000000000
<DFT>  Mixing_weight= 0.400000000000
<DFT>  Uele   =  -42.202248462371  dUele     =   0.000004106805
<DFT>  NormRD =    0.000117221662  Criterion =   0.000000100000

******************* MD=13  SCF= 3 *******************
<Poisson>  Poisson's equation using FFT...
<Set_Hamiltonian>  Hamiltonian matrix for VNA+dVH+Vxc...
<Band>  Solving the eigenvalue problem...
 KGrids1:  -0.45833  -0.37500  -0.29167  -0.20833  -0.12500  -0.04167   0.04167   0.12500   0.20833   0.29167   0.37500   0.45833 
 KGrids2:  -0.45833  -0.37500  -0.29167  -0.20833  -0.12500  -0.04167   0.04167   0.12500   0.20833   0.29167   0.37500   0.45833 
 KGrids3:  -0.47500  -0.42500  -0.37500  -0.32500  -0.27500  -0.22500  -0.17500  -0.12500  -0.07500  -0.02500   0.02500   0.07500   0.12500   0.17500   0.22500   0.27500   0.32500   0.37500   0.42500   0.47500 
<Band_DFT>  Eigen, time=0.657269
<Band_DFT>  DM, time=1.391868
    1   Sn  MulP   6.9999  6.9999 sum  13.9998
    2   Sn  MulP   7.0003  7.0003 sum  14.0006
    3   Sn  MulP   6.9999  6.9999 sum  13.9999
    4   Sn  MulP   6.9999  6.9999 sum  13.9998
 Sum of MulP: up   =    28.00000 down          =    28.00000
              total=    56.00000 ideal(neutral)=    56.00000
<DFT>  Total Spin Moment (muB) =  0.000000000000
<DFT>  Mixing_weight= 0.040000000000
<DFT>  Uele   =  -42.202251022325  dUele     =   0.000002559954
<DFT>  NormRD =    0.000077692167  Criterion =   0.000000100000

******************* MD=13  SCF= 4 *******************
<Poisson>  Poisson's equation using FFT...
<Set_Hamiltonian>  Hamiltonian matrix for VNA+dVH+Vxc...
<Band>  Solving the eigenvalue problem...
 KGrids1:  -0.45833  -0.37500  -0.29167  -0.20833  -0.12500  -0.04167   0.04167   0.12500   0.20833   0.29167   0.37500   0.45833 
 KGrids2:  -0.45833  -0.37500  -0.29167  -0.20833  -0.12500  -0.04167   0.04167   0.12500   0.20833   0.29167   0.37500   0.45833 
 KGrids3:  -0.47500  -0.42500  -0.37500  -0.32500  -0.27500  -0.22500  -0.17500  -0.12500  -0.07500  -0.02500   0.02500   0.07500   0.12500   0.17500   0.22500   0.27500   0.32500   0.37500   0.42500   0.47500 
<Band_DFT>  Eigen, time=0.516943
<Band_DFT>  DM, time=1.382558
    1   Sn  MulP   6.9999  6.9999 sum  13.9998
    2   Sn  MulP   7.0003  7.0003 sum  14.0006
    3   Sn  MulP   6.9999  6.9999 sum  13.9998
    4   Sn  MulP   6.9999  6.9999 sum  13.9998
 Sum of MulP: up   =    28.00000 down          =    28.00000
              total=    56.00000 ideal(neutral)=    56.00000
<DFT>  Total Spin Moment (muB) =  0.000000000000
<DFT>  Mixing_weight= 0.040000000000
<DFT>  Uele   =  -42.202256272733  dUele     =   0.000005250408
<DFT>  NormRD =    0.000008665652  Criterion =   0.000000100000

******************* MD=13  SCF= 5 *******************
<Poisson>  Poisson's equation using FFT...
<Set_Hamiltonian>  Hamiltonian matrix for VNA+dVH+Vxc...
<Band>  Solving the eigenvalue problem...
 KGrids1:  -0.45833  -0.37500  -0.29167  -0.20833  -0.12500  -0.04167   0.04167   0.12500   0.20833   0.29167   0.37500   0.45833 
 KGrids2:  -0.45833  -0.37500  -0.29167  -0.20833  -0.12500  -0.04167   0.04167   0.12500   0.20833   0.29167   0.37500   0.45833 
 KGrids3:  -0.47500  -0.42500  -0.37500  -0.32500  -0.27500  -0.22500  -0.17500  -0.12500  -0.07500  -0.02500   0.02500   0.07500   0.12500   0.17500   0.22500   0.27500   0.32500   0.37500   0.42500   0.47500 
<Band_DFT>  Eigen, time=0.514606
<Band_DFT>  DM, time=1.388283
    1   Sn  MulP   6.9999  6.9999 sum  13.9998
    2   Sn  MulP   7.0003  7.0003 sum  14.0006
    3   Sn  MulP   6.9999  6.9999 sum  13.9998
    4   Sn  MulP   6.9999  6.9999 sum  13.9998
 Sum of MulP: up   =    28.00000 down          =    28.00000
              total=    56.00000 ideal(neutral)=    56.00000
<DFT>  Total Spin Moment (muB) =  0.000000000000
<DFT>  Mixing_weight= 0.040000000000
<DFT>  Uele   =  -42.202255713309  dUele     =   0.000000559425
<DFT>  NormRD =    0.000005377980  Criterion =   0.000000100000

******************* MD=13  SCF= 6 *******************
<Poisson>  Poisson's equation using FFT...
<Set_Hamiltonian>  Hamiltonian matrix for VNA+dVH+Vxc...
<Band>  Solving the eigenvalue problem...
 KGrids1:  -0.45833  -0.37500  -0.29167  -0.20833  -0.12500  -0.04167   0.04167   0.12500   0.20833   0.29167   0.37500   0.45833 
 KGrids2:  -0.45833  -0.37500  -0.29167  -0.20833  -0.12500  -0.04167   0.04167   0.12500   0.20833   0.29167   0.37500   0.45833 
 KGrids3:  -0.47500  -0.42500  -0.37500  -0.32500  -0.27500  -0.22500  -0.17500  -0.12500  -0.07500  -0.02500   0.02500   0.07500   0.12500   0.17500   0.22500   0.27500   0.32500   0.37500   0.42500   0.47500 
<Band_DFT>  Eigen, time=0.517176
<Band_DFT>  DM, time=1.392479
    1   Sn  MulP   6.9999  6.9999 sum  13.9998
    2   Sn  MulP   7.0003  7.0003 sum  14.0006
    3   Sn  MulP   6.9999  6.9999 sum  13.9998
    4   Sn  MulP   6.9999  6.9999 sum  13.9998
 Sum of MulP: up   =    28.00000 down          =    28.00000
              total=    56.00000 ideal(neutral)=    56.00000
<DFT>  Total Spin Moment (muB) =  0.000000000000
<DFT>  Mixing_weight= 0.040000000000
<DFT>  Uele   =  -42.202255638047  dUele     =   0.000000075262
<DFT>  NormRD =    0.000005145125  Criterion =   0.000000100000
<MD=13>  Force calculation
  Force calculation #1
  Force calculation #2
  Force calculation #3
  Force calculation #4
  Force calculation #5
  Stress calculation #1
  Stress calculation #2
  Stress calculation #3
  Stress calculation #4
  Stress calculation #5
<MD=13>  Total Energy
  Force calculation #6
  Force calculation #7

*******************************************************
                  Dipole moment (Debye)                 
*******************************************************

 Absolute D      522.11176149

                      Dx                Dy                Dz
 Total           -363.75513006     -362.14121058      -95.58577529
 Core             403.44460717      401.43871690      321.92144815
 Electron        -767.19973722     -763.57992748     -417.50722344
 Back ground       -0.00000000       -0.00000000       -0.00000000

*******************************************************
               Stress tensor (Hartree/bohr^3)            
*******************************************************

       0.00001144        0.00000000        0.00000000 
       0.00000000        0.00000525        0.00000000 
       0.00000000        0.00000000        0.00000528 

*******************************************************
                Total Energy (Hartree) at MD =13        
*******************************************************

  Uele  =     -42.202255638047

  Ukin  =     203.434052778022
  UH0   =   -2699.771568047509
  UH1   =       0.004870926779
  Una   =    -149.407380887185
  Unl   =     -47.918353963390
  Uxc0  =     -25.234629873768
  Uxc1  =     -25.234629873768
  Ucore =    2459.970306130850
  Uhub  =       0.000000000000
  Ucs   =       0.000000000000
  Uzs   =       0.000000000000
  Uzo   =       0.000000000000
  Uef   =       0.000000000000
  UvdW  =       0.000000000000
  Uch   =       0.000000000000
  Utot  =    -284.157332809970

  UpV   =       0.000000000000
  Enpy  =    -284.157332809970
  Note:

  Uele:   band energy
  Ukin:   kinetic energy
  UH0:    electric part of screened Coulomb energy
  UH1:    difference electron-electron Coulomb energy
  Una:    neutral atom potential energy
  Unl:    non-local potential energy
  Uxc0:   exchange-correlation energy for alpha spin
  Uxc1:   exchange-correlation energy for beta spin
  Ucore:  core-core Coulomb energy
  Uhub:   LDA+U energy
  Ucs:    constraint energy for spin orientation
  Uzs:    Zeeman term for spin magnetic moment
  Uzo:    Zeeman term for orbital magnetic moment
  Uef:    electric energy by electric field
  UvdW:   semi-empirical vdW energy 
  Uch:    penalty term to create a core hole
  UpV:    pressure times volume
  Enpy:   Enthalpy = Utot + UpV
  (see also PRB 72, 045121(2005) for the energy contributions)


*******************************************************
           Computational times (s) at MD =13            
*******************************************************

  DFT in total      =   25.04680

  Set_OLP_Kin       =    0.87643
  Set_Nonlocal      =    1.23564
  Set_ProExpn_VNA   =    2.90288
  Set_Hamiltonian   =    1.44535
  Poisson           =    0.00090
  diagonalization   =   13.63997
  Mixing_DM         =    0.00404
  Force             =    1.96083
  Total_Energy      =    0.40568
  Set_Aden_Grid     =    0.14587
  Set_Orbitals_Grid =    0.09654
  Set_Density_Grid  =    0.55016
  RestartFileDFT    =    0.03973
  Mulliken_Charge   =    0.00103
  FFT(2D)_Density   =    0.00162

The SCF was achieved at MD=  13

*******************************************************
             MD or geometry opt. at MD =13              
*******************************************************

<BFGS>  |Maximum force| (Hartree/Bohr) = 0.000907010813
<BFGS>  Criterion       (Hartree/Bohr) = 0.000100000000

     atom=   1, XYZ(ang) Fxyz(a.u.)=  -0.0000    0.0000   -0.0142    -0.0000    0.0000    0.0001
     atom=   2, XYZ(ang) Fxyz(a.u.)=   2.9998    2.9849    1.5727     0.0000   -0.0000    0.0009
     atom=   3, XYZ(ang) Fxyz(a.u.)=  -0.0000    2.9849    0.8213     0.0000   -0.0000    0.0005
     atom=   4, XYZ(ang) Fxyz(a.u.)=   2.9998   -0.0000    2.3948     0.0000    0.0000    0.0006

*******************************************************
        Analysis of neighbors and setting of grids        
*******************************************************


*******************************************************
  Allocation of atoms to processors at MD_iter=   14     
*******************************************************

 proc =   0  # of atoms=   1  estimated weight=         1.00000
 proc =   1  # of atoms=   1  estimated weight=         1.00000
 proc =   2  # of atoms=   1  estimated weight=         1.00000
 proc =   3  # of atoms=   1  estimated weight=         1.00000
 proc =   4  # of atoms=   0  estimated weight=         0.00000
 proc =   5  # of atoms=   0  estimated weight=         0.00000
 proc =   6  # of atoms=   0  estimated weight=         0.00000
 proc =   7  # of atoms=   0  estimated weight=         0.00000
 proc =   8  # of atoms=   0  estimated weight=         0.00000
 proc =   9  # of atoms=   0  estimated weight=         0.00000
 proc =  10  # of atoms=   0  estimated weight=         0.00000
 proc =  11  # of atoms=   0  estimated weight=         0.00000
 proc =  12  # of atoms=   0  estimated weight=         0.00000
 proc =  13  # of atoms=   0  estimated weight=         0.00000
 proc =  14  # of atoms=   0  estimated weight=         0.00000
 proc =  15  # of atoms=   0  estimated weight=         0.00000



TFNAN=     256   Average FNAN=  64.00000
TSNAN=       0   Average SNAN=   0.00000
<truncation> CpyCell= 3 ct_AN=   1 FNAN SNAN  64   0
<truncation> CpyCell= 3 ct_AN=   2 FNAN SNAN  64   0
<truncation> CpyCell= 3 ct_AN=   3 FNAN SNAN  64   0
<truncation> CpyCell= 3 ct_AN=   4 FNAN SNAN  64   0
<UCell_Box> Info. of cutoff energy and num. of grids
lattice vectors (bohr)
A  = 11.337702133525,  0.000000000000,  0.000000000000
B  =  0.000000000000, 11.281295655248,  0.000000000000
C  =  0.000000000000,  0.000000000000,  6.081931916162
reciprocal lattice vectors (bohr^-1)
RA =  0.554185074999,  0.000000000000,  0.000000000000
RB =  0.000000000000,  0.556956000374,  0.000000000000
RC =  0.000000000000,  0.000000000000,  1.033090372236
Required cutoff energy (Ryd) for 3D-grids = 200.0000
    Used cutoff energy (Ryd) for 3D-grids = 191.9507, 193.8750, 194.5110
Num. of grids of a-, b-, and c-axes = 50, 50, 27
Cell_Volume =    777.903236248648 (Bohr^3)
GridVol     =      0.011524492389 (Bohr^3)
Cell vectors (bohr) of the grid cell (gtv)
  gtv_a =  0.226754042670,  0.000000000000,  0.000000000000
  gtv_b =  0.000000000000,  0.225625913105,  0.000000000000
  gtv_c =  0.000000000000,  0.000000000000,  0.225256737636
  |gtv_a| =  0.226754042670
  |gtv_b| =  0.225625913105
  |gtv_c| =  0.225256737636
Num. of grids overlapping with atom    1 = 124640
Num. of grids overlapping with atom    2 = 124639
Num. of grids overlapping with atom    3 = 124632
Num. of grids overlapping with atom    4 = 124600

*******************************************************
             SCF calculation at MD =14                
*******************************************************

<MD=14>  Calculation of the overlap matrix
<MD=14>  Calculation of the nonlocal matrix
<MD=14>  Calculation of the VNA projector matrix

******************* MD=14  SCF= 1 *******************
<Restart>  Found restart files
<Poisson>  Poisson's equation using FFT...
<Band>  Solving the eigenvalue problem...
 KGrids1:  -0.45833  -0.37500  -0.29167  -0.20833  -0.12500  -0.04167   0.04167   0.12500   0.20833   0.29167   0.37500   0.45833 
 KGrids2:  -0.45833  -0.37500  -0.29167  -0.20833  -0.12500  -0.04167   0.04167   0.12500   0.20833   0.29167   0.37500   0.45833 
 KGrids3:  -0.47500  -0.42500  -0.37500  -0.32500  -0.27500  -0.22500  -0.17500  -0.12500  -0.07500  -0.02500   0.02500   0.07500   0.12500   0.17500   0.22500   0.27500   0.32500   0.37500   0.42500   0.47500 
<Band_DFT>  Eigen, time=0.747079
<Band_DFT>  DM, time=1.950881
    1   Sn  MulP   6.9999  6.9999 sum  13.9998
    2   Sn  MulP   7.0002  7.0002 sum  14.0003
    3   Sn  MulP   7.0000  7.0000 sum  14.0000
    4   Sn  MulP   6.9999  6.9999 sum  13.9998
 Sum of MulP: up   =    28.00000 down          =    28.00000
              total=    56.00000 ideal(neutral)=    56.00000
<DFT>  Total Spin Moment (muB) =  0.000000000000
<DFT>  Mixing_weight= 0.400000000000
<DFT>  Uele   =  -42.202191990524  dUele     =   1.000000000000
<DFT>  NormRD =    1.000000000000  Criterion =   0.000000100000

******************* MD=14  SCF= 2 *******************
<Poisson>  Poisson's equation using FFT...
<Set_Hamiltonian>  Hamiltonian matrix for VNA+dVH+Vxc...
<Band>  Solving the eigenvalue problem...
 KGrids1:  -0.45833  -0.37500  -0.29167  -0.20833  -0.12500  -0.04167   0.04167   0.12500   0.20833   0.29167   0.37500   0.45833 
 KGrids2:  -0.45833  -0.37500  -0.29167  -0.20833  -0.12500  -0.04167   0.04167   0.12500   0.20833   0.29167   0.37500   0.45833 
 KGrids3:  -0.47500  -0.42500  -0.37500  -0.32500  -0.27500  -0.22500  -0.17500  -0.12500  -0.07500  -0.02500   0.02500   0.07500   0.12500   0.17500   0.22500   0.27500   0.32500   0.37500   0.42500   0.47500 
<Band_DFT>  Eigen, time=0.743019
<Band_DFT>  DM, time=1.834132
    1   Sn  MulP   6.9999  6.9999 sum  13.9998
    2   Sn  MulP   7.0002  7.0002 sum  14.0003
    3   Sn  MulP   7.0000  7.0000 sum  14.0000
    4   Sn  MulP   6.9999  6.9999 sum  13.9999
 Sum of MulP: up   =    28.00000 down          =    28.00000
              total=    56.00000 ideal(neutral)=    56.00000
<DFT>  Total Spin Moment (muB) =  0.000000000000
<DFT>  Mixing_weight= 0.400000000000
<DFT>  Uele   =  -42.202221511798  dUele     =   0.000029521274
<DFT>  NormRD =    0.000254280358  Criterion =   0.000000100000

******************* MD=14  SCF= 3 *******************
<Poisson>  Poisson's equation using FFT...
<Set_Hamiltonian>  Hamiltonian matrix for VNA+dVH+Vxc...
<Band>  Solving the eigenvalue problem...
 KGrids1:  -0.45833  -0.37500  -0.29167  -0.20833  -0.12500  -0.04167   0.04167   0.12500   0.20833   0.29167   0.37500   0.45833 
 KGrids2:  -0.45833  -0.37500  -0.29167  -0.20833  -0.12500  -0.04167   0.04167   0.12500   0.20833   0.29167   0.37500   0.45833 
 KGrids3:  -0.47500  -0.42500  -0.37500  -0.32500  -0.27500  -0.22500  -0.17500  -0.12500  -0.07500  -0.02500   0.02500   0.07500   0.12500   0.17500   0.22500   0.27500   0.32500   0.37500   0.42500   0.47500 
<Band_DFT>  Eigen, time=0.748689
<Band_DFT>  DM, time=1.772467
    1   Sn  MulP   6.9999  6.9999 sum  13.9998
    2   Sn  MulP   7.0002  7.0002 sum  14.0003
    3   Sn  MulP   7.0000  7.0000 sum  14.0000
    4   Sn  MulP   6.9999  6.9999 sum  13.9999
 Sum of MulP: up   =    28.00000 down          =    28.00000
              total=    56.00000 ideal(neutral)=    56.00000
<DFT>  Total Spin Moment (muB) =  0.000000000000
<DFT>  Mixing_weight= 0.040000000000
<DFT>  Uele   =  -42.202239512149  dUele     =   0.000018000351
<DFT>  NormRD =    0.000161421321  Criterion =   0.000000100000

******************* MD=14  SCF= 4 *******************
<Poisson>  Poisson's equation using FFT...
<Set_Hamiltonian>  Hamiltonian matrix for VNA+dVH+Vxc...
<Band>  Solving the eigenvalue problem...
 KGrids1:  -0.45833  -0.37500  -0.29167  -0.20833  -0.12500  -0.04167   0.04167   0.12500   0.20833   0.29167   0.37500   0.45833 
 KGrids2:  -0.45833  -0.37500  -0.29167  -0.20833  -0.12500  -0.04167   0.04167   0.12500   0.20833   0.29167   0.37500   0.45833 
 KGrids3:  -0.47500  -0.42500  -0.37500  -0.32500  -0.27500  -0.22500  -0.17500  -0.12500  -0.07500  -0.02500   0.02500   0.07500   0.12500   0.17500   0.22500   0.27500   0.32500   0.37500   0.42500   0.47500 
<Band_DFT>  Eigen, time=0.741451
<Band_DFT>  DM, time=1.926592
    1   Sn  MulP   6.9999  6.9999 sum  13.9998
    2   Sn  MulP   7.0002  7.0002 sum  14.0003
    3   Sn  MulP   7.0000  7.0000 sum  14.0000
    4   Sn  MulP   6.9999  6.9999 sum  13.9999
 Sum of MulP: up   =    28.00000 down          =    28.00000
              total=    56.00000 ideal(neutral)=    56.00000
<DFT>  Total Spin Moment (muB) =  0.000000000000
<DFT>  Mixing_weight= 0.040000000000
<DFT>  Uele   =  -42.202269901010  dUele     =   0.000030388861
<DFT>  NormRD =    0.000006803631  Criterion =   0.000000100000

******************* MD=14  SCF= 5 *******************
<Poisson>  Poisson's equation using FFT...
<Set_Hamiltonian>  Hamiltonian matrix for VNA+dVH+Vxc...
<Band>  Solving the eigenvalue problem...
 KGrids1:  -0.45833  -0.37500  -0.29167  -0.20833  -0.12500  -0.04167   0.04167   0.12500   0.20833   0.29167   0.37500   0.45833 
 KGrids2:  -0.45833  -0.37500  -0.29167  -0.20833  -0.12500  -0.04167   0.04167   0.12500   0.20833   0.29167   0.37500   0.45833 
 KGrids3:  -0.47500  -0.42500  -0.37500  -0.32500  -0.27500  -0.22500  -0.17500  -0.12500  -0.07500  -0.02500   0.02500   0.07500   0.12500   0.17500   0.22500   0.27500   0.32500   0.37500   0.42500   0.47500 
<Band_DFT>  Eigen, time=0.738771
<Band_DFT>  DM, time=2.043809
    1   Sn  MulP   6.9999  6.9999 sum  13.9998
    2   Sn  MulP   7.0002  7.0002 sum  14.0003
    3   Sn  MulP   7.0000  7.0000 sum  14.0000
    4   Sn  MulP   6.9999  6.9999 sum  13.9999
 Sum of MulP: up   =    28.00000 down          =    28.00000
              total=    56.00000 ideal(neutral)=    56.00000
<DFT>  Total Spin Moment (muB) =  0.000000000000
<DFT>  Mixing_weight= 0.040000000000
<DFT>  Uele   =  -42.202266828609  dUele     =   0.000003072402
<DFT>  NormRD =    0.000005193766  Criterion =   0.000000100000

******************* MD=14  SCF= 6 *******************
<Poisson>  Poisson's equation using FFT...
<Set_Hamiltonian>  Hamiltonian matrix for VNA+dVH+Vxc...
<Band>  Solving the eigenvalue problem...
 KGrids1:  -0.45833  -0.37500  -0.29167  -0.20833  -0.12500  -0.04167   0.04167   0.12500   0.20833   0.29167   0.37500   0.45833 
 KGrids2:  -0.45833  -0.37500  -0.29167  -0.20833  -0.12500  -0.04167   0.04167   0.12500   0.20833   0.29167   0.37500   0.45833 
 KGrids3:  -0.47500  -0.42500  -0.37500  -0.32500  -0.27500  -0.22500  -0.17500  -0.12500  -0.07500  -0.02500   0.02500   0.07500   0.12500   0.17500   0.22500   0.27500   0.32500   0.37500   0.42500   0.47500 
<Band_DFT>  Eigen, time=0.741328
<Band_DFT>  DM, time=2.041180
    1   Sn  MulP   6.9999  6.9999 sum  13.9998
    2   Sn  MulP   7.0002  7.0002 sum  14.0003
    3   Sn  MulP   7.0000  7.0000 sum  14.0000
    4   Sn  MulP   6.9999  6.9999 sum  13.9999
 Sum of MulP: up   =    28.00000 down          =    28.00000
              total=    56.00000 ideal(neutral)=    56.00000
<DFT>  Total Spin Moment (muB) =  0.000000000000
<DFT>  Mixing_weight= 0.040000000000
<DFT>  Uele   =  -42.202267080365  dUele     =   0.000000251757
<DFT>  NormRD =    0.000003652701  Criterion =   0.000000100000

******************* MD=14  SCF= 7 *******************
<Poisson>  Poisson's equation using FFT...
<Set_Hamiltonian>  Hamiltonian matrix for VNA+dVH+Vxc...
<Band>  Solving the eigenvalue problem...
 KGrids1:  -0.45833  -0.37500  -0.29167  -0.20833  -0.12500  -0.04167   0.04167   0.12500   0.20833   0.29167   0.37500   0.45833 
 KGrids2:  -0.45833  -0.37500  -0.29167  -0.20833  -0.12500  -0.04167   0.04167   0.12500   0.20833   0.29167   0.37500   0.45833 
 KGrids3:  -0.47500  -0.42500  -0.37500  -0.32500  -0.27500  -0.22500  -0.17500  -0.12500  -0.07500  -0.02500   0.02500   0.07500   0.12500   0.17500   0.22500   0.27500   0.32500   0.37500   0.42500   0.47500 
<Band_DFT>  Eigen, time=0.743879
<Band_DFT>  DM, time=2.042967
    1   Sn  MulP   6.9999  6.9999 sum  13.9998
    2   Sn  MulP   7.0002  7.0002 sum  14.0003
    3   Sn  MulP   7.0000  7.0000 sum  14.0000
    4   Sn  MulP   6.9999  6.9999 sum  13.9999
 Sum of MulP: up   =    28.00000 down          =    28.00000
              total=    56.00000 ideal(neutral)=    56.00000
<DFT>  Total Spin Moment (muB) =  0.000000000000
<DFT>  Mixing_weight= 0.040000000000
<DFT>  Uele   =  -42.202267202917  dUele     =   0.000000122552
<DFT>  NormRD =    0.000000885463  Criterion =   0.000000100000

******************* MD=14  SCF= 8 *******************
<Poisson>  Poisson's equation using FFT...
<Set_Hamiltonian>  Hamiltonian matrix for VNA+dVH+Vxc...
<Band>  Solving the eigenvalue problem...
 KGrids1:  -0.45833  -0.37500  -0.29167  -0.20833  -0.12500  -0.04167   0.04167   0.12500   0.20833   0.29167   0.37500   0.45833 
 KGrids2:  -0.45833  -0.37500  -0.29167  -0.20833  -0.12500  -0.04167   0.04167   0.12500   0.20833   0.29167   0.37500   0.45833 
 KGrids3:  -0.47500  -0.42500  -0.37500  -0.32500  -0.27500  -0.22500  -0.17500  -0.12500  -0.07500  -0.02500   0.02500   0.07500   0.12500   0.17500   0.22500   0.27500   0.32500   0.37500   0.42500   0.47500 
<Band_DFT>  Eigen, time=0.744798
<Band_DFT>  DM, time=2.043108
    1   Sn  MulP   6.9999  6.9999 sum  13.9998
    2   Sn  MulP   7.0002  7.0002 sum  14.0003
    3   Sn  MulP   7.0000  7.0000 sum  14.0000
    4   Sn  MulP   6.9999  6.9999 sum  13.9999
 Sum of MulP: up   =    28.00000 down          =    28.00000
              total=    56.00000 ideal(neutral)=    56.00000
<DFT>  Total Spin Moment (muB) =  0.000000000000
<DFT>  Mixing_weight= 0.040000000000
<DFT>  Uele   =  -42.202267268673  dUele     =   0.000000065756
<DFT>  NormRD =    0.000000244915  Criterion =   0.000000100000
<MD=14>  Force calculation
  Force calculation #1
  Force calculation #2
  Force calculation #3
  Force calculation #4
  Force calculation #5
  Stress calculation #1
  Stress calculation #2
  Stress calculation #3
  Stress calculation #4
  Stress calculation #5
<MD=14>  Total Energy
  Force calculation #6
  Force calculation #7

*******************************************************
                  Dipole moment (Debye)                 
*******************************************************

 Absolute D      522.21248286

                      Dx                Dy                Dz
 Total           -363.75595898     -362.14113297      -96.13157324
 Core             403.44410272      401.43869991      321.06250170
 Electron        -767.20006170     -763.57983288     -417.19407494
 Back ground       -0.00000000       -0.00000000       -0.00000000

*******************************************************
               Stress tensor (Hartree/bohr^3)            
*******************************************************

       0.00001250        0.00000000       -0.00000000 
       0.00000000        0.00000649       -0.00000000 
      -0.00000000       -0.00000000        0.00000598 

*******************************************************
                Total Energy (Hartree) at MD =14        
*******************************************************

  Uele  =     -42.202267268673

  Ukin  =     203.433940402024
  UH0   =   -2699.774880383414
  UH1   =       0.004871167894
  Una   =    -149.407333914498
  Unl   =     -47.918298982884
  Uxc0  =     -25.234624484050
  Uxc1  =     -25.234624484050
  Ucore =    2459.973617926521
  Uhub  =       0.000000000000
  Ucs   =       0.000000000000
  Uzs   =       0.000000000000
  Uzo   =       0.000000000000
  Uef   =       0.000000000000
  UvdW  =       0.000000000000
  Uch   =       0.000000000000
  Utot  =    -284.157332752457

  UpV   =       0.000000000000
  Enpy  =    -284.157332752457
  Note:

  Uele:   band energy
  Ukin:   kinetic energy
  UH0:    electric part of screened Coulomb energy
  UH1:    difference electron-electron Coulomb energy
  Una:    neutral atom potential energy
  Unl:    non-local potential energy
  Uxc0:   exchange-correlation energy for alpha spin
  Uxc1:   exchange-correlation energy for beta spin
  Ucore:  core-core Coulomb energy
  Uhub:   LDA+U energy
  Ucs:    constraint energy for spin orientation
  Uzs:    Zeeman term for spin magnetic moment
  Uzo:    Zeeman term for orbital magnetic moment
  Uef:    electric energy by electric field
  UvdW:   semi-empirical vdW energy 
  Uch:    penalty term to create a core hole
  UpV:    pressure times volume
  Enpy:   Enthalpy = Utot + UpV
  (see also PRB 72, 045121(2005) for the energy contributions)


*******************************************************
           Computational times (s) at MD =14            
*******************************************************

  DFT in total      =   33.63191

  Set_OLP_Kin       =    0.69661
  Set_Nonlocal      =    1.35285
  Set_ProExpn_VNA   =    2.63024
  Set_Hamiltonian   =    1.80907
  Poisson           =    0.00134
  diagonalization   =   22.04532
  Mixing_DM         =    0.00607
  Force             =    1.99220
  Total_Energy      =    0.40871
  Set_Aden_Grid     =    0.06089
  Set_Orbitals_Grid =    0.09762
  Set_Density_Grid  =    0.66610
  RestartFileDFT    =    0.00376
  Mulliken_Charge   =    0.00120
  FFT(2D)_Density   =    0.00220

The SCF was achieved at MD=  14

*******************************************************
             MD or geometry opt. at MD =14              
*******************************************************

<BFGS>  |Maximum force| (Hartree/Bohr) = 0.000355234776
<BFGS>  Criterion       (Hartree/Bohr) = 0.000100000000

     atom=   1, XYZ(ang) Fxyz(a.u.)=  -0.0000    0.0000   -0.0142    -0.0000    0.0000   -0.0004
     atom=   2, XYZ(ang) Fxyz(a.u.)=   2.9998    2.9849    1.5722    -0.0000   -0.0000    0.0002
     atom=   3, XYZ(ang) Fxyz(a.u.)=  -0.0000    2.9849    0.8213     0.0000   -0.0000    0.0001
     atom=   4, XYZ(ang) Fxyz(a.u.)=   2.9998   -0.0000    2.3945     0.0000   -0.0000    0.0003

*******************************************************
        Analysis of neighbors and setting of grids        
*******************************************************


*******************************************************
  Allocation of atoms to processors at MD_iter=   15     
*******************************************************

 proc =   0  # of atoms=   1  estimated weight=         1.00000
 proc =   1  # of atoms=   1  estimated weight=         1.00000
 proc =   2  # of atoms=   1  estimated weight=         1.00000
 proc =   3  # of atoms=   1  estimated weight=         1.00000
 proc =   4  # of atoms=   0  estimated weight=         0.00000
 proc =   5  # of atoms=   0  estimated weight=         0.00000
 proc =   6  # of atoms=   0  estimated weight=         0.00000
 proc =   7  # of atoms=   0  estimated weight=         0.00000
 proc =   8  # of atoms=   0  estimated weight=         0.00000
 proc =   9  # of atoms=   0  estimated weight=         0.00000
 proc =  10  # of atoms=   0  estimated weight=         0.00000
 proc =  11  # of atoms=   0  estimated weight=         0.00000
 proc =  12  # of atoms=   0  estimated weight=         0.00000
 proc =  13  # of atoms=   0  estimated weight=         0.00000
 proc =  14  # of atoms=   0  estimated weight=         0.00000
 proc =  15  # of atoms=   0  estimated weight=         0.00000



TFNAN=     256   Average FNAN=  64.00000
TSNAN=       0   Average SNAN=   0.00000
<truncation> CpyCell= 3 ct_AN=   1 FNAN SNAN  64   0
<truncation> CpyCell= 3 ct_AN=   2 FNAN SNAN  64   0
<truncation> CpyCell= 3 ct_AN=   3 FNAN SNAN  64   0
<truncation> CpyCell= 3 ct_AN=   4 FNAN SNAN  64   0
<UCell_Box> Info. of cutoff energy and num. of grids
lattice vectors (bohr)
A  = 11.337702133525,  0.000000000000,  0.000000000000
B  =  0.000000000000, 11.281295655248,  0.000000000000
C  =  0.000000000000,  0.000000000000,  6.081931916162
reciprocal lattice vectors (bohr^-1)
RA =  0.554185074999,  0.000000000000,  0.000000000000
RB =  0.000000000000,  0.556956000374,  0.000000000000
RC =  0.000000000000,  0.000000000000,  1.033090372236
Required cutoff energy (Ryd) for 3D-grids = 200.0000
    Used cutoff energy (Ryd) for 3D-grids = 191.9507, 193.8750, 194.5110
Num. of grids of a-, b-, and c-axes = 50, 50, 27
Cell_Volume =    777.903236248648 (Bohr^3)
GridVol     =      0.011524492389 (Bohr^3)
Cell vectors (bohr) of the grid cell (gtv)
  gtv_a =  0.226754042670,  0.000000000000,  0.000000000000
  gtv_b =  0.000000000000,  0.225625913105,  0.000000000000
  gtv_c =  0.000000000000,  0.000000000000,  0.225256737636
  |gtv_a| =  0.226754042670
  |gtv_b| =  0.225625913105
  |gtv_c| =  0.225256737636
Num. of grids overlapping with atom    1 = 124640
Num. of grids overlapping with atom    2 = 124648
Num. of grids overlapping with atom    3 = 124632
Num. of grids overlapping with atom    4 = 124602

*******************************************************
             SCF calculation at MD =15                
*******************************************************

<MD=15>  Calculation of the overlap matrix
<MD=15>  Calculation of the nonlocal matrix
<MD=15>  Calculation of the VNA projector matrix

******************* MD=15  SCF= 1 *******************
<Restart>  Found restart files
<Poisson>  Poisson's equation using FFT...
<Band>  Solving the eigenvalue problem...
 KGrids1:  -0.45833  -0.37500  -0.29167  -0.20833  -0.12500  -0.04167   0.04167   0.12500   0.20833   0.29167   0.37500   0.45833 
 KGrids2:  -0.45833  -0.37500  -0.29167  -0.20833  -0.12500  -0.04167   0.04167   0.12500   0.20833   0.29167   0.37500   0.45833 
 KGrids3:  -0.47500  -0.42500  -0.37500  -0.32500  -0.27500  -0.22500  -0.17500  -0.12500  -0.07500  -0.02500   0.02500   0.07500   0.12500   0.17500   0.22500   0.27500   0.32500   0.37500   0.42500   0.47500 
<Band_DFT>  Eigen, time=0.742220
<Band_DFT>  DM, time=2.042156
    1   Sn  MulP   6.9999  6.9999 sum  13.9998
    2   Sn  MulP   7.0002  7.0002 sum  14.0003
    3   Sn  MulP   7.0000  7.0000 sum  14.0000
    4   Sn  MulP   6.9999  6.9999 sum  13.9999
 Sum of MulP: up   =    28.00000 down          =    28.00000
              total=    56.00000 ideal(neutral)=    56.00000
<DFT>  Total Spin Moment (muB) =  0.000000000000
<DFT>  Mixing_weight= 0.400000000000
<DFT>  Uele   =  -42.202259944671  dUele     =   1.000000000000
<DFT>  NormRD =    1.000000000000  Criterion =   0.000000100000

******************* MD=15  SCF= 2 *******************
<Poisson>  Poisson's equation using FFT...
<Set_Hamiltonian>  Hamiltonian matrix for VNA+dVH+Vxc...
<Band>  Solving the eigenvalue problem...
 KGrids1:  -0.45833  -0.37500  -0.29167  -0.20833  -0.12500  -0.04167   0.04167   0.12500   0.20833   0.29167   0.37500   0.45833 
 KGrids2:  -0.45833  -0.37500  -0.29167  -0.20833  -0.12500  -0.04167   0.04167   0.12500   0.20833   0.29167   0.37500   0.45833 
 KGrids3:  -0.47500  -0.42500  -0.37500  -0.32500  -0.27500  -0.22500  -0.17500  -0.12500  -0.07500  -0.02500   0.02500   0.07500   0.12500   0.17500   0.22500   0.27500   0.32500   0.37500   0.42500   0.47500 
<Band_DFT>  Eigen, time=0.745816
<Band_DFT>  DM, time=2.044198
    1   Sn  MulP   6.9999  6.9999 sum  13.9998
    2   Sn  MulP   7.0002  7.0002 sum  14.0003
    3   Sn  MulP   7.0000  7.0000 sum  14.0000
    4   Sn  MulP   6.9999  6.9999 sum  13.9999
 Sum of MulP: up   =    28.00000 down          =    28.00000
              total=    56.00000 ideal(neutral)=    56.00000
<DFT>  Total Spin Moment (muB) =  0.000000000000
<DFT>  Mixing_weight= 0.400000000000
<DFT>  Uele   =  -42.202260743385  dUele     =   0.000000798714
<DFT>  NormRD =    0.000055687818  Criterion =   0.000000100000

******************* MD=15  SCF= 3 *******************
<Poisson>  Poisson's equation using FFT...
<Set_Hamiltonian>  Hamiltonian matrix for VNA+dVH+Vxc...
<Band>  Solving the eigenvalue problem...
 KGrids1:  -0.45833  -0.37500  -0.29167  -0.20833  -0.12500  -0.04167   0.04167   0.12500   0.20833   0.29167   0.37500   0.45833 
 KGrids2:  -0.45833  -0.37500  -0.29167  -0.20833  -0.12500  -0.04167   0.04167   0.12500   0.20833   0.29167   0.37500   0.45833 
 KGrids3:  -0.47500  -0.42500  -0.37500  -0.32500  -0.27500  -0.22500  -0.17500  -0.12500  -0.07500  -0.02500   0.02500   0.07500   0.12500   0.17500   0.22500   0.27500   0.32500   0.37500   0.42500   0.47500 
<Band_DFT>  Eigen, time=0.745832
<Band_DFT>  DM, time=2.046819
    1   Sn  MulP   6.9999  6.9999 sum  13.9998
    2   Sn  MulP   7.0002  7.0002 sum  14.0003
    3   Sn  MulP   7.0000  7.0000 sum  14.0000
    4   Sn  MulP   6.9999  6.9999 sum  13.9999
 Sum of MulP: up   =    28.00000 down          =    28.00000
              total=    56.00000 ideal(neutral)=    56.00000
<DFT>  Total Spin Moment (muB) =  0.000000000000
<DFT>  Mixing_weight= 0.040000000000
<DFT>  Uele   =  -42.202261316297  dUele     =   0.000000572912
<DFT>  NormRD =    0.000037724534  Criterion =   0.000000100000

******************* MD=15  SCF= 4 *******************
<Poisson>  Poisson's equation using FFT...
<Set_Hamiltonian>  Hamiltonian matrix for VNA+dVH+Vxc...
<Band>  Solving the eigenvalue problem...
 KGrids1:  -0.45833  -0.37500  -0.29167  -0.20833  -0.12500  -0.04167   0.04167   0.12500   0.20833   0.29167   0.37500   0.45833 
 KGrids2:  -0.45833  -0.37500  -0.29167  -0.20833  -0.12500  -0.04167   0.04167   0.12500   0.20833   0.29167   0.37500   0.45833 
 KGrids3:  -0.47500  -0.42500  -0.37500  -0.32500  -0.27500  -0.22500  -0.17500  -0.12500  -0.07500  -0.02500   0.02500   0.07500   0.12500   0.17500   0.22500   0.27500   0.32500   0.37500   0.42500   0.47500 
<Band_DFT>  Eigen, time=0.743703
<Band_DFT>  DM, time=2.035988
    1   Sn  MulP   6.9999  6.9999 sum  13.9998
    2   Sn  MulP   7.0002  7.0002 sum  14.0003
    3   Sn  MulP   7.0000  7.0000 sum  14.0000
    4   Sn  MulP   6.9999  6.9999 sum  13.9999
 Sum of MulP: up   =    28.00000 down          =    28.00000
              total=    56.00000 ideal(neutral)=    56.00000
<DFT>  Total Spin Moment (muB) =  0.000000000000
<DFT>  Mixing_weight= 0.040000000000
<DFT>  Uele   =  -42.202263203644  dUele     =   0.000001887347
<DFT>  NormRD =    0.000003996550  Criterion =   0.000000100000

******************* MD=15  SCF= 5 *******************
<Poisson>  Poisson's equation using FFT...
<Set_Hamiltonian>  Hamiltonian matrix for VNA+dVH+Vxc...
<Band>  Solving the eigenvalue problem...
 KGrids1:  -0.45833  -0.37500  -0.29167  -0.20833  -0.12500  -0.04167   0.04167   0.12500   0.20833   0.29167   0.37500   0.45833 
 KGrids2:  -0.45833  -0.37500  -0.29167  -0.20833  -0.12500  -0.04167   0.04167   0.12500   0.20833   0.29167   0.37500   0.45833 
 KGrids3:  -0.47500  -0.42500  -0.37500  -0.32500  -0.27500  -0.22500  -0.17500  -0.12500  -0.07500  -0.02500   0.02500   0.07500   0.12500   0.17500   0.22500   0.27500   0.32500   0.37500   0.42500   0.47500 
<Band_DFT>  Eigen, time=0.742227
<Band_DFT>  DM, time=2.041346
    1   Sn  MulP   6.9999  6.9999 sum  13.9998
    2   Sn  MulP   7.0002  7.0002 sum  14.0003
    3   Sn  MulP   7.0000  7.0000 sum  14.0000
    4   Sn  MulP   6.9999  6.9999 sum  13.9999
 Sum of MulP: up   =    28.00000 down          =    28.00000
              total=    56.00000 ideal(neutral)=    56.00000
<DFT>  Total Spin Moment (muB) =  0.000000000000
<DFT>  Mixing_weight= 0.040000000000
<DFT>  Uele   =  -42.202262789970  dUele     =   0.000000413674
<DFT>  NormRD =    0.000003060093  Criterion =   0.000000100000

******************* MD=15  SCF= 6 *******************
<Poisson>  Poisson's equation using FFT...
<Set_Hamiltonian>  Hamiltonian matrix for VNA+dVH+Vxc...
<Band>  Solving the eigenvalue problem...
 KGrids1:  -0.45833  -0.37500  -0.29167  -0.20833  -0.12500  -0.04167   0.04167   0.12500   0.20833   0.29167   0.37500   0.45833 
 KGrids2:  -0.45833  -0.37500  -0.29167  -0.20833  -0.12500  -0.04167   0.04167   0.12500   0.20833   0.29167   0.37500   0.45833 
 KGrids3:  -0.47500  -0.42500  -0.37500  -0.32500  -0.27500  -0.22500  -0.17500  -0.12500  -0.07500  -0.02500   0.02500   0.07500   0.12500   0.17500   0.22500   0.27500   0.32500   0.37500   0.42500   0.47500 
<Band_DFT>  Eigen, time=0.746524
<Band_DFT>  DM, time=1.928284
    1   Sn  MulP   6.9999  6.9999 sum  13.9998
    2   Sn  MulP   7.0002  7.0002 sum  14.0003
    3   Sn  MulP   7.0000  7.0000 sum  14.0000
    4   Sn  MulP   6.9999  6.9999 sum  13.9999
 Sum of MulP: up   =    28.00000 down          =    28.00000
              total=    56.00000 ideal(neutral)=    56.00000
<DFT>  Total Spin Moment (muB) =  0.000000000000
<DFT>  Mixing_weight= 0.040000000000
<DFT>  Uele   =  -42.202262800715  dUele     =   0.000000010746
<DFT>  NormRD =    0.000001998135  Criterion =   0.000000100000
<MD=15>  Force calculation
  Force calculation #1
  Force calculation #2
  Force calculation #3
  Force calculation #4
  Force calculation #5
  Stress calculation #1
  Stress calculation #2
  Stress calculation #3
  Stress calculation #4
  Stress calculation #5
<MD=15>  Total Energy
  Force calculation #6
  Force calculation #7

*******************************************************
                  Dipole moment (Debye)                 
*******************************************************

 Absolute D      522.21509298

                      Dx                Dy                Dz
 Total           -363.75609647     -362.14110891      -96.14532153
 Core             403.44421329      401.43871938      321.01291111
 Electron        -767.20030976     -763.57982829     -417.15823265
 Back ground       -0.00000000       -0.00000000       -0.00000000

*******************************************************
               Stress tensor (Hartree/bohr^3)            
*******************************************************

       0.00001236        0.00000000       -0.00000001 
       0.00000000        0.00000647       -0.00000000 
      -0.00000001       -0.00000000        0.00000592 

*******************************************************
                Total Energy (Hartree) at MD =15        
*******************************************************

  Uele  =     -42.202262800715

  Ukin  =     203.433966882050
  UH0   =   -2699.774690386624
  UH1   =       0.004871131851
  Una   =    -149.407345910427
  Unl   =     -47.918311000064
  Uxc0  =     -25.234625515692
  Uxc1  =     -25.234625515692
  Ucore =    2459.973427316982
  Uhub  =       0.000000000000
  Ucs   =       0.000000000000
  Uzs   =       0.000000000000
  Uzo   =       0.000000000000
  Uef   =       0.000000000000
  UvdW  =       0.000000000000
  Uch   =       0.000000000000
  Utot  =    -284.157332997616

  UpV   =       0.000000000000
  Enpy  =    -284.157332997616
  Note:

  Uele:   band energy
  Ukin:   kinetic energy
  UH0:    electric part of screened Coulomb energy
  UH1:    difference electron-electron Coulomb energy
  Una:    neutral atom potential energy
  Unl:    non-local potential energy
  Uxc0:   exchange-correlation energy for alpha spin
  Uxc1:   exchange-correlation energy for beta spin
  Ucore:  core-core Coulomb energy
  Uhub:   LDA+U energy
  Ucs:    constraint energy for spin orientation
  Uzs:    Zeeman term for spin magnetic moment
  Uzo:    Zeeman term for orbital magnetic moment
  Uef:    electric energy by electric field
  UvdW:   semi-empirical vdW energy 
  Uch:    penalty term to create a core hole
  UpV:    pressure times volume
  Enpy:   Enthalpy = Utot + UpV
  (see also PRB 72, 045121(2005) for the energy contributions)


*******************************************************
           Computational times (s) at MD =15            
*******************************************************

  DFT in total      =   28.07440

  Set_OLP_Kin       =    0.69576
  Set_Nonlocal      =    1.48543
  Set_ProExpn_VNA   =    2.91487
  Set_Hamiltonian   =    1.31864
  Poisson           =    0.00097
  diagonalization   =   16.93462
  Mixing_DM         =    0.00467
  Force             =    1.76829
  Total_Energy      =    0.40398
  Set_Aden_Grid     =    0.14760
  Set_Orbitals_Grid =    0.09748
  Set_Density_Grid  =    0.49087
  RestartFileDFT    =    0.03816
  Mulliken_Charge   =    0.00099
  FFT(2D)_Density   =    0.00176

The SCF was achieved at MD=  15

*******************************************************
             MD or geometry opt. at MD =15              
*******************************************************

<BFGS>  |Maximum force| (Hartree/Bohr) = 0.000350347449
<BFGS>  Criterion       (Hartree/Bohr) = 0.000100000000

     atom=   1, XYZ(ang) Fxyz(a.u.)=  -0.0000   -0.0000   -0.0137    -0.0000    0.0000   -0.0004
     atom=   2, XYZ(ang) Fxyz(a.u.)=   2.9998    2.9849    1.5689    -0.0000   -0.0000    0.0001
     atom=   3, XYZ(ang) Fxyz(a.u.)=  -0.0000    2.9849    0.8238     0.0000   -0.0000    0.0001
     atom=   4, XYZ(ang) Fxyz(a.u.)=   2.9998   -0.0000    2.3915     0.0000   -0.0000    0.0003

*******************************************************
        Analysis of neighbors and setting of grids        
*******************************************************


*******************************************************
  Allocation of atoms to processors at MD_iter=   16     
*******************************************************

 proc =   0  # of atoms=   1  estimated weight=         1.00000
 proc =   1  # of atoms=   1  estimated weight=         1.00000
 proc =   2  # of atoms=   1  estimated weight=         1.00000
 proc =   3  # of atoms=   1  estimated weight=         1.00000
 proc =   4  # of atoms=   0  estimated weight=         0.00000
 proc =   5  # of atoms=   0  estimated weight=         0.00000
 proc =   6  # of atoms=   0  estimated weight=         0.00000
 proc =   7  # of atoms=   0  estimated weight=         0.00000
 proc =   8  # of atoms=   0  estimated weight=         0.00000
 proc =   9  # of atoms=   0  estimated weight=         0.00000
 proc =  10  # of atoms=   0  estimated weight=         0.00000
 proc =  11  # of atoms=   0  estimated weight=         0.00000
 proc =  12  # of atoms=   0  estimated weight=         0.00000
 proc =  13  # of atoms=   0  estimated weight=         0.00000
 proc =  14  # of atoms=   0  estimated weight=         0.00000
 proc =  15  # of atoms=   0  estimated weight=         0.00000



TFNAN=     256   Average FNAN=  64.00000
TSNAN=       0   Average SNAN=   0.00000
<truncation> CpyCell= 3 ct_AN=   1 FNAN SNAN  64   0
<truncation> CpyCell= 3 ct_AN=   2 FNAN SNAN  64   0
<truncation> CpyCell= 3 ct_AN=   3 FNAN SNAN  64   0
<truncation> CpyCell= 3 ct_AN=   4 FNAN SNAN  64   0
<UCell_Box> Info. of cutoff energy and num. of grids
lattice vectors (bohr)
A  = 11.337702133525,  0.000000000000,  0.000000000000
B  =  0.000000000000, 11.281295655248,  0.000000000000
C  =  0.000000000000,  0.000000000000,  6.081931916162
reciprocal lattice vectors (bohr^-1)
RA =  0.554185074999,  0.000000000000,  0.000000000000
RB =  0.000000000000,  0.556956000374,  0.000000000000
RC =  0.000000000000,  0.000000000000,  1.033090372236
Required cutoff energy (Ryd) for 3D-grids = 200.0000
    Used cutoff energy (Ryd) for 3D-grids = 191.9507, 193.8750, 194.5110
Num. of grids of a-, b-, and c-axes = 50, 50, 27
Cell_Volume =    777.903236248648 (Bohr^3)
GridVol     =      0.011524492389 (Bohr^3)
Cell vectors (bohr) of the grid cell (gtv)
  gtv_a =  0.226754042670,  0.000000000000,  0.000000000000
  gtv_b =  0.000000000000,  0.225625913105,  0.000000000000
  gtv_c =  0.000000000000,  0.000000000000,  0.225256737636
  |gtv_a| =  0.226754042670
  |gtv_b| =  0.225625913105
  |gtv_c| =  0.225256737636
Num. of grids overlapping with atom    1 = 124636
Num. of grids overlapping with atom    2 = 124642
Num. of grids overlapping with atom    3 = 124604
Num. of grids overlapping with atom    4 = 124561

*******************************************************
             SCF calculation at MD =16                
*******************************************************

<MD=16>  Calculation of the overlap matrix
<MD=16>  Calculation of the nonlocal matrix
<MD=16>  Calculation of the VNA projector matrix

******************* MD=16  SCF= 1 *******************
<Restart>  Found restart files
<Poisson>  Poisson's equation using FFT...
<Band>  Solving the eigenvalue problem...
 KGrids1:  -0.45833  -0.37500  -0.29167  -0.20833  -0.12500  -0.04167   0.04167   0.12500   0.20833   0.29167   0.37500   0.45833 
 KGrids2:  -0.45833  -0.37500  -0.29167  -0.20833  -0.12500  -0.04167   0.04167   0.12500   0.20833   0.29167   0.37500   0.45833 
 KGrids3:  -0.47500  -0.42500  -0.37500  -0.32500  -0.27500  -0.22500  -0.17500  -0.12500  -0.07500  -0.02500   0.02500   0.07500   0.12500   0.17500   0.22500   0.27500   0.32500   0.37500   0.42500   0.47500 
<Band_DFT>  Eigen, time=0.740497
<Band_DFT>  DM, time=1.697614
    1   Sn  MulP   6.9998  6.9998 sum  13.9996
    2   Sn  MulP   7.0003  7.0003 sum  14.0005
    3   Sn  MulP   7.0000  7.0000 sum  14.0001
    4   Sn  MulP   6.9999  6.9999 sum  13.9997
 Sum of MulP: up   =    28.00000 down          =    28.00000
              total=    56.00000 ideal(neutral)=    56.00000
<DFT>  Total Spin Moment (muB) =  0.000000000000
<DFT>  Mixing_weight= 0.400000000000
<DFT>  Uele   =  -42.202258122346  dUele     =   1.000000000000
<DFT>  NormRD =    1.000000000000  Criterion =   0.000000100000

******************* MD=16  SCF= 2 *******************
<Poisson>  Poisson's equation using FFT...
<Set_Hamiltonian>  Hamiltonian matrix for VNA+dVH+Vxc...
<Band>  Solving the eigenvalue problem...
 KGrids1:  -0.45833  -0.37500  -0.29167  -0.20833  -0.12500  -0.04167   0.04167   0.12500   0.20833   0.29167   0.37500   0.45833 
 KGrids2:  -0.45833  -0.37500  -0.29167  -0.20833  -0.12500  -0.04167   0.04167   0.12500   0.20833   0.29167   0.37500   0.45833 
 KGrids3:  -0.47500  -0.42500  -0.37500  -0.32500  -0.27500  -0.22500  -0.17500  -0.12500  -0.07500  -0.02500   0.02500   0.07500   0.12500   0.17500   0.22500   0.27500   0.32500   0.37500   0.42500   0.47500 
<Band_DFT>  Eigen, time=0.510315
<Band_DFT>  DM, time=1.388594
    1   Sn  MulP   6.9999  6.9999 sum  13.9997
    2   Sn  MulP   7.0002  7.0002 sum  14.0005
    3   Sn  MulP   7.0000  7.0000 sum  14.0001
    4   Sn  MulP   6.9999  6.9999 sum  13.9998
 Sum of MulP: up   =    28.00000 down          =    28.00000
              total=    56.00000 ideal(neutral)=    56.00000
<DFT>  Total Spin Moment (muB) =  0.000000000000
<DFT>  Mixing_weight= 0.400000000000
<DFT>  Uele   =  -42.202235066279  dUele     =   0.000023056068
<DFT>  NormRD =    0.001286312602  Criterion =   0.000000100000

******************* MD=16  SCF= 3 *******************
<Poisson>  Poisson's equation using FFT...
<Set_Hamiltonian>  Hamiltonian matrix for VNA+dVH+Vxc...
<Band>  Solving the eigenvalue problem...
 KGrids1:  -0.45833  -0.37500  -0.29167  -0.20833  -0.12500  -0.04167   0.04167   0.12500   0.20833   0.29167   0.37500   0.45833 
 KGrids2:  -0.45833  -0.37500  -0.29167  -0.20833  -0.12500  -0.04167   0.04167   0.12500   0.20833   0.29167   0.37500   0.45833 
 KGrids3:  -0.47500  -0.42500  -0.37500  -0.32500  -0.27500  -0.22500  -0.17500  -0.12500  -0.07500  -0.02500   0.02500   0.07500   0.12500   0.17500   0.22500   0.27500   0.32500   0.37500   0.42500   0.47500 
<Band_DFT>  Eigen, time=0.512188
<Band_DFT>  DM, time=1.391074
    1   Sn  MulP   6.9999  6.9999 sum  13.9997
    2   Sn  MulP   7.0002  7.0002 sum  14.0004
    3   Sn  MulP   7.0000  7.0000 sum  14.0000
    4   Sn  MulP   6.9999  6.9999 sum  13.9998
 Sum of MulP: up   =    28.00000 down          =    28.00000
              total=    56.00000 ideal(neutral)=    56.00000
<DFT>  Total Spin Moment (muB) =  0.000000000000
<DFT>  Mixing_weight= 0.040000000000
<DFT>  Uele   =  -42.202221808679  dUele     =   0.000013257599
<DFT>  NormRD =    0.000871569350  Criterion =   0.000000100000

******************* MD=16  SCF= 4 *******************
<Poisson>  Poisson's equation using FFT...
<Set_Hamiltonian>  Hamiltonian matrix for VNA+dVH+Vxc...
<Band>  Solving the eigenvalue problem...
 KGrids1:  -0.45833  -0.37500  -0.29167  -0.20833  -0.12500  -0.04167   0.04167   0.12500   0.20833   0.29167   0.37500   0.45833 
 KGrids2:  -0.45833  -0.37500  -0.29167  -0.20833  -0.12500  -0.04167   0.04167   0.12500   0.20833   0.29167   0.37500   0.45833 
 KGrids3:  -0.47500  -0.42500  -0.37500  -0.32500  -0.27500  -0.22500  -0.17500  -0.12500  -0.07500  -0.02500   0.02500   0.07500   0.12500   0.17500   0.22500   0.27500   0.32500   0.37500   0.42500   0.47500 
<Band_DFT>  Eigen, time=0.518176
<Band_DFT>  DM, time=1.393033
    1   Sn  MulP   6.9999  6.9999 sum  13.9998
    2   Sn  MulP   7.0002  7.0002 sum  14.0004
    3   Sn  MulP   7.0000  7.0000 sum  14.0000
    4   Sn  MulP   6.9999  6.9999 sum  13.9998
 Sum of MulP: up   =    28.00000 down          =    28.00000
              total=    56.00000 ideal(neutral)=    56.00000
<DFT>  Total Spin Moment (muB) =  0.000000000000
<DFT>  Mixing_weight= 0.040000000000
<DFT>  Uele   =  -42.202209133193  dUele     =   0.000012675486
<DFT>  NormRD =    0.000078691426  Criterion =   0.000000100000

******************* MD=16  SCF= 5 *******************
<Poisson>  Poisson's equation using FFT...
<Set_Hamiltonian>  Hamiltonian matrix for VNA+dVH+Vxc...
<Band>  Solving the eigenvalue problem...
 KGrids1:  -0.45833  -0.37500  -0.29167  -0.20833  -0.12500  -0.04167   0.04167   0.12500   0.20833   0.29167   0.37500   0.45833 
 KGrids2:  -0.45833  -0.37500  -0.29167  -0.20833  -0.12500  -0.04167   0.04167   0.12500   0.20833   0.29167   0.37500   0.45833 
 KGrids3:  -0.47500  -0.42500  -0.37500  -0.32500  -0.27500  -0.22500  -0.17500  -0.12500  -0.07500  -0.02500   0.02500   0.07500   0.12500   0.17500   0.22500   0.27500   0.32500   0.37500   0.42500   0.47500 
<Band_DFT>  Eigen, time=0.514595
<Band_DFT>  DM, time=1.984509
    1   Sn  MulP   6.9999  6.9999 sum  13.9998
    2   Sn  MulP   7.0002  7.0002 sum  14.0004
    3   Sn  MulP   7.0000  7.0000 sum  14.0000
    4   Sn  MulP   6.9999  6.9999 sum  13.9998
 Sum of MulP: up   =    28.00000 down          =    28.00000
              total=    56.00000 ideal(neutral)=    56.00000
<DFT>  Total Spin Moment (muB) =  0.000000000000
<DFT>  Mixing_weight= 0.040000000000
<DFT>  Uele   =  -42.202207103223  dUele     =   0.000002029969
<DFT>  NormRD =    0.000032316886  Criterion =   0.000000100000

******************* MD=16  SCF= 6 *******************
<Poisson>  Poisson's equation using FFT...
<Set_Hamiltonian>  Hamiltonian matrix for VNA+dVH+Vxc...
<Band>  Solving the eigenvalue problem...
 KGrids1:  -0.45833  -0.37500  -0.29167  -0.20833  -0.12500  -0.04167   0.04167   0.12500   0.20833   0.29167   0.37500   0.45833 
 KGrids2:  -0.45833  -0.37500  -0.29167  -0.20833  -0.12500  -0.04167   0.04167   0.12500   0.20833   0.29167   0.37500   0.45833 
 KGrids3:  -0.47500  -0.42500  -0.37500  -0.32500  -0.27500  -0.22500  -0.17500  -0.12500  -0.07500  -0.02500   0.02500   0.07500   0.12500   0.17500   0.22500   0.27500   0.32500   0.37500   0.42500   0.47500 
<Band_DFT>  Eigen, time=0.738850
<Band_DFT>  DM, time=2.040245
    1   Sn  MulP   6.9999  6.9999 sum  13.9998
    2   Sn  MulP   7.0002  7.0002 sum  14.0004
    3   Sn  MulP   7.0000  7.0000 sum  14.0000
    4   Sn  MulP   6.9999  6.9999 sum  13.9998
 Sum of MulP: up   =    28.00000 down          =    28.00000
              total=    56.00000 ideal(neutral)=    56.00000
<DFT>  Total Spin Moment (muB) =  0.000000000000
<DFT>  Mixing_weight= 0.040000000000
<DFT>  Uele   =  -42.202208102274  dUele     =   0.000000999051
<DFT>  NormRD =    0.000038374471  Criterion =   0.000000100000

******************* MD=16  SCF= 7 *******************
<Poisson>  Poisson's equation using FFT...
<Set_Hamiltonian>  Hamiltonian matrix for VNA+dVH+Vxc...
<Band>  Solving the eigenvalue problem...
 KGrids1:  -0.45833  -0.37500  -0.29167  -0.20833  -0.12500  -0.04167   0.04167   0.12500   0.20833   0.29167   0.37500   0.45833 
 KGrids2:  -0.45833  -0.37500  -0.29167  -0.20833  -0.12500  -0.04167   0.04167   0.12500   0.20833   0.29167   0.37500   0.45833 
 KGrids3:  -0.47500  -0.42500  -0.37500  -0.32500  -0.27500  -0.22500  -0.17500  -0.12500  -0.07500  -0.02500   0.02500   0.07500   0.12500   0.17500   0.22500   0.27500   0.32500   0.37500   0.42500   0.47500 
<Band_DFT>  Eigen, time=0.748135
<Band_DFT>  DM, time=2.043570
    1   Sn  MulP   6.9999  6.9999 sum  13.9998
    2   Sn  MulP   7.0002  7.0002 sum  14.0004
    3   Sn  MulP   7.0000  7.0000 sum  14.0000
    4   Sn  MulP   6.9999  6.9999 sum  13.9998
 Sum of MulP: up   =    28.00000 down          =    28.00000
              total=    56.00000 ideal(neutral)=    56.00000
<DFT>  Total Spin Moment (muB) =  0.000000000000
<DFT>  Mixing_weight= 0.040000000000
<DFT>  Uele   =  -42.202208289239  dUele     =   0.000000186965
<DFT>  NormRD =    0.000001639893  Criterion =   0.000000100000

******************* MD=16  SCF= 8 *******************
<Poisson>  Poisson's equation using FFT...
<Set_Hamiltonian>  Hamiltonian matrix for VNA+dVH+Vxc...
<Band>  Solving the eigenvalue problem...
 KGrids1:  -0.45833  -0.37500  -0.29167  -0.20833  -0.12500  -0.04167   0.04167   0.12500   0.20833   0.29167   0.37500   0.45833 
 KGrids2:  -0.45833  -0.37500  -0.29167  -0.20833  -0.12500  -0.04167   0.04167   0.12500   0.20833   0.29167   0.37500   0.45833 
 KGrids3:  -0.47500  -0.42500  -0.37500  -0.32500  -0.27500  -0.22500  -0.17500  -0.12500  -0.07500  -0.02500   0.02500   0.07500   0.12500   0.17500   0.22500   0.27500   0.32500   0.37500   0.42500   0.47500 
<Band_DFT>  Eigen, time=0.746582
<Band_DFT>  DM, time=2.036659
    1   Sn  MulP   6.9999  6.9999 sum  13.9998
    2   Sn  MulP   7.0002  7.0002 sum  14.0004
    3   Sn  MulP   7.0000  7.0000 sum  14.0000
    4   Sn  MulP   6.9999  6.9999 sum  13.9998
 Sum of MulP: up   =    28.00000 down          =    28.00000
              total=    56.00000 ideal(neutral)=    56.00000
<DFT>  Total Spin Moment (muB) =  0.000000000000
<DFT>  Mixing_weight= 0.040000000000
<DFT>  Uele   =  -42.202208112228  dUele     =   0.000000177011
<DFT>  NormRD =    0.000002098833  Criterion =   0.000000100000

******************* MD=16  SCF= 9 *******************
<Poisson>  Poisson's equation using FFT...
<Set_Hamiltonian>  Hamiltonian matrix for VNA+dVH+Vxc...
<Band>  Solving the eigenvalue problem...
 KGrids1:  -0.45833  -0.37500  -0.29167  -0.20833  -0.12500  -0.04167   0.04167   0.12500   0.20833   0.29167   0.37500   0.45833 
 KGrids2:  -0.45833  -0.37500  -0.29167  -0.20833  -0.12500  -0.04167   0.04167   0.12500   0.20833   0.29167   0.37500   0.45833 
 KGrids3:  -0.47500  -0.42500  -0.37500  -0.32500  -0.27500  -0.22500  -0.17500  -0.12500  -0.07500  -0.02500   0.02500   0.07500   0.12500   0.17500   0.22500   0.27500   0.32500   0.37500   0.42500   0.47500 
<Band_DFT>  Eigen, time=0.746815
<Band_DFT>  DM, time=2.042257
    1   Sn  MulP   6.9999  6.9999 sum  13.9998
    2   Sn  MulP   7.0002  7.0002 sum  14.0004
    3   Sn  MulP   7.0000  7.0000 sum  14.0000
    4   Sn  MulP   6.9999  6.9999 sum  13.9998
 Sum of MulP: up   =    28.00000 down          =    28.00000
              total=    56.00000 ideal(neutral)=    56.00000
<DFT>  Total Spin Moment (muB) =  0.000000000000
<DFT>  Mixing_weight= 0.040000000000
<DFT>  Uele   =  -42.202208127154  dUele     =   0.000000014926
<DFT>  NormRD =    0.000000579692  Criterion =   0.000000100000
<MD=16>  Force calculation
  Force calculation #1
  Force calculation #2
  Force calculation #3
  Force calculation #4
  Force calculation #5
  Stress calculation #1
  Stress calculation #2
  Stress calculation #3
  Stress calculation #4
  Stress calculation #5
<MD=16>  Total Energy
  Force calculation #6
  Force calculation #7

*******************************************************
                  Dipole moment (Debye)                 
*******************************************************

 Absolute D      522.21224225

                      Dx                Dy                Dz
 Total           -363.75697116     -362.14093693      -96.12717455
 Core             403.44616249      401.43886833      320.79591463
 Electron        -767.20313365     -763.57980526     -416.92308918
 Back ground       -0.00000000       -0.00000000       -0.00000000

*******************************************************
               Stress tensor (Hartree/bohr^3)            
*******************************************************

       0.00001103        0.00000000        0.00000000 
       0.00000000        0.00000593        0.00000000 
       0.00000000        0.00000000        0.00000521 

*******************************************************
                Total Energy (Hartree) at MD =16        
*******************************************************

  Uele  =     -42.202208127154

  Ukin  =     203.434262784640
  UH0   =   -2699.771724648553
  UH1   =       0.004870654008
  Una   =    -149.407476769946
  Unl   =     -47.918448863695
  Uxc0  =     -25.234638691546
  Uxc1  =     -25.234638691546
  Ucore =    2459.970455705615
  Uhub  =       0.000000000000
  Ucs   =       0.000000000000
  Uzs   =       0.000000000000
  Uzo   =       0.000000000000
  Uef   =       0.000000000000
  UvdW  =       0.000000000000
  Uch   =       0.000000000000
  Utot  =    -284.157338521025

  UpV   =       0.000000000000
  Enpy  =    -284.157338521025
  Note:

  Uele:   band energy
  Ukin:   kinetic energy
  UH0:    electric part of screened Coulomb energy
  UH1:    difference electron-electron Coulomb energy
  Una:    neutral atom potential energy
  Unl:    non-local potential energy
  Uxc0:   exchange-correlation energy for alpha spin
  Uxc1:   exchange-correlation energy for beta spin
  Ucore:  core-core Coulomb energy
  Uhub:   LDA+U energy
  Ucs:    constraint energy for spin orientation
  Uzs:    Zeeman term for spin magnetic moment
  Uzo:    Zeeman term for orbital magnetic moment
  Uef:    electric energy by electric field
  UvdW:   semi-empirical vdW energy 
  Uch:    penalty term to create a core hole
  UpV:    pressure times volume
  Enpy:   Enthalpy = Utot + UpV
  (see also PRB 72, 045121(2005) for the energy contributions)


*******************************************************
           Computational times (s) at MD =16            
*******************************************************

  DFT in total      =   34.40853

  Set_OLP_Kin       =    0.69729
  Set_Nonlocal      =    1.42672
  Set_ProExpn_VNA   =    2.69806
  Set_Hamiltonian   =    2.10950
  Poisson           =    0.00124
  diagonalization   =   22.30506
  Mixing_DM         =    0.00630
  Force             =    1.92383
  Total_Energy      =    0.40515
  Set_Aden_Grid     =    0.12583
  Set_Orbitals_Grid =    0.09712
  Set_Density_Grid  =    0.75332
  RestartFileDFT    =    0.03902
  Mulliken_Charge   =    0.00147
  FFT(2D)_Density   =    0.00224

The SCF was achieved at MD=  16

*******************************************************
             MD or geometry opt. at MD =16              
*******************************************************

<BFGS>  |Maximum force| (Hartree/Bohr) = 0.000819846779
<BFGS>  Criterion       (Hartree/Bohr) = 0.000100000000

     atom=   1, XYZ(ang) Fxyz(a.u.)=  -0.0000   -0.0000   -0.0136    -0.0000   -0.0000   -0.0001
     atom=   2, XYZ(ang) Fxyz(a.u.)=   2.9998    2.9849    1.5718     0.0000    0.0000    0.0008
     atom=   3, XYZ(ang) Fxyz(a.u.)=  -0.0000    2.9849    0.8191    -0.0000    0.0000   -0.0003
     atom=   4, XYZ(ang) Fxyz(a.u.)=   2.9998   -0.0000    2.3949     0.0000    0.0000    0.0006

*******************************************************
        Analysis of neighbors and setting of grids        
*******************************************************


*******************************************************
  Allocation of atoms to processors at MD_iter=   17     
*******************************************************

 proc =   0  # of atoms=   1  estimated weight=         1.00000
 proc =   1  # of atoms=   1  estimated weight=         1.00000
 proc =   2  # of atoms=   1  estimated weight=         1.00000
 proc =   3  # of atoms=   1  estimated weight=         1.00000
 proc =   4  # of atoms=   0  estimated weight=         0.00000
 proc =   5  # of atoms=   0  estimated weight=         0.00000
 proc =   6  # of atoms=   0  estimated weight=         0.00000
 proc =   7  # of atoms=   0  estimated weight=         0.00000
 proc =   8  # of atoms=   0  estimated weight=         0.00000
 proc =   9  # of atoms=   0  estimated weight=         0.00000
 proc =  10  # of atoms=   0  estimated weight=         0.00000
 proc =  11  # of atoms=   0  estimated weight=         0.00000
 proc =  12  # of atoms=   0  estimated weight=         0.00000
 proc =  13  # of atoms=   0  estimated weight=         0.00000
 proc =  14  # of atoms=   0  estimated weight=         0.00000
 proc =  15  # of atoms=   0  estimated weight=         0.00000



TFNAN=     256   Average FNAN=  64.00000
TSNAN=       0   Average SNAN=   0.00000
<truncation> CpyCell= 3 ct_AN=   1 FNAN SNAN  64   0
<truncation> CpyCell= 3 ct_AN=   2 FNAN SNAN  64   0
<truncation> CpyCell= 3 ct_AN=   3 FNAN SNAN  64   0
<truncation> CpyCell= 3 ct_AN=   4 FNAN SNAN  64   0
<UCell_Box> Info. of cutoff energy and num. of grids
lattice vectors (bohr)
A  = 11.337702133525,  0.000000000000,  0.000000000000
B  =  0.000000000000, 11.281295655248,  0.000000000000
C  =  0.000000000000,  0.000000000000,  6.081931916162
reciprocal lattice vectors (bohr^-1)
RA =  0.554185074999,  0.000000000000,  0.000000000000
RB =  0.000000000000,  0.556956000374,  0.000000000000
RC =  0.000000000000,  0.000000000000,  1.033090372236
Required cutoff energy (Ryd) for 3D-grids = 200.0000
    Used cutoff energy (Ryd) for 3D-grids = 191.9507, 193.8750, 194.5110
Num. of grids of a-, b-, and c-axes = 50, 50, 27
Cell_Volume =    777.903236248648 (Bohr^3)
GridVol     =      0.011524492389 (Bohr^3)
Cell vectors (bohr) of the grid cell (gtv)
  gtv_a =  0.226754042670,  0.000000000000,  0.000000000000
  gtv_b =  0.000000000000,  0.225625913105,  0.000000000000
  gtv_c =  0.000000000000,  0.000000000000,  0.225256737636
  |gtv_a| =  0.226754042670
  |gtv_b| =  0.225625913105
  |gtv_c| =  0.225256737636
Num. of grids overlapping with atom    1 = 124640
Num. of grids overlapping with atom    2 = 124668
Num. of grids overlapping with atom    3 = 124608
Num. of grids overlapping with atom    4 = 124600

*******************************************************
             SCF calculation at MD =17                
*******************************************************

<MD=17>  Calculation of the overlap matrix
<MD=17>  Calculation of the nonlocal matrix
<MD=17>  Calculation of the VNA projector matrix

******************* MD=17  SCF= 1 *******************
<Restart>  Found restart files
<Poisson>  Poisson's equation using FFT...
<Band>  Solving the eigenvalue problem...
 KGrids1:  -0.45833  -0.37500  -0.29167  -0.20833  -0.12500  -0.04167   0.04167   0.12500   0.20833   0.29167   0.37500   0.45833 
 KGrids2:  -0.45833  -0.37500  -0.29167  -0.20833  -0.12500  -0.04167   0.04167   0.12500   0.20833   0.29167   0.37500   0.45833 
 KGrids3:  -0.47500  -0.42500  -0.37500  -0.32500  -0.27500  -0.22500  -0.17500  -0.12500  -0.07500  -0.02500   0.02500   0.07500   0.12500   0.17500   0.22500   0.27500   0.32500   0.37500   0.42500   0.47500 
<Band_DFT>  Eigen, time=0.748419
<Band_DFT>  DM, time=2.036825
    1   Sn  MulP   6.9999  6.9999 sum  13.9998
    2   Sn  MulP   7.0001  7.0001 sum  14.0003
    3   Sn  MulP   7.0000  7.0000 sum  14.0000
    4   Sn  MulP   6.9999  6.9999 sum  13.9998
 Sum of MulP: up   =    28.00000 down          =    28.00000
              total=    56.00000 ideal(neutral)=    56.00000
<DFT>  Total Spin Moment (muB) =  0.000000000000
<DFT>  Mixing_weight= 0.400000000000
<DFT>  Uele   =  -42.202266872625  dUele     =   1.000000000000
<DFT>  NormRD =    1.000000000000  Criterion =   0.000000100000

******************* MD=17  SCF= 2 *******************
<Poisson>  Poisson's equation using FFT...
<Set_Hamiltonian>  Hamiltonian matrix for VNA+dVH+Vxc...
<Band>  Solving the eigenvalue problem...
 KGrids1:  -0.45833  -0.37500  -0.29167  -0.20833  -0.12500  -0.04167   0.04167   0.12500   0.20833   0.29167   0.37500   0.45833 
 KGrids2:  -0.45833  -0.37500  -0.29167  -0.20833  -0.12500  -0.04167   0.04167   0.12500   0.20833   0.29167   0.37500   0.45833 
 KGrids3:  -0.47500  -0.42500  -0.37500  -0.32500  -0.27500  -0.22500  -0.17500  -0.12500  -0.07500  -0.02500   0.02500   0.07500   0.12500   0.17500   0.22500   0.27500   0.32500   0.37500   0.42500   0.47500 
<Band_DFT>  Eigen, time=0.751524
<Band_DFT>  DM, time=2.042269
    1   Sn  MulP   6.9999  6.9999 sum  13.9998
    2   Sn  MulP   7.0001  7.0001 sum  14.0003
    3   Sn  MulP   7.0000  7.0000 sum  14.0000
    4   Sn  MulP   6.9999  6.9999 sum  13.9999
 Sum of MulP: up   =    28.00000 down          =    28.00000
              total=    56.00000 ideal(neutral)=    56.00000
<DFT>  Total Spin Moment (muB) =  0.000000000000
<DFT>  Mixing_weight= 0.400000000000
<DFT>  Uele   =  -42.202268585494  dUele     =   0.000001712869
<DFT>  NormRD =    0.000282489150  Criterion =   0.000000100000

******************* MD=17  SCF= 3 *******************
<Poisson>  Poisson's equation using FFT...
<Set_Hamiltonian>  Hamiltonian matrix for VNA+dVH+Vxc...
<Band>  Solving the eigenvalue problem...
 KGrids1:  -0.45833  -0.37500  -0.29167  -0.20833  -0.12500  -0.04167   0.04167   0.12500   0.20833   0.29167   0.37500   0.45833 
 KGrids2:  -0.45833  -0.37500  -0.29167  -0.20833  -0.12500  -0.04167   0.04167   0.12500   0.20833   0.29167   0.37500   0.45833 
 KGrids3:  -0.47500  -0.42500  -0.37500  -0.32500  -0.27500  -0.22500  -0.17500  -0.12500  -0.07500  -0.02500   0.02500   0.07500   0.12500   0.17500   0.22500   0.27500   0.32500   0.37500   0.42500   0.47500 
<Band_DFT>  Eigen, time=0.739467
<Band_DFT>  DM, time=2.040586
    1   Sn  MulP   6.9999  6.9999 sum  13.9998
    2   Sn  MulP   7.0001  7.0001 sum  14.0003
    3   Sn  MulP   7.0000  7.0000 sum  14.0000
    4   Sn  MulP   6.9999  6.9999 sum  13.9999
 Sum of MulP: up   =    28.00000 down          =    28.00000
              total=    56.00000 ideal(neutral)=    56.00000
<DFT>  Total Spin Moment (muB) =  0.000000000000
<DFT>  Mixing_weight= 0.040000000000
<DFT>  Uele   =  -42.202269705911  dUele     =   0.000001120417
<DFT>  NormRD =    0.000193317747  Criterion =   0.000000100000

******************* MD=17  SCF= 4 *******************
<Poisson>  Poisson's equation using FFT...
<Set_Hamiltonian>  Hamiltonian matrix for VNA+dVH+Vxc...
<Band>  Solving the eigenvalue problem...
 KGrids1:  -0.45833  -0.37500  -0.29167  -0.20833  -0.12500  -0.04167   0.04167   0.12500   0.20833   0.29167   0.37500   0.45833 
 KGrids2:  -0.45833  -0.37500  -0.29167  -0.20833  -0.12500  -0.04167   0.04167   0.12500   0.20833   0.29167   0.37500   0.45833 
 KGrids3:  -0.47500  -0.42500  -0.37500  -0.32500  -0.27500  -0.22500  -0.17500  -0.12500  -0.07500  -0.02500   0.02500   0.07500   0.12500   0.17500   0.22500   0.27500   0.32500   0.37500   0.42500   0.47500 
<Band_DFT>  Eigen, time=0.756209
<Band_DFT>  DM, time=1.490140
    1   Sn  MulP   6.9999  6.9999 sum  13.9998
    2   Sn  MulP   7.0001  7.0001 sum  14.0003
    3   Sn  MulP   7.0000  7.0000 sum  14.0000
    4   Sn  MulP   6.9999  6.9999 sum  13.9999
 Sum of MulP: up   =    28.00000 down          =    28.00000
              total=    56.00000 ideal(neutral)=    56.00000
<DFT>  Total Spin Moment (muB) =  0.000000000000
<DFT>  Mixing_weight= 0.040000000000
<DFT>  Uele   =  -42.202271713558  dUele     =   0.000002007647
<DFT>  NormRD =    0.000019567422  Criterion =   0.000000100000

******************* MD=17  SCF= 5 *******************
<Poisson>  Poisson's equation using FFT...
<Set_Hamiltonian>  Hamiltonian matrix for VNA+dVH+Vxc...
<Band>  Solving the eigenvalue problem...
 KGrids1:  -0.45833  -0.37500  -0.29167  -0.20833  -0.12500  -0.04167   0.04167   0.12500   0.20833   0.29167   0.37500   0.45833 
 KGrids2:  -0.45833  -0.37500  -0.29167  -0.20833  -0.12500  -0.04167   0.04167   0.12500   0.20833   0.29167   0.37500   0.45833 
 KGrids3:  -0.47500  -0.42500  -0.37500  -0.32500  -0.27500  -0.22500  -0.17500  -0.12500  -0.07500  -0.02500   0.02500   0.07500   0.12500   0.17500   0.22500   0.27500   0.32500   0.37500   0.42500   0.47500 
<Band_DFT>  Eigen, time=0.515890
<Band_DFT>  DM, time=1.394601
    1   Sn  MulP   6.9999  6.9999 sum  13.9998
    2   Sn  MulP   7.0001  7.0001 sum  14.0003
    3   Sn  MulP   7.0000  7.0000 sum  14.0000
    4   Sn  MulP   6.9999  6.9999 sum  13.9999
 Sum of MulP: up   =    28.00000 down          =    28.00000
              total=    56.00000 ideal(neutral)=    56.00000
<DFT>  Total Spin Moment (muB) =  0.000000000000
<DFT>  Mixing_weight= 0.040000000000
<DFT>  Uele   =  -42.202271515421  dUele     =   0.000000198137
<DFT>  NormRD =    0.000006769180  Criterion =   0.000000100000

******************* MD=17  SCF= 6 *******************
<Poisson>  Poisson's equation using FFT...
<Set_Hamiltonian>  Hamiltonian matrix for VNA+dVH+Vxc...
<Band>  Solving the eigenvalue problem...
 KGrids1:  -0.45833  -0.37500  -0.29167  -0.20833  -0.12500  -0.04167   0.04167   0.12500   0.20833   0.29167   0.37500   0.45833 
 KGrids2:  -0.45833  -0.37500  -0.29167  -0.20833  -0.12500  -0.04167   0.04167   0.12500   0.20833   0.29167   0.37500   0.45833 
 KGrids3:  -0.47500  -0.42500  -0.37500  -0.32500  -0.27500  -0.22500  -0.17500  -0.12500  -0.07500  -0.02500   0.02500   0.07500   0.12500   0.17500   0.22500   0.27500   0.32500   0.37500   0.42500   0.47500 
<Band_DFT>  Eigen, time=0.521954
<Band_DFT>  DM, time=1.803614
    1   Sn  MulP   6.9999  6.9999 sum  13.9998
    2   Sn  MulP   7.0001  7.0001 sum  14.0003
    3   Sn  MulP   7.0000  7.0000 sum  14.0000
    4   Sn  MulP   6.9999  6.9999 sum  13.9999
 Sum of MulP: up   =    28.00000 down          =    28.00000
              total=    56.00000 ideal(neutral)=    56.00000
<DFT>  Total Spin Moment (muB) =  0.000000000000
<DFT>  Mixing_weight= 0.040000000000
<DFT>  Uele   =  -42.202271565551  dUele     =   0.000000050130
<DFT>  NormRD =    0.000010916689  Criterion =   0.000000100000
<MD=17>  Force calculation
  Force calculation #1
  Force calculation #2
  Force calculation #3
  Force calculation #4
  Force calculation #5
  Stress calculation #1
  Stress calculation #2
  Stress calculation #3
  Stress calculation #4
  Stress calculation #5
<MD=17>  Total Energy
  Force calculation #6
  Force calculation #7

*******************************************************
                  Dipole moment (Debye)                 
*******************************************************

 Absolute D      522.20552384

                      Dx                Dy                Dz
 Total           -363.75664559     -362.14095953      -96.09181726
 Core             403.44525981      401.43879708      320.89713337
 Electron        -767.20190540     -763.57975662     -416.98895063
 Back ground       -0.00000000       -0.00000000       -0.00000000

*******************************************************
               Stress tensor (Hartree/bohr^3)            
*******************************************************

       0.00001257        0.00000000       -0.00000000 
       0.00000000        0.00000628       -0.00000000 
      -0.00000000       -0.00000000        0.00000567 

*******************************************************
                Total Energy (Hartree) at MD =17        
*******************************************************

  Uele  =     -42.202271565551

  Ukin  =     203.433924532078
  UH0   =   -2699.775670030050
  UH1   =       0.004871252342
  Una   =    -149.407336168992
  Unl   =     -47.918285493447
  Uxc0  =     -25.234624395020
  Uxc1  =     -25.234624395020
  Ucore =    2459.974412551290
  Uhub  =       0.000000000000
  Ucs   =       0.000000000000
  Uzs   =       0.000000000000
  Uzo   =       0.000000000000
  Uef   =       0.000000000000
  UvdW  =       0.000000000000
  Uch   =       0.000000000000
  Utot  =    -284.157332146819

  UpV   =       0.000000000000
  Enpy  =    -284.157332146819
  Note:

  Uele:   band energy
  Ukin:   kinetic energy
  UH0:    electric part of screened Coulomb energy
  UH1:    difference electron-electron Coulomb energy
  Una:    neutral atom potential energy
  Unl:    non-local potential energy
  Uxc0:   exchange-correlation energy for alpha spin
  Uxc1:   exchange-correlation energy for beta spin
  Ucore:  core-core Coulomb energy
  Uhub:   LDA+U energy
  Ucs:    constraint energy for spin orientation
  Uzs:    Zeeman term for spin magnetic moment
  Uzo:    Zeeman term for orbital magnetic moment
  Uef:    electric energy by electric field
  UvdW:   semi-empirical vdW energy 
  Uch:    penalty term to create a core hole
  UpV:    pressure times volume
  Enpy:   Enthalpy = Utot + UpV
  (see also PRB 72, 045121(2005) for the energy contributions)


*******************************************************
           Computational times (s) at MD =17            
*******************************************************

  DFT in total      =   26.37775

  Set_OLP_Kin       =    0.70196
  Set_Nonlocal      =    1.40533
  Set_ProExpn_VNA   =    2.78945
  Set_Hamiltonian   =    1.35570
  Poisson           =    0.00096
  diagonalization   =   15.20125
  Mixing_DM         =    0.00447
  Force             =    1.76743
  Total_Energy      =    0.30060
  Set_Aden_Grid     =    0.08369
  Set_Orbitals_Grid =    0.09587
  Set_Density_Grid  =    0.50197
  RestartFileDFT    =    0.03110
  Mulliken_Charge   =    0.00124
  FFT(2D)_Density   =    0.00185

The SCF was achieved at MD=  17

*******************************************************
             MD or geometry opt. at MD =17              
*******************************************************

<BFGS>  |Maximum force| (Hartree/Bohr) = 0.000591110879
<BFGS>  Criterion       (Hartree/Bohr) = 0.000100000000

     atom=   1, XYZ(ang) Fxyz(a.u.)=  -0.0000   -0.0000   -0.0141    -0.0000    0.0000   -0.0001
     atom=   2, XYZ(ang) Fxyz(a.u.)=   2.9998    2.9849    1.5715     0.0000   -0.0000    0.0001
     atom=   3, XYZ(ang) Fxyz(a.u.)=  -0.0000    2.9849    0.8317    -0.0000   -0.0000   -0.0006
     atom=   4, XYZ(ang) Fxyz(a.u.)=   2.9998   -0.0000    2.3901     0.0000   -0.0000    0.0003

*******************************************************
        Analysis of neighbors and setting of grids        
*******************************************************


*******************************************************
  Allocation of atoms to processors at MD_iter=   18     
*******************************************************

 proc =   0  # of atoms=   1  estimated weight=         1.00000
 proc =   1  # of atoms=   1  estimated weight=         1.00000
 proc =   2  # of atoms=   1  estimated weight=         1.00000
 proc =   3  # of atoms=   1  estimated weight=         1.00000
 proc =   4  # of atoms=   0  estimated weight=         0.00000
 proc =   5  # of atoms=   0  estimated weight=         0.00000
 proc =   6  # of atoms=   0  estimated weight=         0.00000
 proc =   7  # of atoms=   0  estimated weight=         0.00000
 proc =   8  # of atoms=   0  estimated weight=         0.00000
 proc =   9  # of atoms=   0  estimated weight=         0.00000
 proc =  10  # of atoms=   0  estimated weight=         0.00000
 proc =  11  # of atoms=   0  estimated weight=         0.00000
 proc =  12  # of atoms=   0  estimated weight=         0.00000
 proc =  13  # of atoms=   0  estimated weight=         0.00000
 proc =  14  # of atoms=   0  estimated weight=         0.00000
 proc =  15  # of atoms=   0  estimated weight=         0.00000



TFNAN=     256   Average FNAN=  64.00000
TSNAN=       0   Average SNAN=   0.00000
<truncation> CpyCell= 3 ct_AN=   1 FNAN SNAN  64   0
<truncation> CpyCell= 3 ct_AN=   2 FNAN SNAN  64   0
<truncation> CpyCell= 3 ct_AN=   3 FNAN SNAN  64   0
<truncation> CpyCell= 3 ct_AN=   4 FNAN SNAN  64   0
<UCell_Box> Info. of cutoff energy and num. of grids
lattice vectors (bohr)
A  = 11.337702133525,  0.000000000000,  0.000000000000
B  =  0.000000000000, 11.281295655248,  0.000000000000
C  =  0.000000000000,  0.000000000000,  6.081931916162
reciprocal lattice vectors (bohr^-1)
RA =  0.554185074999,  0.000000000000,  0.000000000000
RB =  0.000000000000,  0.556956000374,  0.000000000000
RC =  0.000000000000,  0.000000000000,  1.033090372236
Required cutoff energy (Ryd) for 3D-grids = 200.0000
    Used cutoff energy (Ryd) for 3D-grids = 191.9507, 193.8750, 194.5110
Num. of grids of a-, b-, and c-axes = 50, 50, 27
Cell_Volume =    777.903236248648 (Bohr^3)
GridVol     =      0.011524492389 (Bohr^3)
Cell vectors (bohr) of the grid cell (gtv)
  gtv_a =  0.226754042670,  0.000000000000,  0.000000000000
  gtv_b =  0.000000000000,  0.225625913105,  0.000000000000
  gtv_c =  0.000000000000,  0.000000000000,  0.225256737636
  |gtv_a| =  0.226754042670
  |gtv_b| =  0.225625913105
  |gtv_c| =  0.225256737636
Num. of grids overlapping with atom    1 = 124640
Num. of grids overlapping with atom    2 = 124672
Num. of grids overlapping with atom    3 = 124525
Num. of grids overlapping with atom    4 = 124549

*******************************************************
             SCF calculation at MD =18                
*******************************************************

<MD=18>  Calculation of the overlap matrix
<MD=18>  Calculation of the nonlocal matrix
<MD=18>  Calculation of the VNA projector matrix

******************* MD=18  SCF= 1 *******************
<Restart>  Found restart files
<Poisson>  Poisson's equation using FFT...
<Band>  Solving the eigenvalue problem...
 KGrids1:  -0.45833  -0.37500  -0.29167  -0.20833  -0.12500  -0.04167   0.04167   0.12500   0.20833   0.29167   0.37500   0.45833 
 KGrids2:  -0.45833  -0.37500  -0.29167  -0.20833  -0.12500  -0.04167   0.04167   0.12500   0.20833   0.29167   0.37500   0.45833 
 KGrids3:  -0.47500  -0.42500  -0.37500  -0.32500  -0.27500  -0.22500  -0.17500  -0.12500  -0.07500  -0.02500   0.02500   0.07500   0.12500   0.17500   0.22500   0.27500   0.32500   0.37500   0.42500   0.47500 
<Band_DFT>  Eigen, time=0.755319
<Band_DFT>  DM, time=1.346216
    1   Sn  MulP   6.9998  6.9998 sum  13.9997
    2   Sn  MulP   7.0003  7.0003 sum  14.0006
    3   Sn  MulP   6.9999  6.9999 sum  13.9999
    4   Sn  MulP   6.9999  6.9999 sum  13.9998
 Sum of MulP: up   =    28.00000 down          =    28.00000
              total=    56.00000 ideal(neutral)=    56.00000
<DFT>  Total Spin Moment (muB) =  0.000000000000
<DFT>  Mixing_weight= 0.400000000000
<DFT>  Uele   =  -42.202214845208  dUele     =   1.000000000000
<DFT>  NormRD =    1.000000000000  Criterion =   0.000000100000

******************* MD=18  SCF= 2 *******************
<Poisson>  Poisson's equation using FFT...
<Set_Hamiltonian>  Hamiltonian matrix for VNA+dVH+Vxc...
<Band>  Solving the eigenvalue problem...
 KGrids1:  -0.45833  -0.37500  -0.29167  -0.20833  -0.12500  -0.04167   0.04167   0.12500   0.20833   0.29167   0.37500   0.45833 
 KGrids2:  -0.45833  -0.37500  -0.29167  -0.20833  -0.12500  -0.04167   0.04167   0.12500   0.20833   0.29167   0.37500   0.45833 
 KGrids3:  -0.47500  -0.42500  -0.37500  -0.32500  -0.27500  -0.22500  -0.17500  -0.12500  -0.07500  -0.02500   0.02500   0.07500   0.12500   0.17500   0.22500   0.27500   0.32500   0.37500   0.42500   0.47500 
<Band_DFT>  Eigen, time=0.785721
<Band_DFT>  DM, time=1.346080
    1   Sn  MulP   6.9999  6.9999 sum  13.9997
    2   Sn  MulP   7.0003  7.0003 sum  14.0006
    3   Sn  MulP   6.9999  6.9999 sum  13.9999
    4   Sn  MulP   6.9999  6.9999 sum  13.9998
 Sum of MulP: up   =    28.00000 down          =    28.00000
              total=    56.00000 ideal(neutral)=    56.00000
<DFT>  Total Spin Moment (muB) =  0.000000000000
<DFT>  Mixing_weight= 0.400000000000
<DFT>  Uele   =  -42.202211423790  dUele     =   0.000003421417
<DFT>  NormRD =    0.000560904063  Criterion =   0.000000100000

******************* MD=18  SCF= 3 *******************
<Poisson>  Poisson's equation using FFT...
<Set_Hamiltonian>  Hamiltonian matrix for VNA+dVH+Vxc...
<Band>  Solving the eigenvalue problem...
 KGrids1:  -0.45833  -0.37500  -0.29167  -0.20833  -0.12500  -0.04167   0.04167   0.12500   0.20833   0.29167   0.37500   0.45833 
 KGrids2:  -0.45833  -0.37500  -0.29167  -0.20833  -0.12500  -0.04167   0.04167   0.12500   0.20833   0.29167   0.37500   0.45833 
 KGrids3:  -0.47500  -0.42500  -0.37500  -0.32500  -0.27500  -0.22500  -0.17500  -0.12500  -0.07500  -0.02500   0.02500   0.07500   0.12500   0.17500   0.22500   0.27500   0.32500   0.37500   0.42500   0.47500 
<Band_DFT>  Eigen, time=0.514707
<Band_DFT>  DM, time=1.389236
    1   Sn  MulP   6.9999  6.9999 sum  13.9997
    2   Sn  MulP   7.0003  7.0003 sum  14.0006
    3   Sn  MulP   6.9999  6.9999 sum  13.9999
    4   Sn  MulP   6.9999  6.9999 sum  13.9998
 Sum of MulP: up   =    28.00000 down          =    28.00000
              total=    56.00000 ideal(neutral)=    56.00000
<DFT>  Total Spin Moment (muB) =  0.000000000000
<DFT>  Mixing_weight= 0.040000000000
<DFT>  Uele   =  -42.202208775748  dUele     =   0.000002648042
<DFT>  NormRD =    0.000382211644  Criterion =   0.000000100000

******************* MD=18  SCF= 4 *******************
<Poisson>  Poisson's equation using FFT...
<Set_Hamiltonian>  Hamiltonian matrix for VNA+dVH+Vxc...
<Band>  Solving the eigenvalue problem...
 KGrids1:  -0.45833  -0.37500  -0.29167  -0.20833  -0.12500  -0.04167   0.04167   0.12500   0.20833   0.29167   0.37500   0.45833 
 KGrids2:  -0.45833  -0.37500  -0.29167  -0.20833  -0.12500  -0.04167   0.04167   0.12500   0.20833   0.29167   0.37500   0.45833 
 KGrids3:  -0.47500  -0.42500  -0.37500  -0.32500  -0.27500  -0.22500  -0.17500  -0.12500  -0.07500  -0.02500   0.02500   0.07500   0.12500   0.17500   0.22500   0.27500   0.32500   0.37500   0.42500   0.47500 
<Band_DFT>  Eigen, time=0.515198
<Band_DFT>  DM, time=1.384629
    1   Sn  MulP   6.9999  6.9999 sum  13.9997
    2   Sn  MulP   7.0003  7.0003 sum  14.0006
    3   Sn  MulP   6.9999  6.9999 sum  13.9999
    4   Sn  MulP   6.9999  6.9999 sum  13.9998
 Sum of MulP: up   =    28.00000 down          =    28.00000
              total=    56.00000 ideal(neutral)=    56.00000
<DFT>  Total Spin Moment (muB) =  0.000000000000
<DFT>  Mixing_weight= 0.040000000000
<DFT>  Uele   =  -42.202197684737  dUele     =   0.000011091011
<DFT>  NormRD =    0.000034630871  Criterion =   0.000000100000

******************* MD=18  SCF= 5 *******************
<Poisson>  Poisson's equation using FFT...
<Set_Hamiltonian>  Hamiltonian matrix for VNA+dVH+Vxc...
<Band>  Solving the eigenvalue problem...
 KGrids1:  -0.45833  -0.37500  -0.29167  -0.20833  -0.12500  -0.04167   0.04167   0.12500   0.20833   0.29167   0.37500   0.45833 
 KGrids2:  -0.45833  -0.37500  -0.29167  -0.20833  -0.12500  -0.04167   0.04167   0.12500   0.20833   0.29167   0.37500   0.45833 
 KGrids3:  -0.47500  -0.42500  -0.37500  -0.32500  -0.27500  -0.22500  -0.17500  -0.12500  -0.07500  -0.02500   0.02500   0.07500   0.12500   0.17500   0.22500   0.27500   0.32500   0.37500   0.42500   0.47500 
<Band_DFT>  Eigen, time=0.706357
<Band_DFT>  DM, time=1.786780
    1   Sn  MulP   6.9999  6.9999 sum  13.9997
    2   Sn  MulP   7.0003  7.0003 sum  14.0006
    3   Sn  MulP   6.9999  6.9999 sum  13.9999
    4   Sn  MulP   6.9999  6.9999 sum  13.9998
 Sum of MulP: up   =    28.00000 down          =    28.00000
              total=    56.00000 ideal(neutral)=    56.00000
<DFT>  Total Spin Moment (muB) =  0.000000000000
<DFT>  Mixing_weight= 0.040000000000
<DFT>  Uele   =  -42.202200169360  dUele     =   0.000002484623
<DFT>  NormRD =    0.000015074615  Criterion =   0.000000100000

******************* MD=18  SCF= 6 *******************
<Poisson>  Poisson's equation using FFT...
<Set_Hamiltonian>  Hamiltonian matrix for VNA+dVH+Vxc...
<Band>  Solving the eigenvalue problem...
 KGrids1:  -0.45833  -0.37500  -0.29167  -0.20833  -0.12500  -0.04167   0.04167   0.12500   0.20833   0.29167   0.37500   0.45833 
 KGrids2:  -0.45833  -0.37500  -0.29167  -0.20833  -0.12500  -0.04167   0.04167   0.12500   0.20833   0.29167   0.37500   0.45833 
 KGrids3:  -0.47500  -0.42500  -0.37500  -0.32500  -0.27500  -0.22500  -0.17500  -0.12500  -0.07500  -0.02500   0.02500   0.07500   0.12500   0.17500   0.22500   0.27500   0.32500   0.37500   0.42500   0.47500 
<Band_DFT>  Eigen, time=0.515247
<Band_DFT>  DM, time=1.387240
    1   Sn  MulP   6.9999  6.9999 sum  13.9997
    2   Sn  MulP   7.0003  7.0003 sum  14.0006
    3   Sn  MulP   6.9999  6.9999 sum  13.9999
    4   Sn  MulP   6.9999  6.9999 sum  13.9998
 Sum of MulP: up   =    28.00000 down          =    28.00000
              total=    56.00000 ideal(neutral)=    56.00000
<DFT>  Total Spin Moment (muB) =  0.000000000000
<DFT>  Mixing_weight= 0.040000000000
<DFT>  Uele   =  -42.202199901134  dUele     =   0.000000268226
<DFT>  NormRD =    0.000018604081  Criterion =   0.000000100000

******************* MD=18  SCF= 7 *******************
<Poisson>  Poisson's equation using FFT...
<Set_Hamiltonian>  Hamiltonian matrix for VNA+dVH+Vxc...
<Band>  Solving the eigenvalue problem...
 KGrids1:  -0.45833  -0.37500  -0.29167  -0.20833  -0.12500  -0.04167   0.04167   0.12500   0.20833   0.29167   0.37500   0.45833 
 KGrids2:  -0.45833  -0.37500  -0.29167  -0.20833  -0.12500  -0.04167   0.04167   0.12500   0.20833   0.29167   0.37500   0.45833 
 KGrids3:  -0.47500  -0.42500  -0.37500  -0.32500  -0.27500  -0.22500  -0.17500  -0.12500  -0.07500  -0.02500   0.02500   0.07500   0.12500   0.17500   0.22500   0.27500   0.32500   0.37500   0.42500   0.47500 
<Band_DFT>  Eigen, time=0.747022
<Band_DFT>  DM, time=2.042474
    1   Sn  MulP   6.9999  6.9999 sum  13.9997
    2   Sn  MulP   7.0003  7.0003 sum  14.0006
    3   Sn  MulP   6.9999  6.9999 sum  13.9999
    4   Sn  MulP   6.9999  6.9999 sum  13.9998
 Sum of MulP: up   =    28.00000 down          =    28.00000
              total=    56.00000 ideal(neutral)=    56.00000
<DFT>  Total Spin Moment (muB) =  0.000000000000
<DFT>  Mixing_weight= 0.040000000000
<DFT>  Uele   =  -42.202199773021  dUele     =   0.000000128113
<DFT>  NormRD =    0.000000788501  Criterion =   0.000000100000

******************* MD=18  SCF= 8 *******************
<Poisson>  Poisson's equation using FFT...
<Set_Hamiltonian>  Hamiltonian matrix for VNA+dVH+Vxc...
<Band>  Solving the eigenvalue problem...
 KGrids1:  -0.45833  -0.37500  -0.29167  -0.20833  -0.12500  -0.04167   0.04167   0.12500   0.20833   0.29167   0.37500   0.45833 
 KGrids2:  -0.45833  -0.37500  -0.29167  -0.20833  -0.12500  -0.04167   0.04167   0.12500   0.20833   0.29167   0.37500   0.45833 
 KGrids3:  -0.47500  -0.42500  -0.37500  -0.32500  -0.27500  -0.22500  -0.17500  -0.12500  -0.07500  -0.02500   0.02500   0.07500   0.12500   0.17500   0.22500   0.27500   0.32500   0.37500   0.42500   0.47500 
<Band_DFT>  Eigen, time=0.743282
<Band_DFT>  DM, time=2.040979
    1   Sn  MulP   6.9999  6.9999 sum  13.9997
    2   Sn  MulP   7.0003  7.0003 sum  14.0006
    3   Sn  MulP   6.9999  6.9999 sum  13.9999
    4   Sn  MulP   6.9999  6.9999 sum  13.9998
 Sum of MulP: up   =    28.00000 down          =    28.00000
              total=    56.00000 ideal(neutral)=    56.00000
<DFT>  Total Spin Moment (muB) =  0.000000000000
<DFT>  Mixing_weight= 0.040000000000
<DFT>  Uele   =  -42.202199778960  dUele     =   0.000000005940
<DFT>  NormRD =    0.000000653421  Criterion =   0.000000100000
<MD=18>  Force calculation
  Force calculation #1
  Force calculation #2
  Force calculation #3
  Force calculation #4
  Force calculation #5
  Stress calculation #1
  Stress calculation #2
  Stress calculation #3
  Stress calculation #4
  Stress calculation #5
<MD=18>  Total Energy
  Force calculation #6
  Force calculation #7

*******************************************************
                  Dipole moment (Debye)                 
*******************************************************

 Absolute D      522.18836431

                      Dx                Dy                Dz
 Total           -363.75576805     -362.14125256      -96.00074073
 Core             403.44370591      401.43875631      321.38358990
 Electron        -767.19947397     -763.58000886     -417.38433063
 Back ground       -0.00000000       -0.00000000       -0.00000000

*******************************************************
               Stress tensor (Hartree/bohr^3)            
*******************************************************

       0.00001070        0.00000000       -0.00000001 
       0.00000000        0.00000608       -0.00000000 
      -0.00000001       -0.00000000        0.00000584 

*******************************************************
                Total Energy (Hartree) at MD =18        
*******************************************************

  Uele  =     -42.202199778960

  Ukin  =     203.434299972931
  UH0   =   -2699.767890305830
  UH1   =       0.004870383974
  Una   =    -149.407467926864
  Unl   =     -47.918483258098
  Uxc0  =     -25.234638748506
  Uxc1  =     -25.234638748506
  Ucore =    2459.966611029467
  Uhub  =       0.000000000000
  Ucs   =       0.000000000000
  Uzs   =       0.000000000000
  Uzo   =       0.000000000000
  Uef   =       0.000000000000
  UvdW  =       0.000000000000
  Uch   =       0.000000000000
  Utot  =    -284.157337601433

  UpV   =       0.000000000000
  Enpy  =    -284.157337601433
  Note:

  Uele:   band energy
  Ukin:   kinetic energy
  UH0:    electric part of screened Coulomb energy
  UH1:    difference electron-electron Coulomb energy
  Una:    neutral atom potential energy
  Unl:    non-local potential energy
  Uxc0:   exchange-correlation energy for alpha spin
  Uxc1:   exchange-correlation energy for beta spin
  Ucore:  core-core Coulomb energy
  Uhub:   LDA+U energy
  Ucs:    constraint energy for spin orientation
  Uzs:    Zeeman term for spin magnetic moment
  Uzo:    Zeeman term for orbital magnetic moment
  Uef:    electric energy by electric field
  UvdW:   semi-empirical vdW energy 
  Uch:    penalty term to create a core hole
  UpV:    pressure times volume
  Enpy:   Enthalpy = Utot + UpV
  (see also PRB 72, 045121(2005) for the energy contributions)


*******************************************************
           Computational times (s) at MD =18            
*******************************************************

  DFT in total      =   30.32342

  Set_OLP_Kin       =    0.70679
  Set_Nonlocal      =    1.02792
  Set_ProExpn_VNA   =    3.03166
  Set_Hamiltonian   =    1.91011
  Poisson           =    0.00103
  diagonalization   =   18.44162
  Mixing_DM         =    0.00564
  Force             =    2.02791
  Total_Energy      =    0.29287
  Set_Aden_Grid     =    0.00714
  Set_Orbitals_Grid =    0.09999
  Set_Density_Grid  =    0.70278
  RestartFileDFT    =    0.00293
  Mulliken_Charge   =    0.00121
  FFT(2D)_Density   =    0.00195

The SCF was achieved at MD=  18

*******************************************************
             MD or geometry opt. at MD =18              
*******************************************************

<BFGS>  |Maximum force| (Hartree/Bohr) = 0.000307658883
<BFGS>  Criterion       (Hartree/Bohr) = 0.000100000000

     atom=   1, XYZ(ang) Fxyz(a.u.)=  -0.0000   -0.0000   -0.0136    -0.0000    0.0000   -0.0003
     atom=   2, XYZ(ang) Fxyz(a.u.)=   2.9998    2.9849    1.5720     0.0000   -0.0000    0.0001
     atom=   3, XYZ(ang) Fxyz(a.u.)=  -0.0000    2.9849    0.8300     0.0000   -0.0000    0.0001
     atom=   4, XYZ(ang) Fxyz(a.u.)=   2.9998   -0.0000    2.3909     0.0000   -0.0000    0.0000

*******************************************************
        Analysis of neighbors and setting of grids        
*******************************************************


*******************************************************
  Allocation of atoms to processors at MD_iter=   19     
*******************************************************

 proc =   0  # of atoms=   1  estimated weight=         1.00000
 proc =   1  # of atoms=   1  estimated weight=         1.00000
 proc =   2  # of atoms=   1  estimated weight=         1.00000
 proc =   3  # of atoms=   1  estimated weight=         1.00000
 proc =   4  # of atoms=   0  estimated weight=         0.00000
 proc =   5  # of atoms=   0  estimated weight=         0.00000
 proc =   6  # of atoms=   0  estimated weight=         0.00000
 proc =   7  # of atoms=   0  estimated weight=         0.00000
 proc =   8  # of atoms=   0  estimated weight=         0.00000
 proc =   9  # of atoms=   0  estimated weight=         0.00000
 proc =  10  # of atoms=   0  estimated weight=         0.00000
 proc =  11  # of atoms=   0  estimated weight=         0.00000
 proc =  12  # of atoms=   0  estimated weight=         0.00000
 proc =  13  # of atoms=   0  estimated weight=         0.00000
 proc =  14  # of atoms=   0  estimated weight=         0.00000
 proc =  15  # of atoms=   0  estimated weight=         0.00000



TFNAN=     256   Average FNAN=  64.00000
TSNAN=       0   Average SNAN=   0.00000
<truncation> CpyCell= 3 ct_AN=   1 FNAN SNAN  64   0
<truncation> CpyCell= 3 ct_AN=   2 FNAN SNAN  64   0
<truncation> CpyCell= 3 ct_AN=   3 FNAN SNAN  64   0
<truncation> CpyCell= 3 ct_AN=   4 FNAN SNAN  64   0
<UCell_Box> Info. of cutoff energy and num. of grids
lattice vectors (bohr)
A  = 11.337702133525,  0.000000000000,  0.000000000000
B  =  0.000000000000, 11.281295655248,  0.000000000000
C  =  0.000000000000,  0.000000000000,  6.081931916162
reciprocal lattice vectors (bohr^-1)
RA =  0.554185074999,  0.000000000000,  0.000000000000
RB =  0.000000000000,  0.556956000374,  0.000000000000
RC =  0.000000000000,  0.000000000000,  1.033090372236
Required cutoff energy (Ryd) for 3D-grids = 200.0000
    Used cutoff energy (Ryd) for 3D-grids = 191.9507, 193.8750, 194.5110
Num. of grids of a-, b-, and c-axes = 50, 50, 27
Cell_Volume =    777.903236248648 (Bohr^3)
GridVol     =      0.011524492389 (Bohr^3)
Cell vectors (bohr) of the grid cell (gtv)
  gtv_a =  0.226754042670,  0.000000000000,  0.000000000000
  gtv_b =  0.000000000000,  0.225625913105,  0.000000000000
  gtv_c =  0.000000000000,  0.000000000000,  0.225256737636
  |gtv_a| =  0.226754042670
  |gtv_b| =  0.225625913105
  |gtv_c| =  0.225256737636
Num. of grids overlapping with atom    1 = 124640
Num. of grids overlapping with atom    2 = 124654
Num. of grids overlapping with atom    3 = 124533
Num. of grids overlapping with atom    4 = 124559

*******************************************************
             SCF calculation at MD =19                
*******************************************************

<MD=19>  Calculation of the overlap matrix
<MD=19>  Calculation of the nonlocal matrix
<MD=19>  Calculation of the VNA projector matrix

******************* MD=19  SCF= 1 *******************
<Restart>  Found restart files
<Poisson>  Poisson's equation using FFT...
<Band>  Solving the eigenvalue problem...
 KGrids1:  -0.45833  -0.37500  -0.29167  -0.20833  -0.12500  -0.04167   0.04167   0.12500   0.20833   0.29167   0.37500   0.45833 
 KGrids2:  -0.45833  -0.37500  -0.29167  -0.20833  -0.12500  -0.04167   0.04167   0.12500   0.20833   0.29167   0.37500   0.45833 
 KGrids3:  -0.47500  -0.42500  -0.37500  -0.32500  -0.27500  -0.22500  -0.17500  -0.12500  -0.07500  -0.02500   0.02500   0.07500   0.12500   0.17500   0.22500   0.27500   0.32500   0.37500   0.42500   0.47500 
<Band_DFT>  Eigen, time=0.741645
<Band_DFT>  DM, time=2.038289
    1   Sn  MulP   6.9999  6.9999 sum  13.9997
    2   Sn  MulP   7.0003  7.0003 sum  14.0006
    3   Sn  MulP   7.0000  7.0000 sum  13.9999
    4   Sn  MulP   6.9999  6.9999 sum  13.9998
 Sum of MulP: up   =    28.00000 down          =    28.00000
              total=    56.00000 ideal(neutral)=    56.00000
<DFT>  Total Spin Moment (muB) =  0.000000000000
<DFT>  Mixing_weight= 0.400000000000
<DFT>  Uele   =  -42.202215540246  dUele     =   1.000000000000
<DFT>  NormRD =    1.000000000000  Criterion =   0.000000100000

******************* MD=19  SCF= 2 *******************
<Poisson>  Poisson's equation using FFT...
<Set_Hamiltonian>  Hamiltonian matrix for VNA+dVH+Vxc...
<Band>  Solving the eigenvalue problem...
 KGrids1:  -0.45833  -0.37500  -0.29167  -0.20833  -0.12500  -0.04167   0.04167   0.12500   0.20833   0.29167   0.37500   0.45833 
 KGrids2:  -0.45833  -0.37500  -0.29167  -0.20833  -0.12500  -0.04167   0.04167   0.12500   0.20833   0.29167   0.37500   0.45833 
 KGrids3:  -0.47500  -0.42500  -0.37500  -0.32500  -0.27500  -0.22500  -0.17500  -0.12500  -0.07500  -0.02500   0.02500   0.07500   0.12500   0.17500   0.22500   0.27500   0.32500   0.37500   0.42500   0.47500 
<Band_DFT>  Eigen, time=0.708249
<Band_DFT>  DM, time=1.519575
    1   Sn  MulP   6.9999  6.9999 sum  13.9997
    2   Sn  MulP   7.0003  7.0003 sum  14.0006
    3   Sn  MulP   6.9999  6.9999 sum  13.9999
    4   Sn  MulP   6.9999  6.9999 sum  13.9998
 Sum of MulP: up   =    28.00000 down          =    28.00000
              total=    56.00000 ideal(neutral)=    56.00000
<DFT>  Total Spin Moment (muB) =  0.000000000000
<DFT>  Mixing_weight= 0.400000000000
<DFT>  Uele   =  -42.202211728921  dUele     =   0.000003811324
<DFT>  NormRD =    0.000106962798  Criterion =   0.000000100000

******************* MD=19  SCF= 3 *******************
<Poisson>  Poisson's equation using FFT...
<Set_Hamiltonian>  Hamiltonian matrix for VNA+dVH+Vxc...
<Band>  Solving the eigenvalue problem...
 KGrids1:  -0.45833  -0.37500  -0.29167  -0.20833  -0.12500  -0.04167   0.04167   0.12500   0.20833   0.29167   0.37500   0.45833 
 KGrids2:  -0.45833  -0.37500  -0.29167  -0.20833  -0.12500  -0.04167   0.04167   0.12500   0.20833   0.29167   0.37500   0.45833 
 KGrids3:  -0.47500  -0.42500  -0.37500  -0.32500  -0.27500  -0.22500  -0.17500  -0.12500  -0.07500  -0.02500   0.02500   0.07500   0.12500   0.17500   0.22500   0.27500   0.32500   0.37500   0.42500   0.47500 
<Band_DFT>  Eigen, time=0.744653
<Band_DFT>  DM, time=2.044483
    1   Sn  MulP   6.9999  6.9999 sum  13.9997
    2   Sn  MulP   7.0003  7.0003 sum  14.0006
    3   Sn  MulP   6.9999  6.9999 sum  13.9999
    4   Sn  MulP   6.9999  6.9999 sum  13.9998
 Sum of MulP: up   =    28.00000 down          =    28.00000
              total=    56.00000 ideal(neutral)=    56.00000
<DFT>  Total Spin Moment (muB) =  0.000000000000
<DFT>  Mixing_weight= 0.040000000000
<DFT>  Uele   =  -42.202209392869  dUele     =   0.000002336052
<DFT>  NormRD =    0.000072808736  Criterion =   0.000000100000

******************* MD=19  SCF= 4 *******************
<Poisson>  Poisson's equation using FFT...
<Set_Hamiltonian>  Hamiltonian matrix for VNA+dVH+Vxc...
<Band>  Solving the eigenvalue problem...
 KGrids1:  -0.45833  -0.37500  -0.29167  -0.20833  -0.12500  -0.04167   0.04167   0.12500   0.20833   0.29167   0.37500   0.45833 
 KGrids2:  -0.45833  -0.37500  -0.29167  -0.20833  -0.12500  -0.04167   0.04167   0.12500   0.20833   0.29167   0.37500   0.45833 
 KGrids3:  -0.47500  -0.42500  -0.37500  -0.32500  -0.27500  -0.22500  -0.17500  -0.12500  -0.07500  -0.02500   0.02500   0.07500   0.12500   0.17500   0.22500   0.27500   0.32500   0.37500   0.42500   0.47500 
<Band_DFT>  Eigen, time=0.746301
<Band_DFT>  DM, time=2.045124
    1   Sn  MulP   6.9999  6.9999 sum  13.9997
    2   Sn  MulP   7.0003  7.0003 sum  14.0006
    3   Sn  MulP   6.9999  6.9999 sum  13.9999
    4   Sn  MulP   6.9999  6.9999 sum  13.9998
 Sum of MulP: up   =    28.00000 down          =    28.00000
              total=    56.00000 ideal(neutral)=    56.00000
<DFT>  Total Spin Moment (muB) =  0.000000000000
<DFT>  Mixing_weight= 0.040000000000
<DFT>  Uele   =  -42.202205450328  dUele     =   0.000003942541
<DFT>  NormRD =    0.000007484100  Criterion =   0.000000100000

******************* MD=19  SCF= 5 *******************
<Poisson>  Poisson's equation using FFT...
<Set_Hamiltonian>  Hamiltonian matrix for VNA+dVH+Vxc...
<Band>  Solving the eigenvalue problem...
 KGrids1:  -0.45833  -0.37500  -0.29167  -0.20833  -0.12500  -0.04167   0.04167   0.12500   0.20833   0.29167   0.37500   0.45833 
 KGrids2:  -0.45833  -0.37500  -0.29167  -0.20833  -0.12500  -0.04167   0.04167   0.12500   0.20833   0.29167   0.37500   0.45833 
 KGrids3:  -0.47500  -0.42500  -0.37500  -0.32500  -0.27500  -0.22500  -0.17500  -0.12500  -0.07500  -0.02500   0.02500   0.07500   0.12500   0.17500   0.22500   0.27500   0.32500   0.37500   0.42500   0.47500 
<Band_DFT>  Eigen, time=0.743632
<Band_DFT>  DM, time=2.032117
    1   Sn  MulP   6.9999  6.9999 sum  13.9997
    2   Sn  MulP   7.0003  7.0003 sum  14.0006
    3   Sn  MulP   6.9999  6.9999 sum  13.9999
    4   Sn  MulP   6.9999  6.9999 sum  13.9998
 Sum of MulP: up   =    28.00000 down          =    28.00000
              total=    56.00000 ideal(neutral)=    56.00000
<DFT>  Total Spin Moment (muB) =  0.000000000000
<DFT>  Mixing_weight= 0.040000000000
<DFT>  Uele   =  -42.202205513567  dUele     =   0.000000063239
<DFT>  NormRD =    0.000004784868  Criterion =   0.000000100000
<MD=19>  Force calculation
  Force calculation #1
  Force calculation #2
  Force calculation #3
  Force calculation #4
  Force calculation #5
  Stress calculation #1
  Stress calculation #2
  Stress calculation #3
  Stress calculation #4
  Stress calculation #5
<MD=19>  Total Energy
  Force calculation #6
  Force calculation #7

*******************************************************
                  Dipole moment (Debye)                 
*******************************************************

 Absolute D      522.17645708

                      Dx                Dy                Dz
 Total           -363.75598762     -362.14115194      -95.93549847
 Core             403.44375511      401.43878829      321.38226969
 Electron        -767.19974273     -763.57994023     -417.31776817
 Back ground       -0.00000000       -0.00000000       -0.00000000

*******************************************************
               Stress tensor (Hartree/bohr^3)            
*******************************************************

       0.00001078        0.00000000       -0.00000001 
       0.00000000        0.00000580       -0.00000000 
      -0.00000001       -0.00000000        0.00000591 

*******************************************************
                Total Energy (Hartree) at MD =19        
*******************************************************

  Uele  =     -42.202205513567

  Ukin  =     203.434261970994
  UH0   =   -2699.769339032787
  UH1   =       0.004870494018
  Una   =    -149.407460225087
  Unl   =     -47.918459674589
  Uxc0  =     -25.234638713806
  Uxc1  =     -25.234638713806
  Ucore =    2459.968064484288
  Uhub  =       0.000000000000
  Ucs   =       0.000000000000
  Uzs   =       0.000000000000
  Uzo   =       0.000000000000
  Uef   =       0.000000000000
  UvdW  =       0.000000000000
  Uch   =       0.000000000000
  Utot  =    -284.157339410774

  UpV   =       0.000000000000
  Enpy  =    -284.157339410774
  Note:

  Uele:   band energy
  Ukin:   kinetic energy
  UH0:    electric part of screened Coulomb energy
  UH1:    difference electron-electron Coulomb energy
  Una:    neutral atom potential energy
  Unl:    non-local potential energy
  Uxc0:   exchange-correlation energy for alpha spin
  Uxc1:   exchange-correlation energy for beta spin
  Ucore:  core-core Coulomb energy
  Uhub:   LDA+U energy
  Ucs:    constraint energy for spin orientation
  Uzs:    Zeeman term for spin magnetic moment
  Uzo:    Zeeman term for orbital magnetic moment
  Uef:    electric energy by electric field
  UvdW:   semi-empirical vdW energy 
  Uch:    penalty term to create a core hole
  UpV:    pressure times volume
  Enpy:   Enthalpy = Utot + UpV
  (see also PRB 72, 045121(2005) for the energy contributions)


*******************************************************
           Computational times (s) at MD =19            
*******************************************************

  DFT in total      =   23.95158

  Set_OLP_Kin       =    0.69919
  Set_Nonlocal      =    0.93764
  Set_ProExpn_VNA   =    2.65627
  Set_Hamiltonian   =    1.15176
  Poisson           =    0.00085
  diagonalization   =   13.63592
  Mixing_DM         =    0.00393
  Force             =    2.03404
  Total_Energy      =    0.40913
  Set_Aden_Grid     =    0.00705
  Set_Orbitals_Grid =    0.09625
  Set_Density_Grid  =    0.46262
  RestartFileDFT    =    0.00543
  Mulliken_Charge   =    0.00086
  FFT(2D)_Density   =    0.00154

The SCF was achieved at MD=  19

*******************************************************
             MD or geometry opt. at MD =19              
*******************************************************

<BFGS>  |Maximum force| (Hartree/Bohr) = 0.000622811167
<BFGS>  Criterion       (Hartree/Bohr) = 0.000100000000

     atom=   1, XYZ(ang) Fxyz(a.u.)=  -0.0000   -0.0000   -0.0134    -0.0000   -0.0000   -0.0001
     atom=   2, XYZ(ang) Fxyz(a.u.)=   2.9998    2.9849    1.5723    -0.0000   -0.0000    0.0001
     atom=   3, XYZ(ang) Fxyz(a.u.)=  -0.0000    2.9849    0.8275     0.0000    0.0000    0.0006
     atom=   4, XYZ(ang) Fxyz(a.u.)=   2.9998   -0.0000    2.3919     0.0000    0.0000    0.0004

*******************************************************
        Analysis of neighbors and setting of grids        
*******************************************************


*******************************************************
  Allocation of atoms to processors at MD_iter=   20     
*******************************************************

 proc =   0  # of atoms=   1  estimated weight=         1.00000
 proc =   1  # of atoms=   1  estimated weight=         1.00000
 proc =   2  # of atoms=   1  estimated weight=         1.00000
 proc =   3  # of atoms=   1  estimated weight=         1.00000
 proc =   4  # of atoms=   0  estimated weight=         0.00000
 proc =   5  # of atoms=   0  estimated weight=         0.00000
 proc =   6  # of atoms=   0  estimated weight=         0.00000
 proc =   7  # of atoms=   0  estimated weight=         0.00000
 proc =   8  # of atoms=   0  estimated weight=         0.00000
 proc =   9  # of atoms=   0  estimated weight=         0.00000
 proc =  10  # of atoms=   0  estimated weight=         0.00000
 proc =  11  # of atoms=   0  estimated weight=         0.00000
 proc =  12  # of atoms=   0  estimated weight=         0.00000
 proc =  13  # of atoms=   0  estimated weight=         0.00000
 proc =  14  # of atoms=   0  estimated weight=         0.00000
 proc =  15  # of atoms=   0  estimated weight=         0.00000



TFNAN=     256   Average FNAN=  64.00000
TSNAN=       0   Average SNAN=   0.00000
<truncation> CpyCell= 3 ct_AN=   1 FNAN SNAN  64   0
<truncation> CpyCell= 3 ct_AN=   2 FNAN SNAN  64   0
<truncation> CpyCell= 3 ct_AN=   3 FNAN SNAN  64   0
<truncation> CpyCell= 3 ct_AN=   4 FNAN SNAN  64   0
<UCell_Box> Info. of cutoff energy and num. of grids
lattice vectors (bohr)
A  = 11.337702133525,  0.000000000000,  0.000000000000
B  =  0.000000000000, 11.281295655248,  0.000000000000
C  =  0.000000000000,  0.000000000000,  6.081931916162
reciprocal lattice vectors (bohr^-1)
RA =  0.554185074999,  0.000000000000,  0.000000000000
RB =  0.000000000000,  0.556956000374,  0.000000000000
RC =  0.000000000000,  0.000000000000,  1.033090372236
Required cutoff energy (Ryd) for 3D-grids = 200.0000
    Used cutoff energy (Ryd) for 3D-grids = 191.9507, 193.8750, 194.5110
Num. of grids of a-, b-, and c-axes = 50, 50, 27
Cell_Volume =    777.903236248648 (Bohr^3)
GridVol     =      0.011524492389 (Bohr^3)
Cell vectors (bohr) of the grid cell (gtv)
  gtv_a =  0.226754042670,  0.000000000000,  0.000000000000
  gtv_b =  0.000000000000,  0.225625913105,  0.000000000000
  gtv_c =  0.000000000000,  0.000000000000,  0.225256737636
  |gtv_a| =  0.226754042670
  |gtv_b| =  0.225625913105
  |gtv_c| =  0.225256737636
Num. of grids overlapping with atom    1 = 124636
Num. of grids overlapping with atom    2 = 124646
Num. of grids overlapping with atom    3 = 124559
Num. of grids overlapping with atom    4 = 124555

*******************************************************
             SCF calculation at MD =20                
*******************************************************

<MD=20>  Calculation of the overlap matrix
<MD=20>  Calculation of the nonlocal matrix
<MD=20>  Calculation of the VNA projector matrix

******************* MD=20  SCF= 1 *******************
<Restart>  Found restart files
<Poisson>  Poisson's equation using FFT...
<Band>  Solving the eigenvalue problem...
 KGrids1:  -0.45833  -0.37500  -0.29167  -0.20833  -0.12500  -0.04167   0.04167   0.12500   0.20833   0.29167   0.37500   0.45833 
 KGrids2:  -0.45833  -0.37500  -0.29167  -0.20833  -0.12500  -0.04167   0.04167   0.12500   0.20833   0.29167   0.37500   0.45833 
 KGrids3:  -0.47500  -0.42500  -0.37500  -0.32500  -0.27500  -0.22500  -0.17500  -0.12500  -0.07500  -0.02500   0.02500   0.07500   0.12500   0.17500   0.22500   0.27500   0.32500   0.37500   0.42500   0.47500 
<Band_DFT>  Eigen, time=0.741672
<Band_DFT>  DM, time=2.043822
    1   Sn  MulP   6.9999  6.9999 sum  13.9998
    2   Sn  MulP   7.0002  7.0002 sum  14.0005
    3   Sn  MulP   7.0000  7.0000 sum  13.9999
    4   Sn  MulP   6.9999  6.9999 sum  13.9998
 Sum of MulP: up   =    28.00000 down          =    28.00000
              total=    56.00000 ideal(neutral)=    56.00000
<DFT>  Total Spin Moment (muB) =  0.000000000000
<DFT>  Mixing_weight= 0.400000000000
<DFT>  Uele   =  -42.202217132142  dUele     =   1.000000000000
<DFT>  NormRD =    1.000000000000  Criterion =   0.000000100000

******************* MD=20  SCF= 2 *******************
<Poisson>  Poisson's equation using FFT...
<Set_Hamiltonian>  Hamiltonian matrix for VNA+dVH+Vxc...
<Band>  Solving the eigenvalue problem...
 KGrids1:  -0.45833  -0.37500  -0.29167  -0.20833  -0.12500  -0.04167   0.04167   0.12500   0.20833   0.29167   0.37500   0.45833 
 KGrids2:  -0.45833  -0.37500  -0.29167  -0.20833  -0.12500  -0.04167   0.04167   0.12500   0.20833   0.29167   0.37500   0.45833 
 KGrids3:  -0.47500  -0.42500  -0.37500  -0.32500  -0.27500  -0.22500  -0.17500  -0.12500  -0.07500  -0.02500   0.02500   0.07500   0.12500   0.17500   0.22500   0.27500   0.32500   0.37500   0.42500   0.47500 
<Band_DFT>  Eigen, time=0.746505
<Band_DFT>  DM, time=1.919996
    1   Sn  MulP   6.9999  6.9999 sum  13.9998
    2   Sn  MulP   7.0002  7.0002 sum  14.0005
    3   Sn  MulP   7.0000  7.0000 sum  13.9999
    4   Sn  MulP   6.9999  6.9999 sum  13.9998
 Sum of MulP: up   =    28.00000 down          =    28.00000
              total=    56.00000 ideal(neutral)=    56.00000
<DFT>  Total Spin Moment (muB) =  0.000000000000
<DFT>  Mixing_weight= 0.400000000000
<DFT>  Uele   =  -42.202216895267  dUele     =   0.000000236874
<DFT>  NormRD =    0.000026100686  Criterion =   0.000000100000

******************* MD=20  SCF= 3 *******************
<Poisson>  Poisson's equation using FFT...
<Set_Hamiltonian>  Hamiltonian matrix for VNA+dVH+Vxc...
<Band>  Solving the eigenvalue problem...
 KGrids1:  -0.45833  -0.37500  -0.29167  -0.20833  -0.12500  -0.04167   0.04167   0.12500   0.20833   0.29167   0.37500   0.45833 
 KGrids2:  -0.45833  -0.37500  -0.29167  -0.20833  -0.12500  -0.04167   0.04167   0.12500   0.20833   0.29167   0.37500   0.45833 
 KGrids3:  -0.47500  -0.42500  -0.37500  -0.32500  -0.27500  -0.22500  -0.17500  -0.12500  -0.07500  -0.02500   0.02500   0.07500   0.12500   0.17500   0.22500   0.27500   0.32500   0.37500   0.42500   0.47500 
<Band_DFT>  Eigen, time=0.745829
<Band_DFT>  DM, time=2.039802
    1   Sn  MulP   6.9999  6.9999 sum  13.9998
    2   Sn  MulP   7.0002  7.0002 sum  14.0005
    3   Sn  MulP   7.0000  7.0000 sum  13.9999
    4   Sn  MulP   6.9999  6.9999 sum  13.9998
 Sum of MulP: up   =    28.00000 down          =    28.00000
              total=    56.00000 ideal(neutral)=    56.00000
<DFT>  Total Spin Moment (muB) =  0.000000000000
<DFT>  Mixing_weight= 0.040000000000
<DFT>  Uele   =  -42.202216757263  dUele     =   0.000000138004
<DFT>  NormRD =    0.000017165987  Criterion =   0.000000100000

******************* MD=20  SCF= 4 *******************
<Poisson>  Poisson's equation using FFT...
<Set_Hamiltonian>  Hamiltonian matrix for VNA+dVH+Vxc...
<Band>  Solving the eigenvalue problem...
 KGrids1:  -0.45833  -0.37500  -0.29167  -0.20833  -0.12500  -0.04167   0.04167   0.12500   0.20833   0.29167   0.37500   0.45833 
 KGrids2:  -0.45833  -0.37500  -0.29167  -0.20833  -0.12500  -0.04167   0.04167   0.12500   0.20833   0.29167   0.37500   0.45833 
 KGrids3:  -0.47500  -0.42500  -0.37500  -0.32500  -0.27500  -0.22500  -0.17500  -0.12500  -0.07500  -0.02500   0.02500   0.07500   0.12500   0.17500   0.22500   0.27500   0.32500   0.37500   0.42500   0.47500 
<Band_DFT>  Eigen, time=0.735824
<Band_DFT>  DM, time=1.905257
    1   Sn  MulP   6.9999  6.9999 sum  13.9998
    2   Sn  MulP   7.0002  7.0002 sum  14.0005
    3   Sn  MulP   7.0000  7.0000 sum  13.9999
    4   Sn  MulP   6.9999  6.9999 sum  13.9998
 Sum of MulP: up   =    28.00000 down          =    28.00000
              total=    56.00000 ideal(neutral)=    56.00000
<DFT>  Total Spin Moment (muB) =  0.000000000000
<DFT>  Mixing_weight= 0.040000000000
<DFT>  Uele   =  -42.202216600543  dUele     =   0.000000156720
<DFT>  NormRD =    0.000001859364  Criterion =   0.000000100000

******************* MD=20  SCF= 5 *******************
<Poisson>  Poisson's equation using FFT...
<Set_Hamiltonian>  Hamiltonian matrix for VNA+dVH+Vxc...
<Band>  Solving the eigenvalue problem...
 KGrids1:  -0.45833  -0.37500  -0.29167  -0.20833  -0.12500  -0.04167   0.04167   0.12500   0.20833   0.29167   0.37500   0.45833 
 KGrids2:  -0.45833  -0.37500  -0.29167  -0.20833  -0.12500  -0.04167   0.04167   0.12500   0.20833   0.29167   0.37500   0.45833 
 KGrids3:  -0.47500  -0.42500  -0.37500  -0.32500  -0.27500  -0.22500  -0.17500  -0.12500  -0.07500  -0.02500   0.02500   0.07500   0.12500   0.17500   0.22500   0.27500   0.32500   0.37500   0.42500   0.47500 
<Band_DFT>  Eigen, time=0.741748
<Band_DFT>  DM, time=1.931253
    1   Sn  MulP   6.9999  6.9999 sum  13.9998
    2   Sn  MulP   7.0002  7.0002 sum  14.0005
    3   Sn  MulP   7.0000  7.0000 sum  13.9999
    4   Sn  MulP   6.9999  6.9999 sum  13.9998
 Sum of MulP: up   =    28.00000 down          =    28.00000
              total=    56.00000 ideal(neutral)=    56.00000
<DFT>  Total Spin Moment (muB) =  0.000000000000
<DFT>  Mixing_weight= 0.040000000000
<DFT>  Uele   =  -42.202216579278  dUele     =   0.000000021266
<DFT>  NormRD =    0.000001862177  Criterion =   0.000000100000
<MD=20>  Force calculation
  Force calculation #1
  Force calculation #2
  Force calculation #3
  Force calculation #4
  Force calculation #5
  Stress calculation #1
  Stress calculation #2
  Stress calculation #3
  Stress calculation #4
  Stress calculation #5
<MD=20>  Total Energy
  Force calculation #6
  Force calculation #7

*******************************************************
                  Dipole moment (Debye)                 
*******************************************************

 Absolute D      522.17559026

                      Dx                Dy                Dz
 Total           -363.75617157     -362.14110578      -95.93025704
 Core             403.44411196      401.43880125      321.30945088
 Electron        -767.20028352     -763.57990703     -417.23970792
 Back ground       -0.00000000       -0.00000000       -0.00000000

*******************************************************
               Stress tensor (Hartree/bohr^3)            
*******************************************************

       0.00001088        0.00000000       -0.00000001 
       0.00000000        0.00000557        0.00000000 
      -0.00000001        0.00000000        0.00000607 

*******************************************************
                Total Energy (Hartree) at MD =20        
*******************************************************

  Uele  =     -42.202216579278

  Ukin  =     203.434197515217
  UH0   =   -2699.771148860377
  UH1   =       0.004870658754
  Una   =    -149.407440870188
  Unl   =     -47.918423832395
  Uxc0  =     -25.234636788448
  Uxc1  =     -25.234636788448
  Ucore =    2459.969879562263
  Uhub  =       0.000000000000
  Ucs   =       0.000000000000
  Uzs   =       0.000000000000
  Uzo   =       0.000000000000
  Uef   =       0.000000000000
  UvdW  =       0.000000000000
  Uch   =       0.000000000000
  Utot  =    -284.157339403622

  UpV   =       0.000000000000
  Enpy  =    -284.157339403622
  Note:

  Uele:   band energy
  Ukin:   kinetic energy
  UH0:    electric part of screened Coulomb energy
  UH1:    difference electron-electron Coulomb energy
  Una:    neutral atom potential energy
  Unl:    non-local potential energy
  Uxc0:   exchange-correlation energy for alpha spin
  Uxc1:   exchange-correlation energy for beta spin
  Ucore:  core-core Coulomb energy
  Uhub:   LDA+U energy
  Ucs:    constraint energy for spin orientation
  Uzs:    Zeeman term for spin magnetic moment
  Uzo:    Zeeman term for orbital magnetic moment
  Uef:    electric energy by electric field
  UvdW:   semi-empirical vdW energy 
  Uch:    penalty term to create a core hole
  UpV:    pressure times volume
  Enpy:   Enthalpy = Utot + UpV
  (see also PRB 72, 045121(2005) for the energy contributions)


*******************************************************
           Computational times (s) at MD =20            
*******************************************************

  DFT in total      =   23.82418

  Set_OLP_Kin       =    0.69797
  Set_Nonlocal      =    1.44666
  Set_ProExpn_VNA   =    2.58567
  Set_Hamiltonian   =    1.09726
  Poisson           =    0.00076
  diagonalization   =   13.82425
  Mixing_DM         =    0.00400
  Force             =    1.72579
  Total_Energy      =    0.29273
  Set_Aden_Grid     =    0.04327
  Set_Orbitals_Grid =    0.09850
  Set_Density_Grid  =    0.42171
  RestartFileDFT    =    0.00283
  Mulliken_Charge   =    0.00091
  FFT(2D)_Density   =    0.00156

The SCF was achieved at MD=  20

*******************************************************
             MD or geometry opt. at MD =20              
*******************************************************

<BFGS>  |Maximum force| (Hartree/Bohr) = 0.000659801099
<BFGS>  Criterion       (Hartree/Bohr) = 0.000100000000

     atom=   1, XYZ(ang) Fxyz(a.u.)=  -0.0000   -0.0000   -0.0134    -0.0000   -0.0000   -0.0001
     atom=   2, XYZ(ang) Fxyz(a.u.)=   2.9998    2.9849    1.5721    -0.0000   -0.0000    0.0001
     atom=   3, XYZ(ang) Fxyz(a.u.)=  -0.0000    2.9849    0.8313     0.0000    0.0000   -0.0005
     atom=   4, XYZ(ang) Fxyz(a.u.)=   2.9998   -0.0000    2.3904     0.0000    0.0000    0.0007

*******************************************************
        Analysis of neighbors and setting of grids        
*******************************************************


*******************************************************
  Allocation of atoms to processors at MD_iter=   21     
*******************************************************

 proc =   0  # of atoms=   1  estimated weight=         1.00000
 proc =   1  # of atoms=   1  estimated weight=         1.00000
 proc =   2  # of atoms=   1  estimated weight=         1.00000
 proc =   3  # of atoms=   1  estimated weight=         1.00000
 proc =   4  # of atoms=   0  estimated weight=         0.00000
 proc =   5  # of atoms=   0  estimated weight=         0.00000
 proc =   6  # of atoms=   0  estimated weight=         0.00000
 proc =   7  # of atoms=   0  estimated weight=         0.00000
 proc =   8  # of atoms=   0  estimated weight=         0.00000
 proc =   9  # of atoms=   0  estimated weight=         0.00000
 proc =  10  # of atoms=   0  estimated weight=         0.00000
 proc =  11  # of atoms=   0  estimated weight=         0.00000
 proc =  12  # of atoms=   0  estimated weight=         0.00000
 proc =  13  # of atoms=   0  estimated weight=         0.00000
 proc =  14  # of atoms=   0  estimated weight=         0.00000
 proc =  15  # of atoms=   0  estimated weight=         0.00000



TFNAN=     256   Average FNAN=  64.00000
TSNAN=       0   Average SNAN=   0.00000
<truncation> CpyCell= 3 ct_AN=   1 FNAN SNAN  64   0
<truncation> CpyCell= 3 ct_AN=   2 FNAN SNAN  64   0
<truncation> CpyCell= 3 ct_AN=   3 FNAN SNAN  64   0
<truncation> CpyCell= 3 ct_AN=   4 FNAN SNAN  64   0
<UCell_Box> Info. of cutoff energy and num. of grids
lattice vectors (bohr)
A  = 11.337702133525,  0.000000000000,  0.000000000000
B  =  0.000000000000, 11.281295655248,  0.000000000000
C  =  0.000000000000,  0.000000000000,  6.081931916162
reciprocal lattice vectors (bohr^-1)
RA =  0.554185074999,  0.000000000000,  0.000000000000
RB =  0.000000000000,  0.556956000374,  0.000000000000
RC =  0.000000000000,  0.000000000000,  1.033090372236
Required cutoff energy (Ryd) for 3D-grids = 200.0000
    Used cutoff energy (Ryd) for 3D-grids = 191.9507, 193.8750, 194.5110
Num. of grids of a-, b-, and c-axes = 50, 50, 27
Cell_Volume =    777.903236248648 (Bohr^3)
GridVol     =      0.011524492389 (Bohr^3)
Cell vectors (bohr) of the grid cell (gtv)
  gtv_a =  0.226754042670,  0.000000000000,  0.000000000000
  gtv_b =  0.000000000000,  0.225625913105,  0.000000000000
  gtv_c =  0.000000000000,  0.000000000000,  0.225256737636
  |gtv_a| =  0.226754042670
  |gtv_b| =  0.225625913105
  |gtv_c| =  0.225256737636
Num. of grids overlapping with atom    1 = 124632
Num. of grids overlapping with atom    2 = 124650
Num. of grids overlapping with atom    3 = 124527
Num. of grids overlapping with atom    4 = 124553

*******************************************************
             SCF calculation at MD =21                
*******************************************************

<MD=21>  Calculation of the overlap matrix
<MD=21>  Calculation of the nonlocal matrix
<MD=21>  Calculation of the VNA projector matrix

******************* MD=21  SCF= 1 *******************
<Restart>  Found restart files
<Poisson>  Poisson's equation using FFT...
<Band>  Solving the eigenvalue problem...
 KGrids1:  -0.45833  -0.37500  -0.29167  -0.20833  -0.12500  -0.04167   0.04167   0.12500   0.20833   0.29167   0.37500   0.45833 
 KGrids2:  -0.45833  -0.37500  -0.29167  -0.20833  -0.12500  -0.04167   0.04167   0.12500   0.20833   0.29167   0.37500   0.45833 
 KGrids3:  -0.47500  -0.42500  -0.37500  -0.32500  -0.27500  -0.22500  -0.17500  -0.12500  -0.07500  -0.02500   0.02500   0.07500   0.12500   0.17500   0.22500   0.27500   0.32500   0.37500   0.42500   0.47500 
<Band_DFT>  Eigen, time=0.741946
<Band_DFT>  DM, time=2.040903
    1   Sn  MulP   6.9999  6.9999 sum  13.9997
    2   Sn  MulP   7.0003  7.0003 sum  14.0006
    3   Sn  MulP   6.9999  6.9999 sum  13.9999
    4   Sn  MulP   6.9999  6.9999 sum  13.9998
 Sum of MulP: up   =    28.00000 down          =    28.00000
              total=    56.00000 ideal(neutral)=    56.00000
<DFT>  Total Spin Moment (muB) =  0.000000000000
<DFT>  Mixing_weight= 0.400000000000
<DFT>  Uele   =  -42.202191713456  dUele     =   1.000000000000
<DFT>  NormRD =    1.000000000000  Criterion =   0.000000100000

******************* MD=21  SCF= 2 *******************
<Poisson>  Poisson's equation using FFT...
<Set_Hamiltonian>  Hamiltonian matrix for VNA+dVH+Vxc...
<Band>  Solving the eigenvalue problem...
 KGrids1:  -0.45833  -0.37500  -0.29167  -0.20833  -0.12500  -0.04167   0.04167   0.12500   0.20833   0.29167   0.37500   0.45833 
 KGrids2:  -0.45833  -0.37500  -0.29167  -0.20833  -0.12500  -0.04167   0.04167   0.12500   0.20833   0.29167   0.37500   0.45833 
 KGrids3:  -0.47500  -0.42500  -0.37500  -0.32500  -0.27500  -0.22500  -0.17500  -0.12500  -0.07500  -0.02500   0.02500   0.07500   0.12500   0.17500   0.22500   0.27500   0.32500   0.37500   0.42500   0.47500 
<Band_DFT>  Eigen, time=0.743897
<Band_DFT>  DM, time=2.041517
    1   Sn  MulP   6.9999  6.9999 sum  13.9997
    2   Sn  MulP   7.0003  7.0003 sum  14.0006
    3   Sn  MulP   6.9999  6.9999 sum  13.9999
    4   Sn  MulP   6.9999  6.9999 sum  13.9998
 Sum of MulP: up   =    28.00000 down          =    28.00000
              total=    56.00000 ideal(neutral)=    56.00000
<DFT>  Total Spin Moment (muB) =  0.000000000000
<DFT>  Mixing_weight= 0.400000000000
<DFT>  Uele   =  -42.202195448349  dUele     =   0.000003734894
<DFT>  NormRD =    0.000039315711  Criterion =   0.000000100000

******************* MD=21  SCF= 3 *******************
<Poisson>  Poisson's equation using FFT...
<Set_Hamiltonian>  Hamiltonian matrix for VNA+dVH+Vxc...
<Band>  Solving the eigenvalue problem...
 KGrids1:  -0.45833  -0.37500  -0.29167  -0.20833  -0.12500  -0.04167   0.04167   0.12500   0.20833   0.29167   0.37500   0.45833 
 KGrids2:  -0.45833  -0.37500  -0.29167  -0.20833  -0.12500  -0.04167   0.04167   0.12500   0.20833   0.29167   0.37500   0.45833 
 KGrids3:  -0.47500  -0.42500  -0.37500  -0.32500  -0.27500  -0.22500  -0.17500  -0.12500  -0.07500  -0.02500   0.02500   0.07500   0.12500   0.17500   0.22500   0.27500   0.32500   0.37500   0.42500   0.47500 
<Band_DFT>  Eigen, time=0.731773
<Band_DFT>  DM, time=2.035187
    1   Sn  MulP   6.9999  6.9999 sum  13.9997
    2   Sn  MulP   7.0003  7.0003 sum  14.0006
    3   Sn  MulP   6.9999  6.9999 sum  13.9999
    4   Sn  MulP   6.9999  6.9999 sum  13.9998
 Sum of MulP: up   =    28.00000 down          =    28.00000
              total=    56.00000 ideal(neutral)=    56.00000
<DFT>  Total Spin Moment (muB) =  0.000000000000
<DFT>  Mixing_weight= 0.040000000000
<DFT>  Uele   =  -42.202197811449  dUele     =   0.000002363100
<DFT>  NormRD =    0.000025670616  Criterion =   0.000000100000

******************* MD=21  SCF= 4 *******************
<Poisson>  Poisson's equation using FFT...
<Set_Hamiltonian>  Hamiltonian matrix for VNA+dVH+Vxc...
<Band>  Solving the eigenvalue problem...
 KGrids1:  -0.45833  -0.37500  -0.29167  -0.20833  -0.12500  -0.04167   0.04167   0.12500   0.20833   0.29167   0.37500   0.45833 
 KGrids2:  -0.45833  -0.37500  -0.29167  -0.20833  -0.12500  -0.04167   0.04167   0.12500   0.20833   0.29167   0.37500   0.45833 
 KGrids3:  -0.47500  -0.42500  -0.37500  -0.32500  -0.27500  -0.22500  -0.17500  -0.12500  -0.07500  -0.02500   0.02500   0.07500   0.12500   0.17500   0.22500   0.27500   0.32500   0.37500   0.42500   0.47500 
<Band_DFT>  Eigen, time=0.756090
<Band_DFT>  DM, time=2.027877
    1   Sn  MulP   6.9999  6.9999 sum  13.9997
    2   Sn  MulP   7.0003  7.0003 sum  14.0006
    3   Sn  MulP   6.9999  6.9999 sum  13.9999
    4   Sn  MulP   6.9999  6.9999 sum  13.9998
 Sum of MulP: up   =    28.00000 down          =    28.00000
              total=    56.00000 ideal(neutral)=    56.00000
<DFT>  Total Spin Moment (muB) =  0.000000000000
<DFT>  Mixing_weight= 0.040000000000
<DFT>  Uele   =  -42.202202662033  dUele     =   0.000004850584
<DFT>  NormRD =    0.000002658846  Criterion =   0.000000100000

******************* MD=21  SCF= 5 *******************
<Poisson>  Poisson's equation using FFT...
<Set_Hamiltonian>  Hamiltonian matrix for VNA+dVH+Vxc...
<Band>  Solving the eigenvalue problem...
 KGrids1:  -0.45833  -0.37500  -0.29167  -0.20833  -0.12500  -0.04167   0.04167   0.12500   0.20833   0.29167   0.37500   0.45833 
 KGrids2:  -0.45833  -0.37500  -0.29167  -0.20833  -0.12500  -0.04167   0.04167   0.12500   0.20833   0.29167   0.37500   0.45833 
 KGrids3:  -0.47500  -0.42500  -0.37500  -0.32500  -0.27500  -0.22500  -0.17500  -0.12500  -0.07500  -0.02500   0.02500   0.07500   0.12500   0.17500   0.22500   0.27500   0.32500   0.37500   0.42500   0.47500 
<Band_DFT>  Eigen, time=0.749162
<Band_DFT>  DM, time=2.038493
    1   Sn  MulP   6.9999  6.9999 sum  13.9997
    2   Sn  MulP   7.0003  7.0003 sum  14.0006
    3   Sn  MulP   6.9999  6.9999 sum  13.9999
    4   Sn  MulP   6.9999  6.9999 sum  13.9998
 Sum of MulP: up   =    28.00000 down          =    28.00000
              total=    56.00000 ideal(neutral)=    56.00000
<DFT>  Total Spin Moment (muB) =  0.000000000000
<DFT>  Mixing_weight= 0.040000000000
<DFT>  Uele   =  -42.202202097049  dUele     =   0.000000564985
<DFT>  NormRD =    0.000002166187  Criterion =   0.000000100000

******************* MD=21  SCF= 6 *******************
<Poisson>  Poisson's equation using FFT...
<Set_Hamiltonian>  Hamiltonian matrix for VNA+dVH+Vxc...
<Band>  Solving the eigenvalue problem...
 KGrids1:  -0.45833  -0.37500  -0.29167  -0.20833  -0.12500  -0.04167   0.04167   0.12500   0.20833   0.29167   0.37500   0.45833 
 KGrids2:  -0.45833  -0.37500  -0.29167  -0.20833  -0.12500  -0.04167   0.04167   0.12500   0.20833   0.29167   0.37500   0.45833 
 KGrids3:  -0.47500  -0.42500  -0.37500  -0.32500  -0.27500  -0.22500  -0.17500  -0.12500  -0.07500  -0.02500   0.02500   0.07500   0.12500   0.17500   0.22500   0.27500   0.32500   0.37500   0.42500   0.47500 
<Band_DFT>  Eigen, time=0.751782
<Band_DFT>  DM, time=2.041018
    1   Sn  MulP   6.9999  6.9999 sum  13.9997
    2   Sn  MulP   7.0003  7.0003 sum  14.0006
    3   Sn  MulP   6.9999  6.9999 sum  13.9999
    4   Sn  MulP   6.9999  6.9999 sum  13.9998
 Sum of MulP: up   =    28.00000 down          =    28.00000
              total=    56.00000 ideal(neutral)=    56.00000
<DFT>  Total Spin Moment (muB) =  0.000000000000
<DFT>  Mixing_weight= 0.040000000000
<DFT>  Uele   =  -42.202202071431  dUele     =   0.000000025618
<DFT>  NormRD =    0.000001344449  Criterion =   0.000000100000
<MD=21>  Force calculation
  Force calculation #1
  Force calculation #2
  Force calculation #3
  Force calculation #4
  Force calculation #5
  Stress calculation #1
  Stress calculation #2
  Stress calculation #3
  Stress calculation #4
  Stress calculation #5
<MD=21>  Total Energy
  Force calculation #6
  Force calculation #7

*******************************************************
                  Dipole moment (Debye)                 
*******************************************************

 Absolute D      522.16512745

                      Dx                Dy                Dz
 Total           -363.75605498     -362.14110277      -95.87374238
 Core             403.44354972      401.43880848      321.46228629
 Electron        -767.19960470     -763.57991125     -417.33602867
 Back ground       -0.00000000       -0.00000000       -0.00000000

*******************************************************
               Stress tensor (Hartree/bohr^3)            
*******************************************************

       0.00001087        0.00000000       -0.00000001 
       0.00000000        0.00000587       -0.00000000 
      -0.00000001       -0.00000000        0.00000599 

*******************************************************
                Total Energy (Hartree) at MD =21        
*******************************************************

  Uele  =     -42.202202071431

  Ukin  =     203.434284689894
  UH0   =   -2699.768531817321
  UH1   =       0.004870445262
  Una   =    -149.407467914222
  Unl   =     -47.918471827677
  Uxc0  =     -25.234639356519
  Uxc1  =     -25.234639356519
  Ucore =    2459.967256312612
  Uhub  =       0.000000000000
  Ucs   =       0.000000000000
  Uzs   =       0.000000000000
  Uzo   =       0.000000000000
  Uef   =       0.000000000000
  UvdW  =       0.000000000000
  Uch   =       0.000000000000
  Utot  =    -284.157338824489

  UpV   =       0.000000000000
  Enpy  =    -284.157338824489
  Note:

  Uele:   band energy
  Ukin:   kinetic energy
  UH0:    electric part of screened Coulomb energy
  UH1:    difference electron-electron Coulomb energy
  Una:    neutral atom potential energy
  Unl:    non-local potential energy
  Uxc0:   exchange-correlation energy for alpha spin
  Uxc1:   exchange-correlation energy for beta spin
  Ucore:  core-core Coulomb energy
  Uhub:   LDA+U energy
  Ucs:    constraint energy for spin orientation
  Uzs:    Zeeman term for spin magnetic moment
  Uzo:    Zeeman term for orbital magnetic moment
  Uef:    electric energy by electric field
  UvdW:   semi-empirical vdW energy 
  Uch:    penalty term to create a core hole
  UpV:    pressure times volume
  Enpy:   Enthalpy = Utot + UpV
  (see also PRB 72, 045121(2005) for the energy contributions)


*******************************************************
           Computational times (s) at MD =21            
*******************************************************

  DFT in total      =   27.86926

  Set_OLP_Kin       =    0.69853
  Set_Nonlocal      =    1.21836
  Set_ProExpn_VNA   =    2.49151
  Set_Hamiltonian   =    1.40557
  Poisson           =    0.00137
  diagonalization   =   17.02911
  Mixing_DM         =    0.00474
  Force             =    1.94291
  Total_Energy      =    0.43952
  Set_Aden_Grid     =    0.00698
  Set_Orbitals_Grid =    0.09774
  Set_Density_Grid  =    0.54904
  RestartFileDFT    =    0.00320
  Mulliken_Charge   =    0.00100
  FFT(2D)_Density   =    0.00183

The SCF was achieved at MD=  21

*******************************************************
             MD or geometry opt. at MD =21              
*******************************************************

<BFGS>  |Maximum force| (Hartree/Bohr) = 0.000217036133
<BFGS>  Criterion       (Hartree/Bohr) = 0.000100000000

     atom=   1, XYZ(ang) Fxyz(a.u.)=  -0.0000   -0.0000   -0.0133    -0.0000   -0.0000   -0.0001
     atom=   2, XYZ(ang) Fxyz(a.u.)=   2.9998    2.9849    1.5723    -0.0000   -0.0000    0.0001
     atom=   3, XYZ(ang) Fxyz(a.u.)=  -0.0000    2.9849    0.8330     0.0000    0.0000    0.0001
     atom=   4, XYZ(ang) Fxyz(a.u.)=   2.9998   -0.0000    2.3899     0.0000   -0.0000    0.0002

*******************************************************
        Analysis of neighbors and setting of grids        
*******************************************************


*******************************************************
  Allocation of atoms to processors at MD_iter=   22     
*******************************************************

 proc =   0  # of atoms=   1  estimated weight=         1.00000
 proc =   1  # of atoms=   1  estimated weight=         1.00000
 proc =   2  # of atoms=   1  estimated weight=         1.00000
 proc =   3  # of atoms=   1  estimated weight=         1.00000
 proc =   4  # of atoms=   0  estimated weight=         0.00000
 proc =   5  # of atoms=   0  estimated weight=         0.00000
 proc =   6  # of atoms=   0  estimated weight=         0.00000
 proc =   7  # of atoms=   0  estimated weight=         0.00000
 proc =   8  # of atoms=   0  estimated weight=         0.00000
 proc =   9  # of atoms=   0  estimated weight=         0.00000
 proc =  10  # of atoms=   0  estimated weight=         0.00000
 proc =  11  # of atoms=   0  estimated weight=         0.00000
 proc =  12  # of atoms=   0  estimated weight=         0.00000
 proc =  13  # of atoms=   0  estimated weight=         0.00000
 proc =  14  # of atoms=   0  estimated weight=         0.00000
 proc =  15  # of atoms=   0  estimated weight=         0.00000



TFNAN=     256   Average FNAN=  64.00000
TSNAN=       0   Average SNAN=   0.00000
<truncation> CpyCell= 3 ct_AN=   1 FNAN SNAN  64   0
<truncation> CpyCell= 3 ct_AN=   2 FNAN SNAN  64   0
<truncation> CpyCell= 3 ct_AN=   3 FNAN SNAN  64   0
<truncation> CpyCell= 3 ct_AN=   4 FNAN SNAN  64   0
<UCell_Box> Info. of cutoff energy and num. of grids
lattice vectors (bohr)
A  = 11.337702133525,  0.000000000000,  0.000000000000
B  =  0.000000000000, 11.281295655248,  0.000000000000
C  =  0.000000000000,  0.000000000000,  6.081931916162
reciprocal lattice vectors (bohr^-1)
RA =  0.554185074999,  0.000000000000,  0.000000000000
RB =  0.000000000000,  0.556956000374,  0.000000000000
RC =  0.000000000000,  0.000000000000,  1.033090372236
Required cutoff energy (Ryd) for 3D-grids = 200.0000
    Used cutoff energy (Ryd) for 3D-grids = 191.9507, 193.8750, 194.5110
Num. of grids of a-, b-, and c-axes = 50, 50, 27
Cell_Volume =    777.903236248648 (Bohr^3)
GridVol     =      0.011524492389 (Bohr^3)
Cell vectors (bohr) of the grid cell (gtv)
  gtv_a =  0.226754042670,  0.000000000000,  0.000000000000
  gtv_b =  0.000000000000,  0.225625913105,  0.000000000000
  gtv_c =  0.000000000000,  0.000000000000,  0.225256737636
  |gtv_a| =  0.226754042670
  |gtv_b| =  0.225625913105
  |gtv_c| =  0.225256737636
Num. of grids overlapping with atom    1 = 124632
Num. of grids overlapping with atom    2 = 124648
Num. of grids overlapping with atom    3 = 124531
Num. of grids overlapping with atom    4 = 124541

*******************************************************
             SCF calculation at MD =22                
*******************************************************

<MD=22>  Calculation of the overlap matrix
<MD=22>  Calculation of the nonlocal matrix
<MD=22>  Calculation of the VNA projector matrix

******************* MD=22  SCF= 1 *******************
<Restart>  Found restart files
<Poisson>  Poisson's equation using FFT...
<Band>  Solving the eigenvalue problem...
 KGrids1:  -0.45833  -0.37500  -0.29167  -0.20833  -0.12500  -0.04167   0.04167   0.12500   0.20833   0.29167   0.37500   0.45833 
 KGrids2:  -0.45833  -0.37500  -0.29167  -0.20833  -0.12500  -0.04167   0.04167   0.12500   0.20833   0.29167   0.37500   0.45833 
 KGrids3:  -0.47500  -0.42500  -0.37500  -0.32500  -0.27500  -0.22500  -0.17500  -0.12500  -0.07500  -0.02500   0.02500   0.07500   0.12500   0.17500   0.22500   0.27500   0.32500   0.37500   0.42500   0.47500 
<Band_DFT>  Eigen, time=0.745521
<Band_DFT>  DM, time=2.044450
    1   Sn  MulP   6.9999  6.9999 sum  13.9997
    2   Sn  MulP   7.0003  7.0003 sum  14.0006
    3   Sn  MulP   6.9999  6.9999 sum  13.9999
    4   Sn  MulP   6.9999  6.9999 sum  13.9998
 Sum of MulP: up   =    28.00000 down          =    28.00000
              total=    56.00000 ideal(neutral)=    56.00000
<DFT>  Total Spin Moment (muB) =  0.000000000000
<DFT>  Mixing_weight= 0.400000000000
<DFT>  Uele   =  -42.202203669788  dUele     =   1.000000000000
<DFT>  NormRD =    1.000000000000  Criterion =   0.000000100000

******************* MD=22  SCF= 2 *******************
<Poisson>  Poisson's equation using FFT...
<Set_Hamiltonian>  Hamiltonian matrix for VNA+dVH+Vxc...
<Band>  Solving the eigenvalue problem...
 KGrids1:  -0.45833  -0.37500  -0.29167  -0.20833  -0.12500  -0.04167   0.04167   0.12500   0.20833   0.29167   0.37500   0.45833 
 KGrids2:  -0.45833  -0.37500  -0.29167  -0.20833  -0.12500  -0.04167   0.04167   0.12500   0.20833   0.29167   0.37500   0.45833 
 KGrids3:  -0.47500  -0.42500  -0.37500  -0.32500  -0.27500  -0.22500  -0.17500  -0.12500  -0.07500  -0.02500   0.02500   0.07500   0.12500   0.17500   0.22500   0.27500   0.32500   0.37500   0.42500   0.47500 
<Band_DFT>  Eigen, time=0.744051
<Band_DFT>  DM, time=2.043348
    1   Sn  MulP   6.9999  6.9999 sum  13.9997
    2   Sn  MulP   7.0003  7.0003 sum  14.0006
    3   Sn  MulP   6.9999  6.9999 sum  13.9999
    4   Sn  MulP   6.9999  6.9999 sum  13.9998
 Sum of MulP: up   =    28.00000 down          =    28.00000
              total=    56.00000 ideal(neutral)=    56.00000
<DFT>  Total Spin Moment (muB) =  0.000000000000
<DFT>  Mixing_weight= 0.400000000000
<DFT>  Uele   =  -42.202201949140  dUele     =   0.000001720648
<DFT>  NormRD =    0.000046050645  Criterion =   0.000000100000

******************* MD=22  SCF= 3 *******************
<Poisson>  Poisson's equation using FFT...
<Set_Hamiltonian>  Hamiltonian matrix for VNA+dVH+Vxc...
<Band>  Solving the eigenvalue problem...
 KGrids1:  -0.45833  -0.37500  -0.29167  -0.20833  -0.12500  -0.04167   0.04167   0.12500   0.20833   0.29167   0.37500   0.45833 
 KGrids2:  -0.45833  -0.37500  -0.29167  -0.20833  -0.12500  -0.04167   0.04167   0.12500   0.20833   0.29167   0.37500   0.45833 
 KGrids3:  -0.47500  -0.42500  -0.37500  -0.32500  -0.27500  -0.22500  -0.17500  -0.12500  -0.07500  -0.02500   0.02500   0.07500   0.12500   0.17500   0.22500   0.27500   0.32500   0.37500   0.42500   0.47500 
<Band_DFT>  Eigen, time=0.743064
<Band_DFT>  DM, time=2.041695
    1   Sn  MulP   6.9999  6.9999 sum  13.9997
    2   Sn  MulP   7.0003  7.0003 sum  14.0006
    3   Sn  MulP   6.9999  6.9999 sum  13.9999
    4   Sn  MulP   6.9999  6.9999 sum  13.9998
 Sum of MulP: up   =    28.00000 down          =    28.00000
              total=    56.00000 ideal(neutral)=    56.00000
<DFT>  Total Spin Moment (muB) =  0.000000000000
<DFT>  Mixing_weight= 0.040000000000
<DFT>  Uele   =  -42.202200756060  dUele     =   0.000001193081
<DFT>  NormRD =    0.000030955144  Criterion =   0.000000100000

******************* MD=22  SCF= 4 *******************
<Poisson>  Poisson's equation using FFT...
<Set_Hamiltonian>  Hamiltonian matrix for VNA+dVH+Vxc...
<Band>  Solving the eigenvalue problem...
 KGrids1:  -0.45833  -0.37500  -0.29167  -0.20833  -0.12500  -0.04167   0.04167   0.12500   0.20833   0.29167   0.37500   0.45833 
 KGrids2:  -0.45833  -0.37500  -0.29167  -0.20833  -0.12500  -0.04167   0.04167   0.12500   0.20833   0.29167   0.37500   0.45833 
 KGrids3:  -0.47500  -0.42500  -0.37500  -0.32500  -0.27500  -0.22500  -0.17500  -0.12500  -0.07500  -0.02500   0.02500   0.07500   0.12500   0.17500   0.22500   0.27500   0.32500   0.37500   0.42500   0.47500 
<Band_DFT>  Eigen, time=0.734965
<Band_DFT>  DM, time=2.040989
    1   Sn  MulP   6.9999  6.9999 sum  13.9997
    2   Sn  MulP   7.0003  7.0003 sum  14.0006
    3   Sn  MulP   6.9999  6.9999 sum  13.9999
    4   Sn  MulP   6.9999  6.9999 sum  13.9998
 Sum of MulP: up   =    28.00000 down          =    28.00000
              total=    56.00000 ideal(neutral)=    56.00000
<DFT>  Total Spin Moment (muB) =  0.000000000000
<DFT>  Mixing_weight= 0.040000000000
<DFT>  Uele   =  -42.202197153779  dUele     =   0.000003602281
<DFT>  NormRD =    0.000002937222  Criterion =   0.000000100000

******************* MD=22  SCF= 5 *******************
<Poisson>  Poisson's equation using FFT...
<Set_Hamiltonian>  Hamiltonian matrix for VNA+dVH+Vxc...
<Band>  Solving the eigenvalue problem...
 KGrids1:  -0.45833  -0.37500  -0.29167  -0.20833  -0.12500  -0.04167   0.04167   0.12500   0.20833   0.29167   0.37500   0.45833 
 KGrids2:  -0.45833  -0.37500  -0.29167  -0.20833  -0.12500  -0.04167   0.04167   0.12500   0.20833   0.29167   0.37500   0.45833 
 KGrids3:  -0.47500  -0.42500  -0.37500  -0.32500  -0.27500  -0.22500  -0.17500  -0.12500  -0.07500  -0.02500   0.02500   0.07500   0.12500   0.17500   0.22500   0.27500   0.32500   0.37500   0.42500   0.47500 
<Band_DFT>  Eigen, time=0.740402
<Band_DFT>  DM, time=2.013216
    1   Sn  MulP   6.9999  6.9999 sum  13.9997
    2   Sn  MulP   7.0003  7.0003 sum  14.0006
    3   Sn  MulP   6.9999  6.9999 sum  13.9999
    4   Sn  MulP   6.9999  6.9999 sum  13.9998
 Sum of MulP: up   =    28.00000 down          =    28.00000
              total=    56.00000 ideal(neutral)=    56.00000
<DFT>  Total Spin Moment (muB) =  0.000000000000
<DFT>  Mixing_weight= 0.040000000000
<DFT>  Uele   =  -42.202197929374  dUele     =   0.000000775596
<DFT>  NormRD =    0.000001099582  Criterion =   0.000000100000

******************* MD=22  SCF= 6 *******************
<Poisson>  Poisson's equation using FFT...
<Set_Hamiltonian>  Hamiltonian matrix for VNA+dVH+Vxc...
<Band>  Solving the eigenvalue problem...
 KGrids1:  -0.45833  -0.37500  -0.29167  -0.20833  -0.12500  -0.04167   0.04167   0.12500   0.20833   0.29167   0.37500   0.45833 
 KGrids2:  -0.45833  -0.37500  -0.29167  -0.20833  -0.12500  -0.04167   0.04167   0.12500   0.20833   0.29167   0.37500   0.45833 
 KGrids3:  -0.47500  -0.42500  -0.37500  -0.32500  -0.27500  -0.22500  -0.17500  -0.12500  -0.07500  -0.02500   0.02500   0.07500   0.12500   0.17500   0.22500   0.27500   0.32500   0.37500   0.42500   0.47500 
<Band_DFT>  Eigen, time=0.737782
<Band_DFT>  DM, time=1.824542
    1   Sn  MulP   6.9999  6.9999 sum  13.9997
    2   Sn  MulP   7.0003  7.0003 sum  14.0006
    3   Sn  MulP   6.9999  6.9999 sum  13.9999
    4   Sn  MulP   6.9999  6.9999 sum  13.9998
 Sum of MulP: up   =    28.00000 down          =    28.00000
              total=    56.00000 ideal(neutral)=    56.00000
<DFT>  Total Spin Moment (muB) =  0.000000000000
<DFT>  Mixing_weight= 0.040000000000
<DFT>  Uele   =  -42.202197840842  dUele     =   0.000000088533
<DFT>  NormRD =    0.000001360472  Criterion =   0.000000100000
<MD=22>  Force calculation
  Force calculation #1
  Force calculation #2
  Force calculation #3
  Force calculation #4
  Force calculation #5
  Stress calculation #1
  Stress calculation #2
  Stress calculation #3
  Stress calculation #4
  Stress calculation #5
<MD=22>  Total Energy
  Force calculation #6
  Force calculation #7

*******************************************************
                  Dipole moment (Debye)                 
*******************************************************

 Absolute D      522.15854836

                      Dx                Dy                Dz
 Total           -363.75616254     -362.14097276      -95.83798670
 Core             403.44362749      401.43883420      321.55389354
 Electron        -767.19979003     -763.57980697     -417.39188024
 Back ground       -0.00000000       -0.00000000       -0.00000000

*******************************************************
               Stress tensor (Hartree/bohr^3)            
*******************************************************

       0.00001091        0.00000000       -0.00000001 
       0.00000000        0.00000607        0.00000000 
      -0.00000001        0.00000000        0.00000591 

*******************************************************
                Total Energy (Hartree) at MD =22        
*******************************************************

  Uele  =     -42.202197840842

  Ukin  =     203.434298216193
  UH0   =   -2699.767360784263
  UH1   =       0.004870371422
  Una   =    -149.407467098942
  Unl   =     -47.918482841837
  Uxc0  =     -25.234639344313
  Uxc1  =     -25.234639344313
  Ucore =    2459.966082750565
  Uhub  =       0.000000000000
  Ucs   =       0.000000000000
  Uzs   =       0.000000000000
  Uzo   =       0.000000000000
  Uef   =       0.000000000000
  UvdW  =       0.000000000000
  Uch   =       0.000000000000
  Utot  =    -284.157338075488

  UpV   =       0.000000000000
  Enpy  =    -284.157338075488
  Note:

  Uele:   band energy
  Ukin:   kinetic energy
  UH0:    electric part of screened Coulomb energy
  UH1:    difference electron-electron Coulomb energy
  Una:    neutral atom potential energy
  Unl:    non-local potential energy
  Uxc0:   exchange-correlation energy for alpha spin
  Uxc1:   exchange-correlation energy for beta spin
  Ucore:  core-core Coulomb energy
  Uhub:   LDA+U energy
  Ucs:    constraint energy for spin orientation
  Uzs:    Zeeman term for spin magnetic moment
  Uzo:    Zeeman term for orbital magnetic moment
  Uef:    electric energy by electric field
  UvdW:   semi-empirical vdW energy 
  Uch:    penalty term to create a core hole
  UpV:    pressure times volume
  Enpy:   Enthalpy = Utot + UpV
  (see also PRB 72, 045121(2005) for the energy contributions)


*******************************************************
           Computational times (s) at MD =22            
*******************************************************

  DFT in total      =   28.34678

  Set_OLP_Kin       =    1.10308
  Set_Nonlocal      =    1.35767
  Set_ProExpn_VNA   =    2.59910
  Set_Hamiltonian   =    1.44721
  Poisson           =    0.00118
  diagonalization   =   16.79792
  Mixing_DM         =    0.00466
  Force             =    2.04236
  Total_Energy      =    0.40949
  Set_Aden_Grid     =    0.04404
  Set_Orbitals_Grid =    0.09947
  Set_Density_Grid  =    0.55153
  RestartFileDFT    =    0.00300
  Mulliken_Charge   =    0.00099
  FFT(2D)_Density   =    0.00182

The SCF was achieved at MD=  22

*******************************************************
             MD or geometry opt. at MD =22              
*******************************************************

<BFGS>  |Maximum force| (Hartree/Bohr) = 0.000163135723
<BFGS>  Criterion       (Hartree/Bohr) = 0.000100000000

     atom=   1, XYZ(ang) Fxyz(a.u.)=  -0.0000   -0.0000   -0.0134    -0.0000    0.0000   -0.0001
     atom=   2, XYZ(ang) Fxyz(a.u.)=   2.9998    2.9849    1.5724    -0.0000   -0.0000    0.0001
     atom=   3, XYZ(ang) Fxyz(a.u.)=  -0.0000    2.9849    0.8321    -0.0000    0.0000    0.0002
     atom=   4, XYZ(ang) Fxyz(a.u.)=   2.9998   -0.0000    2.3904     0.0000   -0.0000   -0.0001

*******************************************************
        Analysis of neighbors and setting of grids        
*******************************************************


*******************************************************
  Allocation of atoms to processors at MD_iter=   23     
*******************************************************

 proc =   0  # of atoms=   1  estimated weight=         1.00000
 proc =   1  # of atoms=   1  estimated weight=         1.00000
 proc =   2  # of atoms=   1  estimated weight=         1.00000
 proc =   3  # of atoms=   1  estimated weight=         1.00000
 proc =   4  # of atoms=   0  estimated weight=         0.00000
 proc =   5  # of atoms=   0  estimated weight=         0.00000
 proc =   6  # of atoms=   0  estimated weight=         0.00000
 proc =   7  # of atoms=   0  estimated weight=         0.00000
 proc =   8  # of atoms=   0  estimated weight=         0.00000
 proc =   9  # of atoms=   0  estimated weight=         0.00000
 proc =  10  # of atoms=   0  estimated weight=         0.00000
 proc =  11  # of atoms=   0  estimated weight=         0.00000
 proc =  12  # of atoms=   0  estimated weight=         0.00000
 proc =  13  # of atoms=   0  estimated weight=         0.00000
 proc =  14  # of atoms=   0  estimated weight=         0.00000
 proc =  15  # of atoms=   0  estimated weight=         0.00000



TFNAN=     256   Average FNAN=  64.00000
TSNAN=       0   Average SNAN=   0.00000
<truncation> CpyCell= 3 ct_AN=   1 FNAN SNAN  64   0
<truncation> CpyCell= 3 ct_AN=   2 FNAN SNAN  64   0
<truncation> CpyCell= 3 ct_AN=   3 FNAN SNAN  64   0
<truncation> CpyCell= 3 ct_AN=   4 FNAN SNAN  64   0
<UCell_Box> Info. of cutoff energy and num. of grids
lattice vectors (bohr)
A  = 11.337702133525,  0.000000000000,  0.000000000000
B  =  0.000000000000, 11.281295655248,  0.000000000000
C  =  0.000000000000,  0.000000000000,  6.081931916162
reciprocal lattice vectors (bohr^-1)
RA =  0.554185074999,  0.000000000000,  0.000000000000
RB =  0.000000000000,  0.556956000374,  0.000000000000
RC =  0.000000000000,  0.000000000000,  1.033090372236
Required cutoff energy (Ryd) for 3D-grids = 200.0000
    Used cutoff energy (Ryd) for 3D-grids = 191.9507, 193.8750, 194.5110
Num. of grids of a-, b-, and c-axes = 50, 50, 27
Cell_Volume =    777.903236248648 (Bohr^3)
GridVol     =      0.011524492389 (Bohr^3)
Cell vectors (bohr) of the grid cell (gtv)
  gtv_a =  0.226754042670,  0.000000000000,  0.000000000000
  gtv_b =  0.000000000000,  0.225625913105,  0.000000000000
  gtv_c =  0.000000000000,  0.000000000000,  0.225256737636
  |gtv_a| =  0.226754042670
  |gtv_b| =  0.225625913105
  |gtv_c| =  0.225256737636
Num. of grids overlapping with atom    1 = 124632
Num. of grids overlapping with atom    2 = 124638
Num. of grids overlapping with atom    3 = 124533
Num. of grids overlapping with atom    4 = 124553

*******************************************************
             SCF calculation at MD =23                
*******************************************************

<MD=23>  Calculation of the overlap matrix
<MD=23>  Calculation of the nonlocal matrix
<MD=23>  Calculation of the VNA projector matrix

******************* MD=23  SCF= 1 *******************
<Restart>  Found restart files
<Poisson>  Poisson's equation using FFT...
<Band>  Solving the eigenvalue problem...
 KGrids1:  -0.45833  -0.37500  -0.29167  -0.20833  -0.12500  -0.04167   0.04167   0.12500   0.20833   0.29167   0.37500   0.45833 
 KGrids2:  -0.45833  -0.37500  -0.29167  -0.20833  -0.12500  -0.04167   0.04167   0.12500   0.20833   0.29167   0.37500   0.45833 
 KGrids3:  -0.47500  -0.42500  -0.37500  -0.32500  -0.27500  -0.22500  -0.17500  -0.12500  -0.07500  -0.02500   0.02500   0.07500   0.12500   0.17500   0.22500   0.27500   0.32500   0.37500   0.42500   0.47500 
<Band_DFT>  Eigen, time=0.735382
<Band_DFT>  DM, time=2.036170
    1   Sn  MulP   6.9999  6.9999 sum  13.9997
    2   Sn  MulP   7.0003  7.0003 sum  14.0006
    3   Sn  MulP   6.9999  6.9999 sum  13.9999
    4   Sn  MulP   6.9999  6.9999 sum  13.9998
 Sum of MulP: up   =    28.00000 down          =    28.00000
              total=    56.00000 ideal(neutral)=    56.00000
<DFT>  Total Spin Moment (muB) =  0.000000000000
<DFT>  Mixing_weight= 0.400000000000
<DFT>  Uele   =  -42.202204954913  dUele     =   1.000000000000
<DFT>  NormRD =    1.000000000000  Criterion =   0.000000100000

******************* MD=23  SCF= 2 *******************
<Poisson>  Poisson's equation using FFT...
<Set_Hamiltonian>  Hamiltonian matrix for VNA+dVH+Vxc...
<Band>  Solving the eigenvalue problem...
 KGrids1:  -0.45833  -0.37500  -0.29167  -0.20833  -0.12500  -0.04167   0.04167   0.12500   0.20833   0.29167   0.37500   0.45833 
 KGrids2:  -0.45833  -0.37500  -0.29167  -0.20833  -0.12500  -0.04167   0.04167   0.12500   0.20833   0.29167   0.37500   0.45833 
 KGrids3:  -0.47500  -0.42500  -0.37500  -0.32500  -0.27500  -0.22500  -0.17500  -0.12500  -0.07500  -0.02500   0.02500   0.07500   0.12500   0.17500   0.22500   0.27500   0.32500   0.37500   0.42500   0.47500 
<Band_DFT>  Eigen, time=0.737505
<Band_DFT>  DM, time=2.037468
    1   Sn  MulP   6.9999  6.9999 sum  13.9997
    2   Sn  MulP   7.0003  7.0003 sum  14.0006
    3   Sn  MulP   6.9999  6.9999 sum  13.9999
    4   Sn  MulP   6.9999  6.9999 sum  13.9998
 Sum of MulP: up   =    28.00000 down          =    28.00000
              total=    56.00000 ideal(neutral)=    56.00000
<DFT>  Total Spin Moment (muB) =  0.000000000000
<DFT>  Mixing_weight= 0.400000000000
<DFT>  Uele   =  -42.202203976714  dUele     =   0.000000978199
<DFT>  NormRD =    0.000029760245  Criterion =   0.000000100000

******************* MD=23  SCF= 3 *******************
<Poisson>  Poisson's equation using FFT...
<Set_Hamiltonian>  Hamiltonian matrix for VNA+dVH+Vxc...
<Band>  Solving the eigenvalue problem...
 KGrids1:  -0.45833  -0.37500  -0.29167  -0.20833  -0.12500  -0.04167   0.04167   0.12500   0.20833   0.29167   0.37500   0.45833 
 KGrids2:  -0.45833  -0.37500  -0.29167  -0.20833  -0.12500  -0.04167   0.04167   0.12500   0.20833   0.29167   0.37500   0.45833 
 KGrids3:  -0.47500  -0.42500  -0.37500  -0.32500  -0.27500  -0.22500  -0.17500  -0.12500  -0.07500  -0.02500   0.02500   0.07500   0.12500   0.17500   0.22500   0.27500   0.32500   0.37500   0.42500   0.47500 
<Band_DFT>  Eigen, time=0.737304
<Band_DFT>  DM, time=2.034420
    1   Sn  MulP   6.9999  6.9999 sum  13.9997
    2   Sn  MulP   7.0003  7.0003 sum  14.0006
    3   Sn  MulP   6.9999  6.9999 sum  13.9999
    4   Sn  MulP   6.9999  6.9999 sum  13.9998
 Sum of MulP: up   =    28.00000 down          =    28.00000
              total=    56.00000 ideal(neutral)=    56.00000
<DFT>  Total Spin Moment (muB) =  0.000000000000
<DFT>  Mixing_weight= 0.040000000000
<DFT>  Uele   =  -42.202203377899  dUele     =   0.000000598814
<DFT>  NormRD =    0.000018623369  Criterion =   0.000000100000

******************* MD=23  SCF= 4 *******************
<Poisson>  Poisson's equation using FFT...
<Set_Hamiltonian>  Hamiltonian matrix for VNA+dVH+Vxc...
<Band>  Solving the eigenvalue problem...
 KGrids1:  -0.45833  -0.37500  -0.29167  -0.20833  -0.12500  -0.04167   0.04167   0.12500   0.20833   0.29167   0.37500   0.45833 
 KGrids2:  -0.45833  -0.37500  -0.29167  -0.20833  -0.12500  -0.04167   0.04167   0.12500   0.20833   0.29167   0.37500   0.45833 
 KGrids3:  -0.47500  -0.42500  -0.37500  -0.32500  -0.27500  -0.22500  -0.17500  -0.12500  -0.07500  -0.02500   0.02500   0.07500   0.12500   0.17500   0.22500   0.27500   0.32500   0.37500   0.42500   0.47500 
<Band_DFT>  Eigen, time=0.738709
<Band_DFT>  DM, time=2.038940
    1   Sn  MulP   6.9999  6.9999 sum  13.9997
    2   Sn  MulP   7.0003  7.0003 sum  14.0006
    3   Sn  MulP   6.9999  6.9999 sum  13.9999
    4   Sn  MulP   6.9999  6.9999 sum  13.9998
 Sum of MulP: up   =    28.00000 down          =    28.00000
              total=    56.00000 ideal(neutral)=    56.00000
<DFT>  Total Spin Moment (muB) =  0.000000000000
<DFT>  Mixing_weight= 0.040000000000
<DFT>  Uele   =  -42.202202450229  dUele     =   0.000000927670
<DFT>  NormRD =    0.000001190776  Criterion =   0.000000100000

******************* MD=23  SCF= 5 *******************
<Poisson>  Poisson's equation using FFT...
<Set_Hamiltonian>  Hamiltonian matrix for VNA+dVH+Vxc...
<Band>  Solving the eigenvalue problem...
 KGrids1:  -0.45833  -0.37500  -0.29167  -0.20833  -0.12500  -0.04167   0.04167   0.12500   0.20833   0.29167   0.37500   0.45833 
 KGrids2:  -0.45833  -0.37500  -0.29167  -0.20833  -0.12500  -0.04167   0.04167   0.12500   0.20833   0.29167   0.37500   0.45833 
 KGrids3:  -0.47500  -0.42500  -0.37500  -0.32500  -0.27500  -0.22500  -0.17500  -0.12500  -0.07500  -0.02500   0.02500   0.07500   0.12500   0.17500   0.22500   0.27500   0.32500   0.37500   0.42500   0.47500 
<Band_DFT>  Eigen, time=0.739984
<Band_DFT>  DM, time=2.039824
    1   Sn  MulP   6.9999  6.9999 sum  13.9997
    2   Sn  MulP   7.0003  7.0003 sum  14.0006
    3   Sn  MulP   6.9999  6.9999 sum  13.9999
    4   Sn  MulP   6.9999  6.9999 sum  13.9998
 Sum of MulP: up   =    28.00000 down          =    28.00000
              total=    56.00000 ideal(neutral)=    56.00000
<DFT>  Total Spin Moment (muB) =  0.000000000000
<DFT>  Mixing_weight= 0.040000000000
<DFT>  Uele   =  -42.202202520367  dUele     =   0.000000070138
<DFT>  NormRD =    0.000000655734  Criterion =   0.000000100000
<MD=23>  Force calculation
  Force calculation #1
  Force calculation #2
  Force calculation #3
  Force calculation #4
  Force calculation #5
  Stress calculation #1
  Stress calculation #2
  Stress calculation #3
  Stress calculation #4
  Stress calculation #5
<MD=23>  Total Energy
  Force calculation #6
  Force calculation #7

*******************************************************
                  Dipole moment (Debye)                 
*******************************************************

 Absolute D      522.16082405

                      Dx                Dy                Dz
 Total           -363.75607781     -362.14100081      -95.85060019
 Core             403.44402116      401.43882540      321.53185117
 Electron        -767.20009897     -763.57982622     -417.38245136
 Back ground       -0.00000000       -0.00000000       -0.00000000

*******************************************************
               Stress tensor (Hartree/bohr^3)            
*******************************************************

       0.00001095        0.00000000       -0.00000001 
       0.00000000        0.00000596        0.00000000 
      -0.00000001        0.00000000        0.00000608 

*******************************************************
                Total Energy (Hartree) at MD =23        
*******************************************************

  Uele  =     -42.202202520367

  Ukin  =     203.434277130460
  UH0   =   -2699.768149474034
  UH1   =       0.004870431220
  Una   =    -149.407461263453
  Unl   =     -47.918470648996
  Uxc0  =     -25.234638876971
  Uxc1  =     -25.234638876971
  Ucore =    2459.966873000514
  Uhub  =       0.000000000000
  Ucs   =       0.000000000000
  Uzs   =       0.000000000000
  Uzo   =       0.000000000000
  Uef   =       0.000000000000
  UvdW  =       0.000000000000
  Uch   =       0.000000000000
  Utot  =    -284.157338578231

  UpV   =       0.000000000000
  Enpy  =    -284.157338578231
  Note:

  Uele:   band energy
  Ukin:   kinetic energy
  UH0:    electric part of screened Coulomb energy
  UH1:    difference electron-electron Coulomb energy
  Una:    neutral atom potential energy
  Unl:    non-local potential energy
  Uxc0:   exchange-correlation energy for alpha spin
  Uxc1:   exchange-correlation energy for beta spin
  Ucore:  core-core Coulomb energy
  Uhub:   LDA+U energy
  Ucs:    constraint energy for spin orientation
  Uzs:    Zeeman term for spin magnetic moment
  Uzo:    Zeeman term for orbital magnetic moment
  Uef:    electric energy by electric field
  UvdW:   semi-empirical vdW energy 
  Uch:    penalty term to create a core hole
  UpV:    pressure times volume
  Enpy:   Enthalpy = Utot + UpV
  (see also PRB 72, 045121(2005) for the energy contributions)


*******************************************************
           Computational times (s) at MD =23            
*******************************************************

  DFT in total      =   25.28683

  Set_OLP_Kin       =    0.69755
  Set_Nonlocal      =    1.46474
  Set_ProExpn_VNA   =    2.90273
  Set_Hamiltonian   =    1.24094
  Poisson           =    0.00080
  diagonalization   =   14.14685
  Mixing_DM         =    0.00389
  Force             =    2.01622
  Total_Energy      =    0.40850
  Set_Aden_Grid     =    0.00721
  Set_Orbitals_Grid =    0.09640
  Set_Density_Grid  =    0.46169
  RestartFileDFT    =    0.04111
  Mulliken_Charge   =    0.00084
  FFT(2D)_Density   =    0.00155

The SCF was achieved at MD=  23

*******************************************************
             MD or geometry opt. at MD =23              
*******************************************************

<BFGS>  |Maximum force| (Hartree/Bohr) = 0.000179146956
<BFGS>  Criterion       (Hartree/Bohr) = 0.000100000000

     atom=   1, XYZ(ang) Fxyz(a.u.)=  -0.0000   -0.0000   -0.0134    -0.0000   -0.0000   -0.0001
     atom=   2, XYZ(ang) Fxyz(a.u.)=   2.9998    2.9849    1.5725    -0.0000   -0.0000    0.0001
     atom=   3, XYZ(ang) Fxyz(a.u.)=  -0.0000    2.9849    0.8316     0.0000   -0.0000    0.0001
     atom=   4, XYZ(ang) Fxyz(a.u.)=   2.9998   -0.0000    2.3903     0.0000   -0.0000    0.0002

*******************************************************
        Analysis of neighbors and setting of grids        
*******************************************************


*******************************************************
  Allocation of atoms to processors at MD_iter=   24     
*******************************************************

 proc =   0  # of atoms=   1  estimated weight=         1.00000
 proc =   1  # of atoms=   1  estimated weight=         1.00000
 proc =   2  # of atoms=   1  estimated weight=         1.00000
 proc =   3  # of atoms=   1  estimated weight=         1.00000
 proc =   4  # of atoms=   0  estimated weight=         0.00000
 proc =   5  # of atoms=   0  estimated weight=         0.00000
 proc =   6  # of atoms=   0  estimated weight=         0.00000
 proc =   7  # of atoms=   0  estimated weight=         0.00000
 proc =   8  # of atoms=   0  estimated weight=         0.00000
 proc =   9  # of atoms=   0  estimated weight=         0.00000
 proc =  10  # of atoms=   0  estimated weight=         0.00000
 proc =  11  # of atoms=   0  estimated weight=         0.00000
 proc =  12  # of atoms=   0  estimated weight=         0.00000
 proc =  13  # of atoms=   0  estimated weight=         0.00000
 proc =  14  # of atoms=   0  estimated weight=         0.00000
 proc =  15  # of atoms=   0  estimated weight=         0.00000



TFNAN=     256   Average FNAN=  64.00000
TSNAN=       0   Average SNAN=   0.00000
<truncation> CpyCell= 3 ct_AN=   1 FNAN SNAN  64   0
<truncation> CpyCell= 3 ct_AN=   2 FNAN SNAN  64   0
<truncation> CpyCell= 3 ct_AN=   3 FNAN SNAN  64   0
<truncation> CpyCell= 3 ct_AN=   4 FNAN SNAN  64   0
<UCell_Box> Info. of cutoff energy and num. of grids
lattice vectors (bohr)
A  = 11.337702133525,  0.000000000000,  0.000000000000
B  =  0.000000000000, 11.281295655248,  0.000000000000
C  =  0.000000000000,  0.000000000000,  6.081931916162
reciprocal lattice vectors (bohr^-1)
RA =  0.554185074999,  0.000000000000,  0.000000000000
RB =  0.000000000000,  0.556956000374,  0.000000000000
RC =  0.000000000000,  0.000000000000,  1.033090372236
Required cutoff energy (Ryd) for 3D-grids = 200.0000
    Used cutoff energy (Ryd) for 3D-grids = 191.9507, 193.8750, 194.5110
Num. of grids of a-, b-, and c-axes = 50, 50, 27
Cell_Volume =    777.903236248648 (Bohr^3)
GridVol     =      0.011524492389 (Bohr^3)
Cell vectors (bohr) of the grid cell (gtv)
  gtv_a =  0.226754042670,  0.000000000000,  0.000000000000
  gtv_b =  0.000000000000,  0.225625913105,  0.000000000000
  gtv_c =  0.000000000000,  0.000000000000,  0.225256737636
  |gtv_a| =  0.226754042670
  |gtv_b| =  0.225625913105
  |gtv_c| =  0.225256737636
Num. of grids overlapping with atom    1 = 124636
Num. of grids overlapping with atom    2 = 124638
Num. of grids overlapping with atom    3 = 124521
Num. of grids overlapping with atom    4 = 124553

*******************************************************
             SCF calculation at MD =24                
*******************************************************

<MD=24>  Calculation of the overlap matrix
<MD=24>  Calculation of the nonlocal matrix
<MD=24>  Calculation of the VNA projector matrix

******************* MD=24  SCF= 1 *******************
<Restart>  Found restart files
<Poisson>  Poisson's equation using FFT...
<Band>  Solving the eigenvalue problem...
 KGrids1:  -0.45833  -0.37500  -0.29167  -0.20833  -0.12500  -0.04167   0.04167   0.12500   0.20833   0.29167   0.37500   0.45833 
 KGrids2:  -0.45833  -0.37500  -0.29167  -0.20833  -0.12500  -0.04167   0.04167   0.12500   0.20833   0.29167   0.37500   0.45833 
 KGrids3:  -0.47500  -0.42500  -0.37500  -0.32500  -0.27500  -0.22500  -0.17500  -0.12500  -0.07500  -0.02500   0.02500   0.07500   0.12500   0.17500   0.22500   0.27500   0.32500   0.37500   0.42500   0.47500 
<Band_DFT>  Eigen, time=0.738407
<Band_DFT>  DM, time=2.039934
    1   Sn  MulP   6.9999  6.9999 sum  13.9997
    2   Sn  MulP   7.0003  7.0003 sum  14.0006
    3   Sn  MulP   6.9999  6.9999 sum  13.9999
    4   Sn  MulP   6.9999  6.9999 sum  13.9998
 Sum of MulP: up   =    28.00000 down          =    28.00000
              total=    56.00000 ideal(neutral)=    56.00000
<DFT>  Total Spin Moment (muB) =  0.000000000000
<DFT>  Mixing_weight= 0.400000000000
<DFT>  Uele   =  -42.202198592790  dUele     =   1.000000000000
<DFT>  NormRD =    1.000000000000  Criterion =   0.000000100000

******************* MD=24  SCF= 2 *******************
<Poisson>  Poisson's equation using FFT...
<Set_Hamiltonian>  Hamiltonian matrix for VNA+dVH+Vxc...
<Band>  Solving the eigenvalue problem...
 KGrids1:  -0.45833  -0.37500  -0.29167  -0.20833  -0.12500  -0.04167   0.04167   0.12500   0.20833   0.29167   0.37500   0.45833 
 KGrids2:  -0.45833  -0.37500  -0.29167  -0.20833  -0.12500  -0.04167   0.04167   0.12500   0.20833   0.29167   0.37500   0.45833 
 KGrids3:  -0.47500  -0.42500  -0.37500  -0.32500  -0.27500  -0.22500  -0.17500  -0.12500  -0.07500  -0.02500   0.02500   0.07500   0.12500   0.17500   0.22500   0.27500   0.32500   0.37500   0.42500   0.47500 
<Band_DFT>  Eigen, time=0.742023
<Band_DFT>  DM, time=2.041616
    1   Sn  MulP   6.9999  6.9999 sum  13.9997
    2   Sn  MulP   7.0003  7.0003 sum  14.0006
    3   Sn  MulP   6.9999  6.9999 sum  13.9999
    4   Sn  MulP   6.9999  6.9999 sum  13.9998
 Sum of MulP: up   =    28.00000 down          =    28.00000
              total=    56.00000 ideal(neutral)=    56.00000
<DFT>  Total Spin Moment (muB) =  0.000000000000
<DFT>  Mixing_weight= 0.400000000000
<DFT>  Uele   =  -42.202200393698  dUele     =   0.000001800909
<DFT>  NormRD =    0.000045051410  Criterion =   0.000000100000

******************* MD=24  SCF= 3 *******************
<Poisson>  Poisson's equation using FFT...
<Set_Hamiltonian>  Hamiltonian matrix for VNA+dVH+Vxc...
<Band>  Solving the eigenvalue problem...
 KGrids1:  -0.45833  -0.37500  -0.29167  -0.20833  -0.12500  -0.04167   0.04167   0.12500   0.20833   0.29167   0.37500   0.45833 
 KGrids2:  -0.45833  -0.37500  -0.29167  -0.20833  -0.12500  -0.04167   0.04167   0.12500   0.20833   0.29167   0.37500   0.45833 
 KGrids3:  -0.47500  -0.42500  -0.37500  -0.32500  -0.27500  -0.22500  -0.17500  -0.12500  -0.07500  -0.02500   0.02500   0.07500   0.12500   0.17500   0.22500   0.27500   0.32500   0.37500   0.42500   0.47500 
<Band_DFT>  Eigen, time=0.747616
<Band_DFT>  DM, time=1.899888
    1   Sn  MulP   6.9999  6.9999 sum  13.9997
    2   Sn  MulP   7.0003  7.0003 sum  14.0006
    3   Sn  MulP   6.9999  6.9999 sum  13.9999
    4   Sn  MulP   6.9999  6.9999 sum  13.9998
 Sum of MulP: up   =    28.00000 down          =    28.00000
              total=    56.00000 ideal(neutral)=    56.00000
<DFT>  Total Spin Moment (muB) =  0.000000000000
<DFT>  Mixing_weight= 0.040000000000
<DFT>  Uele   =  -42.202201554898  dUele     =   0.000001161199
<DFT>  NormRD =    0.000030729895  Criterion =   0.000000100000

******************* MD=24  SCF= 4 *******************
<Poisson>  Poisson's equation using FFT...
<Set_Hamiltonian>  Hamiltonian matrix for VNA+dVH+Vxc...
<Band>  Solving the eigenvalue problem...
 KGrids1:  -0.45833  -0.37500  -0.29167  -0.20833  -0.12500  -0.04167   0.04167   0.12500   0.20833   0.29167   0.37500   0.45833 
 KGrids2:  -0.45833  -0.37500  -0.29167  -0.20833  -0.12500  -0.04167   0.04167   0.12500   0.20833   0.29167   0.37500   0.45833 
 KGrids3:  -0.47500  -0.42500  -0.37500  -0.32500  -0.27500  -0.22500  -0.17500  -0.12500  -0.07500  -0.02500   0.02500   0.07500   0.12500   0.17500   0.22500   0.27500   0.32500   0.37500   0.42500   0.47500 
<Band_DFT>  Eigen, time=0.745637
<Band_DFT>  DM, time=1.922154
    1   Sn  MulP   6.9999  6.9999 sum  13.9997
    2   Sn  MulP   7.0003  7.0003 sum  14.0006
    3   Sn  MulP   6.9999  6.9999 sum  13.9999
    4   Sn  MulP   6.9999  6.9999 sum  13.9998
 Sum of MulP: up   =    28.00000 down          =    28.00000
              total=    56.00000 ideal(neutral)=    56.00000
<DFT>  Total Spin Moment (muB) =  0.000000000000
<DFT>  Mixing_weight= 0.040000000000
<DFT>  Uele   =  -42.202204045690  dUele     =   0.000002490792
<DFT>  NormRD =    0.000003184700  Criterion =   0.000000100000

******************* MD=24  SCF= 5 *******************
<Poisson>  Poisson's equation using FFT...
<Set_Hamiltonian>  Hamiltonian matrix for VNA+dVH+Vxc...
<Band>  Solving the eigenvalue problem...
 KGrids1:  -0.45833  -0.37500  -0.29167  -0.20833  -0.12500  -0.04167   0.04167   0.12500   0.20833   0.29167   0.37500   0.45833 
 KGrids2:  -0.45833  -0.37500  -0.29167  -0.20833  -0.12500  -0.04167   0.04167   0.12500   0.20833   0.29167   0.37500   0.45833 
 KGrids3:  -0.47500  -0.42500  -0.37500  -0.32500  -0.27500  -0.22500  -0.17500  -0.12500  -0.07500  -0.02500   0.02500   0.07500   0.12500   0.17500   0.22500   0.27500   0.32500   0.37500   0.42500   0.47500 
<Band_DFT>  Eigen, time=0.743773
<Band_DFT>  DM, time=1.931461
    1   Sn  MulP   6.9999  6.9999 sum  13.9997
    2   Sn  MulP   7.0003  7.0003 sum  14.0006
    3   Sn  MulP   6.9999  6.9999 sum  13.9999
    4   Sn  MulP   6.9999  6.9999 sum  13.9998
 Sum of MulP: up   =    28.00000 down          =    28.00000
              total=    56.00000 ideal(neutral)=    56.00000
<DFT>  Total Spin Moment (muB) =  0.000000000000
<DFT>  Mixing_weight= 0.040000000000
<DFT>  Uele   =  -42.202203754730  dUele     =   0.000000290961
<DFT>  NormRD =    0.000002518855  Criterion =   0.000000100000

******************* MD=24  SCF= 6 *******************
<Poisson>  Poisson's equation using FFT...
<Set_Hamiltonian>  Hamiltonian matrix for VNA+dVH+Vxc...
<Band>  Solving the eigenvalue problem...
 KGrids1:  -0.45833  -0.37500  -0.29167  -0.20833  -0.12500  -0.04167   0.04167   0.12500   0.20833   0.29167   0.37500   0.45833 
 KGrids2:  -0.45833  -0.37500  -0.29167  -0.20833  -0.12500  -0.04167   0.04167   0.12500   0.20833   0.29167   0.37500   0.45833 
 KGrids3:  -0.47500  -0.42500  -0.37500  -0.32500  -0.27500  -0.22500  -0.17500  -0.12500  -0.07500  -0.02500   0.02500   0.07500   0.12500   0.17500   0.22500   0.27500   0.32500   0.37500   0.42500   0.47500 
<Band_DFT>  Eigen, time=0.737211
<Band_DFT>  DM, time=2.046420
    1   Sn  MulP   6.9999  6.9999 sum  13.9997
    2   Sn  MulP   7.0003  7.0003 sum  14.0006
    3   Sn  MulP   6.9999  6.9999 sum  13.9999
    4   Sn  MulP   6.9999  6.9999 sum  13.9998
 Sum of MulP: up   =    28.00000 down          =    28.00000
              total=    56.00000 ideal(neutral)=    56.00000
<DFT>  Total Spin Moment (muB) =  0.000000000000
<DFT>  Mixing_weight= 0.040000000000
<DFT>  Uele   =  -42.202203758734  dUele     =   0.000000004004
<DFT>  NormRD =    0.000001560936  Criterion =   0.000000100000
<MD=24>  Force calculation
  Force calculation #1
  Force calculation #2
  Force calculation #3
  Force calculation #4
  Force calculation #5
  Stress calculation #1
  Stress calculation #2
  Stress calculation #3
  Stress calculation #4
  Stress calculation #5
<MD=24>  Total Energy
  Force calculation #6
  Force calculation #7

*******************************************************
                  Dipole moment (Debye)                 
*******************************************************

 Absolute D      522.16515253

                      Dx                Dy                Dz
 Total           -363.75614269     -362.14110180      -95.87354986
 Core             403.44354595      401.43880682      321.49665322
 Electron        -767.19968863     -763.57990862     -417.37020308
 Back ground       -0.00000000       -0.00000000       -0.00000000

*******************************************************
               Stress tensor (Hartree/bohr^3)            
*******************************************************

       0.00001099        0.00000000       -0.00000001 
       0.00000000        0.00000589        0.00000000 
      -0.00000001        0.00000000        0.00000608 

*******************************************************
                Total Energy (Hartree) at MD =24        
*******************************************************

  Uele  =     -42.202203758734

  Ukin  =     203.434271334763
  UH0   =   -2699.768467914620
  UH1   =       0.004870454533
  Una   =    -149.407461354990
  Unl   =     -47.918466182554
  Uxc0  =     -25.234638895017
  Uxc1  =     -25.234638895017
  Ucore =    2459.967192726256
  Uhub  =       0.000000000000
  Ucs   =       0.000000000000
  Uzs   =       0.000000000000
  Uzo   =       0.000000000000
  Uef   =       0.000000000000
  UvdW  =       0.000000000000
  Uch   =       0.000000000000
  Utot  =    -284.157338726645

  UpV   =       0.000000000000
  Enpy  =    -284.157338726645
  Note:

  Uele:   band energy
  Ukin:   kinetic energy
  UH0:    electric part of screened Coulomb energy
  UH1:    difference electron-electron Coulomb energy
  Una:    neutral atom potential energy
  Unl:    non-local potential energy
  Uxc0:   exchange-correlation energy for alpha spin
  Uxc1:   exchange-correlation energy for beta spin
  Ucore:  core-core Coulomb energy
  Uhub:   LDA+U energy
  Ucs:    constraint energy for spin orientation
  Uzs:    Zeeman term for spin magnetic moment
  Uzo:    Zeeman term for orbital magnetic moment
  Uef:    electric energy by electric field
  UvdW:   semi-empirical vdW energy 
  Uch:    penalty term to create a core hole
  UpV:    pressure times volume
  Enpy:   Enthalpy = Utot + UpV
  (see also PRB 72, 045121(2005) for the energy contributions)


*******************************************************
           Computational times (s) at MD =24            
*******************************************************

  DFT in total      =   26.98780

  Set_OLP_Kin       =    0.79298
  Set_Nonlocal      =    1.08923
  Set_ProExpn_VNA   =    2.45245
  Set_Hamiltonian   =    1.34930
  Poisson           =    0.00122
  diagonalization   =   16.66471
  Mixing_DM         =    0.00467
  Force             =    1.89583
  Total_Energy      =    0.40687
  Set_Aden_Grid     =    0.00735
  Set_Orbitals_Grid =    0.09652
  Set_Density_Grid  =    0.54443
  RestartFileDFT    =    0.03019
  Mulliken_Charge   =    0.00096
  FFT(2D)_Density   =    0.00178

The SCF was achieved at MD=  24

*******************************************************
             MD or geometry opt. at MD =24              
*******************************************************

<BFGS>  |Maximum force| (Hartree/Bohr) = 0.000167519386
<BFGS>  Criterion       (Hartree/Bohr) = 0.000100000000

     atom=   1, XYZ(ang) Fxyz(a.u.)=  -0.0000   -0.0000   -0.0137    -0.0000    0.0000   -0.0001
     atom=   2, XYZ(ang) Fxyz(a.u.)=   2.9997    2.9849    1.5732    -0.0000   -0.0000    0.0002
     atom=   3, XYZ(ang) Fxyz(a.u.)=  -0.0000    2.9849    0.8259     0.0000    0.0000    0.0001
     atom=   4, XYZ(ang) Fxyz(a.u.)=   2.9998   -0.0000    2.3900     0.0000   -0.0000    0.0002

*******************************************************
        Analysis of neighbors and setting of grids        
*******************************************************


*******************************************************
  Allocation of atoms to processors at MD_iter=   25     
*******************************************************

 proc =   0  # of atoms=   1  estimated weight=         1.00000
 proc =   1  # of atoms=   1  estimated weight=         1.00000
 proc =   2  # of atoms=   1  estimated weight=         1.00000
 proc =   3  # of atoms=   1  estimated weight=         1.00000
 proc =   4  # of atoms=   0  estimated weight=         0.00000
 proc =   5  # of atoms=   0  estimated weight=         0.00000
 proc =   6  # of atoms=   0  estimated weight=         0.00000
 proc =   7  # of atoms=   0  estimated weight=         0.00000
 proc =   8  # of atoms=   0  estimated weight=         0.00000
 proc =   9  # of atoms=   0  estimated weight=         0.00000
 proc =  10  # of atoms=   0  estimated weight=         0.00000
 proc =  11  # of atoms=   0  estimated weight=         0.00000
 proc =  12  # of atoms=   0  estimated weight=         0.00000
 proc =  13  # of atoms=   0  estimated weight=         0.00000
 proc =  14  # of atoms=   0  estimated weight=         0.00000
 proc =  15  # of atoms=   0  estimated weight=         0.00000



TFNAN=     256   Average FNAN=  64.00000
TSNAN=       0   Average SNAN=   0.00000
<truncation> CpyCell= 3 ct_AN=   1 FNAN SNAN  64   0
<truncation> CpyCell= 3 ct_AN=   2 FNAN SNAN  64   0
<truncation> CpyCell= 3 ct_AN=   3 FNAN SNAN  64   0
<truncation> CpyCell= 3 ct_AN=   4 FNAN SNAN  64   0
<UCell_Box> Info. of cutoff energy and num. of grids
lattice vectors (bohr)
A  = 11.337702133525,  0.000000000000,  0.000000000000
B  =  0.000000000000, 11.281295655248,  0.000000000000
C  =  0.000000000000,  0.000000000000,  6.081931916162
reciprocal lattice vectors (bohr^-1)
RA =  0.554185074999,  0.000000000000,  0.000000000000
RB =  0.000000000000,  0.556956000374,  0.000000000000
RC =  0.000000000000,  0.000000000000,  1.033090372236
Required cutoff energy (Ryd) for 3D-grids = 200.0000
    Used cutoff energy (Ryd) for 3D-grids = 191.9507, 193.8750, 194.5110
Num. of grids of a-, b-, and c-axes = 50, 50, 27
Cell_Volume =    777.903236248648 (Bohr^3)
GridVol     =      0.011524492389 (Bohr^3)
Cell vectors (bohr) of the grid cell (gtv)
  gtv_a =  0.226754042670,  0.000000000000,  0.000000000000
  gtv_b =  0.000000000000,  0.225625913105,  0.000000000000
  gtv_c =  0.000000000000,  0.000000000000,  0.225256737636
  |gtv_a| =  0.226754042670
  |gtv_b| =  0.225625913105
  |gtv_c| =  0.225256737636
Num. of grids overlapping with atom    1 = 124636
Num. of grids overlapping with atom    2 = 124644
Num. of grids overlapping with atom    3 = 124551
Num. of grids overlapping with atom    4 = 124545

*******************************************************
             SCF calculation at MD =25                
*******************************************************

<MD=25>  Calculation of the overlap matrix
<MD=25>  Calculation of the nonlocal matrix
<MD=25>  Calculation of the VNA projector matrix

******************* MD=25  SCF= 1 *******************
<Restart>  Found restart files
<Poisson>  Poisson's equation using FFT...
<Band>  Solving the eigenvalue problem...
 KGrids1:  -0.45833  -0.37500  -0.29167  -0.20833  -0.12500  -0.04167   0.04167   0.12500   0.20833   0.29167   0.37500   0.45833 
 KGrids2:  -0.45833  -0.37500  -0.29167  -0.20833  -0.12500  -0.04167   0.04167   0.12500   0.20833   0.29167   0.37500   0.45833 
 KGrids3:  -0.47500  -0.42500  -0.37500  -0.32500  -0.27500  -0.22500  -0.17500  -0.12500  -0.07500  -0.02500   0.02500   0.07500   0.12500   0.17500   0.22500   0.27500   0.32500   0.37500   0.42500   0.47500 
<Band_DFT>  Eigen, time=0.795068
<Band_DFT>  DM, time=1.777772
    1   Sn  MulP   6.9999  6.9999 sum  13.9999
    2   Sn  MulP   7.0002  7.0002 sum  14.0004
    3   Sn  MulP   6.9999  6.9999 sum  13.9999
    4   Sn  MulP   6.9999  6.9999 sum  13.9999
 Sum of MulP: up   =    28.00000 down          =    28.00000
              total=    56.00000 ideal(neutral)=    56.00000
<DFT>  Total Spin Moment (muB) =  0.000000000000
<DFT>  Mixing_weight= 0.400000000000
<DFT>  Uele   =  -42.202231715223  dUele     =   1.000000000000
<DFT>  NormRD =    1.000000000000  Criterion =   0.000000100000

******************* MD=25  SCF= 2 *******************
<Poisson>  Poisson's equation using FFT...
<Set_Hamiltonian>  Hamiltonian matrix for VNA+dVH+Vxc...
<Band>  Solving the eigenvalue problem...
 KGrids1:  -0.45833  -0.37500  -0.29167  -0.20833  -0.12500  -0.04167   0.04167   0.12500   0.20833   0.29167   0.37500   0.45833 
 KGrids2:  -0.45833  -0.37500  -0.29167  -0.20833  -0.12500  -0.04167   0.04167   0.12500   0.20833   0.29167   0.37500   0.45833 
 KGrids3:  -0.47500  -0.42500  -0.37500  -0.32500  -0.27500  -0.22500  -0.17500  -0.12500  -0.07500  -0.02500   0.02500   0.07500   0.12500   0.17500   0.22500   0.27500   0.32500   0.37500   0.42500   0.47500 
<Band_DFT>  Eigen, time=0.656988
<Band_DFT>  DM, time=1.560314
    1   Sn  MulP   6.9999  6.9999 sum  13.9998
    2   Sn  MulP   7.0002  7.0002 sum  14.0004
    3   Sn  MulP   6.9999  6.9999 sum  13.9999
    4   Sn  MulP   6.9999  6.9999 sum  13.9998
 Sum of MulP: up   =    28.00000 down          =    28.00000
              total=    56.00000 ideal(neutral)=    56.00000
<DFT>  Total Spin Moment (muB) =  0.000000000000
<DFT>  Mixing_weight= 0.400000000000
<DFT>  Uele   =  -42.202234263115  dUele     =   0.000002547892
<DFT>  NormRD =    0.001490937252  Criterion =   0.000000100000

******************* MD=25  SCF= 3 *******************
<Poisson>  Poisson's equation using FFT...
<Set_Hamiltonian>  Hamiltonian matrix for VNA+dVH+Vxc...
<Band>  Solving the eigenvalue problem...
 KGrids1:  -0.45833  -0.37500  -0.29167  -0.20833  -0.12500  -0.04167   0.04167   0.12500   0.20833   0.29167   0.37500   0.45833 
 KGrids2:  -0.45833  -0.37500  -0.29167  -0.20833  -0.12500  -0.04167   0.04167   0.12500   0.20833   0.29167   0.37500   0.45833 
 KGrids3:  -0.47500  -0.42500  -0.37500  -0.32500  -0.27500  -0.22500  -0.17500  -0.12500  -0.07500  -0.02500   0.02500   0.07500   0.12500   0.17500   0.22500   0.27500   0.32500   0.37500   0.42500   0.47500 
<Band_DFT>  Eigen, time=0.637825
<Band_DFT>  DM, time=1.557641
    1   Sn  MulP   6.9999  6.9999 sum  13.9998
    2   Sn  MulP   7.0002  7.0002 sum  14.0005
    3   Sn  MulP   7.0000  7.0000 sum  13.9999
    4   Sn  MulP   6.9999  6.9999 sum  13.9998
 Sum of MulP: up   =    28.00000 down          =    28.00000
              total=    56.00000 ideal(neutral)=    56.00000
<DFT>  Total Spin Moment (muB) =  0.000000000000
<DFT>  Mixing_weight= 0.040000000000
<DFT>  Uele   =  -42.202234735185  dUele     =   0.000000472070
<DFT>  NormRD =    0.001014325414  Criterion =   0.000000100000

******************* MD=25  SCF= 4 *******************
<Poisson>  Poisson's equation using FFT...
<Set_Hamiltonian>  Hamiltonian matrix for VNA+dVH+Vxc...
<Band>  Solving the eigenvalue problem...
 KGrids1:  -0.45833  -0.37500  -0.29167  -0.20833  -0.12500  -0.04167   0.04167   0.12500   0.20833   0.29167   0.37500   0.45833 
 KGrids2:  -0.45833  -0.37500  -0.29167  -0.20833  -0.12500  -0.04167   0.04167   0.12500   0.20833   0.29167   0.37500   0.45833 
 KGrids3:  -0.47500  -0.42500  -0.37500  -0.32500  -0.27500  -0.22500  -0.17500  -0.12500  -0.07500  -0.02500   0.02500   0.07500   0.12500   0.17500   0.22500   0.27500   0.32500   0.37500   0.42500   0.47500 
<Band_DFT>  Eigen, time=0.517169
<Band_DFT>  DM, time=1.380841
    1   Sn  MulP   6.9999  6.9999 sum  13.9998
    2   Sn  MulP   7.0003  7.0003 sum  14.0005
    3   Sn  MulP   7.0000  7.0000 sum  13.9999
    4   Sn  MulP   6.9999  6.9999 sum  13.9998
 Sum of MulP: up   =    28.00000 down          =    28.00000
              total=    56.00000 ideal(neutral)=    56.00000
<DFT>  Total Spin Moment (muB) =  0.000000000000
<DFT>  Mixing_weight= 0.040000000000
<DFT>  Uele   =  -42.202224434469  dUele     =   0.000010300716
<DFT>  NormRD =    0.000093328578  Criterion =   0.000000100000

******************* MD=25  SCF= 5 *******************
<Poisson>  Poisson's equation using FFT...
<Set_Hamiltonian>  Hamiltonian matrix for VNA+dVH+Vxc...
<Band>  Solving the eigenvalue problem...
 KGrids1:  -0.45833  -0.37500  -0.29167  -0.20833  -0.12500  -0.04167   0.04167   0.12500   0.20833   0.29167   0.37500   0.45833 
 KGrids2:  -0.45833  -0.37500  -0.29167  -0.20833  -0.12500  -0.04167   0.04167   0.12500   0.20833   0.29167   0.37500   0.45833 
 KGrids3:  -0.47500  -0.42500  -0.37500  -0.32500  -0.27500  -0.22500  -0.17500  -0.12500  -0.07500  -0.02500   0.02500   0.07500   0.12500   0.17500   0.22500   0.27500   0.32500   0.37500   0.42500   0.47500 
<Band_DFT>  Eigen, time=0.520003
<Band_DFT>  DM, time=1.386093
    1   Sn  MulP   6.9999  6.9999 sum  13.9998
    2   Sn  MulP   7.0003  7.0003 sum  14.0005
    3   Sn  MulP   7.0000  7.0000 sum  13.9999
    4   Sn  MulP   6.9999  6.9999 sum  13.9998
 Sum of MulP: up   =    28.00000 down          =    28.00000
              total=    56.00000 ideal(neutral)=    56.00000
<DFT>  Total Spin Moment (muB) =  0.000000000000
<DFT>  Mixing_weight= 0.040000000000
<DFT>  Uele   =  -42.202227304246  dUele     =   0.000002869777
<DFT>  NormRD =    0.000036941132  Criterion =   0.000000100000

******************* MD=25  SCF= 6 *******************
<Poisson>  Poisson's equation using FFT...
<Set_Hamiltonian>  Hamiltonian matrix for VNA+dVH+Vxc...
<Band>  Solving the eigenvalue problem...
 KGrids1:  -0.45833  -0.37500  -0.29167  -0.20833  -0.12500  -0.04167   0.04167   0.12500   0.20833   0.29167   0.37500   0.45833 
 KGrids2:  -0.45833  -0.37500  -0.29167  -0.20833  -0.12500  -0.04167   0.04167   0.12500   0.20833   0.29167   0.37500   0.45833 
 KGrids3:  -0.47500  -0.42500  -0.37500  -0.32500  -0.27500  -0.22500  -0.17500  -0.12500  -0.07500  -0.02500   0.02500   0.07500   0.12500   0.17500   0.22500   0.27500   0.32500   0.37500   0.42500   0.47500 
<Band_DFT>  Eigen, time=0.742255
<Band_DFT>  DM, time=2.039925
    1   Sn  MulP   6.9999  6.9999 sum  13.9998
    2   Sn  MulP   7.0003  7.0003 sum  14.0005
    3   Sn  MulP   7.0000  7.0000 sum  13.9999
    4   Sn  MulP   6.9999  6.9999 sum  13.9998
 Sum of MulP: up   =    28.00000 down          =    28.00000
              total=    56.00000 ideal(neutral)=    56.00000
<DFT>  Total Spin Moment (muB) =  0.000000000000
<DFT>  Mixing_weight= 0.040000000000
<DFT>  Uele   =  -42.202226045769  dUele     =   0.000001258477
<DFT>  NormRD =    0.000026656761  Criterion =   0.000000100000

******************* MD=25  SCF= 7 *******************
<Poisson>  Poisson's equation using FFT...
<Set_Hamiltonian>  Hamiltonian matrix for VNA+dVH+Vxc...
<Band>  Solving the eigenvalue problem...
 KGrids1:  -0.45833  -0.37500  -0.29167  -0.20833  -0.12500  -0.04167   0.04167   0.12500   0.20833   0.29167   0.37500   0.45833 
 KGrids2:  -0.45833  -0.37500  -0.29167  -0.20833  -0.12500  -0.04167   0.04167   0.12500   0.20833   0.29167   0.37500   0.45833 
 KGrids3:  -0.47500  -0.42500  -0.37500  -0.32500  -0.27500  -0.22500  -0.17500  -0.12500  -0.07500  -0.02500   0.02500   0.07500   0.12500   0.17500   0.22500   0.27500   0.32500   0.37500   0.42500   0.47500 
<Band_DFT>  Eigen, time=0.792020
<Band_DFT>  DM, time=1.990550
    1   Sn  MulP   6.9999  6.9999 sum  13.9998
    2   Sn  MulP   7.0003  7.0003 sum  14.0005
    3   Sn  MulP   7.0000  7.0000 sum  13.9999
    4   Sn  MulP   6.9999  6.9999 sum  13.9998
 Sum of MulP: up   =    28.00000 down          =    28.00000
              total=    56.00000 ideal(neutral)=    56.00000
<DFT>  Total Spin Moment (muB) =  0.000000000000
<DFT>  Mixing_weight= 0.040000000000
<DFT>  Uele   =  -42.202225966520  dUele     =   0.000000079249
<DFT>  NormRD =    0.000004588634  Criterion =   0.000000100000
<MD=25>  Force calculation
  Force calculation #1
  Force calculation #2
  Force calculation #3
  Force calculation #4
  Force calculation #5
  Stress calculation #1
  Stress calculation #2
  Stress calculation #3
  Stress calculation #4
  Stress calculation #5
<MD=25>  Total Energy
  Force calculation #6
  Force calculation #7

*******************************************************
                  Dipole moment (Debye)                 
*******************************************************

 Absolute D      522.20606111

                      Dx                Dy                Dz
 Total           -363.75807412     -362.14206700      -96.08515534
 Core             403.43751217      401.43861725      321.11819289
 Electron        -767.19558629     -763.58068425     -417.20334822
 Back ground       -0.00000000       -0.00000000       -0.00000000

*******************************************************
               Stress tensor (Hartree/bohr^3)            
*******************************************************

       0.00001167        0.00000000       -0.00000002 
       0.00000000        0.00000511       -0.00000000 
      -0.00000002       -0.00000000        0.00000615 

*******************************************************
                Total Energy (Hartree) at MD =25        
*******************************************************

  Uele  =     -42.202225966520

  Ukin  =     203.434147236418
  UH0   =   -2699.772246636187
  UH1   =       0.004870824438
  Una   =    -149.407436259388
  Unl   =     -47.918389982416
  Uxc0  =     -25.234636599733
  Uxc1  =     -25.234636599733
  Ucore =    2459.970989343595
  Uhub  =       0.000000000000
  Ucs   =       0.000000000000
  Uzs   =       0.000000000000
  Uzo   =       0.000000000000
  Uef   =       0.000000000000
  UvdW  =       0.000000000000
  Uch   =       0.000000000000
  Utot  =    -284.157338673004

  UpV   =       0.000000000000
  Enpy  =    -284.157338673004
  Note:

  Uele:   band energy
  Ukin:   kinetic energy
  UH0:    electric part of screened Coulomb energy
  UH1:    difference electron-electron Coulomb energy
  Una:    neutral atom potential energy
  Unl:    non-local potential energy
  Uxc0:   exchange-correlation energy for alpha spin
  Uxc1:   exchange-correlation energy for beta spin
  Ucore:  core-core Coulomb energy
  Uhub:   LDA+U energy
  Ucs:    constraint energy for spin orientation
  Uzs:    Zeeman term for spin magnetic moment
  Uzo:    Zeeman term for orbital magnetic moment
  Uef:    electric energy by electric field
  UvdW:   semi-empirical vdW energy 
  Uch:    penalty term to create a core hole
  UpV:    pressure times volume
  Enpy:   Enthalpy = Utot + UpV
  (see also PRB 72, 045121(2005) for the energy contributions)


*******************************************************
           Computational times (s) at MD =25            
*******************************************************

  DFT in total      =   28.39990

  Set_OLP_Kin       =    0.69696
  Set_Nonlocal      =    1.39076
  Set_ProExpn_VNA   =    2.87930
  Set_Hamiltonian   =    1.62040
  Poisson           =    0.00100
  diagonalization   =   16.75355
  Mixing_DM         =    0.00519
  Force             =    2.06051
  Total_Energy      =    0.40477
  Set_Aden_Grid     =    0.00730
  Set_Orbitals_Grid =    0.09629
  Set_Density_Grid  =    0.63037
  RestartFileDFT    =    0.03083
  Mulliken_Charge   =    0.00113
  FFT(2D)_Density   =    0.00187

The SCF was achieved at MD=  25

*******************************************************
             MD or geometry opt. at MD =25              
*******************************************************

<BFGS>  |Maximum force| (Hartree/Bohr) = 0.000616167419
<BFGS>  Criterion       (Hartree/Bohr) = 0.000100000000

     atom=   1, XYZ(ang) Fxyz(a.u.)=  -0.0000   -0.0000   -0.0134    -0.0000   -0.0000   -0.0001
     atom=   2, XYZ(ang) Fxyz(a.u.)=   2.9998    2.9849    1.5726    -0.0000   -0.0000    0.0003
     atom=   3, XYZ(ang) Fxyz(a.u.)=  -0.0000    2.9849    0.8322     0.0000    0.0000   -0.0006
     atom=   4, XYZ(ang) Fxyz(a.u.)=   2.9998   -0.0000    2.3901     0.0000   -0.0000   -0.0001

*******************************************************
        Analysis of neighbors and setting of grids        
*******************************************************


*******************************************************
  Allocation of atoms to processors at MD_iter=   26     
*******************************************************

 proc =   0  # of atoms=   1  estimated weight=         1.00000
 proc =   1  # of atoms=   1  estimated weight=         1.00000
 proc =   2  # of atoms=   1  estimated weight=         1.00000
 proc =   3  # of atoms=   1  estimated weight=         1.00000
 proc =   4  # of atoms=   0  estimated weight=         0.00000
 proc =   5  # of atoms=   0  estimated weight=         0.00000
 proc =   6  # of atoms=   0  estimated weight=         0.00000
 proc =   7  # of atoms=   0  estimated weight=         0.00000
 proc =   8  # of atoms=   0  estimated weight=         0.00000
 proc =   9  # of atoms=   0  estimated weight=         0.00000
 proc =  10  # of atoms=   0  estimated weight=         0.00000
 proc =  11  # of atoms=   0  estimated weight=         0.00000
 proc =  12  # of atoms=   0  estimated weight=         0.00000
 proc =  13  # of atoms=   0  estimated weight=         0.00000
 proc =  14  # of atoms=   0  estimated weight=         0.00000
 proc =  15  # of atoms=   0  estimated weight=         0.00000



TFNAN=     256   Average FNAN=  64.00000
TSNAN=       0   Average SNAN=   0.00000
<truncation> CpyCell= 3 ct_AN=   1 FNAN SNAN  64   0
<truncation> CpyCell= 3 ct_AN=   2 FNAN SNAN  64   0
<truncation> CpyCell= 3 ct_AN=   3 FNAN SNAN  64   0
<truncation> CpyCell= 3 ct_AN=   4 FNAN SNAN  64   0
<UCell_Box> Info. of cutoff energy and num. of grids
lattice vectors (bohr)
A  = 11.337702133525,  0.000000000000,  0.000000000000
B  =  0.000000000000, 11.281295655248,  0.000000000000
C  =  0.000000000000,  0.000000000000,  6.081931916162
reciprocal lattice vectors (bohr^-1)
RA =  0.554185074999,  0.000000000000,  0.000000000000
RB =  0.000000000000,  0.556956000374,  0.000000000000
RC =  0.000000000000,  0.000000000000,  1.033090372236
Required cutoff energy (Ryd) for 3D-grids = 200.0000
    Used cutoff energy (Ryd) for 3D-grids = 191.9507, 193.8750, 194.5110
Num. of grids of a-, b-, and c-axes = 50, 50, 27
Cell_Volume =    777.903236248648 (Bohr^3)
GridVol     =      0.011524492389 (Bohr^3)
Cell vectors (bohr) of the grid cell (gtv)
  gtv_a =  0.226754042670,  0.000000000000,  0.000000000000
  gtv_b =  0.000000000000,  0.225625913105,  0.000000000000
  gtv_c =  0.000000000000,  0.000000000000,  0.225256737636
  |gtv_a| =  0.226754042670
  |gtv_b| =  0.225625913105
  |gtv_c| =  0.225256737636
Num. of grids overlapping with atom    1 = 124636
Num. of grids overlapping with atom    2 = 124638
Num. of grids overlapping with atom    3 = 124541
Num. of grids overlapping with atom    4 = 124549

*******************************************************
             SCF calculation at MD =26                
*******************************************************

<MD=26>  Calculation of the overlap matrix
<MD=26>  Calculation of the nonlocal matrix
<MD=26>  Calculation of the VNA projector matrix

******************* MD=26  SCF= 1 *******************
<Restart>  Found restart files
<Poisson>  Poisson's equation using FFT...
<Band>  Solving the eigenvalue problem...
 KGrids1:  -0.45833  -0.37500  -0.29167  -0.20833  -0.12500  -0.04167   0.04167   0.12500   0.20833   0.29167   0.37500   0.45833 
 KGrids2:  -0.45833  -0.37500  -0.29167  -0.20833  -0.12500  -0.04167   0.04167   0.12500   0.20833   0.29167   0.37500   0.45833 
 KGrids3:  -0.47500  -0.42500  -0.37500  -0.32500  -0.27500  -0.22500  -0.17500  -0.12500  -0.07500  -0.02500   0.02500   0.07500   0.12500   0.17500   0.22500   0.27500   0.32500   0.37500   0.42500   0.47500 
<Band_DFT>  Eigen, time=0.741185
<Band_DFT>  DM, time=1.928785
    1   Sn  MulP   6.9999  6.9999 sum  13.9997
    2   Sn  MulP   7.0003  7.0003 sum  14.0006
    3   Sn  MulP   6.9999  6.9999 sum  13.9999
    4   Sn  MulP   6.9999  6.9999 sum  13.9998
 Sum of MulP: up   =    28.00000 down          =    28.00000
              total=    56.00000 ideal(neutral)=    56.00000
<DFT>  Total Spin Moment (muB) =  0.000000000000
<DFT>  Mixing_weight= 0.400000000000
<DFT>  Uele   =  -42.202203035703  dUele     =   1.000000000000
<DFT>  NormRD =    1.000000000000  Criterion =   0.000000100000

******************* MD=26  SCF= 2 *******************
<Poisson>  Poisson's equation using FFT...
<Set_Hamiltonian>  Hamiltonian matrix for VNA+dVH+Vxc...
<Band>  Solving the eigenvalue problem...
 KGrids1:  -0.45833  -0.37500  -0.29167  -0.20833  -0.12500  -0.04167   0.04167   0.12500   0.20833   0.29167   0.37500   0.45833 
 KGrids2:  -0.45833  -0.37500  -0.29167  -0.20833  -0.12500  -0.04167   0.04167   0.12500   0.20833   0.29167   0.37500   0.45833 
 KGrids3:  -0.47500  -0.42500  -0.37500  -0.32500  -0.27500  -0.22500  -0.17500  -0.12500  -0.07500  -0.02500   0.02500   0.07500   0.12500   0.17500   0.22500   0.27500   0.32500   0.37500   0.42500   0.47500 
<Band_DFT>  Eigen, time=0.744848
<Band_DFT>  DM, time=2.034392
    1   Sn  MulP   6.9999  6.9999 sum  13.9997
    2   Sn  MulP   7.0003  7.0003 sum  14.0006
    3   Sn  MulP   6.9999  6.9999 sum  13.9999
    4   Sn  MulP   6.9999  6.9999 sum  13.9998
 Sum of MulP: up   =    28.00000 down          =    28.00000
              total=    56.00000 ideal(neutral)=    56.00000
<DFT>  Total Spin Moment (muB) =  0.000000000000
<DFT>  Mixing_weight= 0.400000000000
<DFT>  Uele   =  -42.202202800594  dUele     =   0.000000235109
<DFT>  NormRD =    0.000073322466  Criterion =   0.000000100000

******************* MD=26  SCF= 3 *******************
<Poisson>  Poisson's equation using FFT...
<Set_Hamiltonian>  Hamiltonian matrix for VNA+dVH+Vxc...
<Band>  Solving the eigenvalue problem...
 KGrids1:  -0.45833  -0.37500  -0.29167  -0.20833  -0.12500  -0.04167   0.04167   0.12500   0.20833   0.29167   0.37500   0.45833 
 KGrids2:  -0.45833  -0.37500  -0.29167  -0.20833  -0.12500  -0.04167   0.04167   0.12500   0.20833   0.29167   0.37500   0.45833 
 KGrids3:  -0.47500  -0.42500  -0.37500  -0.32500  -0.27500  -0.22500  -0.17500  -0.12500  -0.07500  -0.02500   0.02500   0.07500   0.12500   0.17500   0.22500   0.27500   0.32500   0.37500   0.42500   0.47500 
<Band_DFT>  Eigen, time=0.741420
<Band_DFT>  DM, time=1.775620
    1   Sn  MulP   6.9999  6.9999 sum  13.9997
    2   Sn  MulP   7.0003  7.0003 sum  14.0006
    3   Sn  MulP   6.9999  6.9999 sum  13.9999
    4   Sn  MulP   6.9999  6.9999 sum  13.9998
 Sum of MulP: up   =    28.00000 down          =    28.00000
              total=    56.00000 ideal(neutral)=    56.00000
<DFT>  Total Spin Moment (muB) =  0.000000000000
<DFT>  Mixing_weight= 0.040000000000
<DFT>  Uele   =  -42.202202672760  dUele     =   0.000000127833
<DFT>  NormRD =    0.000049541866  Criterion =   0.000000100000

******************* MD=26  SCF= 4 *******************
<Poisson>  Poisson's equation using FFT...
<Set_Hamiltonian>  Hamiltonian matrix for VNA+dVH+Vxc...
<Band>  Solving the eigenvalue problem...
 KGrids1:  -0.45833  -0.37500  -0.29167  -0.20833  -0.12500  -0.04167   0.04167   0.12500   0.20833   0.29167   0.37500   0.45833 
 KGrids2:  -0.45833  -0.37500  -0.29167  -0.20833  -0.12500  -0.04167   0.04167   0.12500   0.20833   0.29167   0.37500   0.45833 
 KGrids3:  -0.47500  -0.42500  -0.37500  -0.32500  -0.27500  -0.22500  -0.17500  -0.12500  -0.07500  -0.02500   0.02500   0.07500   0.12500   0.17500   0.22500   0.27500   0.32500   0.37500   0.42500   0.47500 
<Band_DFT>  Eigen, time=0.742137
<Band_DFT>  DM, time=2.036155
    1   Sn  MulP   6.9999  6.9999 sum  13.9997
    2   Sn  MulP   7.0003  7.0003 sum  14.0006
    3   Sn  MulP   6.9999  6.9999 sum  13.9999
    4   Sn  MulP   6.9999  6.9999 sum  13.9998
 Sum of MulP: up   =    28.00000 down          =    28.00000
              total=    56.00000 ideal(neutral)=    56.00000
<DFT>  Total Spin Moment (muB) =  0.000000000000
<DFT>  Mixing_weight= 0.040000000000
<DFT>  Uele   =  -42.202202632360  dUele     =   0.000000040400
<DFT>  NormRD =    0.000004752538  Criterion =   0.000000100000
<MD=26>  Force calculation
  Force calculation #1
  Force calculation #2
  Force calculation #3
  Force calculation #4
  Force calculation #5
  Stress calculation #1
  Stress calculation #2
  Stress calculation #3
  Stress calculation #4
  Stress calculation #5
<MD=26>  Total Energy
  Force calculation #6
  Force calculation #7

*******************************************************
                  Dipole moment (Debye)                 
*******************************************************

 Absolute D      522.16293461

                      Dx                Dy                Dz
 Total           -363.75629961     -362.14106611      -95.86100881
 Core             403.44338189      401.43881338      321.53189483
 Electron        -767.19968151     -763.57987949     -417.39290364
 Back ground       -0.00000000       -0.00000000       -0.00000000

*******************************************************
               Stress tensor (Hartree/bohr^3)            
*******************************************************

       0.00001103        0.00000000       -0.00000001 
       0.00000000        0.00000595       -0.00000000 
      -0.00000001       -0.00000000        0.00000608 

*******************************************************
                Total Energy (Hartree) at MD =26        
*******************************************************

  Uele  =     -42.202202632360

  Ukin  =     203.434274174995
  UH0   =   -2699.768074488587
  UH1   =       0.004870433948
  Una   =    -149.407460494445
  Unl   =     -47.918469044737
  Uxc0  =     -25.234638920523
  Uxc1  =     -25.234638920523
  Ucore =    2459.966798715772
  Uhub  =       0.000000000000
  Ucs   =       0.000000000000
  Uzs   =       0.000000000000
  Uzo   =       0.000000000000
  Uef   =       0.000000000000
  UvdW  =       0.000000000000
  Uch   =       0.000000000000
  Utot  =    -284.157338544101

  UpV   =       0.000000000000
  Enpy  =    -284.157338544101
  Note:

  Uele:   band energy
  Ukin:   kinetic energy
  UH0:    electric part of screened Coulomb energy
  UH1:    difference electron-electron Coulomb energy
  Una:    neutral atom potential energy
  Unl:    non-local potential energy
  Uxc0:   exchange-correlation energy for alpha spin
  Uxc1:   exchange-correlation energy for beta spin
  Ucore:  core-core Coulomb energy
  Uhub:   LDA+U energy
  Ucs:    constraint energy for spin orientation
  Uzs:    Zeeman term for spin magnetic moment
  Uzo:    Zeeman term for orbital magnetic moment
  Uef:    electric energy by electric field
  UvdW:   semi-empirical vdW energy 
  Uch:    penalty term to create a core hole
  UpV:    pressure times volume
  Enpy:   Enthalpy = Utot + UpV
  (see also PRB 72, 045121(2005) for the energy contributions)


*******************************************************
           Computational times (s) at MD =26            
*******************************************************

  DFT in total      =   21.53240

  Set_OLP_Kin       =    0.69908
  Set_Nonlocal      =    1.46063
  Set_ProExpn_VNA   =    3.18566
  Set_Hamiltonian   =    0.94783
  Poisson           =    0.00061
  diagonalization   =   10.99928
  Mixing_DM         =    0.00317
  Force             =    1.83029
  Total_Energy      =    0.29353
  Set_Aden_Grid     =    0.00714
  Set_Orbitals_Grid =    0.13378
  Set_Density_Grid  =    0.37850
  RestartFileDFT    =    0.00292
  Mulliken_Charge   =    0.00081
  FFT(2D)_Density   =    0.00131

The SCF was achieved at MD=  26

*******************************************************
             MD or geometry opt. at MD =26              
*******************************************************

<BFGS>  |Maximum force| (Hartree/Bohr) = 0.000170148534
<BFGS>  Criterion       (Hartree/Bohr) = 0.000100000000

     atom=   1, XYZ(ang) Fxyz(a.u.)=  -0.0000   -0.0000   -0.0135    -0.0000   -0.0000   -0.0001
     atom=   2, XYZ(ang) Fxyz(a.u.)=   2.9998    2.9849    1.5728    -0.0000   -0.0000    0.0002
     atom=   3, XYZ(ang) Fxyz(a.u.)=  -0.0000    2.9849    0.8316     0.0000    0.0000    0.0001
     atom=   4, XYZ(ang) Fxyz(a.u.)=   2.9998   -0.0000    2.3901     0.0000   -0.0000    0.0000

*******************************************************
        Analysis of neighbors and setting of grids        
*******************************************************


*******************************************************
  Allocation of atoms to processors at MD_iter=   27     
*******************************************************

 proc =   0  # of atoms=   1  estimated weight=         1.00000
 proc =   1  # of atoms=   1  estimated weight=         1.00000
 proc =   2  # of atoms=   1  estimated weight=         1.00000
 proc =   3  # of atoms=   1  estimated weight=         1.00000
 proc =   4  # of atoms=   0  estimated weight=         0.00000
 proc =   5  # of atoms=   0  estimated weight=         0.00000
 proc =   6  # of atoms=   0  estimated weight=         0.00000
 proc =   7  # of atoms=   0  estimated weight=         0.00000
 proc =   8  # of atoms=   0  estimated weight=         0.00000
 proc =   9  # of atoms=   0  estimated weight=         0.00000
 proc =  10  # of atoms=   0  estimated weight=         0.00000
 proc =  11  # of atoms=   0  estimated weight=         0.00000
 proc =  12  # of atoms=   0  estimated weight=         0.00000
 proc =  13  # of atoms=   0  estimated weight=         0.00000
 proc =  14  # of atoms=   0  estimated weight=         0.00000
 proc =  15  # of atoms=   0  estimated weight=         0.00000



TFNAN=     256   Average FNAN=  64.00000
TSNAN=       0   Average SNAN=   0.00000
<truncation> CpyCell= 3 ct_AN=   1 FNAN SNAN  64   0
<truncation> CpyCell= 3 ct_AN=   2 FNAN SNAN  64   0
<truncation> CpyCell= 3 ct_AN=   3 FNAN SNAN  64   0
<truncation> CpyCell= 3 ct_AN=   4 FNAN SNAN  64   0
<UCell_Box> Info. of cutoff energy and num. of grids
lattice vectors (bohr)
A  = 11.337702133525,  0.000000000000,  0.000000000000
B  =  0.000000000000, 11.281295655248,  0.000000000000
C  =  0.000000000000,  0.000000000000,  6.081931916162
reciprocal lattice vectors (bohr^-1)
RA =  0.554185074999,  0.000000000000,  0.000000000000
RB =  0.000000000000,  0.556956000374,  0.000000000000
RC =  0.000000000000,  0.000000000000,  1.033090372236
Required cutoff energy (Ryd) for 3D-grids = 200.0000
    Used cutoff energy (Ryd) for 3D-grids = 191.9507, 193.8750, 194.5110
Num. of grids of a-, b-, and c-axes = 50, 50, 27
Cell_Volume =    777.903236248648 (Bohr^3)
GridVol     =      0.011524492389 (Bohr^3)
Cell vectors (bohr) of the grid cell (gtv)
  gtv_a =  0.226754042670,  0.000000000000,  0.000000000000
  gtv_b =  0.000000000000,  0.225625913105,  0.000000000000
  gtv_c =  0.000000000000,  0.000000000000,  0.225256737636
  |gtv_a| =  0.226754042670
  |gtv_b| =  0.225625913105
  |gtv_c| =  0.225256737636
Num. of grids overlapping with atom    1 = 124636
Num. of grids overlapping with atom    2 = 124640
Num. of grids overlapping with atom    3 = 124521
Num. of grids overlapping with atom    4 = 124545

*******************************************************
             SCF calculation at MD =27                
*******************************************************

<MD=27>  Calculation of the overlap matrix
<MD=27>  Calculation of the nonlocal matrix
<MD=27>  Calculation of the VNA projector matrix

******************* MD=27  SCF= 1 *******************
<Restart>  Found restart files
<Poisson>  Poisson's equation using FFT...
<Band>  Solving the eigenvalue problem...
 KGrids1:  -0.45833  -0.37500  -0.29167  -0.20833  -0.12500  -0.04167   0.04167   0.12500   0.20833   0.29167   0.37500   0.45833 
 KGrids2:  -0.45833  -0.37500  -0.29167  -0.20833  -0.12500  -0.04167   0.04167   0.12500   0.20833   0.29167   0.37500   0.45833 
 KGrids3:  -0.47500  -0.42500  -0.37500  -0.32500  -0.27500  -0.22500  -0.17500  -0.12500  -0.07500  -0.02500   0.02500   0.07500   0.12500   0.17500   0.22500   0.27500   0.32500   0.37500   0.42500   0.47500 
<Band_DFT>  Eigen, time=0.735920
<Band_DFT>  DM, time=2.033066
    1   Sn  MulP   6.9999  6.9999 sum  13.9997
    2   Sn  MulP   7.0003  7.0003 sum  14.0006
    3   Sn  MulP   6.9999  6.9999 sum  13.9999
    4   Sn  MulP   6.9999  6.9999 sum  13.9998
 Sum of MulP: up   =    28.00000 down          =    28.00000
              total=    56.00000 ideal(neutral)=    56.00000
<DFT>  Total Spin Moment (muB) =  0.000000000000
<DFT>  Mixing_weight= 0.400000000000
<DFT>  Uele   =  -42.202212473169  dUele     =   1.000000000000
<DFT>  NormRD =    1.000000000000  Criterion =   0.000000100000

******************* MD=27  SCF= 2 *******************
<Poisson>  Poisson's equation using FFT...
<Set_Hamiltonian>  Hamiltonian matrix for VNA+dVH+Vxc...
<Band>  Solving the eigenvalue problem...
 KGrids1:  -0.45833  -0.37500  -0.29167  -0.20833  -0.12500  -0.04167   0.04167   0.12500   0.20833   0.29167   0.37500   0.45833 
 KGrids2:  -0.45833  -0.37500  -0.29167  -0.20833  -0.12500  -0.04167   0.04167   0.12500   0.20833   0.29167   0.37500   0.45833 
 KGrids3:  -0.47500  -0.42500  -0.37500  -0.32500  -0.27500  -0.22500  -0.17500  -0.12500  -0.07500  -0.02500   0.02500   0.07500   0.12500   0.17500   0.22500   0.27500   0.32500   0.37500   0.42500   0.47500 
<Band_DFT>  Eigen, time=0.735247
<Band_DFT>  DM, time=1.808843
    1   Sn  MulP   6.9999  6.9999 sum  13.9997
    2   Sn  MulP   7.0003  7.0003 sum  14.0006
    3   Sn  MulP   6.9999  6.9999 sum  13.9999
    4   Sn  MulP   6.9999  6.9999 sum  13.9998
 Sum of MulP: up   =    28.00000 down          =    28.00000
              total=    56.00000 ideal(neutral)=    56.00000
<DFT>  Total Spin Moment (muB) =  0.000000000000
<DFT>  Mixing_weight= 0.400000000000
<DFT>  Uele   =  -42.202210264345  dUele     =   0.000002208824
<DFT>  NormRD =    0.000031889089  Criterion =   0.000000100000

******************* MD=27  SCF= 3 *******************
<Poisson>  Poisson's equation using FFT...
<Set_Hamiltonian>  Hamiltonian matrix for VNA+dVH+Vxc...
<Band>  Solving the eigenvalue problem...
 KGrids1:  -0.45833  -0.37500  -0.29167  -0.20833  -0.12500  -0.04167   0.04167   0.12500   0.20833   0.29167   0.37500   0.45833 
 KGrids2:  -0.45833  -0.37500  -0.29167  -0.20833  -0.12500  -0.04167   0.04167   0.12500   0.20833   0.29167   0.37500   0.45833 
 KGrids3:  -0.47500  -0.42500  -0.37500  -0.32500  -0.27500  -0.22500  -0.17500  -0.12500  -0.07500  -0.02500   0.02500   0.07500   0.12500   0.17500   0.22500   0.27500   0.32500   0.37500   0.42500   0.47500 
<Band_DFT>  Eigen, time=0.633688
<Band_DFT>  DM, time=1.941125
    1   Sn  MulP   6.9999  6.9999 sum  13.9997
    2   Sn  MulP   7.0003  7.0003 sum  14.0006
    3   Sn  MulP   6.9999  6.9999 sum  13.9999
    4   Sn  MulP   6.9999  6.9999 sum  13.9998
 Sum of MulP: up   =    28.00000 down          =    28.00000
              total=    56.00000 ideal(neutral)=    56.00000
<DFT>  Total Spin Moment (muB) =  0.000000000000
<DFT>  Mixing_weight= 0.040000000000
<DFT>  Uele   =  -42.202208800077  dUele     =   0.000001464268
<DFT>  NormRD =    0.000021609095  Criterion =   0.000000100000

******************* MD=27  SCF= 4 *******************
<Poisson>  Poisson's equation using FFT...
<Set_Hamiltonian>  Hamiltonian matrix for VNA+dVH+Vxc...
<Band>  Solving the eigenvalue problem...
 KGrids1:  -0.45833  -0.37500  -0.29167  -0.20833  -0.12500  -0.04167   0.04167   0.12500   0.20833   0.29167   0.37500   0.45833 
 KGrids2:  -0.45833  -0.37500  -0.29167  -0.20833  -0.12500  -0.04167   0.04167   0.12500   0.20833   0.29167   0.37500   0.45833 
 KGrids3:  -0.47500  -0.42500  -0.37500  -0.32500  -0.27500  -0.22500  -0.17500  -0.12500  -0.07500  -0.02500   0.02500   0.07500   0.12500   0.17500   0.22500   0.27500   0.32500   0.37500   0.42500   0.47500 
<Band_DFT>  Eigen, time=0.775965
<Band_DFT>  DM, time=1.904910
    1   Sn  MulP   6.9999  6.9999 sum  13.9997
    2   Sn  MulP   7.0003  7.0003 sum  14.0006
    3   Sn  MulP   6.9999  6.9999 sum  13.9999
    4   Sn  MulP   6.9999  6.9999 sum  13.9998
 Sum of MulP: up   =    28.00000 down          =    28.00000
              total=    56.00000 ideal(neutral)=    56.00000
<DFT>  Total Spin Moment (muB) =  0.000000000000
<DFT>  Mixing_weight= 0.040000000000
<DFT>  Uele   =  -42.202205136824  dUele     =   0.000003663252
<DFT>  NormRD =    0.000002099412  Criterion =   0.000000100000

******************* MD=27  SCF= 5 *******************
<Poisson>  Poisson's equation using FFT...
<Set_Hamiltonian>  Hamiltonian matrix for VNA+dVH+Vxc...
<Band>  Solving the eigenvalue problem...
 KGrids1:  -0.45833  -0.37500  -0.29167  -0.20833  -0.12500  -0.04167   0.04167   0.12500   0.20833   0.29167   0.37500   0.45833 
 KGrids2:  -0.45833  -0.37500  -0.29167  -0.20833  -0.12500  -0.04167   0.04167   0.12500   0.20833   0.29167   0.37500   0.45833 
 KGrids3:  -0.47500  -0.42500  -0.37500  -0.32500  -0.27500  -0.22500  -0.17500  -0.12500  -0.07500  -0.02500   0.02500   0.07500   0.12500   0.17500   0.22500   0.27500   0.32500   0.37500   0.42500   0.47500 
<Band_DFT>  Eigen, time=0.791586
<Band_DFT>  DM, time=1.942071
    1   Sn  MulP   6.9999  6.9999 sum  13.9997
    2   Sn  MulP   7.0003  7.0003 sum  14.0006
    3   Sn  MulP   6.9999  6.9999 sum  13.9999
    4   Sn  MulP   6.9999  6.9999 sum  13.9998
 Sum of MulP: up   =    28.00000 down          =    28.00000
              total=    56.00000 ideal(neutral)=    56.00000
<DFT>  Total Spin Moment (muB) =  0.000000000000
<DFT>  Mixing_weight= 0.040000000000
<DFT>  Uele   =  -42.202205757920  dUele     =   0.000000621096
<DFT>  NormRD =    0.000002646712  Criterion =   0.000000100000

******************* MD=27  SCF= 6 *******************
<Poisson>  Poisson's equation using FFT...
<Set_Hamiltonian>  Hamiltonian matrix for VNA+dVH+Vxc...
<Band>  Solving the eigenvalue problem...
 KGrids1:  -0.45833  -0.37500  -0.29167  -0.20833  -0.12500  -0.04167   0.04167   0.12500   0.20833   0.29167   0.37500   0.45833 
 KGrids2:  -0.45833  -0.37500  -0.29167  -0.20833  -0.12500  -0.04167   0.04167   0.12500   0.20833   0.29167   0.37500   0.45833 
 KGrids3:  -0.47500  -0.42500  -0.37500  -0.32500  -0.27500  -0.22500  -0.17500  -0.12500  -0.07500  -0.02500   0.02500   0.07500   0.12500   0.17500   0.22500   0.27500   0.32500   0.37500   0.42500   0.47500 
<Band_DFT>  Eigen, time=0.728452
<Band_DFT>  DM, time=1.991072
    1   Sn  MulP   6.9999  6.9999 sum  13.9997
    2   Sn  MulP   7.0003  7.0003 sum  14.0006
    3   Sn  MulP   6.9999  6.9999 sum  13.9999
    4   Sn  MulP   6.9999  6.9999 sum  13.9998
 Sum of MulP: up   =    28.00000 down          =    28.00000
              total=    56.00000 ideal(neutral)=    56.00000
<DFT>  Total Spin Moment (muB) =  0.000000000000
<DFT>  Mixing_weight= 0.040000000000
<DFT>  Uele   =  -42.202205743057  dUele     =   0.000000014863
<DFT>  NormRD =    0.000000917287  Criterion =   0.000000100000
<MD=27>  Force calculation
  Force calculation #1
  Force calculation #2
  Force calculation #3
  Force calculation #4
  Force calculation #5
  Stress calculation #1
  Stress calculation #2
  Stress calculation #3
  Stress calculation #4
  Stress calculation #5
<MD=27>  Total Energy
  Force calculation #6
  Force calculation #7

*******************************************************
                  Dipole moment (Debye)                 
*******************************************************

 Absolute D      522.16802566

                      Dx                Dy                Dz
 Total           -363.75662832     -362.14119948      -95.88698561
 Core             403.44249240      401.43878730      321.49939481
 Electron        -767.19912072     -763.57998678     -417.38638043
 Back ground       -0.00000000       -0.00000000       -0.00000000

*******************************************************
               Stress tensor (Hartree/bohr^3)            
*******************************************************

       0.00001113        0.00000000       -0.00000001 
       0.00000000        0.00000584        0.00000000 
      -0.00000001        0.00000000        0.00000611 

*******************************************************
                Total Energy (Hartree) at MD =27        
*******************************************************

  Uele  =     -42.202205743057

  Ukin  =     203.434258830962
  UH0   =   -2699.768563438274
  UH1   =       0.004870478820
  Una   =    -149.407457647422
  Unl   =     -47.918459434439
  Uxc0  =     -25.234638536377
  Uxc1  =     -25.234638536377
  Ucore =    2459.967289972393
  Uhub  =       0.000000000000
  Ucs   =       0.000000000000
  Uzs   =       0.000000000000
  Uzo   =       0.000000000000
  Uef   =       0.000000000000
  UvdW  =       0.000000000000
  Uch   =       0.000000000000
  Utot  =    -284.157338310713

  UpV   =       0.000000000000
  Enpy  =    -284.157338310713
  Note:

  Uele:   band energy
  Ukin:   kinetic energy
  UH0:    electric part of screened Coulomb energy
  UH1:    difference electron-electron Coulomb energy
  Una:    neutral atom potential energy
  Unl:    non-local potential energy
  Uxc0:   exchange-correlation energy for alpha spin
  Uxc1:   exchange-correlation energy for beta spin
  Ucore:  core-core Coulomb energy
  Uhub:   LDA+U energy
  Ucs:    constraint energy for spin orientation
  Uzs:    Zeeman term for spin magnetic moment
  Uzo:    Zeeman term for orbital magnetic moment
  Uef:    electric energy by electric field
  UvdW:   semi-empirical vdW energy 
  Uch:    penalty term to create a core hole
  UpV:    pressure times volume
  Enpy:   Enthalpy = Utot + UpV
  (see also PRB 72, 045121(2005) for the energy contributions)


*******************************************************
           Computational times (s) at MD =27            
*******************************************************

  DFT in total      =   26.78978

  Set_OLP_Kin       =    0.69973
  Set_Nonlocal      =    0.93784
  Set_ProExpn_VNA   =    2.50969
  Set_Hamiltonian   =    1.26273
  Poisson           =    0.00100
  diagonalization   =   16.34974
  Mixing_DM         =    0.00473
  Force             =    2.05006
  Total_Energy      =    0.46055
  Set_Aden_Grid     =    0.00708
  Set_Orbitals_Grid =    0.10067
  Set_Density_Grid  =    0.50783
  RestartFileDFT    =    0.00292
  Mulliken_Charge   =    0.00099
  FFT(2D)_Density   =    0.00183

The SCF was achieved at MD=  27

*******************************************************
             MD or geometry opt. at MD =27              
*******************************************************

<BFGS>  |Maximum force| (Hartree/Bohr) = 0.000206840745
<BFGS>  Criterion       (Hartree/Bohr) = 0.000100000000

     atom=   1, XYZ(ang) Fxyz(a.u.)=  -0.0000   -0.0000   -0.0132    -0.0000   -0.0000   -0.0001
     atom=   2, XYZ(ang) Fxyz(a.u.)=   2.9998    2.9849    1.5716    -0.0000   -0.0000    0.0002
     atom=   3, XYZ(ang) Fxyz(a.u.)=  -0.0000    2.9849    0.8342     0.0000   -0.0000    0.0001
     atom=   4, XYZ(ang) Fxyz(a.u.)=   2.9998    0.0000    2.3901     0.0000   -0.0000   -0.0000

*******************************************************
        Analysis of neighbors and setting of grids        
*******************************************************


*******************************************************
  Allocation of atoms to processors at MD_iter=   28     
*******************************************************

 proc =   0  # of atoms=   1  estimated weight=         1.00000
 proc =   1  # of atoms=   1  estimated weight=         1.00000
 proc =   2  # of atoms=   1  estimated weight=         1.00000
 proc =   3  # of atoms=   1  estimated weight=         1.00000
 proc =   4  # of atoms=   0  estimated weight=         0.00000
 proc =   5  # of atoms=   0  estimated weight=         0.00000
 proc =   6  # of atoms=   0  estimated weight=         0.00000
 proc =   7  # of atoms=   0  estimated weight=         0.00000
 proc =   8  # of atoms=   0  estimated weight=         0.00000
 proc =   9  # of atoms=   0  estimated weight=         0.00000
 proc =  10  # of atoms=   0  estimated weight=         0.00000
 proc =  11  # of atoms=   0  estimated weight=         0.00000
 proc =  12  # of atoms=   0  estimated weight=         0.00000
 proc =  13  # of atoms=   0  estimated weight=         0.00000
 proc =  14  # of atoms=   0  estimated weight=         0.00000
 proc =  15  # of atoms=   0  estimated weight=         0.00000



TFNAN=     256   Average FNAN=  64.00000
TSNAN=       0   Average SNAN=   0.00000
<truncation> CpyCell= 3 ct_AN=   1 FNAN SNAN  64   0
<truncation> CpyCell= 3 ct_AN=   2 FNAN SNAN  64   0
<truncation> CpyCell= 3 ct_AN=   3 FNAN SNAN  64   0
<truncation> CpyCell= 3 ct_AN=   4 FNAN SNAN  64   0
<UCell_Box> Info. of cutoff energy and num. of grids
lattice vectors (bohr)
A  = 11.337702133525,  0.000000000000,  0.000000000000
B  =  0.000000000000, 11.281295655248,  0.000000000000
C  =  0.000000000000,  0.000000000000,  6.081931916162
reciprocal lattice vectors (bohr^-1)
RA =  0.554185074999,  0.000000000000,  0.000000000000
RB =  0.000000000000,  0.556956000374,  0.000000000000
RC =  0.000000000000,  0.000000000000,  1.033090372236
Required cutoff energy (Ryd) for 3D-grids = 200.0000
    Used cutoff energy (Ryd) for 3D-grids = 191.9507, 193.8750, 194.5110
Num. of grids of a-, b-, and c-axes = 50, 50, 27
Cell_Volume =    777.903236248648 (Bohr^3)
GridVol     =      0.011524492389 (Bohr^3)
Cell vectors (bohr) of the grid cell (gtv)
  gtv_a =  0.226754042670,  0.000000000000,  0.000000000000
  gtv_b =  0.000000000000,  0.225625913105,  0.000000000000
  gtv_c =  0.000000000000,  0.000000000000,  0.225256737636
  |gtv_a| =  0.226754042670
  |gtv_b| =  0.225625913105
  |gtv_c| =  0.225256737636
Num. of grids overlapping with atom    1 = 124632
Num. of grids overlapping with atom    2 = 124668
Num. of grids overlapping with atom    3 = 124513
Num. of grids overlapping with atom    4 = 124549

*******************************************************
             SCF calculation at MD =28                
*******************************************************

<MD=28>  Calculation of the overlap matrix
<MD=28>  Calculation of the nonlocal matrix
<MD=28>  Calculation of the VNA projector matrix

******************* MD=28  SCF= 1 *******************
<Restart>  Found restart files
<Poisson>  Poisson's equation using FFT...
<Band>  Solving the eigenvalue problem...
 KGrids1:  -0.45833  -0.37500  -0.29167  -0.20833  -0.12500  -0.04167   0.04167   0.12500   0.20833   0.29167   0.37500   0.45833 
 KGrids2:  -0.45833  -0.37500  -0.29167  -0.20833  -0.12500  -0.04167   0.04167   0.12500   0.20833   0.29167   0.37500   0.45833 
 KGrids3:  -0.47500  -0.42500  -0.37500  -0.32500  -0.27500  -0.22500  -0.17500  -0.12500  -0.07500  -0.02500   0.02500   0.07500   0.12500   0.17500   0.22500   0.27500   0.32500   0.37500   0.42500   0.47500 
<Band_DFT>  Eigen, time=0.741480
<Band_DFT>  DM, time=2.040445
    1   Sn  MulP   6.9998  6.9998 sum  13.9997
    2   Sn  MulP   7.0003  7.0003 sum  14.0007
    3   Sn  MulP   6.9999  6.9999 sum  13.9999
    4   Sn  MulP   6.9999  6.9999 sum  13.9998
 Sum of MulP: up   =    28.00000 down          =    28.00000
              total=    56.00000 ideal(neutral)=    56.00000
<DFT>  Total Spin Moment (muB) =  0.000000000000
<DFT>  Mixing_weight= 0.400000000000
<DFT>  Uele   =  -42.202183792756  dUele     =   1.000000000000
<DFT>  NormRD =    1.000000000000  Criterion =   0.000000100000

******************* MD=28  SCF= 2 *******************
<Poisson>  Poisson's equation using FFT...
<Set_Hamiltonian>  Hamiltonian matrix for VNA+dVH+Vxc...
<Band>  Solving the eigenvalue problem...
 KGrids1:  -0.45833  -0.37500  -0.29167  -0.20833  -0.12500  -0.04167   0.04167   0.12500   0.20833   0.29167   0.37500   0.45833 
 KGrids2:  -0.45833  -0.37500  -0.29167  -0.20833  -0.12500  -0.04167   0.04167   0.12500   0.20833   0.29167   0.37500   0.45833 
 KGrids3:  -0.47500  -0.42500  -0.37500  -0.32500  -0.27500  -0.22500  -0.17500  -0.12500  -0.07500  -0.02500   0.02500   0.07500   0.12500   0.17500   0.22500   0.27500   0.32500   0.37500   0.42500   0.47500 
<Band_DFT>  Eigen, time=0.745991
<Band_DFT>  DM, time=2.047316
    1   Sn  MulP   6.9998  6.9998 sum  13.9997
    2   Sn  MulP   7.0003  7.0003 sum  14.0007
    3   Sn  MulP   6.9999  6.9999 sum  13.9999
    4   Sn  MulP   6.9999  6.9999 sum  13.9998
 Sum of MulP: up   =    28.00000 down          =    28.00000
              total=    56.00000 ideal(neutral)=    56.00000
<DFT>  Total Spin Moment (muB) =  0.000000000000
<DFT>  Mixing_weight= 0.400000000000
<DFT>  Uele   =  -42.202186908732  dUele     =   0.000003115976
<DFT>  NormRD =    0.000053576251  Criterion =   0.000000100000

******************* MD=28  SCF= 3 *******************
<Poisson>  Poisson's equation using FFT...
<Set_Hamiltonian>  Hamiltonian matrix for VNA+dVH+Vxc...
<Band>  Solving the eigenvalue problem...
 KGrids1:  -0.45833  -0.37500  -0.29167  -0.20833  -0.12500  -0.04167   0.04167   0.12500   0.20833   0.29167   0.37500   0.45833 
 KGrids2:  -0.45833  -0.37500  -0.29167  -0.20833  -0.12500  -0.04167   0.04167   0.12500   0.20833   0.29167   0.37500   0.45833 
 KGrids3:  -0.47500  -0.42500  -0.37500  -0.32500  -0.27500  -0.22500  -0.17500  -0.12500  -0.07500  -0.02500   0.02500   0.07500   0.12500   0.17500   0.22500   0.27500   0.32500   0.37500   0.42500   0.47500 
<Band_DFT>  Eigen, time=0.742392
<Band_DFT>  DM, time=2.041185
    1   Sn  MulP   6.9998  6.9998 sum  13.9997
    2   Sn  MulP   7.0003  7.0003 sum  14.0007
    3   Sn  MulP   6.9999  6.9999 sum  13.9999
    4   Sn  MulP   6.9999  6.9999 sum  13.9998
 Sum of MulP: up   =    28.00000 down          =    28.00000
              total=    56.00000 ideal(neutral)=    56.00000
<DFT>  Total Spin Moment (muB) =  0.000000000000
<DFT>  Mixing_weight= 0.040000000000
<DFT>  Uele   =  -42.202188978357  dUele     =   0.000002069625
<DFT>  NormRD =    0.000036154216  Criterion =   0.000000100000

******************* MD=28  SCF= 4 *******************
<Poisson>  Poisson's equation using FFT...
<Set_Hamiltonian>  Hamiltonian matrix for VNA+dVH+Vxc...
<Band>  Solving the eigenvalue problem...
 KGrids1:  -0.45833  -0.37500  -0.29167  -0.20833  -0.12500  -0.04167   0.04167   0.12500   0.20833   0.29167   0.37500   0.45833 
 KGrids2:  -0.45833  -0.37500  -0.29167  -0.20833  -0.12500  -0.04167   0.04167   0.12500   0.20833   0.29167   0.37500   0.45833 
 KGrids3:  -0.47500  -0.42500  -0.37500  -0.32500  -0.27500  -0.22500  -0.17500  -0.12500  -0.07500  -0.02500   0.02500   0.07500   0.12500   0.17500   0.22500   0.27500   0.32500   0.37500   0.42500   0.47500 
<Band_DFT>  Eigen, time=0.744911
<Band_DFT>  DM, time=2.041354
    1   Sn  MulP   6.9998  6.9998 sum  13.9997
    2   Sn  MulP   7.0003  7.0003 sum  14.0007
    3   Sn  MulP   6.9999  6.9999 sum  13.9999
    4   Sn  MulP   6.9999  6.9999 sum  13.9998
 Sum of MulP: up   =    28.00000 down          =    28.00000
              total=    56.00000 ideal(neutral)=    56.00000
<DFT>  Total Spin Moment (muB) =  0.000000000000
<DFT>  Mixing_weight= 0.040000000000
<DFT>  Uele   =  -42.202194198447  dUele     =   0.000005220090
<DFT>  NormRD =    0.000004647082  Criterion =   0.000000100000

******************* MD=28  SCF= 5 *******************
<Poisson>  Poisson's equation using FFT...
<Set_Hamiltonian>  Hamiltonian matrix for VNA+dVH+Vxc...
<Band>  Solving the eigenvalue problem...
 KGrids1:  -0.45833  -0.37500  -0.29167  -0.20833  -0.12500  -0.04167   0.04167   0.12500   0.20833   0.29167   0.37500   0.45833 
 KGrids2:  -0.45833  -0.37500  -0.29167  -0.20833  -0.12500  -0.04167   0.04167   0.12500   0.20833   0.29167   0.37500   0.45833 
 KGrids3:  -0.47500  -0.42500  -0.37500  -0.32500  -0.27500  -0.22500  -0.17500  -0.12500  -0.07500  -0.02500   0.02500   0.07500   0.12500   0.17500   0.22500   0.27500   0.32500   0.37500   0.42500   0.47500 
<Band_DFT>  Eigen, time=0.739969
<Band_DFT>  DM, time=2.041116
    1   Sn  MulP   6.9998  6.9998 sum  13.9997
    2   Sn  MulP   7.0003  7.0003 sum  14.0007
    3   Sn  MulP   6.9999  6.9999 sum  13.9999
    4   Sn  MulP   6.9999  6.9999 sum  13.9998
 Sum of MulP: up   =    28.00000 down          =    28.00000
              total=    56.00000 ideal(neutral)=    56.00000
<DFT>  Total Spin Moment (muB) =  0.000000000000
<DFT>  Mixing_weight= 0.040000000000
<DFT>  Uele   =  -42.202193405789  dUele     =   0.000000792658
<DFT>  NormRD =    0.000007201431  Criterion =   0.000000100000

******************* MD=28  SCF= 6 *******************
<Poisson>  Poisson's equation using FFT...
<Set_Hamiltonian>  Hamiltonian matrix for VNA+dVH+Vxc...
<Band>  Solving the eigenvalue problem...
 KGrids1:  -0.45833  -0.37500  -0.29167  -0.20833  -0.12500  -0.04167   0.04167   0.12500   0.20833   0.29167   0.37500   0.45833 
 KGrids2:  -0.45833  -0.37500  -0.29167  -0.20833  -0.12500  -0.04167   0.04167   0.12500   0.20833   0.29167   0.37500   0.45833 
 KGrids3:  -0.47500  -0.42500  -0.37500  -0.32500  -0.27500  -0.22500  -0.17500  -0.12500  -0.07500  -0.02500   0.02500   0.07500   0.12500   0.17500   0.22500   0.27500   0.32500   0.37500   0.42500   0.47500 
<Band_DFT>  Eigen, time=0.742873
<Band_DFT>  DM, time=2.036359
    1   Sn  MulP   6.9998  6.9998 sum  13.9997
    2   Sn  MulP   7.0003  7.0003 sum  14.0007
    3   Sn  MulP   6.9999  6.9999 sum  13.9999
    4   Sn  MulP   6.9999  6.9999 sum  13.9998
 Sum of MulP: up   =    28.00000 down          =    28.00000
              total=    56.00000 ideal(neutral)=    56.00000
<DFT>  Total Spin Moment (muB) =  0.000000000000
<DFT>  Mixing_weight= 0.040000000000
<DFT>  Uele   =  -42.202193316831  dUele     =   0.000000088958
<DFT>  NormRD =    0.000000999129  Criterion =   0.000000100000
<MD=28>  Force calculation
  Force calculation #1
  Force calculation #2
  Force calculation #3
  Force calculation #4
  Force calculation #5
  Stress calculation #1
  Stress calculation #2
  Stress calculation #3
  Stress calculation #4
  Stress calculation #5
<MD=28>  Total Energy
  Force calculation #6
  Force calculation #7

*******************************************************
                  Dipole moment (Debye)                 
*******************************************************

 Absolute D      522.14686512

                      Dx                Dy                Dz
 Total           -363.75479163     -362.14070557      -95.78052875
 Core             403.44667105      401.43889012      321.61578626
 Electron        -767.20146268     -763.57959569     -417.39631500
 Back ground       -0.00000000       -0.00000000       -0.00000000

*******************************************************
               Stress tensor (Hartree/bohr^3)            
*******************************************************

       0.00001050        0.00000000        0.00000000 
       0.00000000        0.00000634       -0.00000000 
       0.00000000       -0.00000000        0.00000575 

*******************************************************
                Total Energy (Hartree) at MD =28        
*******************************************************

  Uele  =     -42.202193316831

  Ukin  =     203.434330931633
  UH0   =   -2699.766318805199
  UH1   =       0.004870275908
  Una   =    -149.407472697269
  Unl   =     -47.918503525029
  Uxc0  =     -25.234639231699
  Uxc1  =     -25.234639231699
  Ucore =    2459.965035402550
  Uhub  =       0.000000000000
  Ucs   =       0.000000000000
  Uzs   =       0.000000000000
  Uzo   =       0.000000000000
  Uef   =       0.000000000000
  UvdW  =       0.000000000000
  Uch   =       0.000000000000
  Utot  =    -284.157336880806

  UpV   =       0.000000000000
  Enpy  =    -284.157336880806
  Note:

  Uele:   band energy
  Ukin:   kinetic energy
  UH0:    electric part of screened Coulomb energy
  UH1:    difference electron-electron Coulomb energy
  Una:    neutral atom potential energy
  Unl:    non-local potential energy
  Uxc0:   exchange-correlation energy for alpha spin
  Uxc1:   exchange-correlation energy for beta spin
  Ucore:  core-core Coulomb energy
  Uhub:   LDA+U energy
  Ucs:    constraint energy for spin orientation
  Uzs:    Zeeman term for spin magnetic moment
  Uzo:    Zeeman term for orbital magnetic moment
  Uef:    electric energy by electric field
  UvdW:   semi-empirical vdW energy 
  Uch:    penalty term to create a core hole
  UpV:    pressure times volume
  Enpy:   Enthalpy = Utot + UpV
  (see also PRB 72, 045121(2005) for the energy contributions)


*******************************************************
           Computational times (s) at MD =28            
*******************************************************

  DFT in total      =   28.21099

  Set_OLP_Kin       =    0.69669
  Set_Nonlocal      =    1.62762
  Set_ProExpn_VNA   =    2.89695
  Set_Hamiltonian   =    1.44282
  Poisson           =    0.00095
  diagonalization   =   17.03101
  Mixing_DM         =    0.00468
  Force             =    1.87446
  Total_Energy      =    0.29324
  Set_Aden_Grid     =    0.00713
  Set_Orbitals_Grid =    0.09641
  Set_Density_Grid  =    0.53358
  RestartFileDFT    =    0.00475
  Mulliken_Charge   =    0.00098
  FFT(2D)_Density   =    0.00178

The SCF was achieved at MD=  28

*******************************************************
             MD or geometry opt. at MD =28              
*******************************************************

<BFGS>  |Maximum force| (Hartree/Bohr) = 0.000355201294
<BFGS>  Criterion       (Hartree/Bohr) = 0.000100000000

     atom=   1, XYZ(ang) Fxyz(a.u.)=  -0.0000   -0.0000   -0.0133    -0.0000    0.0000   -0.0000
     atom=   2, XYZ(ang) Fxyz(a.u.)=   2.9998    2.9849    1.5722     0.0000   -0.0000    0.0001
     atom=   3, XYZ(ang) Fxyz(a.u.)=  -0.0000    2.9849    0.8336    -0.0000    0.0000    0.0004
     atom=   4, XYZ(ang) Fxyz(a.u.)=   2.9998   -0.0000    2.3901     0.0000    0.0000    0.0000

*******************************************************
        Analysis of neighbors and setting of grids        
*******************************************************


*******************************************************
  Allocation of atoms to processors at MD_iter=   29     
*******************************************************

 proc =   0  # of atoms=   1  estimated weight=         1.00000
 proc =   1  # of atoms=   1  estimated weight=         1.00000
 proc =   2  # of atoms=   1  estimated weight=         1.00000
 proc =   3  # of atoms=   1  estimated weight=         1.00000
 proc =   4  # of atoms=   0  estimated weight=         0.00000
 proc =   5  # of atoms=   0  estimated weight=         0.00000
 proc =   6  # of atoms=   0  estimated weight=         0.00000
 proc =   7  # of atoms=   0  estimated weight=         0.00000
 proc =   8  # of atoms=   0  estimated weight=         0.00000
 proc =   9  # of atoms=   0  estimated weight=         0.00000
 proc =  10  # of atoms=   0  estimated weight=         0.00000
 proc =  11  # of atoms=   0  estimated weight=         0.00000
 proc =  12  # of atoms=   0  estimated weight=         0.00000
 proc =  13  # of atoms=   0  estimated weight=         0.00000
 proc =  14  # of atoms=   0  estimated weight=         0.00000
 proc =  15  # of atoms=   0  estimated weight=         0.00000



TFNAN=     256   Average FNAN=  64.00000
TSNAN=       0   Average SNAN=   0.00000
<truncation> CpyCell= 3 ct_AN=   1 FNAN SNAN  64   0
<truncation> CpyCell= 3 ct_AN=   2 FNAN SNAN  64   0
<truncation> CpyCell= 3 ct_AN=   3 FNAN SNAN  64   0
<truncation> CpyCell= 3 ct_AN=   4 FNAN SNAN  64   0
<UCell_Box> Info. of cutoff energy and num. of grids
lattice vectors (bohr)
A  = 11.337702133525,  0.000000000000,  0.000000000000
B  =  0.000000000000, 11.281295655248,  0.000000000000
C  =  0.000000000000,  0.000000000000,  6.081931916162
reciprocal lattice vectors (bohr^-1)
RA =  0.554185074999,  0.000000000000,  0.000000000000
RB =  0.000000000000,  0.556956000374,  0.000000000000
RC =  0.000000000000,  0.000000000000,  1.033090372236
Required cutoff energy (Ryd) for 3D-grids = 200.0000
    Used cutoff energy (Ryd) for 3D-grids = 191.9507, 193.8750, 194.5110
Num. of grids of a-, b-, and c-axes = 50, 50, 27
Cell_Volume =    777.903236248648 (Bohr^3)
GridVol     =      0.011524492389 (Bohr^3)
Cell vectors (bohr) of the grid cell (gtv)
  gtv_a =  0.226754042670,  0.000000000000,  0.000000000000
  gtv_b =  0.000000000000,  0.225625913105,  0.000000000000
  gtv_c =  0.000000000000,  0.000000000000,  0.225256737636
  |gtv_a| =  0.226754042670
  |gtv_b| =  0.225625913105
  |gtv_c| =  0.225256737636
Num. of grids overlapping with atom    1 = 124628
Num. of grids overlapping with atom    2 = 124648
Num. of grids overlapping with atom    3 = 124539
Num. of grids overlapping with atom    4 = 124549

*******************************************************
             SCF calculation at MD =29                
*******************************************************

<MD=29>  Calculation of the overlap matrix
<MD=29>  Calculation of the nonlocal matrix
<MD=29>  Calculation of the VNA projector matrix

******************* MD=29  SCF= 1 *******************
<Restart>  Found restart files
<Poisson>  Poisson's equation using FFT...
<Band>  Solving the eigenvalue problem...
 KGrids1:  -0.45833  -0.37500  -0.29167  -0.20833  -0.12500  -0.04167   0.04167   0.12500   0.20833   0.29167   0.37500   0.45833 
 KGrids2:  -0.45833  -0.37500  -0.29167  -0.20833  -0.12500  -0.04167   0.04167   0.12500   0.20833   0.29167   0.37500   0.45833 
 KGrids3:  -0.47500  -0.42500  -0.37500  -0.32500  -0.27500  -0.22500  -0.17500  -0.12500  -0.07500  -0.02500   0.02500   0.07500   0.12500   0.17500   0.22500   0.27500   0.32500   0.37500   0.42500   0.47500 
<Band_DFT>  Eigen, time=0.732778
<Band_DFT>  DM, time=1.771826
    1   Sn  MulP   6.9999  6.9999 sum  13.9997
    2   Sn  MulP   7.0003  7.0003 sum  14.0006
    3   Sn  MulP   6.9999  6.9999 sum  13.9999
    4   Sn  MulP   6.9999  6.9999 sum  13.9998
 Sum of MulP: up   =    28.00000 down          =    28.00000
              total=    56.00000 ideal(neutral)=    56.00000
<DFT>  Total Spin Moment (muB) =  0.000000000000
<DFT>  Mixing_weight= 0.400000000000
<DFT>  Uele   =  -42.202195952564  dUele     =   1.000000000000
<DFT>  NormRD =    1.000000000000  Criterion =   0.000000100000

******************* MD=29  SCF= 2 *******************
<Poisson>  Poisson's equation using FFT...
<Set_Hamiltonian>  Hamiltonian matrix for VNA+dVH+Vxc...
<Band>  Solving the eigenvalue problem...
 KGrids1:  -0.45833  -0.37500  -0.29167  -0.20833  -0.12500  -0.04167   0.04167   0.12500   0.20833   0.29167   0.37500   0.45833 
 KGrids2:  -0.45833  -0.37500  -0.29167  -0.20833  -0.12500  -0.04167   0.04167   0.12500   0.20833   0.29167   0.37500   0.45833 
 KGrids3:  -0.47500  -0.42500  -0.37500  -0.32500  -0.27500  -0.22500  -0.17500  -0.12500  -0.07500  -0.02500   0.02500   0.07500   0.12500   0.17500   0.22500   0.27500   0.32500   0.37500   0.42500   0.47500 
<Band_DFT>  Eigen, time=0.732104
<Band_DFT>  DM, time=1.792688
    1   Sn  MulP   6.9999  6.9999 sum  13.9997
    2   Sn  MulP   7.0003  7.0003 sum  14.0006
    3   Sn  MulP   6.9999  6.9999 sum  13.9999
    4   Sn  MulP   6.9999  6.9999 sum  13.9998
 Sum of MulP: up   =    28.00000 down          =    28.00000
              total=    56.00000 ideal(neutral)=    56.00000
<DFT>  Total Spin Moment (muB) =  0.000000000000
<DFT>  Mixing_weight= 0.400000000000
<DFT>  Uele   =  -42.202196431912  dUele     =   0.000000479347
<DFT>  NormRD =    0.000031932016  Criterion =   0.000000100000

******************* MD=29  SCF= 3 *******************
<Poisson>  Poisson's equation using FFT...
<Set_Hamiltonian>  Hamiltonian matrix for VNA+dVH+Vxc...
<Band>  Solving the eigenvalue problem...
 KGrids1:  -0.45833  -0.37500  -0.29167  -0.20833  -0.12500  -0.04167   0.04167   0.12500   0.20833   0.29167   0.37500   0.45833 
 KGrids2:  -0.45833  -0.37500  -0.29167  -0.20833  -0.12500  -0.04167   0.04167   0.12500   0.20833   0.29167   0.37500   0.45833 
 KGrids3:  -0.47500  -0.42500  -0.37500  -0.32500  -0.27500  -0.22500  -0.17500  -0.12500  -0.07500  -0.02500   0.02500   0.07500   0.12500   0.17500   0.22500   0.27500   0.32500   0.37500   0.42500   0.47500 
<Band_DFT>  Eigen, time=0.530287
<Band_DFT>  DM, time=1.756103
    1   Sn  MulP   6.9999  6.9999 sum  13.9997
    2   Sn  MulP   7.0003  7.0003 sum  14.0006
    3   Sn  MulP   6.9999  6.9999 sum  13.9999
    4   Sn  MulP   6.9999  6.9999 sum  13.9998
 Sum of MulP: up   =    28.00000 down          =    28.00000
              total=    56.00000 ideal(neutral)=    56.00000
<DFT>  Total Spin Moment (muB) =  0.000000000000
<DFT>  Mixing_weight= 0.040000000000
<DFT>  Uele   =  -42.202196730287  dUele     =   0.000000298375
<DFT>  NormRD =    0.000021566027  Criterion =   0.000000100000

******************* MD=29  SCF= 4 *******************
<Poisson>  Poisson's equation using FFT...
<Set_Hamiltonian>  Hamiltonian matrix for VNA+dVH+Vxc...
<Band>  Solving the eigenvalue problem...
 KGrids1:  -0.45833  -0.37500  -0.29167  -0.20833  -0.12500  -0.04167   0.04167   0.12500   0.20833   0.29167   0.37500   0.45833 
 KGrids2:  -0.45833  -0.37500  -0.29167  -0.20833  -0.12500  -0.04167   0.04167   0.12500   0.20833   0.29167   0.37500   0.45833 
 KGrids3:  -0.47500  -0.42500  -0.37500  -0.32500  -0.27500  -0.22500  -0.17500  -0.12500  -0.07500  -0.02500   0.02500   0.07500   0.12500   0.17500   0.22500   0.27500   0.32500   0.37500   0.42500   0.47500 
<Band_DFT>  Eigen, time=0.786923
<Band_DFT>  DM, time=1.986877
    1   Sn  MulP   6.9999  6.9999 sum  13.9997
    2   Sn  MulP   7.0003  7.0003 sum  14.0006
    3   Sn  MulP   6.9999  6.9999 sum  13.9999
    4   Sn  MulP   6.9999  6.9999 sum  13.9998
 Sum of MulP: up   =    28.00000 down          =    28.00000
              total=    56.00000 ideal(neutral)=    56.00000
<DFT>  Total Spin Moment (muB) =  0.000000000000
<DFT>  Mixing_weight= 0.040000000000
<DFT>  Uele   =  -42.202197234929  dUele     =   0.000000504642
<DFT>  NormRD =    0.000002894253  Criterion =   0.000000100000

******************* MD=29  SCF= 5 *******************
<Poisson>  Poisson's equation using FFT...
<Set_Hamiltonian>  Hamiltonian matrix for VNA+dVH+Vxc...
<Band>  Solving the eigenvalue problem...
 KGrids1:  -0.45833  -0.37500  -0.29167  -0.20833  -0.12500  -0.04167   0.04167   0.12500   0.20833   0.29167   0.37500   0.45833 
 KGrids2:  -0.45833  -0.37500  -0.29167  -0.20833  -0.12500  -0.04167   0.04167   0.12500   0.20833   0.29167   0.37500   0.45833 
 KGrids3:  -0.47500  -0.42500  -0.37500  -0.32500  -0.27500  -0.22500  -0.17500  -0.12500  -0.07500  -0.02500   0.02500   0.07500   0.12500   0.17500   0.22500   0.27500   0.32500   0.37500   0.42500   0.47500 
<Band_DFT>  Eigen, time=0.738527
<Band_DFT>  DM, time=2.035755
    1   Sn  MulP   6.9999  6.9999 sum  13.9997
    2   Sn  MulP   7.0003  7.0003 sum  14.0006
    3   Sn  MulP   6.9999  6.9999 sum  13.9999
    4   Sn  MulP   6.9999  6.9999 sum  13.9998
 Sum of MulP: up   =    28.00000 down          =    28.00000
              total=    56.00000 ideal(neutral)=    56.00000
<DFT>  Total Spin Moment (muB) =  0.000000000000
<DFT>  Mixing_weight= 0.040000000000
<DFT>  Uele   =  -42.202197214929  dUele     =   0.000000020000
<DFT>  NormRD =    0.000003761615  Criterion =   0.000000100000
<MD=29>  Force calculation
  Force calculation #1
  Force calculation #2
  Force calculation #3
  Force calculation #4
  Force calculation #5
  Stress calculation #1
  Stress calculation #2
  Stress calculation #3
  Stress calculation #4
  Stress calculation #5
<MD=29>  Total Energy
  Force calculation #6
  Force calculation #7

*******************************************************
                  Dipole moment (Debye)                 
*******************************************************

 Absolute D      522.15275263

                      Dx                Dy                Dz
 Total           -363.75557690     -362.14083996      -95.80912997
 Core             403.44516439      401.43885977      321.60063091
 Electron        -767.20074129     -763.57969973     -417.40976088
 Back ground       -0.00000000       -0.00000000       -0.00000000

*******************************************************
               Stress tensor (Hartree/bohr^3)            
*******************************************************

       0.00001076        0.00000000       -0.00000000 
       0.00000000        0.00000620        0.00000000 
      -0.00000000        0.00000000        0.00000590 

*******************************************************
                Total Energy (Hartree) at MD =29        
*******************************************************

  Uele  =     -42.202197214929

  Ukin  =     203.434302064123
  UH0   =   -2699.767004413899
  UH1   =       0.004870341488
  Una   =    -149.407464507267
  Unl   =     -47.918487376679
  Uxc0  =     -25.234639064606
  Uxc1  =     -25.234639064606
  Ucore =    2459.965724096654
  Uhub  =       0.000000000000
  Ucs   =       0.000000000000
  Uzs   =       0.000000000000
  Uzo   =       0.000000000000
  Uef   =       0.000000000000
  UvdW  =       0.000000000000
  Uch   =       0.000000000000
  Utot  =    -284.157337924793

  UpV   =       0.000000000000
  Enpy  =    -284.157337924793
  Note:

  Uele:   band energy
  Ukin:   kinetic energy
  UH0:    electric part of screened Coulomb energy
  UH1:    difference electron-electron Coulomb energy
  Una:    neutral atom potential energy
  Unl:    non-local potential energy
  Uxc0:   exchange-correlation energy for alpha spin
  Uxc1:   exchange-correlation energy for beta spin
  Ucore:  core-core Coulomb energy
  Uhub:   LDA+U energy
  Ucs:    constraint energy for spin orientation
  Uzs:    Zeeman term for spin magnetic moment
  Uzo:    Zeeman term for orbital magnetic moment
  Uef:    electric energy by electric field
  UvdW:   semi-empirical vdW energy 
  Uch:    penalty term to create a core hole
  UpV:    pressure times volume
  Enpy:   Enthalpy = Utot + UpV
  (see also PRB 72, 045121(2005) for the energy contributions)


*******************************************************
           Computational times (s) at MD =29            
*******************************************************

  DFT in total      =   25.07455

  Set_OLP_Kin       =    0.91205
  Set_Nonlocal      =    0.94633
  Set_ProExpn_VNA   =    3.28912
  Set_Hamiltonian   =    1.28382
  Poisson           =    0.00090
  diagonalization   =   13.13596
  Mixing_DM         =    0.00391
  Force             =    2.59811
  Total_Energy      =    0.40360
  Set_Aden_Grid     =    0.00711
  Set_Orbitals_Grid =    0.09777
  Set_Density_Grid  =    0.45261
  RestartFileDFT    =    0.03763
  Mulliken_Charge   =    0.00087
  FFT(2D)_Density   =    0.00156

The SCF was achieved at MD=  29

*******************************************************
             MD or geometry opt. at MD =29              
*******************************************************

<BFGS>  |Maximum force| (Hartree/Bohr) = 0.000253192359
<BFGS>  Criterion       (Hartree/Bohr) = 0.000100000000

     atom=   1, XYZ(ang) Fxyz(a.u.)=  -0.0000    0.0000   -0.0133    -0.0000   -0.0000   -0.0000
     atom=   2, XYZ(ang) Fxyz(a.u.)=   2.9998    2.9849    1.5734    -0.0000   -0.0000    0.0001
     atom=   3, XYZ(ang) Fxyz(a.u.)=  -0.0000    2.9849    0.8340    -0.0000   -0.0000    0.0003
     atom=   4, XYZ(ang) Fxyz(a.u.)=   2.9998   -0.0000    2.3901     0.0000   -0.0000    0.0000

*******************************************************
        Analysis of neighbors and setting of grids        
*******************************************************


*******************************************************
  Allocation of atoms to processors at MD_iter=   30     
*******************************************************

 proc =   0  # of atoms=   1  estimated weight=         1.00000
 proc =   1  # of atoms=   1  estimated weight=         1.00000
 proc =   2  # of atoms=   1  estimated weight=         1.00000
 proc =   3  # of atoms=   1  estimated weight=         1.00000
 proc =   4  # of atoms=   0  estimated weight=         0.00000
 proc =   5  # of atoms=   0  estimated weight=         0.00000
 proc =   6  # of atoms=   0  estimated weight=         0.00000
 proc =   7  # of atoms=   0  estimated weight=         0.00000
 proc =   8  # of atoms=   0  estimated weight=         0.00000
 proc =   9  # of atoms=   0  estimated weight=         0.00000
 proc =  10  # of atoms=   0  estimated weight=         0.00000
 proc =  11  # of atoms=   0  estimated weight=         0.00000
 proc =  12  # of atoms=   0  estimated weight=         0.00000
 proc =  13  # of atoms=   0  estimated weight=         0.00000
 proc =  14  # of atoms=   0  estimated weight=         0.00000
 proc =  15  # of atoms=   0  estimated weight=         0.00000



TFNAN=     256   Average FNAN=  64.00000
TSNAN=       0   Average SNAN=   0.00000
<truncation> CpyCell= 3 ct_AN=   1 FNAN SNAN  64   0
<truncation> CpyCell= 3 ct_AN=   2 FNAN SNAN  64   0
<truncation> CpyCell= 3 ct_AN=   3 FNAN SNAN  64   0
<truncation> CpyCell= 3 ct_AN=   4 FNAN SNAN  64   0
<UCell_Box> Info. of cutoff energy and num. of grids
lattice vectors (bohr)
A  = 11.337702133525,  0.000000000000,  0.000000000000
B  =  0.000000000000, 11.281295655248,  0.000000000000
C  =  0.000000000000,  0.000000000000,  6.081931916162
reciprocal lattice vectors (bohr^-1)
RA =  0.554185074999,  0.000000000000,  0.000000000000
RB =  0.000000000000,  0.556956000374,  0.000000000000
RC =  0.000000000000,  0.000000000000,  1.033090372236
Required cutoff energy (Ryd) for 3D-grids = 200.0000
    Used cutoff energy (Ryd) for 3D-grids = 191.9507, 193.8750, 194.5110
Num. of grids of a-, b-, and c-axes = 50, 50, 27
Cell_Volume =    777.903236248648 (Bohr^3)
GridVol     =      0.011524492389 (Bohr^3)
Cell vectors (bohr) of the grid cell (gtv)
  gtv_a =  0.226754042670,  0.000000000000,  0.000000000000
  gtv_b =  0.000000000000,  0.225625913105,  0.000000000000
  gtv_c =  0.000000000000,  0.000000000000,  0.225256737636
  |gtv_a| =  0.226754042670
  |gtv_b| =  0.225625913105
  |gtv_c| =  0.225256737636
Num. of grids overlapping with atom    1 = 124628
Num. of grids overlapping with atom    2 = 124639
Num. of grids overlapping with atom    3 = 124525
Num. of grids overlapping with atom    4 = 124549

*******************************************************
             SCF calculation at MD =30                
*******************************************************

<MD=30>  Calculation of the overlap matrix
<MD=30>  Calculation of the nonlocal matrix
<MD=30>  Calculation of the VNA projector matrix

******************* MD=30  SCF= 1 *******************
<Restart>  Found restart files
<Poisson>  Poisson's equation using FFT...
<Band>  Solving the eigenvalue problem...
 KGrids1:  -0.45833  -0.37500  -0.29167  -0.20833  -0.12500  -0.04167   0.04167   0.12500   0.20833   0.29167   0.37500   0.45833 
 KGrids2:  -0.45833  -0.37500  -0.29167  -0.20833  -0.12500  -0.04167   0.04167   0.12500   0.20833   0.29167   0.37500   0.45833 
 KGrids3:  -0.47500  -0.42500  -0.37500  -0.32500  -0.27500  -0.22500  -0.17500  -0.12500  -0.07500  -0.02500   0.02500   0.07500   0.12500   0.17500   0.22500   0.27500   0.32500   0.37500   0.42500   0.47500 
<Band_DFT>  Eigen, time=0.747616
<Band_DFT>  DM, time=1.924563
    1   Sn  MulP   6.9999  6.9999 sum  13.9997
    2   Sn  MulP   7.0003  7.0003 sum  14.0007
    3   Sn  MulP   6.9999  6.9999 sum  13.9998
    4   Sn  MulP   6.9999  6.9999 sum  13.9998
 Sum of MulP: up   =    28.00000 down          =    28.00000
              total=    56.00000 ideal(neutral)=    56.00000
<DFT>  Total Spin Moment (muB) =  0.000000000000
<DFT>  Mixing_weight= 0.400000000000
<DFT>  Uele   =  -42.202200736694  dUele     =   1.000000000000
<DFT>  NormRD =    1.000000000000  Criterion =   0.000000100000

******************* MD=30  SCF= 2 *******************
<Poisson>  Poisson's equation using FFT...
<Set_Hamiltonian>  Hamiltonian matrix for VNA+dVH+Vxc...
<Band>  Solving the eigenvalue problem...
 KGrids1:  -0.45833  -0.37500  -0.29167  -0.20833  -0.12500  -0.04167   0.04167   0.12500   0.20833   0.29167   0.37500   0.45833 
 KGrids2:  -0.45833  -0.37500  -0.29167  -0.20833  -0.12500  -0.04167   0.04167   0.12500   0.20833   0.29167   0.37500   0.45833 
 KGrids3:  -0.47500  -0.42500  -0.37500  -0.32500  -0.27500  -0.22500  -0.17500  -0.12500  -0.07500  -0.02500   0.02500   0.07500   0.12500   0.17500   0.22500   0.27500   0.32500   0.37500   0.42500   0.47500 
<Band_DFT>  Eigen, time=0.748326
<Band_DFT>  DM, time=2.034878
    1   Sn  MulP   6.9999  6.9999 sum  13.9997
    2   Sn  MulP   7.0003  7.0003 sum  14.0007
    3   Sn  MulP   6.9999  6.9999 sum  13.9998
    4   Sn  MulP   6.9999  6.9999 sum  13.9998
 Sum of MulP: up   =    28.00000 down          =    28.00000
              total=    56.00000 ideal(neutral)=    56.00000
<DFT>  Total Spin Moment (muB) =  0.000000000000
<DFT>  Mixing_weight= 0.400000000000
<DFT>  Uele   =  -42.202202974620  dUele     =   0.000002237926
<DFT>  NormRD =    0.000048190606  Criterion =   0.000000100000

******************* MD=30  SCF= 3 *******************
<Poisson>  Poisson's equation using FFT...
<Set_Hamiltonian>  Hamiltonian matrix for VNA+dVH+Vxc...
<Band>  Solving the eigenvalue problem...
 KGrids1:  -0.45833  -0.37500  -0.29167  -0.20833  -0.12500  -0.04167   0.04167   0.12500   0.20833   0.29167   0.37500   0.45833 
 KGrids2:  -0.45833  -0.37500  -0.29167  -0.20833  -0.12500  -0.04167   0.04167   0.12500   0.20833   0.29167   0.37500   0.45833 
 KGrids3:  -0.47500  -0.42500  -0.37500  -0.32500  -0.27500  -0.22500  -0.17500  -0.12500  -0.07500  -0.02500   0.02500   0.07500   0.12500   0.17500   0.22500   0.27500   0.32500   0.37500   0.42500   0.47500 
<Band_DFT>  Eigen, time=0.739127
<Band_DFT>  DM, time=2.035583
    1   Sn  MulP   6.9999  6.9999 sum  13.9997
    2   Sn  MulP   7.0003  7.0003 sum  14.0007
    3   Sn  MulP   6.9999  6.9999 sum  13.9998
    4   Sn  MulP   6.9999  6.9999 sum  13.9998
 Sum of MulP: up   =    28.00000 down          =    28.00000
              total=    56.00000 ideal(neutral)=    56.00000
<DFT>  Total Spin Moment (muB) =  0.000000000000
<DFT>  Mixing_weight= 0.040000000000
<DFT>  Uele   =  -42.202204408217  dUele     =   0.000001433597
<DFT>  NormRD =    0.000032223841  Criterion =   0.000000100000

******************* MD=30  SCF= 4 *******************
<Poisson>  Poisson's equation using FFT...
<Set_Hamiltonian>  Hamiltonian matrix for VNA+dVH+Vxc...
<Band>  Solving the eigenvalue problem...
 KGrids1:  -0.45833  -0.37500  -0.29167  -0.20833  -0.12500  -0.04167   0.04167   0.12500   0.20833   0.29167   0.37500   0.45833 
 KGrids2:  -0.45833  -0.37500  -0.29167  -0.20833  -0.12500  -0.04167   0.04167   0.12500   0.20833   0.29167   0.37500   0.45833 
 KGrids3:  -0.47500  -0.42500  -0.37500  -0.32500  -0.27500  -0.22500  -0.17500  -0.12500  -0.07500  -0.02500   0.02500   0.07500   0.12500   0.17500   0.22500   0.27500   0.32500   0.37500   0.42500   0.47500 
<Band_DFT>  Eigen, time=0.788034
<Band_DFT>  DM, time=1.984942
    1   Sn  MulP   6.9999  6.9999 sum  13.9997
    2   Sn  MulP   7.0003  7.0003 sum  14.0007
    3   Sn  MulP   6.9999  6.9999 sum  13.9998
    4   Sn  MulP   6.9999  6.9999 sum  13.9998
 Sum of MulP: up   =    28.00000 down          =    28.00000
              total=    56.00000 ideal(neutral)=    56.00000
<DFT>  Total Spin Moment (muB) =  0.000000000000
<DFT>  Mixing_weight= 0.040000000000
<DFT>  Uele   =  -42.202207551468  dUele     =   0.000003143251
<DFT>  NormRD =    0.000003625430  Criterion =   0.000000100000

******************* MD=30  SCF= 5 *******************
<Poisson>  Poisson's equation using FFT...
<Set_Hamiltonian>  Hamiltonian matrix for VNA+dVH+Vxc...
<Band>  Solving the eigenvalue problem...
 KGrids1:  -0.45833  -0.37500  -0.29167  -0.20833  -0.12500  -0.04167   0.04167   0.12500   0.20833   0.29167   0.37500   0.45833 
 KGrids2:  -0.45833  -0.37500  -0.29167  -0.20833  -0.12500  -0.04167   0.04167   0.12500   0.20833   0.29167   0.37500   0.45833 
 KGrids3:  -0.47500  -0.42500  -0.37500  -0.32500  -0.27500  -0.22500  -0.17500  -0.12500  -0.07500  -0.02500   0.02500   0.07500   0.12500   0.17500   0.22500   0.27500   0.32500   0.37500   0.42500   0.47500 
<Band_DFT>  Eigen, time=0.739501
<Band_DFT>  DM, time=2.034096
    1   Sn  MulP   6.9999  6.9999 sum  13.9997
    2   Sn  MulP   7.0003  7.0003 sum  14.0007
    3   Sn  MulP   6.9999  6.9999 sum  13.9998
    4   Sn  MulP   6.9999  6.9999 sum  13.9998
 Sum of MulP: up   =    28.00000 down          =    28.00000
              total=    56.00000 ideal(neutral)=    56.00000
<DFT>  Total Spin Moment (muB) =  0.000000000000
<DFT>  Mixing_weight= 0.040000000000
<DFT>  Uele   =  -42.202207203615  dUele     =   0.000000347853
<DFT>  NormRD =    0.000002043920  Criterion =   0.000000100000

******************* MD=30  SCF= 6 *******************
<Poisson>  Poisson's equation using FFT...
<Set_Hamiltonian>  Hamiltonian matrix for VNA+dVH+Vxc...
<Band>  Solving the eigenvalue problem...
 KGrids1:  -0.45833  -0.37500  -0.29167  -0.20833  -0.12500  -0.04167   0.04167   0.12500   0.20833   0.29167   0.37500   0.45833 
 KGrids2:  -0.45833  -0.37500  -0.29167  -0.20833  -0.12500  -0.04167   0.04167   0.12500   0.20833   0.29167   0.37500   0.45833 
 KGrids3:  -0.47500  -0.42500  -0.37500  -0.32500  -0.27500  -0.22500  -0.17500  -0.12500  -0.07500  -0.02500   0.02500   0.07500   0.12500   0.17500   0.22500   0.27500   0.32500   0.37500   0.42500   0.47500 
<Band_DFT>  Eigen, time=0.739356
<Band_DFT>  DM, time=2.034219
    1   Sn  MulP   6.9999  6.9999 sum  13.9997
    2   Sn  MulP   7.0003  7.0003 sum  14.0007
    3   Sn  MulP   6.9999  6.9999 sum  13.9998
    4   Sn  MulP   6.9999  6.9999 sum  13.9998
 Sum of MulP: up   =    28.00000 down          =    28.00000
              total=    56.00000 ideal(neutral)=    56.00000
<DFT>  Total Spin Moment (muB) =  0.000000000000
<DFT>  Mixing_weight= 0.040000000000
<DFT>  Uele   =  -42.202207157111  dUele     =   0.000000046504
<DFT>  NormRD =    0.000001912574  Criterion =   0.000000100000
<MD=30>  Force calculation
  Force calculation #1
  Force calculation #2
  Force calculation #3
  Force calculation #4
  Force calculation #5
  Stress calculation #1
  Stress calculation #2
  Stress calculation #3
  Stress calculation #4
  Stress calculation #5
<MD=30>  Total Energy
  Force calculation #6
  Force calculation #7

*******************************************************
                  Dipole moment (Debye)                 
*******************************************************

 Absolute D      522.14902846

                      Dx                Dy                Dz
 Total           -363.75689152     -362.14073875      -95.78422171
 Core             403.44313138      401.43887246      321.71480014
 Electron        -767.20002290     -763.57961121     -417.49902185
 Back ground       -0.00000000       -0.00000000       -0.00000000

*******************************************************
               Stress tensor (Hartree/bohr^3)            
*******************************************************

       0.00001103        0.00000000       -0.00000000 
       0.00000000        0.00000610        0.00000000 
      -0.00000000        0.00000000        0.00000599 

*******************************************************
                Total Energy (Hartree) at MD =30        
*******************************************************

  Uele  =     -42.202207157111

  Ukin  =     203.434244908748
  UH0   =   -2699.767286958250
  UH1   =       0.004870420022
  Una   =    -149.407440224582
  Unl   =     -47.918460528980
  Uxc0  =     -25.234636903037
  Uxc1  =     -25.234636903037
  Ucore =    2459.966009312838
  Uhub  =       0.000000000000
  Ucs   =       0.000000000000
  Uzs   =       0.000000000000
  Uzo   =       0.000000000000
  Uef   =       0.000000000000
  UvdW  =       0.000000000000
  Uch   =       0.000000000000
  Utot  =    -284.157336876279

  UpV   =       0.000000000000
  Enpy  =    -284.157336876279
  Note:

  Uele:   band energy
  Ukin:   kinetic energy
  UH0:    electric part of screened Coulomb energy
  UH1:    difference electron-electron Coulomb energy
  Una:    neutral atom potential energy
  Unl:    non-local potential energy
  Uxc0:   exchange-correlation energy for alpha spin
  Uxc1:   exchange-correlation energy for beta spin
  Ucore:  core-core Coulomb energy
  Uhub:   LDA+U energy
  Ucs:    constraint energy for spin orientation
  Uzs:    Zeeman term for spin magnetic moment
  Uzo:    Zeeman term for orbital magnetic moment
  Uef:    electric energy by electric field
  UvdW:   semi-empirical vdW energy 
  Uch:    penalty term to create a core hole
  UpV:    pressure times volume
  Enpy:   Enthalpy = Utot + UpV
  (see also PRB 72, 045121(2005) for the energy contributions)


*******************************************************
           Computational times (s) at MD =30            
*******************************************************

  DFT in total      =   27.83986

  Set_OLP_Kin       =    0.69351
  Set_Nonlocal      =    1.37698
  Set_ProExpn_VNA   =    2.83936
  Set_Hamiltonian   =    1.33238
  Poisson           =    0.00107
  diagonalization   =   16.87956
  Mixing_DM         =    0.00476
  Force             =    1.94412
  Total_Energy      =    0.29354
  Set_Aden_Grid     =    0.16995
  Set_Orbitals_Grid =    0.09709
  Set_Density_Grid  =    0.51801
  RestartFileDFT    =    0.02998
  Mulliken_Charge   =    0.00099
  FFT(2D)_Density   =    0.00181

The SCF was achieved at MD=  30

*******************************************************
             MD or geometry opt. at MD =30              
*******************************************************

<BFGS>  |Maximum force| (Hartree/Bohr) = 0.000313429103
<BFGS>  Criterion       (Hartree/Bohr) = 0.000100000000

     atom=   1, XYZ(ang) Fxyz(a.u.)=  -0.0000   -0.0000   -0.0133    -0.0000    0.0000   -0.0000
     atom=   2, XYZ(ang) Fxyz(a.u.)=   2.9998    2.9849    1.5720    -0.0000   -0.0000    0.0003
     atom=   3, XYZ(ang) Fxyz(a.u.)=  -0.0000    2.9849    0.8319    -0.0000    0.0000    0.0003
     atom=   4, XYZ(ang) Fxyz(a.u.)=   2.9998   -0.0000    2.3901     0.0000   -0.0000    0.0000

*******************************************************
        Analysis of neighbors and setting of grids        
*******************************************************


*******************************************************
  Allocation of atoms to processors at MD_iter=   31     
*******************************************************

 proc =   0  # of atoms=   1  estimated weight=         1.00000
 proc =   1  # of atoms=   1  estimated weight=         1.00000
 proc =   2  # of atoms=   1  estimated weight=         1.00000
 proc =   3  # of atoms=   1  estimated weight=         1.00000
 proc =   4  # of atoms=   0  estimated weight=         0.00000
 proc =   5  # of atoms=   0  estimated weight=         0.00000
 proc =   6  # of atoms=   0  estimated weight=         0.00000
 proc =   7  # of atoms=   0  estimated weight=         0.00000
 proc =   8  # of atoms=   0  estimated weight=         0.00000
 proc =   9  # of atoms=   0  estimated weight=         0.00000
 proc =  10  # of atoms=   0  estimated weight=         0.00000
 proc =  11  # of atoms=   0  estimated weight=         0.00000
 proc =  12  # of atoms=   0  estimated weight=         0.00000
 proc =  13  # of atoms=   0  estimated weight=         0.00000
 proc =  14  # of atoms=   0  estimated weight=         0.00000
 proc =  15  # of atoms=   0  estimated weight=         0.00000



TFNAN=     256   Average FNAN=  64.00000
TSNAN=       0   Average SNAN=   0.00000
<truncation> CpyCell= 3 ct_AN=   1 FNAN SNAN  64   0
<truncation> CpyCell= 3 ct_AN=   2 FNAN SNAN  64   0
<truncation> CpyCell= 3 ct_AN=   3 FNAN SNAN  64   0
<truncation> CpyCell= 3 ct_AN=   4 FNAN SNAN  64   0
<UCell_Box> Info. of cutoff energy and num. of grids
lattice vectors (bohr)
A  = 11.337702133525,  0.000000000000,  0.000000000000
B  =  0.000000000000, 11.281295655248,  0.000000000000
C  =  0.000000000000,  0.000000000000,  6.081931916162
reciprocal lattice vectors (bohr^-1)
RA =  0.554185074999,  0.000000000000,  0.000000000000
RB =  0.000000000000,  0.556956000374,  0.000000000000
RC =  0.000000000000,  0.000000000000,  1.033090372236
Required cutoff energy (Ryd) for 3D-grids = 200.0000
    Used cutoff energy (Ryd) for 3D-grids = 191.9507, 193.8750, 194.5110
Num. of grids of a-, b-, and c-axes = 50, 50, 27
Cell_Volume =    777.903236248648 (Bohr^3)
GridVol     =      0.011524492389 (Bohr^3)
Cell vectors (bohr) of the grid cell (gtv)
  gtv_a =  0.226754042670,  0.000000000000,  0.000000000000
  gtv_b =  0.000000000000,  0.225625913105,  0.000000000000
  gtv_c =  0.000000000000,  0.000000000000,  0.225256737636
  |gtv_a| =  0.226754042670
  |gtv_b| =  0.225625913105
  |gtv_c| =  0.225256737636
Num. of grids overlapping with atom    1 = 124628
Num. of grids overlapping with atom    2 = 124654
Num. of grids overlapping with atom    3 = 124529
Num. of grids overlapping with atom    4 = 124545

*******************************************************
             SCF calculation at MD =31                
*******************************************************

<MD=31>  Calculation of the overlap matrix
<MD=31>  Calculation of the nonlocal matrix
<MD=31>  Calculation of the VNA projector matrix

******************* MD=31  SCF= 1 *******************
<Restart>  Found restart files
<Poisson>  Poisson's equation using FFT...
<Band>  Solving the eigenvalue problem...
 KGrids1:  -0.45833  -0.37500  -0.29167  -0.20833  -0.12500  -0.04167   0.04167   0.12500   0.20833   0.29167   0.37500   0.45833 
 KGrids2:  -0.45833  -0.37500  -0.29167  -0.20833  -0.12500  -0.04167   0.04167   0.12500   0.20833   0.29167   0.37500   0.45833 
 KGrids3:  -0.47500  -0.42500  -0.37500  -0.32500  -0.27500  -0.22500  -0.17500  -0.12500  -0.07500  -0.02500   0.02500   0.07500   0.12500   0.17500   0.22500   0.27500   0.32500   0.37500   0.42500   0.47500 
<Band_DFT>  Eigen, time=0.740145
<Band_DFT>  DM, time=2.033157
    1   Sn  MulP   6.9999  6.9999 sum  13.9997
    2   Sn  MulP   7.0003  7.0003 sum  14.0006
    3   Sn  MulP   6.9999  6.9999 sum  13.9999
    4   Sn  MulP   6.9999  6.9999 sum  13.9998
 Sum of MulP: up   =    28.00000 down          =    28.00000
              total=    56.00000 ideal(neutral)=    56.00000
<DFT>  Total Spin Moment (muB) =  0.000000000000
<DFT>  Mixing_weight= 0.400000000000
<DFT>  Uele   =  -42.202197112013  dUele     =   1.000000000000
<DFT>  NormRD =    1.000000000000  Criterion =   0.000000100000

******************* MD=31  SCF= 2 *******************
<Poisson>  Poisson's equation using FFT...
<Set_Hamiltonian>  Hamiltonian matrix for VNA+dVH+Vxc...
<Band>  Solving the eigenvalue problem...
 KGrids1:  -0.45833  -0.37500  -0.29167  -0.20833  -0.12500  -0.04167   0.04167   0.12500   0.20833   0.29167   0.37500   0.45833 
 KGrids2:  -0.45833  -0.37500  -0.29167  -0.20833  -0.12500  -0.04167   0.04167   0.12500   0.20833   0.29167   0.37500   0.45833 
 KGrids3:  -0.47500  -0.42500  -0.37500  -0.32500  -0.27500  -0.22500  -0.17500  -0.12500  -0.07500  -0.02500   0.02500   0.07500   0.12500   0.17500   0.22500   0.27500   0.32500   0.37500   0.42500   0.47500 
<Band_DFT>  Eigen, time=0.735614
<Band_DFT>  DM, time=2.038622
    1   Sn  MulP   6.9999  6.9999 sum  13.9997
    2   Sn  MulP   7.0003  7.0003 sum  14.0006
    3   Sn  MulP   6.9999  6.9999 sum  13.9999
    4   Sn  MulP   6.9999  6.9999 sum  13.9998
 Sum of MulP: up   =    28.00000 down          =    28.00000
              total=    56.00000 ideal(neutral)=    56.00000
<DFT>  Total Spin Moment (muB) =  0.000000000000
<DFT>  Mixing_weight= 0.400000000000
<DFT>  Uele   =  -42.202197517885  dUele     =   0.000000405872
<DFT>  NormRD =    0.000057549218  Criterion =   0.000000100000

******************* MD=31  SCF= 3 *******************
<Poisson>  Poisson's equation using FFT...
<Set_Hamiltonian>  Hamiltonian matrix for VNA+dVH+Vxc...
<Band>  Solving the eigenvalue problem...
 KGrids1:  -0.45833  -0.37500  -0.29167  -0.20833  -0.12500  -0.04167   0.04167   0.12500   0.20833   0.29167   0.37500   0.45833 
 KGrids2:  -0.45833  -0.37500  -0.29167  -0.20833  -0.12500  -0.04167   0.04167   0.12500   0.20833   0.29167   0.37500   0.45833 
 KGrids3:  -0.47500  -0.42500  -0.37500  -0.32500  -0.27500  -0.22500  -0.17500  -0.12500  -0.07500  -0.02500   0.02500   0.07500   0.12500   0.17500   0.22500   0.27500   0.32500   0.37500   0.42500   0.47500 
<Band_DFT>  Eigen, time=0.738423
<Band_DFT>  DM, time=2.038572
    1   Sn  MulP   6.9999  6.9999 sum  13.9997
    2   Sn  MulP   7.0003  7.0003 sum  14.0006
    3   Sn  MulP   6.9999  6.9999 sum  13.9999
    4   Sn  MulP   6.9999  6.9999 sum  13.9998
 Sum of MulP: up   =    28.00000 down          =    28.00000
              total=    56.00000 ideal(neutral)=    56.00000
<DFT>  Total Spin Moment (muB) =  0.000000000000
<DFT>  Mixing_weight= 0.040000000000
<DFT>  Uele   =  -42.202197776517  dUele     =   0.000000258632
<DFT>  NormRD =    0.000039118218  Criterion =   0.000000100000

******************* MD=31  SCF= 4 *******************
<Poisson>  Poisson's equation using FFT...
<Set_Hamiltonian>  Hamiltonian matrix for VNA+dVH+Vxc...
<Band>  Solving the eigenvalue problem...
 KGrids1:  -0.45833  -0.37500  -0.29167  -0.20833  -0.12500  -0.04167   0.04167   0.12500   0.20833   0.29167   0.37500   0.45833 
 KGrids2:  -0.45833  -0.37500  -0.29167  -0.20833  -0.12500  -0.04167   0.04167   0.12500   0.20833   0.29167   0.37500   0.45833 
 KGrids3:  -0.47500  -0.42500  -0.37500  -0.32500  -0.27500  -0.22500  -0.17500  -0.12500  -0.07500  -0.02500   0.02500   0.07500   0.12500   0.17500   0.22500   0.27500   0.32500   0.37500   0.42500   0.47500 
<Band_DFT>  Eigen, time=0.733119
<Band_DFT>  DM, time=2.033921
    1   Sn  MulP   6.9999  6.9999 sum  13.9997
    2   Sn  MulP   7.0003  7.0003 sum  14.0006
    3   Sn  MulP   6.9999  6.9999 sum  13.9999
    4   Sn  MulP   6.9999  6.9999 sum  13.9998
 Sum of MulP: up   =    28.00000 down          =    28.00000
              total=    56.00000 ideal(neutral)=    56.00000
<DFT>  Total Spin Moment (muB) =  0.000000000000
<DFT>  Mixing_weight= 0.040000000000
<DFT>  Uele   =  -42.202198301660  dUele     =   0.000000525142
<DFT>  NormRD =    0.000004229390  Criterion =   0.000000100000

******************* MD=31  SCF= 5 *******************
<Poisson>  Poisson's equation using FFT...
<Set_Hamiltonian>  Hamiltonian matrix for VNA+dVH+Vxc...
<Band>  Solving the eigenvalue problem...
 KGrids1:  -0.45833  -0.37500  -0.29167  -0.20833  -0.12500  -0.04167   0.04167   0.12500   0.20833   0.29167   0.37500   0.45833 
 KGrids2:  -0.45833  -0.37500  -0.29167  -0.20833  -0.12500  -0.04167   0.04167   0.12500   0.20833   0.29167   0.37500   0.45833 
 KGrids3:  -0.47500  -0.42500  -0.37500  -0.32500  -0.27500  -0.22500  -0.17500  -0.12500  -0.07500  -0.02500   0.02500   0.07500   0.12500   0.17500   0.22500   0.27500   0.32500   0.37500   0.42500   0.47500 
<Band_DFT>  Eigen, time=0.735615
<Band_DFT>  DM, time=1.838110
    1   Sn  MulP   6.9999  6.9999 sum  13.9997
    2   Sn  MulP   7.0003  7.0003 sum  14.0006
    3   Sn  MulP   6.9999  6.9999 sum  13.9999
    4   Sn  MulP   6.9999  6.9999 sum  13.9998
 Sum of MulP: up   =    28.00000 down          =    28.00000
              total=    56.00000 ideal(neutral)=    56.00000
<DFT>  Total Spin Moment (muB) =  0.000000000000
<DFT>  Mixing_weight= 0.040000000000
<DFT>  Uele   =  -42.202198271605  dUele     =   0.000000030055
<DFT>  NormRD =    0.000003635846  Criterion =   0.000000100000
<MD=31>  Force calculation
  Force calculation #1
  Force calculation #2
  Force calculation #3
  Force calculation #4
  Force calculation #5
  Stress calculation #1
  Stress calculation #2
  Stress calculation #3
  Stress calculation #4
  Stress calculation #5
<MD=31>  Total Energy
  Force calculation #6
  Force calculation #7

*******************************************************
                  Dipole moment (Debye)                 
*******************************************************

 Absolute D      522.16064796

                      Dx                Dy                Dz
 Total           -363.75573139     -362.14105787      -95.85074003
 Core             403.44425484      401.43881987      321.47822765
 Electron        -767.19998623     -763.57987774     -417.32896768
 Back ground       -0.00000000       -0.00000000       -0.00000000

*******************************************************
               Stress tensor (Hartree/bohr^3)            
*******************************************************

       0.00001088        0.00000000       -0.00000001 
       0.00000000        0.00000592        0.00000000 
      -0.00000001        0.00000000        0.00000596 

*******************************************************
                Total Energy (Hartree) at MD =31        
*******************************************************

  Uele  =     -42.202198271605

  Ukin  =     203.434303131538
  UH0   =   -2699.768058047129
  UH1   =       0.004870406875
  Una   =    -149.407474831654
  Unl   =     -47.918481353082
  Uxc0  =     -25.234640069982
  Uxc1  =     -25.234640069982
  Ucore =    2459.966782010413
  Uhub  =       0.000000000000
  Ucs   =       0.000000000000
  Uzs   =       0.000000000000
  Uzo   =       0.000000000000
  Uef   =       0.000000000000
  UvdW  =       0.000000000000
  Uch   =       0.000000000000
  Utot  =    -284.157338823003

  UpV   =       0.000000000000
  Enpy  =    -284.157338823003
  Note:

  Uele:   band energy
  Ukin:   kinetic energy
  UH0:    electric part of screened Coulomb energy
  UH1:    difference electron-electron Coulomb energy
  Una:    neutral atom potential energy
  Unl:    non-local potential energy
  Uxc0:   exchange-correlation energy for alpha spin
  Uxc1:   exchange-correlation energy for beta spin
  Ucore:  core-core Coulomb energy
  Uhub:   LDA+U energy
  Ucs:    constraint energy for spin orientation
  Uzs:    Zeeman term for spin magnetic moment
  Uzo:    Zeeman term for orbital magnetic moment
  Uef:    electric energy by electric field
  UvdW:   semi-empirical vdW energy 
  Uch:    penalty term to create a core hole
  UpV:    pressure times volume
  Enpy:   Enthalpy = Utot + UpV
  (see also PRB 72, 045121(2005) for the energy contributions)


*******************************************************
           Computational times (s) at MD =31            
*******************************************************

  DFT in total      =   23.66425

  Set_OLP_Kin       =    0.70018
  Set_Nonlocal      =    0.95423
  Set_ProExpn_VNA   =    2.47042
  Set_Hamiltonian   =    1.03869
  Poisson           =    0.00081
  diagonalization   =   13.93782
  Mixing_DM         =    0.00391
  Force             =    1.72836
  Total_Energy      =    0.40967
  Set_Aden_Grid     =    0.00702
  Set_Orbitals_Grid =    0.09733
  Set_Density_Grid  =    0.39972
  RestartFileDFT    =    0.00362
  Mulliken_Charge   =    0.00093
  FFT(2D)_Density   =    0.00154

The SCF was achieved at MD=  31

*******************************************************
             MD or geometry opt. at MD =31              
*******************************************************

<BFGS>  |Maximum force| (Hartree/Bohr) = 0.000102242119
<BFGS>  Criterion       (Hartree/Bohr) = 0.000100000000

     atom=   1, XYZ(ang) Fxyz(a.u.)=  -0.0000   -0.0000   -0.0132    -0.0000   -0.0000   -0.0000
     atom=   2, XYZ(ang) Fxyz(a.u.)=   2.9998    2.9849    1.5713    -0.0000   -0.0000    0.0001
     atom=   3, XYZ(ang) Fxyz(a.u.)=  -0.0000    2.9849    0.8309     0.0000    0.0000    0.0001
     atom=   4, XYZ(ang) Fxyz(a.u.)=   2.9998   -0.0000    2.3900     0.0000   -0.0000    0.0000

*******************************************************
        Analysis of neighbors and setting of grids        
*******************************************************


*******************************************************
  Allocation of atoms to processors at MD_iter=   32     
*******************************************************

 proc =   0  # of atoms=   1  estimated weight=         1.00000
 proc =   1  # of atoms=   1  estimated weight=         1.00000
 proc =   2  # of atoms=   1  estimated weight=         1.00000
 proc =   3  # of atoms=   1  estimated weight=         1.00000
 proc =   4  # of atoms=   0  estimated weight=         0.00000
 proc =   5  # of atoms=   0  estimated weight=         0.00000
 proc =   6  # of atoms=   0  estimated weight=         0.00000
 proc =   7  # of atoms=   0  estimated weight=         0.00000
 proc =   8  # of atoms=   0  estimated weight=         0.00000
 proc =   9  # of atoms=   0  estimated weight=         0.00000
 proc =  10  # of atoms=   0  estimated weight=         0.00000
 proc =  11  # of atoms=   0  estimated weight=         0.00000
 proc =  12  # of atoms=   0  estimated weight=         0.00000
 proc =  13  # of atoms=   0  estimated weight=         0.00000
 proc =  14  # of atoms=   0  estimated weight=         0.00000
 proc =  15  # of atoms=   0  estimated weight=         0.00000



TFNAN=     256   Average FNAN=  64.00000
TSNAN=       0   Average SNAN=   0.00000
<truncation> CpyCell= 3 ct_AN=   1 FNAN SNAN  64   0
<truncation> CpyCell= 3 ct_AN=   2 FNAN SNAN  64   0
<truncation> CpyCell= 3 ct_AN=   3 FNAN SNAN  64   0
<truncation> CpyCell= 3 ct_AN=   4 FNAN SNAN  64   0
<UCell_Box> Info. of cutoff energy and num. of grids
lattice vectors (bohr)
A  = 11.337702133525,  0.000000000000,  0.000000000000
B  =  0.000000000000, 11.281295655248,  0.000000000000
C  =  0.000000000000,  0.000000000000,  6.081931916162
reciprocal lattice vectors (bohr^-1)
RA =  0.554185074999,  0.000000000000,  0.000000000000
RB =  0.000000000000,  0.556956000374,  0.000000000000
RC =  0.000000000000,  0.000000000000,  1.033090372236
Required cutoff energy (Ryd) for 3D-grids = 200.0000
    Used cutoff energy (Ryd) for 3D-grids = 191.9507, 193.8750, 194.5110
Num. of grids of a-, b-, and c-axes = 50, 50, 27
Cell_Volume =    777.903236248648 (Bohr^3)
GridVol     =      0.011524492389 (Bohr^3)
Cell vectors (bohr) of the grid cell (gtv)
  gtv_a =  0.226754042670,  0.000000000000,  0.000000000000
  gtv_b =  0.000000000000,  0.225625913105,  0.000000000000
  gtv_c =  0.000000000000,  0.000000000000,  0.225256737636
  |gtv_a| =  0.226754042670
  |gtv_b| =  0.225625913105
  |gtv_c| =  0.225256737636
Num. of grids overlapping with atom    1 = 124632
Num. of grids overlapping with atom    2 = 124682
Num. of grids overlapping with atom    3 = 124531
Num. of grids overlapping with atom    4 = 124545

*******************************************************
             SCF calculation at MD =32                
*******************************************************

<MD=32>  Calculation of the overlap matrix
<MD=32>  Calculation of the nonlocal matrix
<MD=32>  Calculation of the VNA projector matrix

******************* MD=32  SCF= 1 *******************
<Restart>  Found restart files
<Poisson>  Poisson's equation using FFT...
<Band>  Solving the eigenvalue problem...
 KGrids1:  -0.45833  -0.37500  -0.29167  -0.20833  -0.12500  -0.04167   0.04167   0.12500   0.20833   0.29167   0.37500   0.45833 
 KGrids2:  -0.45833  -0.37500  -0.29167  -0.20833  -0.12500  -0.04167   0.04167   0.12500   0.20833   0.29167   0.37500   0.45833 
 KGrids3:  -0.47500  -0.42500  -0.37500  -0.32500  -0.27500  -0.22500  -0.17500  -0.12500  -0.07500  -0.02500   0.02500   0.07500   0.12500   0.17500   0.22500   0.27500   0.32500   0.37500   0.42500   0.47500 
<Band_DFT>  Eigen, time=0.739780
<Band_DFT>  DM, time=1.929520
    1   Sn  MulP   6.9999  6.9999 sum  13.9997
    2   Sn  MulP   7.0003  7.0003 sum  14.0006
    3   Sn  MulP   6.9999  6.9999 sum  13.9999
    4   Sn  MulP   6.9999  6.9999 sum  13.9998
 Sum of MulP: up   =    28.00000 down          =    28.00000
              total=    56.00000 ideal(neutral)=    56.00000
<DFT>  Total Spin Moment (muB) =  0.000000000000
<DFT>  Mixing_weight= 0.400000000000
<DFT>  Uele   =  -42.202194809989  dUele     =   1.000000000000
<DFT>  NormRD =    1.000000000000  Criterion =   0.000000100000

******************* MD=32  SCF= 2 *******************
<Poisson>  Poisson's equation using FFT...
<Set_Hamiltonian>  Hamiltonian matrix for VNA+dVH+Vxc...
<Band>  Solving the eigenvalue problem...
 KGrids1:  -0.45833  -0.37500  -0.29167  -0.20833  -0.12500  -0.04167   0.04167   0.12500   0.20833   0.29167   0.37500   0.45833 
 KGrids2:  -0.45833  -0.37500  -0.29167  -0.20833  -0.12500  -0.04167   0.04167   0.12500   0.20833   0.29167   0.37500   0.45833 
 KGrids3:  -0.47500  -0.42500  -0.37500  -0.32500  -0.27500  -0.22500  -0.17500  -0.12500  -0.07500  -0.02500   0.02500   0.07500   0.12500   0.17500   0.22500   0.27500   0.32500   0.37500   0.42500   0.47500 
<Band_DFT>  Eigen, time=0.741759
<Band_DFT>  DM, time=1.839710
    1   Sn  MulP   6.9999  6.9999 sum  13.9997
    2   Sn  MulP   7.0003  7.0003 sum  14.0006
    3   Sn  MulP   6.9999  6.9999 sum  13.9999
    4   Sn  MulP   6.9999  6.9999 sum  13.9998
 Sum of MulP: up   =    28.00000 down          =    28.00000
              total=    56.00000 ideal(neutral)=    56.00000
<DFT>  Total Spin Moment (muB) =  0.000000000000
<DFT>  Mixing_weight= 0.400000000000
<DFT>  Uele   =  -42.202194894581  dUele     =   0.000000084591
<DFT>  NormRD =    0.000009197715  Criterion =   0.000000100000

******************* MD=32  SCF= 3 *******************
<Poisson>  Poisson's equation using FFT...
<Set_Hamiltonian>  Hamiltonian matrix for VNA+dVH+Vxc...
<Band>  Solving the eigenvalue problem...
 KGrids1:  -0.45833  -0.37500  -0.29167  -0.20833  -0.12500  -0.04167   0.04167   0.12500   0.20833   0.29167   0.37500   0.45833 
 KGrids2:  -0.45833  -0.37500  -0.29167  -0.20833  -0.12500  -0.04167   0.04167   0.12500   0.20833   0.29167   0.37500   0.45833 
 KGrids3:  -0.47500  -0.42500  -0.37500  -0.32500  -0.27500  -0.22500  -0.17500  -0.12500  -0.07500  -0.02500   0.02500   0.07500   0.12500   0.17500   0.22500   0.27500   0.32500   0.37500   0.42500   0.47500 
<Band_DFT>  Eigen, time=0.742267
<Band_DFT>  DM, time=1.929929
    1   Sn  MulP   6.9999  6.9999 sum  13.9997
    2   Sn  MulP   7.0003  7.0003 sum  14.0006
    3   Sn  MulP   6.9999  6.9999 sum  13.9999
    4   Sn  MulP   6.9999  6.9999 sum  13.9998
 Sum of MulP: up   =    28.00000 down          =    28.00000
              total=    56.00000 ideal(neutral)=    56.00000
<DFT>  Total Spin Moment (muB) =  0.000000000000
<DFT>  Mixing_weight= 0.040000000000
<DFT>  Uele   =  -42.202194938142  dUele     =   0.000000043561
<DFT>  NormRD =    0.000005800731  Criterion =   0.000000100000
<MD=32>  Force calculation
  Force calculation #1
  Force calculation #2
  Force calculation #3
  Force calculation #4
  Force calculation #5
  Stress calculation #1
  Stress calculation #2
  Stress calculation #3
  Stress calculation #4
  Stress calculation #5
<MD=32>  Total Energy
  Force calculation #6
  Force calculation #7

*******************************************************
                  Dipole moment (Debye)                 
*******************************************************

 Absolute D      522.16533369

                      Dx                Dy                Dz
 Total           -363.75515737     -362.14113152      -95.87816255
 Core             403.44510304      401.43880836      321.36922054
 Electron        -767.20026041     -763.57993988     -417.24738309
 Back ground       -0.00000000       -0.00000000       -0.00000000

*******************************************************
               Stress tensor (Hartree/bohr^3)            
*******************************************************

       0.00001072        0.00000000       -0.00000000 
       0.00000000        0.00000583        0.00000000 
      -0.00000000        0.00000000        0.00000568 

*******************************************************
                Total Energy (Hartree) at MD =32        
*******************************************************

  Uele  =     -42.202194938142

  Ukin  =     203.434329394422
  UH0   =   -2699.768346329643
  UH1   =       0.004870401899
  Una   =    -149.407490037909
  Unl   =     -47.918490952986
  Uxc0  =     -25.234640883118
  Uxc1  =     -25.234640883118
  Ucore =    2459.967070838197
  Uhub  =       0.000000000000
  Ucs   =       0.000000000000
  Uzs   =       0.000000000000
  Uzo   =       0.000000000000
  Uef   =       0.000000000000
  UvdW  =       0.000000000000
  Uch   =       0.000000000000
  Utot  =    -284.157338452255

  UpV   =       0.000000000000
  Enpy  =    -284.157338452255
  Note:

  Uele:   band energy
  Ukin:   kinetic energy
  UH0:    electric part of screened Coulomb energy
  UH1:    difference electron-electron Coulomb energy
  Una:    neutral atom potential energy
  Unl:    non-local potential energy
  Uxc0:   exchange-correlation energy for alpha spin
  Uxc1:   exchange-correlation energy for beta spin
  Ucore:  core-core Coulomb energy
  Uhub:   LDA+U energy
  Ucs:    constraint energy for spin orientation
  Uzs:    Zeeman term for spin magnetic moment
  Uzo:    Zeeman term for orbital magnetic moment
  Uef:    electric energy by electric field
  UvdW:   semi-empirical vdW energy 
  Uch:    penalty term to create a core hole
  UpV:    pressure times volume
  Enpy:   Enthalpy = Utot + UpV
  (see also PRB 72, 045121(2005) for the energy contributions)


*******************************************************
           Computational times (s) at MD =32            
*******************************************************

  DFT in total      =   19.01690

  Set_OLP_Kin       =    0.71026
  Set_Nonlocal      =    1.46989
  Set_ProExpn_VNA   =    3.02576
  Set_Hamiltonian   =    0.72335
  Poisson           =    0.00050
  diagonalization   =    8.08599
  Mixing_DM         =    0.00248
  Force             =    2.27940
  Total_Energy      =    0.40622
  Set_Aden_Grid     =    0.00766
  Set_Orbitals_Grid =    0.17000
  Set_Density_Grid  =    0.30922
  RestartFileDFT    =    0.00307
  Mulliken_Charge   =    0.00064
  FFT(2D)_Density   =    0.00114

The SCF was achieved at MD=  32

*******************************************************
             MD or geometry opt. at MD =32              
*******************************************************

<BFGS>  |Maximum force| (Hartree/Bohr) = 0.000244268860
<BFGS>  Criterion       (Hartree/Bohr) = 0.000100000000

     atom=   1, XYZ(ang) Fxyz(a.u.)=  -0.0000   -0.0000   -0.0132    -0.0000   -0.0000   -0.0000
     atom=   2, XYZ(ang) Fxyz(a.u.)=   2.9998    2.9849    1.5712     0.0000    0.0000    0.0001
     atom=   3, XYZ(ang) Fxyz(a.u.)=  -0.0000    2.9849    0.8307     0.0000    0.0000    0.0002
     atom=   4, XYZ(ang) Fxyz(a.u.)=   2.9998   -0.0000    2.3900     0.0000   -0.0000    0.0000

*******************************************************
        Analysis of neighbors and setting of grids        
*******************************************************


*******************************************************
  Allocation of atoms to processors at MD_iter=   33     
*******************************************************

 proc =   0  # of atoms=   1  estimated weight=         1.00000
 proc =   1  # of atoms=   1  estimated weight=         1.00000
 proc =   2  # of atoms=   1  estimated weight=         1.00000
 proc =   3  # of atoms=   1  estimated weight=         1.00000
 proc =   4  # of atoms=   0  estimated weight=         0.00000
 proc =   5  # of atoms=   0  estimated weight=         0.00000
 proc =   6  # of atoms=   0  estimated weight=         0.00000
 proc =   7  # of atoms=   0  estimated weight=         0.00000
 proc =   8  # of atoms=   0  estimated weight=         0.00000
 proc =   9  # of atoms=   0  estimated weight=         0.00000
 proc =  10  # of atoms=   0  estimated weight=         0.00000
 proc =  11  # of atoms=   0  estimated weight=         0.00000
 proc =  12  # of atoms=   0  estimated weight=         0.00000
 proc =  13  # of atoms=   0  estimated weight=         0.00000
 proc =  14  # of atoms=   0  estimated weight=         0.00000
 proc =  15  # of atoms=   0  estimated weight=         0.00000



TFNAN=     256   Average FNAN=  64.00000
TSNAN=       0   Average SNAN=   0.00000
<truncation> CpyCell= 3 ct_AN=   1 FNAN SNAN  64   0
<truncation> CpyCell= 3 ct_AN=   2 FNAN SNAN  64   0
<truncation> CpyCell= 3 ct_AN=   3 FNAN SNAN  64   0
<truncation> CpyCell= 3 ct_AN=   4 FNAN SNAN  64   0
<UCell_Box> Info. of cutoff energy and num. of grids
lattice vectors (bohr)
A  = 11.337702133525,  0.000000000000,  0.000000000000
B  =  0.000000000000, 11.281295655248,  0.000000000000
C  =  0.000000000000,  0.000000000000,  6.081931916162
reciprocal lattice vectors (bohr^-1)
RA =  0.554185074999,  0.000000000000,  0.000000000000
RB =  0.000000000000,  0.556956000374,  0.000000000000
RC =  0.000000000000,  0.000000000000,  1.033090372236
Required cutoff energy (Ryd) for 3D-grids = 200.0000
    Used cutoff energy (Ryd) for 3D-grids = 191.9507, 193.8750, 194.5110
Num. of grids of a-, b-, and c-axes = 50, 50, 27
Cell_Volume =    777.903236248648 (Bohr^3)
GridVol     =      0.011524492389 (Bohr^3)
Cell vectors (bohr) of the grid cell (gtv)
  gtv_a =  0.226754042670,  0.000000000000,  0.000000000000
  gtv_b =  0.000000000000,  0.225625913105,  0.000000000000
  gtv_c =  0.000000000000,  0.000000000000,  0.225256737636
  |gtv_a| =  0.226754042670
  |gtv_b| =  0.225625913105
  |gtv_c| =  0.225256737636
Num. of grids overlapping with atom    1 = 124632
Num. of grids overlapping with atom    2 = 124682
Num. of grids overlapping with atom    3 = 124543
Num. of grids overlapping with atom    4 = 124545

*******************************************************
             SCF calculation at MD =33                
*******************************************************

<MD=33>  Calculation of the overlap matrix
<MD=33>  Calculation of the nonlocal matrix
<MD=33>  Calculation of the VNA projector matrix

******************* MD=33  SCF= 1 *******************
<Restart>  Found restart files
<Poisson>  Poisson's equation using FFT...
<Band>  Solving the eigenvalue problem...
 KGrids1:  -0.45833  -0.37500  -0.29167  -0.20833  -0.12500  -0.04167   0.04167   0.12500   0.20833   0.29167   0.37500   0.45833 
 KGrids2:  -0.45833  -0.37500  -0.29167  -0.20833  -0.12500  -0.04167   0.04167   0.12500   0.20833   0.29167   0.37500   0.45833 
 KGrids3:  -0.47500  -0.42500  -0.37500  -0.32500  -0.27500  -0.22500  -0.17500  -0.12500  -0.07500  -0.02500   0.02500   0.07500   0.12500   0.17500   0.22500   0.27500   0.32500   0.37500   0.42500   0.47500 
<Band_DFT>  Eigen, time=0.740672
<Band_DFT>  DM, time=2.037796
    1   Sn  MulP   6.9999  6.9999 sum  13.9997
    2   Sn  MulP   7.0003  7.0003 sum  14.0006
    3   Sn  MulP   7.0000  7.0000 sum  13.9999
    4   Sn  MulP   6.9999  6.9999 sum  13.9998
 Sum of MulP: up   =    28.00000 down          =    28.00000
              total=    56.00000 ideal(neutral)=    56.00000
<DFT>  Total Spin Moment (muB) =  0.000000000000
<DFT>  Mixing_weight= 0.400000000000
<DFT>  Uele   =  -42.202194971706  dUele     =   1.000000000000
<DFT>  NormRD =    1.000000000000  Criterion =   0.000000100000

******************* MD=33  SCF= 2 *******************
<Poisson>  Poisson's equation using FFT...
<Set_Hamiltonian>  Hamiltonian matrix for VNA+dVH+Vxc...
<Band>  Solving the eigenvalue problem...
 KGrids1:  -0.45833  -0.37500  -0.29167  -0.20833  -0.12500  -0.04167   0.04167   0.12500   0.20833   0.29167   0.37500   0.45833 
 KGrids2:  -0.45833  -0.37500  -0.29167  -0.20833  -0.12500  -0.04167   0.04167   0.12500   0.20833   0.29167   0.37500   0.45833 
 KGrids3:  -0.47500  -0.42500  -0.37500  -0.32500  -0.27500  -0.22500  -0.17500  -0.12500  -0.07500  -0.02500   0.02500   0.07500   0.12500   0.17500   0.22500   0.27500   0.32500   0.37500   0.42500   0.47500 
<Band_DFT>  Eigen, time=0.741195
<Band_DFT>  DM, time=1.663061
    1   Sn  MulP   6.9999  6.9999 sum  13.9997
    2   Sn  MulP   7.0003  7.0003 sum  14.0006
    3   Sn  MulP   7.0000  7.0000 sum  13.9999
    4   Sn  MulP   6.9999  6.9999 sum  13.9998
 Sum of MulP: up   =    28.00000 down          =    28.00000
              total=    56.00000 ideal(neutral)=    56.00000
<DFT>  Total Spin Moment (muB) =  0.000000000000
<DFT>  Mixing_weight= 0.400000000000
<DFT>  Uele   =  -42.202194917622  dUele     =   0.000000054084
<DFT>  NormRD =    0.000010313081  Criterion =   0.000000100000

******************* MD=33  SCF= 3 *******************
<Poisson>  Poisson's equation using FFT...
<Set_Hamiltonian>  Hamiltonian matrix for VNA+dVH+Vxc...
<Band>  Solving the eigenvalue problem...
 KGrids1:  -0.45833  -0.37500  -0.29167  -0.20833  -0.12500  -0.04167   0.04167   0.12500   0.20833   0.29167   0.37500   0.45833 
 KGrids2:  -0.45833  -0.37500  -0.29167  -0.20833  -0.12500  -0.04167   0.04167   0.12500   0.20833   0.29167   0.37500   0.45833 
 KGrids3:  -0.47500  -0.42500  -0.37500  -0.32500  -0.27500  -0.22500  -0.17500  -0.12500  -0.07500  -0.02500   0.02500   0.07500   0.12500   0.17500   0.22500   0.27500   0.32500   0.37500   0.42500   0.47500 
<Band_DFT>  Eigen, time=0.518295
<Band_DFT>  DM, time=1.396165
    1   Sn  MulP   6.9999  6.9999 sum  13.9997
    2   Sn  MulP   7.0003  7.0003 sum  14.0006
    3   Sn  MulP   7.0000  7.0000 sum  13.9999
    4   Sn  MulP   6.9999  6.9999 sum  13.9998
 Sum of MulP: up   =    28.00000 down          =    28.00000
              total=    56.00000 ideal(neutral)=    56.00000
<DFT>  Total Spin Moment (muB) =  0.000000000000
<DFT>  Mixing_weight= 0.040000000000
<DFT>  Uele   =  -42.202194867571  dUele     =   0.000000050051
<DFT>  NormRD =    0.000006381474  Criterion =   0.000000100000
<MD=33>  Force calculation
  Force calculation #1
  Force calculation #2
  Force calculation #3
  Force calculation #4
  Force calculation #5
  Stress calculation #1
  Stress calculation #2
  Stress calculation #3
  Stress calculation #4
  Stress calculation #5
<MD=33>  Total Energy
  Force calculation #6
  Force calculation #7

*******************************************************
                  Dipole moment (Debye)                 
*******************************************************

 Absolute D      522.16686054

                      Dx                Dy                Dz
 Total           -363.75513964     -362.14115693      -95.88644892
 Core             403.44508524      401.43880298      321.34618192
 Electron        -767.20022489     -763.57995990     -417.23263084
 Back ground       -0.00000000       -0.00000000       -0.00000000

*******************************************************
               Stress tensor (Hartree/bohr^3)            
*******************************************************

       0.00001071        0.00000000       -0.00000000 
       0.00000000        0.00000580        0.00000000 
      -0.00000000        0.00000000        0.00000563 

*******************************************************
                Total Energy (Hartree) at MD =33        
*******************************************************

  Uele  =     -42.202194867571

  Ukin  =     203.434331043192
  UH0   =   -2699.768470916463
  UH1   =       0.004870408238
  Una   =    -149.407491868310
  Unl   =     -47.918491000968
  Uxc0  =     -25.234641056088
  Uxc1  =     -25.234641056088
  Ucore =    2459.967195849065
  Uhub  =       0.000000000000
  Ucs   =       0.000000000000
  Uzs   =       0.000000000000
  Uzo   =       0.000000000000
  Uef   =       0.000000000000
  UvdW  =       0.000000000000
  Uch   =       0.000000000000
  Utot  =    -284.157338597422

  UpV   =       0.000000000000
  Enpy  =    -284.157338597422
  Note:

  Uele:   band energy
  Ukin:   kinetic energy
  UH0:    electric part of screened Coulomb energy
  UH1:    difference electron-electron Coulomb energy
  Una:    neutral atom potential energy
  Unl:    non-local potential energy
  Uxc0:   exchange-correlation energy for alpha spin
  Uxc1:   exchange-correlation energy for beta spin
  Ucore:  core-core Coulomb energy
  Uhub:   LDA+U energy
  Ucs:    constraint energy for spin orientation
  Uzs:    Zeeman term for spin magnetic moment
  Uzo:    Zeeman term for orbital magnetic moment
  Uef:    electric energy by electric field
  UvdW:   semi-empirical vdW energy 
  Uch:    penalty term to create a core hole
  UpV:    pressure times volume
  Enpy:   Enthalpy = Utot + UpV
  (see also PRB 72, 045121(2005) for the energy contributions)


*******************************************************
           Computational times (s) at MD =33            
*******************************************************

  DFT in total      =   17.82945

  Set_OLP_Kin       =    0.70394
  Set_Nonlocal      =    1.46279
  Set_ProExpn_VNA   =    2.89521
  Set_Hamiltonian   =    0.73566
  Poisson           =    0.00051
  diagonalization   =    7.26122
  Mixing_DM         =    0.00224
  Force             =    2.01062
  Total_Energy      =    0.42443
  Set_Aden_Grid     =    0.00704
  Set_Orbitals_Grid =    0.09793
  Set_Density_Grid  =    0.31451
  RestartFileDFT    =    0.00340
  Mulliken_Charge   =    0.00066
  FFT(2D)_Density   =    0.00113

The SCF was achieved at MD=  33

*******************************************************
             MD or geometry opt. at MD =33              
*******************************************************

<BFGS>  |Maximum force| (Hartree/Bohr) = 0.000339233940
<BFGS>  Criterion       (Hartree/Bohr) = 0.000100000000

     atom=   1, XYZ(ang) Fxyz(a.u.)=   0.0000   -0.0000   -0.0132    -0.0000   -0.0000   -0.0000
     atom=   2, XYZ(ang) Fxyz(a.u.)=   2.9998    2.9849    1.5701     0.0000    0.0000    0.0001
     atom=   3, XYZ(ang) Fxyz(a.u.)=  -0.0000    2.9849    0.8308     0.0000    0.0000    0.0003
     atom=   4, XYZ(ang) Fxyz(a.u.)=   2.9998   -0.0000    2.3900     0.0000   -0.0000   -0.0000

*******************************************************
        Analysis of neighbors and setting of grids        
*******************************************************


*******************************************************
  Allocation of atoms to processors at MD_iter=   34     
*******************************************************

 proc =   0  # of atoms=   1  estimated weight=         1.00000
 proc =   1  # of atoms=   1  estimated weight=         1.00000
 proc =   2  # of atoms=   1  estimated weight=         1.00000
 proc =   3  # of atoms=   1  estimated weight=         1.00000
 proc =   4  # of atoms=   0  estimated weight=         0.00000
 proc =   5  # of atoms=   0  estimated weight=         0.00000
 proc =   6  # of atoms=   0  estimated weight=         0.00000
 proc =   7  # of atoms=   0  estimated weight=         0.00000
 proc =   8  # of atoms=   0  estimated weight=         0.00000
 proc =   9  # of atoms=   0  estimated weight=         0.00000
 proc =  10  # of atoms=   0  estimated weight=         0.00000
 proc =  11  # of atoms=   0  estimated weight=         0.00000
 proc =  12  # of atoms=   0  estimated weight=         0.00000
 proc =  13  # of atoms=   0  estimated weight=         0.00000
 proc =  14  # of atoms=   0  estimated weight=         0.00000
 proc =  15  # of atoms=   0  estimated weight=         0.00000



TFNAN=     256   Average FNAN=  64.00000
TSNAN=       0   Average SNAN=   0.00000
<truncation> CpyCell= 3 ct_AN=   1 FNAN SNAN  64   0
<truncation> CpyCell= 3 ct_AN=   2 FNAN SNAN  64   0
<truncation> CpyCell= 3 ct_AN=   3 FNAN SNAN  64   0
<truncation> CpyCell= 3 ct_AN=   4 FNAN SNAN  64   0
<UCell_Box> Info. of cutoff energy and num. of grids
lattice vectors (bohr)
A  = 11.337702133525,  0.000000000000,  0.000000000000
B  =  0.000000000000, 11.281295655248,  0.000000000000
C  =  0.000000000000,  0.000000000000,  6.081931916162
reciprocal lattice vectors (bohr^-1)
RA =  0.554185074999,  0.000000000000,  0.000000000000
RB =  0.000000000000,  0.556956000374,  0.000000000000
RC =  0.000000000000,  0.000000000000,  1.033090372236
Required cutoff energy (Ryd) for 3D-grids = 200.0000
    Used cutoff energy (Ryd) for 3D-grids = 191.9507, 193.8750, 194.5110
Num. of grids of a-, b-, and c-axes = 50, 50, 27
Cell_Volume =    777.903236248648 (Bohr^3)
GridVol     =      0.011524492389 (Bohr^3)
Cell vectors (bohr) of the grid cell (gtv)
  gtv_a =  0.226754042670,  0.000000000000,  0.000000000000
  gtv_b =  0.000000000000,  0.225625913105,  0.000000000000
  gtv_c =  0.000000000000,  0.000000000000,  0.225256737636
  |gtv_a| =  0.226754042670
  |gtv_b| =  0.225625913105
  |gtv_c| =  0.225256737636
Num. of grids overlapping with atom    1 = 124632
Num. of grids overlapping with atom    2 = 124658
Num. of grids overlapping with atom    3 = 124543
Num. of grids overlapping with atom    4 = 124545

*******************************************************
             SCF calculation at MD =34                
*******************************************************

<MD=34>  Calculation of the overlap matrix
<MD=34>  Calculation of the nonlocal matrix
<MD=34>  Calculation of the VNA projector matrix

******************* MD=34  SCF= 1 *******************
<Restart>  Found restart files
<Poisson>  Poisson's equation using FFT...
<Band>  Solving the eigenvalue problem...
 KGrids1:  -0.45833  -0.37500  -0.29167  -0.20833  -0.12500  -0.04167   0.04167   0.12500   0.20833   0.29167   0.37500   0.45833 
 KGrids2:  -0.45833  -0.37500  -0.29167  -0.20833  -0.12500  -0.04167   0.04167   0.12500   0.20833   0.29167   0.37500   0.45833 
 KGrids3:  -0.47500  -0.42500  -0.37500  -0.32500  -0.27500  -0.22500  -0.17500  -0.12500  -0.07500  -0.02500   0.02500   0.07500   0.12500   0.17500   0.22500   0.27500   0.32500   0.37500   0.42500   0.47500 
<Band_DFT>  Eigen, time=0.675410
<Band_DFT>  DM, time=1.817587
    1   Sn  MulP   6.9999  6.9999 sum  13.9997
    2   Sn  MulP   7.0003  7.0003 sum  14.0006
    3   Sn  MulP   7.0000  7.0000 sum  13.9999
    4   Sn  MulP   6.9999  6.9999 sum  13.9998
 Sum of MulP: up   =    28.00000 down          =    28.00000
              total=    56.00000 ideal(neutral)=    56.00000
<DFT>  Total Spin Moment (muB) =  0.000000000000
<DFT>  Mixing_weight= 0.400000000000
<DFT>  Uele   =  -42.202191640590  dUele     =   1.000000000000
<DFT>  NormRD =    1.000000000000  Criterion =   0.000000100000

******************* MD=34  SCF= 2 *******************
<Poisson>  Poisson's equation using FFT...
<Set_Hamiltonian>  Hamiltonian matrix for VNA+dVH+Vxc...
<Band>  Solving the eigenvalue problem...
 KGrids1:  -0.45833  -0.37500  -0.29167  -0.20833  -0.12500  -0.04167   0.04167   0.12500   0.20833   0.29167   0.37500   0.45833 
 KGrids2:  -0.45833  -0.37500  -0.29167  -0.20833  -0.12500  -0.04167   0.04167   0.12500   0.20833   0.29167   0.37500   0.45833 
 KGrids3:  -0.47500  -0.42500  -0.37500  -0.32500  -0.27500  -0.22500  -0.17500  -0.12500  -0.07500  -0.02500   0.02500   0.07500   0.12500   0.17500   0.22500   0.27500   0.32500   0.37500   0.42500   0.47500 
<Band_DFT>  Eigen, time=0.682579
<Band_DFT>  DM, time=1.418314
    1   Sn  MulP   6.9999  6.9999 sum  13.9997
    2   Sn  MulP   7.0003  7.0003 sum  14.0006
    3   Sn  MulP   7.0000  7.0000 sum  13.9999
    4   Sn  MulP   6.9999  6.9999 sum  13.9998
 Sum of MulP: up   =    28.00000 down          =    28.00000
              total=    56.00000 ideal(neutral)=    56.00000
<DFT>  Total Spin Moment (muB) =  0.000000000000
<DFT>  Mixing_weight= 0.400000000000
<DFT>  Uele   =  -42.202188479106  dUele     =   0.000003161484
<DFT>  NormRD =    0.000285948330  Criterion =   0.000000100000

******************* MD=34  SCF= 3 *******************
<Poisson>  Poisson's equation using FFT...
<Set_Hamiltonian>  Hamiltonian matrix for VNA+dVH+Vxc...
<Band>  Solving the eigenvalue problem...
 KGrids1:  -0.45833  -0.37500  -0.29167  -0.20833  -0.12500  -0.04167   0.04167   0.12500   0.20833   0.29167   0.37500   0.45833 
 KGrids2:  -0.45833  -0.37500  -0.29167  -0.20833  -0.12500  -0.04167   0.04167   0.12500   0.20833   0.29167   0.37500   0.45833 
 KGrids3:  -0.47500  -0.42500  -0.37500  -0.32500  -0.27500  -0.22500  -0.17500  -0.12500  -0.07500  -0.02500   0.02500   0.07500   0.12500   0.17500   0.22500   0.27500   0.32500   0.37500   0.42500   0.47500 
<Band_DFT>  Eigen, time=0.800108
<Band_DFT>  DM, time=1.881495
    1   Sn  MulP   6.9999  6.9999 sum  13.9997
    2   Sn  MulP   7.0003  7.0003 sum  14.0006
    3   Sn  MulP   7.0000  7.0000 sum  13.9999
    4   Sn  MulP   6.9999  6.9999 sum  13.9998
 Sum of MulP: up   =    28.00000 down          =    28.00000
              total=    56.00000 ideal(neutral)=    56.00000
<DFT>  Total Spin Moment (muB) =  0.000000000000
<DFT>  Mixing_weight= 0.040000000000
<DFT>  Uele   =  -42.202186751038  dUele     =   0.000001728067
<DFT>  NormRD =    0.000195416521  Criterion =   0.000000100000

******************* MD=34  SCF= 4 *******************
<Poisson>  Poisson's equation using FFT...
<Set_Hamiltonian>  Hamiltonian matrix for VNA+dVH+Vxc...
<Band>  Solving the eigenvalue problem...
 KGrids1:  -0.45833  -0.37500  -0.29167  -0.20833  -0.12500  -0.04167   0.04167   0.12500   0.20833   0.29167   0.37500   0.45833 
 KGrids2:  -0.45833  -0.37500  -0.29167  -0.20833  -0.12500  -0.04167   0.04167   0.12500   0.20833   0.29167   0.37500   0.45833 
 KGrids3:  -0.47500  -0.42500  -0.37500  -0.32500  -0.27500  -0.22500  -0.17500  -0.12500  -0.07500  -0.02500   0.02500   0.07500   0.12500   0.17500   0.22500   0.27500   0.32500   0.37500   0.42500   0.47500 
<Band_DFT>  Eigen, time=0.780232
<Band_DFT>  DM, time=1.651318
    1   Sn  MulP   6.9999  6.9999 sum  13.9997
    2   Sn  MulP   7.0003  7.0003 sum  14.0006
    3   Sn  MulP   7.0000  7.0000 sum  13.9999
    4   Sn  MulP   6.9999  6.9999 sum  13.9998
 Sum of MulP: up   =    28.00000 down          =    28.00000
              total=    56.00000 ideal(neutral)=    56.00000
<DFT>  Total Spin Moment (muB) =  0.000000000000
<DFT>  Mixing_weight= 0.040000000000
<DFT>  Uele   =  -42.202186307802  dUele     =   0.000000443236
<DFT>  NormRD =    0.000018062465  Criterion =   0.000000100000

******************* MD=34  SCF= 5 *******************
<Poisson>  Poisson's equation using FFT...
<Set_Hamiltonian>  Hamiltonian matrix for VNA+dVH+Vxc...
<Band>  Solving the eigenvalue problem...
 KGrids1:  -0.45833  -0.37500  -0.29167  -0.20833  -0.12500  -0.04167   0.04167   0.12500   0.20833   0.29167   0.37500   0.45833 
 KGrids2:  -0.45833  -0.37500  -0.29167  -0.20833  -0.12500  -0.04167   0.04167   0.12500   0.20833   0.29167   0.37500   0.45833 
 KGrids3:  -0.47500  -0.42500  -0.37500  -0.32500  -0.27500  -0.22500  -0.17500  -0.12500  -0.07500  -0.02500   0.02500   0.07500   0.12500   0.17500   0.22500   0.27500   0.32500   0.37500   0.42500   0.47500 
<Band_DFT>  Eigen, time=0.570582
<Band_DFT>  DM, time=1.457375
    1   Sn  MulP   6.9999  6.9999 sum  13.9997
    2   Sn  MulP   7.0003  7.0003 sum  14.0006
    3   Sn  MulP   7.0000  7.0000 sum  13.9999
    4   Sn  MulP   6.9999  6.9999 sum  13.9998
 Sum of MulP: up   =    28.00000 down          =    28.00000
              total=    56.00000 ideal(neutral)=    56.00000
<DFT>  Total Spin Moment (muB) =  0.000000000000
<DFT>  Mixing_weight= 0.040000000000
<DFT>  Uele   =  -42.202185613108  dUele     =   0.000000694694
<DFT>  NormRD =    0.000008860210  Criterion =   0.000000100000

******************* MD=34  SCF= 6 *******************
<Poisson>  Poisson's equation using FFT...
<Set_Hamiltonian>  Hamiltonian matrix for VNA+dVH+Vxc...
<Band>  Solving the eigenvalue problem...
 KGrids1:  -0.45833  -0.37500  -0.29167  -0.20833  -0.12500  -0.04167   0.04167   0.12500   0.20833   0.29167   0.37500   0.45833 
 KGrids2:  -0.45833  -0.37500  -0.29167  -0.20833  -0.12500  -0.04167   0.04167   0.12500   0.20833   0.29167   0.37500   0.45833 
 KGrids3:  -0.47500  -0.42500  -0.37500  -0.32500  -0.27500  -0.22500  -0.17500  -0.12500  -0.07500  -0.02500   0.02500   0.07500   0.12500   0.17500   0.22500   0.27500   0.32500   0.37500   0.42500   0.47500 
<Band_DFT>  Eigen, time=0.516669
<Band_DFT>  DM, time=1.391956
    1   Sn  MulP   6.9999  6.9999 sum  13.9997
    2   Sn  MulP   7.0003  7.0003 sum  14.0006
    3   Sn  MulP   7.0000  7.0000 sum  13.9999
    4   Sn  MulP   6.9999  6.9999 sum  13.9998
 Sum of MulP: up   =    28.00000 down          =    28.00000
              total=    56.00000 ideal(neutral)=    56.00000
<DFT>  Total Spin Moment (muB) =  0.000000000000
<DFT>  Mixing_weight= 0.040000000000
<DFT>  Uele   =  -42.202185758459  dUele     =   0.000000145351
<DFT>  NormRD =    0.000011531432  Criterion =   0.000000100000

******************* MD=34  SCF= 7 *******************
<Poisson>  Poisson's equation using FFT...
<Set_Hamiltonian>  Hamiltonian matrix for VNA+dVH+Vxc...
<Band>  Solving the eigenvalue problem...
 KGrids1:  -0.45833  -0.37500  -0.29167  -0.20833  -0.12500  -0.04167   0.04167   0.12500   0.20833   0.29167   0.37500   0.45833 
 KGrids2:  -0.45833  -0.37500  -0.29167  -0.20833  -0.12500  -0.04167   0.04167   0.12500   0.20833   0.29167   0.37500   0.45833 
 KGrids3:  -0.47500  -0.42500  -0.37500  -0.32500  -0.27500  -0.22500  -0.17500  -0.12500  -0.07500  -0.02500   0.02500   0.07500   0.12500   0.17500   0.22500   0.27500   0.32500   0.37500   0.42500   0.47500 
<Band_DFT>  Eigen, time=0.780113
<Band_DFT>  DM, time=1.349534
    1   Sn  MulP   6.9999  6.9999 sum  13.9997
    2   Sn  MulP   7.0003  7.0003 sum  14.0006
    3   Sn  MulP   7.0000  7.0000 sum  13.9999
    4   Sn  MulP   6.9999  6.9999 sum  13.9998
 Sum of MulP: up   =    28.00000 down          =    28.00000
              total=    56.00000 ideal(neutral)=    56.00000
<DFT>  Total Spin Moment (muB) =  0.000000000000
<DFT>  Mixing_weight= 0.040000000000
<DFT>  Uele   =  -42.202185859870  dUele     =   0.000000101411
<DFT>  NormRD =    0.000000478839  Criterion =   0.000000100000

******************* MD=34  SCF= 8 *******************
<Poisson>  Poisson's equation using FFT...
<Set_Hamiltonian>  Hamiltonian matrix for VNA+dVH+Vxc...
<Band>  Solving the eigenvalue problem...
 KGrids1:  -0.45833  -0.37500  -0.29167  -0.20833  -0.12500  -0.04167   0.04167   0.12500   0.20833   0.29167   0.37500   0.45833 
 KGrids2:  -0.45833  -0.37500  -0.29167  -0.20833  -0.12500  -0.04167   0.04167   0.12500   0.20833   0.29167   0.37500   0.45833 
 KGrids3:  -0.47500  -0.42500  -0.37500  -0.32500  -0.27500  -0.22500  -0.17500  -0.12500  -0.07500  -0.02500   0.02500   0.07500   0.12500   0.17500   0.22500   0.27500   0.32500   0.37500   0.42500   0.47500 
<Band_DFT>  Eigen, time=0.513824
<Band_DFT>  DM, time=1.389456
    1   Sn  MulP   6.9999  6.9999 sum  13.9997
    2   Sn  MulP   7.0003  7.0003 sum  14.0006
    3   Sn  MulP   7.0000  7.0000 sum  13.9999
    4   Sn  MulP   6.9999  6.9999 sum  13.9998
 Sum of MulP: up   =    28.00000 down          =    28.00000
              total=    56.00000 ideal(neutral)=    56.00000
<DFT>  Total Spin Moment (muB) =  0.000000000000
<DFT>  Mixing_weight= 0.040000000000
<DFT>  Uele   =  -42.202185829938  dUele     =   0.000000029932
<DFT>  NormRD =    0.000000605822  Criterion =   0.000000100000
<MD=34>  Force calculation
  Force calculation #1
  Force calculation #2
  Force calculation #3
  Force calculation #4
  Force calculation #5
  Stress calculation #1
  Stress calculation #2
  Stress calculation #3
  Stress calculation #4
  Stress calculation #5
<MD=34>  Total Energy
  Force calculation #6
  Force calculation #7

*******************************************************
                  Dipole moment (Debye)                 
*******************************************************

 Absolute D      522.16699095

                      Dx                Dy                Dz
 Total           -363.75410749     -362.14105579      -95.89145655
 Core             403.44708668      401.43881814      321.27564908
 Electron        -767.20119417     -763.57987392     -417.16710563
 Back ground       -0.00000000       -0.00000000       -0.00000000

*******************************************************
               Stress tensor (Hartree/bohr^3)            
*******************************************************

       0.00001050        0.00000000        0.00000000 
       0.00000000        0.00000592        0.00000000 
       0.00000000        0.00000000        0.00000541 

*******************************************************
                Total Energy (Hartree) at MD =34        
*******************************************************

  Uele  =     -42.202185829938

  Ukin  =     203.434382056383
  UH0   =   -2699.767906812923
  UH1   =       0.004870312251
  Una   =    -149.407511009879
  Unl   =     -47.918516647587
  Uxc0  =     -25.234642705974
  Uxc1  =     -25.234642705974
  Ucore =    2459.966628332556
  Uhub  =       0.000000000000
  Ucs   =       0.000000000000
  Uzs   =       0.000000000000
  Uzo   =       0.000000000000
  Uef   =       0.000000000000
  UvdW  =       0.000000000000
  Uch   =       0.000000000000
  Utot  =    -284.157339181148

  UpV   =       0.000000000000
  Enpy  =    -284.157339181148
  Note:

  Uele:   band energy
  Ukin:   kinetic energy
  UH0:    electric part of screened Coulomb energy
  UH1:    difference electron-electron Coulomb energy
  Una:    neutral atom potential energy
  Unl:    non-local potential energy
  Uxc0:   exchange-correlation energy for alpha spin
  Uxc1:   exchange-correlation energy for beta spin
  Ucore:  core-core Coulomb energy
  Uhub:   LDA+U energy
  Ucs:    constraint energy for spin orientation
  Uzs:    Zeeman term for spin magnetic moment
  Uzo:    Zeeman term for orbital magnetic moment
  Uef:    electric energy by electric field
  UvdW:   semi-empirical vdW energy 
  Uch:    penalty term to create a core hole
  UpV:    pressure times volume
  Enpy:   Enthalpy = Utot + UpV
  (see also PRB 72, 045121(2005) for the energy contributions)


*******************************************************
           Computational times (s) at MD =34            
*******************************************************

  DFT in total      =   29.88672

  Set_OLP_Kin       =    0.91346
  Set_Nonlocal      =    1.17066
  Set_ProExpn_VNA   =    3.01515
  Set_Hamiltonian   =    1.76484
  Poisson           =    0.00116
  diagonalization   =   18.20448
  Mixing_DM         =    0.00550
  Force             =    1.78760
  Total_Energy      =    0.40882
  Set_Aden_Grid     =    0.00728
  Set_Orbitals_Grid =    0.13599
  Set_Density_Grid  =    0.64750
  RestartFileDFT    =    0.00284
  Mulliken_Charge   =    0.00121
  FFT(2D)_Density   =    0.00194

The SCF was achieved at MD=  34

*******************************************************
             MD or geometry opt. at MD =34              
*******************************************************

<BFGS>  |Maximum force| (Hartree/Bohr) = 0.000492201075
<BFGS>  Criterion       (Hartree/Bohr) = 0.000100000000

     atom=   1, XYZ(ang) Fxyz(a.u.)=  -0.0000   -0.0000   -0.0132    -0.0000   -0.0000    0.0000
     atom=   2, XYZ(ang) Fxyz(a.u.)=   2.9998    2.9849    1.5718    -0.0000    0.0000    0.0005
     atom=   3, XYZ(ang) Fxyz(a.u.)=  -0.0000    2.9849    0.8316    -0.0000    0.0000    0.0003
     atom=   4, XYZ(ang) Fxyz(a.u.)=   2.9998   -0.0000    2.3901     0.0000   -0.0000   -0.0000

*******************************************************
        Analysis of neighbors and setting of grids        
*******************************************************


*******************************************************
  Allocation of atoms to processors at MD_iter=   35     
*******************************************************

 proc =   0  # of atoms=   1  estimated weight=         1.00000
 proc =   1  # of atoms=   1  estimated weight=         1.00000
 proc =   2  # of atoms=   1  estimated weight=         1.00000
 proc =   3  # of atoms=   1  estimated weight=         1.00000
 proc =   4  # of atoms=   0  estimated weight=         0.00000
 proc =   5  # of atoms=   0  estimated weight=         0.00000
 proc =   6  # of atoms=   0  estimated weight=         0.00000
 proc =   7  # of atoms=   0  estimated weight=         0.00000
 proc =   8  # of atoms=   0  estimated weight=         0.00000
 proc =   9  # of atoms=   0  estimated weight=         0.00000
 proc =  10  # of atoms=   0  estimated weight=         0.00000
 proc =  11  # of atoms=   0  estimated weight=         0.00000
 proc =  12  # of atoms=   0  estimated weight=         0.00000
 proc =  13  # of atoms=   0  estimated weight=         0.00000
 proc =  14  # of atoms=   0  estimated weight=         0.00000
 proc =  15  # of atoms=   0  estimated weight=         0.00000



TFNAN=     256   Average FNAN=  64.00000
TSNAN=       0   Average SNAN=   0.00000
<truncation> CpyCell= 3 ct_AN=   1 FNAN SNAN  64   0
<truncation> CpyCell= 3 ct_AN=   2 FNAN SNAN  64   0
<truncation> CpyCell= 3 ct_AN=   3 FNAN SNAN  64   0
<truncation> CpyCell= 3 ct_AN=   4 FNAN SNAN  64   0
<UCell_Box> Info. of cutoff energy and num. of grids
lattice vectors (bohr)
A  = 11.337702133525,  0.000000000000,  0.000000000000
B  =  0.000000000000, 11.281295655248,  0.000000000000
C  =  0.000000000000,  0.000000000000,  6.081931916162
reciprocal lattice vectors (bohr^-1)
RA =  0.554185074999,  0.000000000000,  0.000000000000
RB =  0.000000000000,  0.556956000374,  0.000000000000
RC =  0.000000000000,  0.000000000000,  1.033090372236
Required cutoff energy (Ryd) for 3D-grids = 200.0000
    Used cutoff energy (Ryd) for 3D-grids = 191.9507, 193.8750, 194.5110
Num. of grids of a-, b-, and c-axes = 50, 50, 27
Cell_Volume =    777.903236248648 (Bohr^3)
GridVol     =      0.011524492389 (Bohr^3)
Cell vectors (bohr) of the grid cell (gtv)
  gtv_a =  0.226754042670,  0.000000000000,  0.000000000000
  gtv_b =  0.000000000000,  0.225625913105,  0.000000000000
  gtv_c =  0.000000000000,  0.000000000000,  0.225256737636
  |gtv_a| =  0.226754042670
  |gtv_b| =  0.225625913105
  |gtv_c| =  0.225256737636
Num. of grids overlapping with atom    1 = 124632
Num. of grids overlapping with atom    2 = 124667
Num. of grids overlapping with atom    3 = 124521
Num. of grids overlapping with atom    4 = 124545

*******************************************************
             SCF calculation at MD =35                
*******************************************************

<MD=35>  Calculation of the overlap matrix
<MD=35>  Calculation of the nonlocal matrix
<MD=35>  Calculation of the VNA projector matrix

******************* MD=35  SCF= 1 *******************
<Restart>  Found restart files
<Poisson>  Poisson's equation using FFT...
<Band>  Solving the eigenvalue problem...
 KGrids1:  -0.45833  -0.37500  -0.29167  -0.20833  -0.12500  -0.04167   0.04167   0.12500   0.20833   0.29167   0.37500   0.45833 
 KGrids2:  -0.45833  -0.37500  -0.29167  -0.20833  -0.12500  -0.04167   0.04167   0.12500   0.20833   0.29167   0.37500   0.45833 
 KGrids3:  -0.47500  -0.42500  -0.37500  -0.32500  -0.27500  -0.22500  -0.17500  -0.12500  -0.07500  -0.02500   0.02500   0.07500   0.12500   0.17500   0.22500   0.27500   0.32500   0.37500   0.42500   0.47500 
<Band_DFT>  Eigen, time=0.744981
<Band_DFT>  DM, time=1.744772
    1   Sn  MulP   6.9999  6.9999 sum  13.9997
    2   Sn  MulP   7.0003  7.0003 sum  14.0006
    3   Sn  MulP   6.9999  6.9999 sum  13.9999
    4   Sn  MulP   6.9999  6.9999 sum  13.9998
 Sum of MulP: up   =    28.00000 down          =    28.00000
              total=    56.00000 ideal(neutral)=    56.00000
<DFT>  Total Spin Moment (muB) =  0.000000000000
<DFT>  Mixing_weight= 0.400000000000
<DFT>  Uele   =  -42.202197199839  dUele     =   1.000000000000
<DFT>  NormRD =    1.000000000000  Criterion =   0.000000100000

******************* MD=35  SCF= 2 *******************
<Poisson>  Poisson's equation using FFT...
<Set_Hamiltonian>  Hamiltonian matrix for VNA+dVH+Vxc...
<Band>  Solving the eigenvalue problem...
 KGrids1:  -0.45833  -0.37500  -0.29167  -0.20833  -0.12500  -0.04167   0.04167   0.12500   0.20833   0.29167   0.37500   0.45833 
 KGrids2:  -0.45833  -0.37500  -0.29167  -0.20833  -0.12500  -0.04167   0.04167   0.12500   0.20833   0.29167   0.37500   0.45833 
 KGrids3:  -0.47500  -0.42500  -0.37500  -0.32500  -0.27500  -0.22500  -0.17500  -0.12500  -0.07500  -0.02500   0.02500   0.07500   0.12500   0.17500   0.22500   0.27500   0.32500   0.37500   0.42500   0.47500 
<Band_DFT>  Eigen, time=0.779215
<Band_DFT>  DM, time=1.996814
    1   Sn  MulP   6.9999  6.9999 sum  13.9997
    2   Sn  MulP   7.0003  7.0003 sum  14.0006
    3   Sn  MulP   6.9999  6.9999 sum  13.9999
    4   Sn  MulP   6.9999  6.9999 sum  13.9998
 Sum of MulP: up   =    28.00000 down          =    28.00000
              total=    56.00000 ideal(neutral)=    56.00000
<DFT>  Total Spin Moment (muB) =  0.000000000000
<DFT>  Mixing_weight= 0.400000000000
<DFT>  Uele   =  -42.202196995965  dUele     =   0.000000203874
<DFT>  NormRD =    0.000005480682  Criterion =   0.000000100000

******************* MD=35  SCF= 3 *******************
<Poisson>  Poisson's equation using FFT...
<Set_Hamiltonian>  Hamiltonian matrix for VNA+dVH+Vxc...
<Band>  Solving the eigenvalue problem...
 KGrids1:  -0.45833  -0.37500  -0.29167  -0.20833  -0.12500  -0.04167   0.04167   0.12500   0.20833   0.29167   0.37500   0.45833 
 KGrids2:  -0.45833  -0.37500  -0.29167  -0.20833  -0.12500  -0.04167   0.04167   0.12500   0.20833   0.29167   0.37500   0.45833 
 KGrids3:  -0.47500  -0.42500  -0.37500  -0.32500  -0.27500  -0.22500  -0.17500  -0.12500  -0.07500  -0.02500   0.02500   0.07500   0.12500   0.17500   0.22500   0.27500   0.32500   0.37500   0.42500   0.47500 
<Band_DFT>  Eigen, time=0.783413
<Band_DFT>  DM, time=1.997561
    1   Sn  MulP   6.9999  6.9999 sum  13.9997
    2   Sn  MulP   7.0003  7.0003 sum  14.0006
    3   Sn  MulP   6.9999  6.9999 sum  13.9999
    4   Sn  MulP   6.9999  6.9999 sum  13.9998
 Sum of MulP: up   =    28.00000 down          =    28.00000
              total=    56.00000 ideal(neutral)=    56.00000
<DFT>  Total Spin Moment (muB) =  0.000000000000
<DFT>  Mixing_weight= 0.040000000000
<DFT>  Uele   =  -42.202196872185  dUele     =   0.000000123780
<DFT>  NormRD =    0.000003588010  Criterion =   0.000000100000

******************* MD=35  SCF= 4 *******************
<Poisson>  Poisson's equation using FFT...
<Set_Hamiltonian>  Hamiltonian matrix for VNA+dVH+Vxc...
<Band>  Solving the eigenvalue problem...
 KGrids1:  -0.45833  -0.37500  -0.29167  -0.20833  -0.12500  -0.04167   0.04167   0.12500   0.20833   0.29167   0.37500   0.45833 
 KGrids2:  -0.45833  -0.37500  -0.29167  -0.20833  -0.12500  -0.04167   0.04167   0.12500   0.20833   0.29167   0.37500   0.45833 
 KGrids3:  -0.47500  -0.42500  -0.37500  -0.32500  -0.27500  -0.22500  -0.17500  -0.12500  -0.07500  -0.02500   0.02500   0.07500   0.12500   0.17500   0.22500   0.27500   0.32500   0.37500   0.42500   0.47500 
<Band_DFT>  Eigen, time=0.785430
<Band_DFT>  DM, time=1.995708
    1   Sn  MulP   6.9999  6.9999 sum  13.9997
    2   Sn  MulP   7.0003  7.0003 sum  14.0006
    3   Sn  MulP   6.9999  6.9999 sum  13.9999
    4   Sn  MulP   6.9999  6.9999 sum  13.9998
 Sum of MulP: up   =    28.00000 down          =    28.00000
              total=    56.00000 ideal(neutral)=    56.00000
<DFT>  Total Spin Moment (muB) =  0.000000000000
<DFT>  Mixing_weight= 0.040000000000
<DFT>  Uele   =  -42.202196645333  dUele     =   0.000000226852
<DFT>  NormRD =    0.000000368395  Criterion =   0.000000100000

******************* MD=35  SCF= 5 *******************
<Poisson>  Poisson's equation using FFT...
<Set_Hamiltonian>  Hamiltonian matrix for VNA+dVH+Vxc...
<Band>  Solving the eigenvalue problem...
 KGrids1:  -0.45833  -0.37500  -0.29167  -0.20833  -0.12500  -0.04167   0.04167   0.12500   0.20833   0.29167   0.37500   0.45833 
 KGrids2:  -0.45833  -0.37500  -0.29167  -0.20833  -0.12500  -0.04167   0.04167   0.12500   0.20833   0.29167   0.37500   0.45833 
 KGrids3:  -0.47500  -0.42500  -0.37500  -0.32500  -0.27500  -0.22500  -0.17500  -0.12500  -0.07500  -0.02500   0.02500   0.07500   0.12500   0.17500   0.22500   0.27500   0.32500   0.37500   0.42500   0.47500 
<Band_DFT>  Eigen, time=0.781711
<Band_DFT>  DM, time=1.993025
    1   Sn  MulP   6.9999  6.9999 sum  13.9997
    2   Sn  MulP   7.0003  7.0003 sum  14.0006
    3   Sn  MulP   6.9999  6.9999 sum  13.9999
    4   Sn  MulP   6.9999  6.9999 sum  13.9998
 Sum of MulP: up   =    28.00000 down          =    28.00000
              total=    56.00000 ideal(neutral)=    56.00000
<DFT>  Total Spin Moment (muB) =  0.000000000000
<DFT>  Mixing_weight= 0.040000000000
<DFT>  Uele   =  -42.202196659965  dUele     =   0.000000014632
<DFT>  NormRD =    0.000000229102  Criterion =   0.000000100000
<MD=35>  Force calculation
  Force calculation #1
  Force calculation #2
  Force calculation #3
  Force calculation #4
  Force calculation #5
  Stress calculation #1
  Stress calculation #2
  Stress calculation #3
  Stress calculation #4
  Stress calculation #5
<MD=35>  Total Energy
  Force calculation #6
  Force calculation #7

*******************************************************
                  Dipole moment (Debye)                 
*******************************************************

 Absolute D      522.16087831

                      Dx                Dy                Dz
 Total           -363.75563609     -362.14103966      -95.85242536
 Core             403.44473229      401.43882743      321.44463023
 Electron        -767.20036838     -763.57986709     -417.29705560
 Back ground       -0.00000000       -0.00000000       -0.00000000

*******************************************************
               Stress tensor (Hartree/bohr^3)            
*******************************************************

       0.00001081        0.00000000       -0.00000000 
       0.00000000        0.00000589       -0.00000000 
      -0.00000000       -0.00000000        0.00000585 

*******************************************************
                Total Energy (Hartree) at MD =35        
*******************************************************

  Uele  =     -42.202196659965

  Ukin  =     203.434314509859
  UH0   =   -2699.768131786563
  UH1   =       0.004870401562
  Una   =    -149.407481262996
  Unl   =     -47.918485597200
  Uxc0  =     -25.234640400409
  Uxc1  =     -25.234640400409
  Ucore =    2459.966855950432
  Uhub  =       0.000000000000
  Ucs   =       0.000000000000
  Uzs   =       0.000000000000
  Uzo   =       0.000000000000
  Uef   =       0.000000000000
  UvdW  =       0.000000000000
  Uch   =       0.000000000000
  Utot  =    -284.157338585723

  UpV   =       0.000000000000
  Enpy  =    -284.157338585723
  Note:

  Uele:   band energy
  Ukin:   kinetic energy
  UH0:    electric part of screened Coulomb energy
  UH1:    difference electron-electron Coulomb energy
  Una:    neutral atom potential energy
  Unl:    non-local potential energy
  Uxc0:   exchange-correlation energy for alpha spin
  Uxc1:   exchange-correlation energy for beta spin
  Ucore:  core-core Coulomb energy
  Uhub:   LDA+U energy
  Ucs:    constraint energy for spin orientation
  Uzs:    Zeeman term for spin magnetic moment
  Uzo:    Zeeman term for orbital magnetic moment
  Uef:    electric energy by electric field
  UvdW:   semi-empirical vdW energy 
  Uch:    penalty term to create a core hole
  UpV:    pressure times volume
  Enpy:   Enthalpy = Utot + UpV
  (see also PRB 72, 045121(2005) for the energy contributions)


*******************************************************
           Computational times (s) at MD =35            
*******************************************************

  DFT in total      =   25.77287

  Set_OLP_Kin       =    0.69948
  Set_Nonlocal      =    1.47356
  Set_ProExpn_VNA   =    3.60688
  Set_Hamiltonian   =    1.24064
  Poisson           =    0.00080
  diagonalization   =   14.00771
  Mixing_DM         =    0.00398
  Force             =    1.94992
  Total_Energy      =    0.40467
  Set_Aden_Grid     =    0.00698
  Set_Orbitals_Grid =    0.09638
  Set_Density_Grid  =    0.45904
  RestartFileDFT    =    0.00415
  Mulliken_Charge   =    0.00092
  FFT(2D)_Density   =    0.00154

The SCF was achieved at MD=  35

*******************************************************
             MD or geometry opt. at MD =35              
*******************************************************


The geometry optimization was achieved.
<BFGS>  |Maximum force| (Hartree/Bohr) = 0.000094090195
<BFGS>  Criterion       (Hartree/Bohr) = 0.000100000000

     atom=   1, XYZ(ang) Fxyz(a.u.)=  -0.0000   -0.0000   -0.0132    -0.0000   -0.0000   -0.0000
     atom=   2, XYZ(ang) Fxyz(a.u.)=   2.9998    2.9849    1.5718    -0.0000   -0.0000    0.0001
     atom=   3, XYZ(ang) Fxyz(a.u.)=  -0.0000    2.9849    0.8316    -0.0000    0.0000    0.0001
     atom=   4, XYZ(ang) Fxyz(a.u.)=   2.9998   -0.0000    2.3901     0.0000   -0.0000    0.0000

outputting data on grids to files...


***********************************************************
***********************************************************
               Computational Time (second)                 
***********************************************************
***********************************************************

                               Min_ID   Min_Time       Max_ID   Max_Time
   Total Computational Time =     4     1018.023          0     1018.033
   readfile                 =     5        2.465          0        2.468
   truncation               =     6        5.355          1        6.100
   MD_pac                   =     0        0.008         15        0.010
   OutData                  =    10        0.000          0        0.007
   DFT                      =     1     1009.428          6     1010.174

*** In DFT ***

   Set_OLP_Kin              =     6        1.048          2       28.192
   Set_Nonlocal             =     2       44.040          6       71.183
   Set_ProExpn_VNA          =     6       34.369          0      100.832
   Set_Hamiltonian          =     3       52.789         15       52.789
   Poisson                  =     1        0.042         10        0.042
   Diagonalization          =     0      608.823          1      608.827
   Mixing_DM                =     9        0.177         14        0.177
   Force                    =    12       70.503          4       70.503
   Total_Energy             =     2       13.475          0       13.481
   Set_Aden_Grid            =     0        1.745          6       68.179
   Set_Orbitals_Grid        =     8        0.000          2        3.988
   Set_Density_Grid         =     5       20.044          1       20.072
   RestartFileDFT           =     7        0.096          4        3.904
   Mulliken_Charge          =     9        0.037          0        0.037
   FFT(2D)_Density          =    11        0.068          7        0.068
   Others                   =     2       64.124          6       69.332

The calculation was normally finished.
