
The number of threads in each node for OpenMP parallelization is 1.


*******************************************************
*******************************************************
 Welcome to OpenMX   Ver. 3.9.9                           
 Copyright (C), 2002-2019, T. Ozaki                    
 OpenMX comes with ABSOLUTELY NO WARRANTY.             
 This is free software, and you are welcome to         
 redistribute it under the constitution of the GNU-GPL.
*******************************************************
*******************************************************



<Input_std>  Your input file was normally read.
<Input_std>  The system includes 1 species and 4 atoms.

*******************************************************
                     PAO and VPS                       
*******************************************************

<SetPara_DFT>  PAOs of species Sn were normally found.
<SetPara_DFT>  VPSs of species Sn were normally found.
               Sn_PBE19.vps is j-dependent.
               In case of scf.SpinOrbit.Coupling=off,
               j-dependent pseudo potentials are averaged by j-degeneracy,
               which corresponds to a scalar relativistic treatment.

*******************************************************
     Fourier transform of PAO and projectors of VNL    
*******************************************************

<FT_PAO>          Fourier transform of pseudo atomic orbitals
<FT_NLP>          Fourier transform of non-local projectors
<FT_ProExpn_VNA>  Fourier transform of VNA separable projectors
<FT_VNA>          Fourier transform of VNA potentials
<FT_ProductPAO>   Fourier transform of product of PAOs

*******************************************************
  Allocation of atoms to processors at MD_iter=    1     
*******************************************************

 proc =   0  # of atoms=   1  estimated weight=         1.00000
 proc =   1  # of atoms=   1  estimated weight=         1.00000
 proc =   2  # of atoms=   1  estimated weight=         1.00000
 proc =   3  # of atoms=   1  estimated weight=         1.00000
 proc =   4  # of atoms=   0  estimated weight=         0.00000
 proc =   5  # of atoms=   0  estimated weight=         0.00000
 proc =   6  # of atoms=   0  estimated weight=         0.00000
 proc =   7  # of atoms=   0  estimated weight=         0.00000
 proc =   8  # of atoms=   0  estimated weight=         0.00000
 proc =   9  # of atoms=   0  estimated weight=         0.00000
 proc =  10  # of atoms=   0  estimated weight=         0.00000
 proc =  11  # of atoms=   0  estimated weight=         0.00000
 proc =  12  # of atoms=   0  estimated weight=         0.00000
 proc =  13  # of atoms=   0  estimated weight=         0.00000
 proc =  14  # of atoms=   0  estimated weight=         0.00000
 proc =  15  # of atoms=   0  estimated weight=         0.00000




*******************************************************
        Analysis of neighbors and setting of grids        
*******************************************************

TFNAN=     216   Average FNAN=  54.00000
TSNAN=       0   Average SNAN=   0.00000
<truncation> CpyCell= 1 ct_AN=   1 FNAN SNAN  54   0
<truncation> CpyCell= 1 ct_AN=   2 FNAN SNAN  54   0
<truncation> CpyCell= 1 ct_AN=   3 FNAN SNAN  54   0
<truncation> CpyCell= 1 ct_AN=   4 FNAN SNAN  54   0
TFNAN=     256   Average FNAN=  64.00000
TSNAN=       0   Average SNAN=   0.00000
<truncation> CpyCell= 2 ct_AN=   1 FNAN SNAN  64   0
<truncation> CpyCell= 2 ct_AN=   2 FNAN SNAN  64   0
<truncation> CpyCell= 2 ct_AN=   3 FNAN SNAN  64   0
<truncation> CpyCell= 2 ct_AN=   4 FNAN SNAN  64   0
TFNAN=     256   Average FNAN=  64.00000
TSNAN=       0   Average SNAN=   0.00000
<truncation> CpyCell= 3 ct_AN=   1 FNAN SNAN  64   0
<truncation> CpyCell= 3 ct_AN=   2 FNAN SNAN  64   0
<truncation> CpyCell= 3 ct_AN=   3 FNAN SNAN  64   0
<truncation> CpyCell= 3 ct_AN=   4 FNAN SNAN  64   0
TFNAN=     256   Average FNAN=  64.00000
TSNAN=       0   Average SNAN=   0.00000
<truncation> CpyCell= 3 ct_AN=   1 FNAN SNAN  64   0
<truncation> CpyCell= 3 ct_AN=   2 FNAN SNAN  64   0
<truncation> CpyCell= 3 ct_AN=   3 FNAN SNAN  64   0
<truncation> CpyCell= 3 ct_AN=   4 FNAN SNAN  64   0
<Check_System> The system is bulk.
lattice vectors (bohr)
A  = 11.281295655248,  0.000000000000,  0.028203239138
B  =  0.000000000000, 11.281295655248,  0.000000000000
C  =  0.015204829790,  0.000000000000,  6.081931916162
reciprocal lattice vectors (bohr^-1)
RA =  0.556959481370,  0.000000000000, -0.001392398703
RB =  0.000000000000,  0.556956000374,  0.000000000000
RC = -0.002582742073,  0.000000000000,  1.033096829091
Grid_Origin  0.000000000000  0.000000000000  0.000000000000
Cell_Volume =    774.028233187484 (Bohr^3)
GridVol     =      0.011467084936 (Bohr^3)
Grid_Origin  0.000000000000  0.000000000000  0.000000000000
Cell_Volume =    774.028233187484 (Bohr^3)
GridVol     =      0.011467084936 (Bohr^3)
<UCell_Box> Info. of cutoff energy and num. of grids
lattice vectors (bohr)
A  = 11.281295655248,  0.000000000000,  0.028203239138
B  =  0.000000000000, 11.281295655248,  0.000000000000
C  =  0.015204829790,  0.000000000000,  6.081931916162
reciprocal lattice vectors (bohr^-1)
RA =  0.556959481370,  0.000000000000, -0.001392398703
RB =  0.000000000000,  0.556956000374,  0.000000000000
RC = -0.002582742073,  0.000000000000,  1.033096829091
Required cutoff energy (Ryd) for 3D-grids = 200.0000
    Used cutoff energy (Ryd) for 3D-grids = 193.8786, 193.8750, 194.5146
Num. of grids of a-, b-, and c-axes = 50, 50, 27
Grid_Origin  0.000000000000  0.000000000000  0.000000000000
Cell_Volume =    774.028233187484 (Bohr^3)
GridVol     =      0.011467084936 (Bohr^3)
Cell vectors (bohr) of the grid cell (gtv)
  gtv_a =  0.225625913105,  0.000000000000,  0.000564064783
  gtv_b =  0.000000000000,  0.225625913105,  0.000000000000
  gtv_c =  0.000563141844,  0.000000000000,  0.225256737636
  |gtv_a| =  0.225626618185
  |gtv_b| =  0.225625913105
  |gtv_c| =  0.225257441562
Num. of grids overlapping with atom    1 = 125071
Num. of grids overlapping with atom    2 = 125318
Num. of grids overlapping with atom    3 = 125230
Num. of grids overlapping with atom    4 = 125230

*******************************************************
             SCF calculation at MD = 1                
*******************************************************

<MD= 1>  Calculation of the overlap matrix
<MD= 1>  Calculation of the nonlocal matrix
<MD= 1>  Calculation of the VNA projector matrix

******************* MD= 1  SCF= 1 *******************
<Band>  Solving the eigenvalue problem...
 KGrids1:  -0.45833  -0.37500  -0.29167  -0.20833  -0.12500  -0.04167   0.04167   0.12500   0.20833   0.29167   0.37500   0.45833 
 KGrids2:  -0.45833  -0.37500  -0.29167  -0.20833  -0.12500  -0.04167   0.04167   0.12500   0.20833   0.29167   0.37500   0.45833 
 KGrids3:  -0.47500  -0.42500  -0.37500  -0.32500  -0.27500  -0.22500  -0.17500  -0.12500  -0.07500  -0.02500   0.02500   0.07500   0.12500   0.17500   0.22500   0.27500   0.32500   0.37500   0.42500   0.47500 
<Band_DFT>  Eigen, time=0.694483
<Band_DFT>  DM, time=1.477787
    1   Sn  MulP   7.0000  7.0000 sum  14.0000
    2   Sn  MulP   7.0000  7.0000 sum  14.0000
    3   Sn  MulP   7.0000  7.0000 sum  14.0000
    4   Sn  MulP   7.0000  7.0000 sum  14.0000
 Sum of MulP: up   =    28.00000 down          =    28.00000
              total=    56.00000 ideal(neutral)=    56.00000
<DFT>  Total Spin Moment (muB) =  0.000000000000
<DFT>  Mixing_weight= 0.100000000000
<DFT>  Uele   =  -41.307672436665  dUele     =   1.000000000000
<DFT>  NormRD =    1.000000000000  Criterion =   0.000000100000

******************* MD= 1  SCF= 2 *******************
<Poisson>  Poisson's equation using FFT...
<Set_Hamiltonian>  Hamiltonian matrix for VNA+dVH+Vxc...
<Band>  Solving the eigenvalue problem...
 KGrids1:  -0.45833  -0.37500  -0.29167  -0.20833  -0.12500  -0.04167   0.04167   0.12500   0.20833   0.29167   0.37500   0.45833 
 KGrids2:  -0.45833  -0.37500  -0.29167  -0.20833  -0.12500  -0.04167   0.04167   0.12500   0.20833   0.29167   0.37500   0.45833 
 KGrids3:  -0.47500  -0.42500  -0.37500  -0.32500  -0.27500  -0.22500  -0.17500  -0.12500  -0.07500  -0.02500   0.02500   0.07500   0.12500   0.17500   0.22500   0.27500   0.32500   0.37500   0.42500   0.47500 
<Band_DFT>  Eigen, time=0.751931
<Band_DFT>  DM, time=2.044463
    1   Sn  MulP   7.0000  7.0000 sum  14.0000
    2   Sn  MulP   7.0000  7.0000 sum  14.0000
    3   Sn  MulP   7.0000  7.0000 sum  14.0000
    4   Sn  MulP   7.0000  7.0000 sum  14.0000
 Sum of MulP: up   =    28.00000 down          =    28.00000
              total=    56.00000 ideal(neutral)=    56.00000
<DFT>  Total Spin Moment (muB) =  0.000000000000
<DFT>  Mixing_weight= 0.124974158668
<DFT>  Uele   =  -41.307672436665  dUele     =   0.000000000000
<DFT>  NormRD =    0.447028613487  Criterion =   0.000000100000

******************* MD= 1  SCF= 3 *******************
<Poisson>  Poisson's equation using FFT...
<Set_Hamiltonian>  Hamiltonian matrix for VNA+dVH+Vxc...
<Band>  Solving the eigenvalue problem...
 KGrids1:  -0.45833  -0.37500  -0.29167  -0.20833  -0.12500  -0.04167   0.04167   0.12500   0.20833   0.29167   0.37500   0.45833 
 KGrids2:  -0.45833  -0.37500  -0.29167  -0.20833  -0.12500  -0.04167   0.04167   0.12500   0.20833   0.29167   0.37500   0.45833 
 KGrids3:  -0.47500  -0.42500  -0.37500  -0.32500  -0.27500  -0.22500  -0.17500  -0.12500  -0.07500  -0.02500   0.02500   0.07500   0.12500   0.17500   0.22500   0.27500   0.32500   0.37500   0.42500   0.47500 
<Band_DFT>  Eigen, time=0.745812
<Band_DFT>  DM, time=2.044206
    1   Sn  MulP   7.0000  7.0000 sum  14.0000
    2   Sn  MulP   7.0000  7.0000 sum  14.0000
    3   Sn  MulP   7.0000  7.0000 sum  14.0000
    4   Sn  MulP   7.0000  7.0000 sum  14.0000
 Sum of MulP: up   =    28.00000 down          =    28.00000
              total=    56.00000 ideal(neutral)=    56.00000
<DFT>  Total Spin Moment (muB) =  0.000000000000
<DFT>  Mixing_weight= 0.400000000000
<DFT>  Uele   =  -41.401197912580  dUele     =   0.093525475916
<DFT>  NormRD =    0.401759650847  Criterion =   0.000000100000

******************* MD= 1  SCF= 4 *******************
<Poisson>  Poisson's equation using FFT...
<Set_Hamiltonian>  Hamiltonian matrix for VNA+dVH+Vxc...
<Band>  Solving the eigenvalue problem...
 KGrids1:  -0.45833  -0.37500  -0.29167  -0.20833  -0.12500  -0.04167   0.04167   0.12500   0.20833   0.29167   0.37500   0.45833 
 KGrids2:  -0.45833  -0.37500  -0.29167  -0.20833  -0.12500  -0.04167   0.04167   0.12500   0.20833   0.29167   0.37500   0.45833 
 KGrids3:  -0.47500  -0.42500  -0.37500  -0.32500  -0.27500  -0.22500  -0.17500  -0.12500  -0.07500  -0.02500   0.02500   0.07500   0.12500   0.17500   0.22500   0.27500   0.32500   0.37500   0.42500   0.47500 
<Band_DFT>  Eigen, time=0.746807
<Band_DFT>  DM, time=1.787660
    1   Sn  MulP   7.0000  7.0000 sum  14.0000
    2   Sn  MulP   7.0000  7.0000 sum  14.0000
    3   Sn  MulP   7.0000  7.0000 sum  14.0000
    4   Sn  MulP   7.0000  7.0000 sum  14.0000
 Sum of MulP: up   =    28.00000 down          =    28.00000
              total=    56.00000 ideal(neutral)=    56.00000
<DFT>  Total Spin Moment (muB) =  0.000000000000
<DFT>  Mixing_weight= 0.400000000000
<DFT>  Uele   =  -41.668285520819  dUele     =   0.267087608238
<DFT>  NormRD =    0.274559761816  Criterion =   0.000000100000

******************* MD= 1  SCF= 5 *******************
<Poisson>  Poisson's equation using FFT...
<Set_Hamiltonian>  Hamiltonian matrix for VNA+dVH+Vxc...
<Band>  Solving the eigenvalue problem...
 KGrids1:  -0.45833  -0.37500  -0.29167  -0.20833  -0.12500  -0.04167   0.04167   0.12500   0.20833   0.29167   0.37500   0.45833 
 KGrids2:  -0.45833  -0.37500  -0.29167  -0.20833  -0.12500  -0.04167   0.04167   0.12500   0.20833   0.29167   0.37500   0.45833 
 KGrids3:  -0.47500  -0.42500  -0.37500  -0.32500  -0.27500  -0.22500  -0.17500  -0.12500  -0.07500  -0.02500   0.02500   0.07500   0.12500   0.17500   0.22500   0.27500   0.32500   0.37500   0.42500   0.47500 
<Band_DFT>  Eigen, time=0.793094
<Band_DFT>  DM, time=1.990934
    1   Sn  MulP   7.0000  7.0000 sum  14.0000
    2   Sn  MulP   7.0000  7.0000 sum  14.0000
    3   Sn  MulP   7.0000  7.0000 sum  14.0000
    4   Sn  MulP   7.0000  7.0000 sum  14.0000
 Sum of MulP: up   =    28.00000 down          =    28.00000
              total=    56.00000 ideal(neutral)=    56.00000
<DFT>  Total Spin Moment (muB) =  0.000000000000
<DFT>  Mixing_weight= 0.040000000000
<DFT>  Uele   =  -41.843854300778  dUele     =   0.175568779959
<DFT>  NormRD =    0.198647082011  Criterion =   0.000000100000

******************* MD= 1  SCF= 6 *******************
<Poisson>  Poisson's equation using FFT...
<Set_Hamiltonian>  Hamiltonian matrix for VNA+dVH+Vxc...
<Band>  Solving the eigenvalue problem...
 KGrids1:  -0.45833  -0.37500  -0.29167  -0.20833  -0.12500  -0.04167   0.04167   0.12500   0.20833   0.29167   0.37500   0.45833 
 KGrids2:  -0.45833  -0.37500  -0.29167  -0.20833  -0.12500  -0.04167   0.04167   0.12500   0.20833   0.29167   0.37500   0.45833 
 KGrids3:  -0.47500  -0.42500  -0.37500  -0.32500  -0.27500  -0.22500  -0.17500  -0.12500  -0.07500  -0.02500   0.02500   0.07500   0.12500   0.17500   0.22500   0.27500   0.32500   0.37500   0.42500   0.47500 
<Band_DFT>  Eigen, time=0.794526
<Band_DFT>  DM, time=1.751727
    1   Sn  MulP   7.0000  7.0000 sum  14.0001
    2   Sn  MulP   7.0000  7.0000 sum  14.0000
    3   Sn  MulP   7.0000  7.0000 sum  14.0000
    4   Sn  MulP   7.0000  7.0000 sum  14.0000
 Sum of MulP: up   =    28.00000 down          =    28.00000
              total=    56.00000 ideal(neutral)=    56.00000
<DFT>  Total Spin Moment (muB) =  0.000000000000
<DFT>  Mixing_weight= 0.040000000000
<DFT>  Uele   =  -42.207972710394  dUele     =   0.364118409616
<DFT>  NormRD =    0.007979617659  Criterion =   0.000000100000

******************* MD= 1  SCF= 7 *******************
<Poisson>  Poisson's equation using FFT...
<Set_Hamiltonian>  Hamiltonian matrix for VNA+dVH+Vxc...
<Band>  Solving the eigenvalue problem...
 KGrids1:  -0.45833  -0.37500  -0.29167  -0.20833  -0.12500  -0.04167   0.04167   0.12500   0.20833   0.29167   0.37500   0.45833 
 KGrids2:  -0.45833  -0.37500  -0.29167  -0.20833  -0.12500  -0.04167   0.04167   0.12500   0.20833   0.29167   0.37500   0.45833 
 KGrids3:  -0.47500  -0.42500  -0.37500  -0.32500  -0.27500  -0.22500  -0.17500  -0.12500  -0.07500  -0.02500   0.02500   0.07500   0.12500   0.17500   0.22500   0.27500   0.32500   0.37500   0.42500   0.47500 
<Band_DFT>  Eigen, time=0.734315
<Band_DFT>  DM, time=1.778175
    1   Sn  MulP   7.0000  7.0000 sum  14.0001
    2   Sn  MulP   7.0000  7.0000 sum  13.9999
    3   Sn  MulP   7.0000  7.0000 sum  14.0000
    4   Sn  MulP   7.0000  7.0000 sum  14.0000
 Sum of MulP: up   =    28.00000 down          =    28.00000
              total=    56.00000 ideal(neutral)=    56.00000
<DFT>  Total Spin Moment (muB) =  0.000000000000
<DFT>  Mixing_weight= 0.040000000000
<DFT>  Uele   =  -42.207945337507  dUele     =   0.000027372887
<DFT>  NormRD =    0.002955014763  Criterion =   0.000000100000

******************* MD= 1  SCF= 8 *******************
<Poisson>  Poisson's equation using FFT...
<Set_Hamiltonian>  Hamiltonian matrix for VNA+dVH+Vxc...
<Band>  Solving the eigenvalue problem...
 KGrids1:  -0.45833  -0.37500  -0.29167  -0.20833  -0.12500  -0.04167   0.04167   0.12500   0.20833   0.29167   0.37500   0.45833 
 KGrids2:  -0.45833  -0.37500  -0.29167  -0.20833  -0.12500  -0.04167   0.04167   0.12500   0.20833   0.29167   0.37500   0.45833 
 KGrids3:  -0.47500  -0.42500  -0.37500  -0.32500  -0.27500  -0.22500  -0.17500  -0.12500  -0.07500  -0.02500   0.02500   0.07500   0.12500   0.17500   0.22500   0.27500   0.32500   0.37500   0.42500   0.47500 
<Band_DFT>  Eigen, time=0.742703
<Band_DFT>  DM, time=1.917495
    1   Sn  MulP   7.0000  7.0000 sum  14.0000
    2   Sn  MulP   7.0000  7.0000 sum  14.0000
    3   Sn  MulP   7.0000  7.0000 sum  14.0000
    4   Sn  MulP   7.0000  7.0000 sum  14.0000
 Sum of MulP: up   =    28.00000 down          =    28.00000
              total=    56.00000 ideal(neutral)=    56.00000
<DFT>  Total Spin Moment (muB) =  0.000000000000
<DFT>  Mixing_weight= 0.040000000000
<DFT>  Uele   =  -42.213741879832  dUele     =   0.005796542325
<DFT>  NormRD =    0.000952792344  Criterion =   0.000000100000

******************* MD= 1  SCF= 9 *******************
<Poisson>  Poisson's equation using FFT...
<Set_Hamiltonian>  Hamiltonian matrix for VNA+dVH+Vxc...
<Band>  Solving the eigenvalue problem...
 KGrids1:  -0.45833  -0.37500  -0.29167  -0.20833  -0.12500  -0.04167   0.04167   0.12500   0.20833   0.29167   0.37500   0.45833 
 KGrids2:  -0.45833  -0.37500  -0.29167  -0.20833  -0.12500  -0.04167   0.04167   0.12500   0.20833   0.29167   0.37500   0.45833 
 KGrids3:  -0.47500  -0.42500  -0.37500  -0.32500  -0.27500  -0.22500  -0.17500  -0.12500  -0.07500  -0.02500   0.02500   0.07500   0.12500   0.17500   0.22500   0.27500   0.32500   0.37500   0.42500   0.47500 
<Band_DFT>  Eigen, time=0.792785
<Band_DFT>  DM, time=1.989890
    1   Sn  MulP   7.0001  7.0001 sum  14.0001
    2   Sn  MulP   6.9999  6.9999 sum  13.9999
    3   Sn  MulP   7.0000  7.0000 sum  14.0000
    4   Sn  MulP   7.0000  7.0000 sum  14.0000
 Sum of MulP: up   =    28.00000 down          =    28.00000
              total=    56.00000 ideal(neutral)=    56.00000
<DFT>  Total Spin Moment (muB) =  0.000000000000
<DFT>  Mixing_weight= 0.040000000000
<DFT>  Uele   =  -42.212020140114  dUele     =   0.001721739718
<DFT>  NormRD =    0.000222761526  Criterion =   0.000000100000

******************* MD= 1  SCF=10 *******************
<Poisson>  Poisson's equation using FFT...
<Set_Hamiltonian>  Hamiltonian matrix for VNA+dVH+Vxc...
<Band>  Solving the eigenvalue problem...
 KGrids1:  -0.45833  -0.37500  -0.29167  -0.20833  -0.12500  -0.04167   0.04167   0.12500   0.20833   0.29167   0.37500   0.45833 
 KGrids2:  -0.45833  -0.37500  -0.29167  -0.20833  -0.12500  -0.04167   0.04167   0.12500   0.20833   0.29167   0.37500   0.45833 
 KGrids3:  -0.47500  -0.42500  -0.37500  -0.32500  -0.27500  -0.22500  -0.17500  -0.12500  -0.07500  -0.02500   0.02500   0.07500   0.12500   0.17500   0.22500   0.27500   0.32500   0.37500   0.42500   0.47500 
<Band_DFT>  Eigen, time=0.746257
<Band_DFT>  DM, time=2.038399
    1   Sn  MulP   7.0000  7.0000 sum  14.0000
    2   Sn  MulP   7.0000  7.0000 sum  14.0000
    3   Sn  MulP   7.0000  7.0000 sum  14.0000
    4   Sn  MulP   7.0000  7.0000 sum  14.0000
 Sum of MulP: up   =    28.00000 down          =    28.00000
              total=    56.00000 ideal(neutral)=    56.00000
<DFT>  Total Spin Moment (muB) =  0.000000000000
<DFT>  Mixing_weight= 0.040000000000
<DFT>  Uele   =  -42.211989797987  dUele     =   0.000030342127
<DFT>  NormRD =    0.000061404917  Criterion =   0.000000100000

******************* MD= 1  SCF=11 *******************
<Poisson>  Poisson's equation using FFT...
<Set_Hamiltonian>  Hamiltonian matrix for VNA+dVH+Vxc...
<Band>  Solving the eigenvalue problem...
 KGrids1:  -0.45833  -0.37500  -0.29167  -0.20833  -0.12500  -0.04167   0.04167   0.12500   0.20833   0.29167   0.37500   0.45833 
 KGrids2:  -0.45833  -0.37500  -0.29167  -0.20833  -0.12500  -0.04167   0.04167   0.12500   0.20833   0.29167   0.37500   0.45833 
 KGrids3:  -0.47500  -0.42500  -0.37500  -0.32500  -0.27500  -0.22500  -0.17500  -0.12500  -0.07500  -0.02500   0.02500   0.07500   0.12500   0.17500   0.22500   0.27500   0.32500   0.37500   0.42500   0.47500 
<Band_DFT>  Eigen, time=0.786610
<Band_DFT>  DM, time=1.999300
    1   Sn  MulP   7.0000  7.0000 sum  14.0001
    2   Sn  MulP   7.0000  7.0000 sum  14.0000
    3   Sn  MulP   7.0000  7.0000 sum  14.0000
    4   Sn  MulP   7.0000  7.0000 sum  14.0000
 Sum of MulP: up   =    28.00000 down          =    28.00000
              total=    56.00000 ideal(neutral)=    56.00000
<DFT>  Total Spin Moment (muB) =  0.000000000000
<DFT>  Mixing_weight= 0.040000000000
<DFT>  Uele   =  -42.211970894590  dUele     =   0.000018903398
<DFT>  NormRD =    0.000016449441  Criterion =   0.000000100000

******************* MD= 1  SCF=12 *******************
<Poisson>  Poisson's equation using FFT...
<Set_Hamiltonian>  Hamiltonian matrix for VNA+dVH+Vxc...
<Band>  Solving the eigenvalue problem...
 KGrids1:  -0.45833  -0.37500  -0.29167  -0.20833  -0.12500  -0.04167   0.04167   0.12500   0.20833   0.29167   0.37500   0.45833 
 KGrids2:  -0.45833  -0.37500  -0.29167  -0.20833  -0.12500  -0.04167   0.04167   0.12500   0.20833   0.29167   0.37500   0.45833 
 KGrids3:  -0.47500  -0.42500  -0.37500  -0.32500  -0.27500  -0.22500  -0.17500  -0.12500  -0.07500  -0.02500   0.02500   0.07500   0.12500   0.17500   0.22500   0.27500   0.32500   0.37500   0.42500   0.47500 
<Band_DFT>  Eigen, time=0.749963
<Band_DFT>  DM, time=2.044210
    1   Sn  MulP   7.0000  7.0000 sum  14.0001
    2   Sn  MulP   7.0000  7.0000 sum  14.0000
    3   Sn  MulP   7.0000  7.0000 sum  14.0000
    4   Sn  MulP   7.0000  7.0000 sum  14.0000
 Sum of MulP: up   =    28.00000 down          =    28.00000
              total=    56.00000 ideal(neutral)=    56.00000
<DFT>  Total Spin Moment (muB) =  0.000000000000
<DFT>  Mixing_weight= 0.040000000000
<DFT>  Uele   =  -42.211947840255  dUele     =   0.000023054335
<DFT>  NormRD =    0.000003852430  Criterion =   0.000000100000

******************* MD= 1  SCF=13 *******************
<Poisson>  Poisson's equation using FFT...
<Set_Hamiltonian>  Hamiltonian matrix for VNA+dVH+Vxc...
<Band>  Solving the eigenvalue problem...
 KGrids1:  -0.45833  -0.37500  -0.29167  -0.20833  -0.12500  -0.04167   0.04167   0.12500   0.20833   0.29167   0.37500   0.45833 
 KGrids2:  -0.45833  -0.37500  -0.29167  -0.20833  -0.12500  -0.04167   0.04167   0.12500   0.20833   0.29167   0.37500   0.45833 
 KGrids3:  -0.47500  -0.42500  -0.37500  -0.32500  -0.27500  -0.22500  -0.17500  -0.12500  -0.07500  -0.02500   0.02500   0.07500   0.12500   0.17500   0.22500   0.27500   0.32500   0.37500   0.42500   0.47500 
<Band_DFT>  Eigen, time=0.747239
<Band_DFT>  DM, time=2.039561
    1   Sn  MulP   7.0000  7.0000 sum  14.0001
    2   Sn  MulP   7.0000  7.0000 sum  14.0000
    3   Sn  MulP   7.0000  7.0000 sum  14.0000
    4   Sn  MulP   7.0000  7.0000 sum  14.0000
 Sum of MulP: up   =    28.00000 down          =    28.00000
              total=    56.00000 ideal(neutral)=    56.00000
<DFT>  Total Spin Moment (muB) =  0.000000000000
<DFT>  Mixing_weight= 0.040000000000
<DFT>  Uele   =  -42.211948603216  dUele     =   0.000000762961
<DFT>  NormRD =    0.000004138242  Criterion =   0.000000100000

******************* MD= 1  SCF=14 *******************
<Poisson>  Poisson's equation using FFT...
<Set_Hamiltonian>  Hamiltonian matrix for VNA+dVH+Vxc...
<Band>  Solving the eigenvalue problem...
 KGrids1:  -0.45833  -0.37500  -0.29167  -0.20833  -0.12500  -0.04167   0.04167   0.12500   0.20833   0.29167   0.37500   0.45833 
 KGrids2:  -0.45833  -0.37500  -0.29167  -0.20833  -0.12500  -0.04167   0.04167   0.12500   0.20833   0.29167   0.37500   0.45833 
 KGrids3:  -0.47500  -0.42500  -0.37500  -0.32500  -0.27500  -0.22500  -0.17500  -0.12500  -0.07500  -0.02500   0.02500   0.07500   0.12500   0.17500   0.22500   0.27500   0.32500   0.37500   0.42500   0.47500 
<Band_DFT>  Eigen, time=0.741735
<Band_DFT>  DM, time=2.038282
    1   Sn  MulP   7.0000  7.0000 sum  14.0001
    2   Sn  MulP   7.0000  7.0000 sum  14.0000
    3   Sn  MulP   7.0000  7.0000 sum  14.0000
    4   Sn  MulP   7.0000  7.0000 sum  14.0000
 Sum of MulP: up   =    28.00000 down          =    28.00000
              total=    56.00000 ideal(neutral)=    56.00000
<DFT>  Total Spin Moment (muB) =  0.000000000000
<DFT>  Mixing_weight= 0.040000000000
<DFT>  Uele   =  -42.211948789482  dUele     =   0.000000186266
<DFT>  NormRD =    0.000000253276  Criterion =   0.000000100000

******************* MD= 1  SCF=15 *******************
<Poisson>  Poisson's equation using FFT...
<Set_Hamiltonian>  Hamiltonian matrix for VNA+dVH+Vxc...
<Band>  Solving the eigenvalue problem...
 KGrids1:  -0.45833  -0.37500  -0.29167  -0.20833  -0.12500  -0.04167   0.04167   0.12500   0.20833   0.29167   0.37500   0.45833 
 KGrids2:  -0.45833  -0.37500  -0.29167  -0.20833  -0.12500  -0.04167   0.04167   0.12500   0.20833   0.29167   0.37500   0.45833 
 KGrids3:  -0.47500  -0.42500  -0.37500  -0.32500  -0.27500  -0.22500  -0.17500  -0.12500  -0.07500  -0.02500   0.02500   0.07500   0.12500   0.17500   0.22500   0.27500   0.32500   0.37500   0.42500   0.47500 
<Band_DFT>  Eigen, time=0.742272
<Band_DFT>  DM, time=2.038362
    1   Sn  MulP   7.0000  7.0000 sum  14.0001
    2   Sn  MulP   7.0000  7.0000 sum  14.0000
    3   Sn  MulP   7.0000  7.0000 sum  14.0000
    4   Sn  MulP   7.0000  7.0000 sum  14.0000
 Sum of MulP: up   =    28.00000 down          =    28.00000
              total=    56.00000 ideal(neutral)=    56.00000
<DFT>  Total Spin Moment (muB) =  0.000000000000
<DFT>  Mixing_weight= 0.040000000000
<DFT>  Uele   =  -42.211948772894  dUele     =   0.000000016588
<DFT>  NormRD =    0.000000314373  Criterion =   0.000000100000
<MD= 1>  Force calculation
  Force calculation #1
  Force calculation #2
  Force calculation #3
  Force calculation #4
  Force calculation #5
  Stress calculation #1
  Stress calculation #2
  Stress calculation #3
  Stress calculation #4
  Stress calculation #5
<MD= 1>  Total Energy
  Force calculation #6
  Force calculation #7

*******************************************************
                  Dipole moment (Debye)                 
*******************************************************

 Absolute D      520.83179711

                      Dx                Dy                Dz
 Total           -362.37158863     -362.13876873      -93.85150408
 Core             402.25049515      401.43891146      325.63707059
 Electron        -764.62208378     -763.57768019     -419.48857467
 Back ground       -0.00000000       -0.00000000       -0.00000000

*******************************************************
               Stress tensor (Hartree/bohr^3)            
*******************************************************

      -0.00000058        0.00000000        0.00000388 
       0.00000000       -0.00000034       -0.00000000 
       0.00000388       -0.00000000       -0.00000114 

*******************************************************
                Total Energy (Hartree) at MD = 1        
*******************************************************

  Uele  =     -42.211948772894

  Ukin  =     203.437052873894
  UH0   =   -2703.969767981255
  UH1   =       0.004900426143
  Una   =    -149.420247798423
  Unl   =     -47.912595808908
  Uxc0  =     -25.237066725143
  Uxc1  =     -25.237066725143
  Ucore =    2464.177512762386
  Uhub  =       0.000000000000
  Ucs   =       0.000000000000
  Uzs   =       0.000000000000
  Uzo   =       0.000000000000
  Uef   =       0.000000000000
  UvdW  =       0.000000000000
  Uch   =       0.000000000000
  Utot  =    -284.157278976449

  UpV   =       0.000000000000
  Enpy  =    -284.157278976449
  Note:

  Uele:   band energy
  Ukin:   kinetic energy
  UH0:    electric part of screened Coulomb energy
  UH1:    difference electron-electron Coulomb energy
  Una:    neutral atom potential energy
  Unl:    non-local potential energy
  Uxc0:   exchange-correlation energy for alpha spin
  Uxc1:   exchange-correlation energy for beta spin
  Ucore:  core-core Coulomb energy
  Uhub:   LDA+U energy
  Ucs:    constraint energy for spin orientation
  Uzs:    Zeeman term for spin magnetic moment
  Uzo:    Zeeman term for orbital magnetic moment
  Uef:    electric energy by electric field
  UvdW:   semi-empirical vdW energy 
  Uch:    penalty term to create a core hole
  UpV:    pressure times volume
  Enpy:   Enthalpy = Utot + UpV
  (see also PRB 72, 045121(2005) for the energy contributions)


*******************************************************
           Computational times (s) at MD = 1            
*******************************************************

  DFT in total      =   56.11490

  Set_OLP_Kin       =    0.96357
  Set_Nonlocal      =    1.47664
  Set_ProExpn_VNA   =    2.65278
  Set_Hamiltonian   =    3.76602
  Poisson           =    0.00435
  diagonalization   =   41.18503
  Mixing_DM         =    0.01316
  Force             =    2.27391
  Total_Energy      =    0.40610
  Set_Aden_Grid     =    0.05113
  Set_Orbitals_Grid =    0.10017
  Set_Density_Grid  =    1.31132
  RestartFileDFT    =    0.00310
  Mulliken_Charge   =    0.00201
  FFT(2D)_Density   =    0.00590

The SCF was achieved at MD=   1

*******************************************************
             MD or geometry opt. at MD = 1              
*******************************************************

<Steepest_Descent>  SD_scaling= 1.259817203709
<Steepest_Descent>  |Maximum force| (Hartree/Bohr) = 0.001032548023
<Steepest_Descent>  Criterion       (Hartree/Bohr) = 0.000100000000

  atom=  1, XYZ(ang) Fxyz(a.u.)=  -0.0001   -0.0000    0.0000     0.0002    0.0000   -0.0000
  atom=  2, XYZ(ang) Fxyz(a.u.)=   2.9888    2.9849    1.6167     0.0002    0.0000    0.0000
  atom=  3, XYZ(ang) Fxyz(a.u.)=   0.0021    2.9849    0.8053    -0.0001   -0.0000   -0.0010
  atom=  4, XYZ(ang) Fxyz(a.u.)=   2.9911    0.0000    2.4206    -0.0002   -0.0000    0.0010

*******************************************************
        Analysis of neighbors and setting of grids        
*******************************************************


*******************************************************
  Allocation of atoms to processors at MD_iter=    2     
*******************************************************

 proc =   0  # of atoms=   1  estimated weight=         1.00000
 proc =   1  # of atoms=   1  estimated weight=         1.00000
 proc =   2  # of atoms=   1  estimated weight=         1.00000
 proc =   3  # of atoms=   1  estimated weight=         1.00000
 proc =   4  # of atoms=   0  estimated weight=         0.00000
 proc =   5  # of atoms=   0  estimated weight=         0.00000
 proc =   6  # of atoms=   0  estimated weight=         0.00000
 proc =   7  # of atoms=   0  estimated weight=         0.00000
 proc =   8  # of atoms=   0  estimated weight=         0.00000
 proc =   9  # of atoms=   0  estimated weight=         0.00000
 proc =  10  # of atoms=   0  estimated weight=         0.00000
 proc =  11  # of atoms=   0  estimated weight=         0.00000
 proc =  12  # of atoms=   0  estimated weight=         0.00000
 proc =  13  # of atoms=   0  estimated weight=         0.00000
 proc =  14  # of atoms=   0  estimated weight=         0.00000
 proc =  15  # of atoms=   0  estimated weight=         0.00000



TFNAN=     256   Average FNAN=  64.00000
TSNAN=       0   Average SNAN=   0.00000
<truncation> CpyCell= 3 ct_AN=   1 FNAN SNAN  64   0
<truncation> CpyCell= 3 ct_AN=   2 FNAN SNAN  64   0
<truncation> CpyCell= 3 ct_AN=   3 FNAN SNAN  64   0
<truncation> CpyCell= 3 ct_AN=   4 FNAN SNAN  64   0
<UCell_Box> Info. of cutoff energy and num. of grids
lattice vectors (bohr)
A  = 11.281295655248,  0.000000000000,  0.028203239138
B  =  0.000000000000, 11.281295655248,  0.000000000000
C  =  0.015204829790,  0.000000000000,  6.081931916162
reciprocal lattice vectors (bohr^-1)
RA =  0.556959481370,  0.000000000000, -0.001392398703
RB =  0.000000000000,  0.556956000374,  0.000000000000
RC = -0.002582742073,  0.000000000000,  1.033096829091
Required cutoff energy (Ryd) for 3D-grids = 200.0000
    Used cutoff energy (Ryd) for 3D-grids = 193.8786, 193.8750, 194.5146
Num. of grids of a-, b-, and c-axes = 50, 50, 27
Cell_Volume =    774.028233187484 (Bohr^3)
GridVol     =      0.011467084936 (Bohr^3)
Cell vectors (bohr) of the grid cell (gtv)
  gtv_a =  0.225625913105,  0.000000000000,  0.000564064783
  gtv_b =  0.000000000000,  0.225625913105,  0.000000000000
  gtv_c =  0.000563141844,  0.000000000000,  0.225256737636
  |gtv_a| =  0.225626618185
  |gtv_b| =  0.225625913105
  |gtv_c| =  0.225257441562
Num. of grids overlapping with atom    1 = 125067
Num. of grids overlapping with atom    2 = 125312
Num. of grids overlapping with atom    3 = 125233
Num. of grids overlapping with atom    4 = 125236

*******************************************************
             SCF calculation at MD = 2                
*******************************************************

<MD= 2>  Calculation of the overlap matrix
<MD= 2>  Calculation of the nonlocal matrix
<MD= 2>  Calculation of the VNA projector matrix

******************* MD= 2  SCF= 1 *******************
<Restart>  Found restart files
<Poisson>  Poisson's equation using FFT...
<Band>  Solving the eigenvalue problem...
 KGrids1:  -0.45833  -0.37500  -0.29167  -0.20833  -0.12500  -0.04167   0.04167   0.12500   0.20833   0.29167   0.37500   0.45833 
 KGrids2:  -0.45833  -0.37500  -0.29167  -0.20833  -0.12500  -0.04167   0.04167   0.12500   0.20833   0.29167   0.37500   0.45833 
 KGrids3:  -0.47500  -0.42500  -0.37500  -0.32500  -0.27500  -0.22500  -0.17500  -0.12500  -0.07500  -0.02500   0.02500   0.07500   0.12500   0.17500   0.22500   0.27500   0.32500   0.37500   0.42500   0.47500 
<Band_DFT>  Eigen, time=0.740950
<Band_DFT>  DM, time=1.924829
    1   Sn  MulP   7.0000  7.0000 sum  14.0000
    2   Sn  MulP   7.0000  7.0000 sum  14.0000
    3   Sn  MulP   7.0000  7.0000 sum  14.0000
    4   Sn  MulP   7.0000  7.0000 sum  14.0000
 Sum of MulP: up   =    28.00000 down          =    28.00000
              total=    56.00000 ideal(neutral)=    56.00000
<DFT>  Total Spin Moment (muB) =  0.000000000000
<DFT>  Mixing_weight= 0.400000000000
<DFT>  Uele   =  -42.211951058655  dUele     =   1.000000000000
<DFT>  NormRD =    1.000000000000  Criterion =   0.000000100000

******************* MD= 2  SCF= 2 *******************
<Poisson>  Poisson's equation using FFT...
<Set_Hamiltonian>  Hamiltonian matrix for VNA+dVH+Vxc...
<Band>  Solving the eigenvalue problem...
 KGrids1:  -0.45833  -0.37500  -0.29167  -0.20833  -0.12500  -0.04167   0.04167   0.12500   0.20833   0.29167   0.37500   0.45833 
 KGrids2:  -0.45833  -0.37500  -0.29167  -0.20833  -0.12500  -0.04167   0.04167   0.12500   0.20833   0.29167   0.37500   0.45833 
 KGrids3:  -0.47500  -0.42500  -0.37500  -0.32500  -0.27500  -0.22500  -0.17500  -0.12500  -0.07500  -0.02500   0.02500   0.07500   0.12500   0.17500   0.22500   0.27500   0.32500   0.37500   0.42500   0.47500 
<Band_DFT>  Eigen, time=0.742031
<Band_DFT>  DM, time=1.927979
    1   Sn  MulP   7.0000  7.0000 sum  14.0000
    2   Sn  MulP   7.0000  7.0000 sum  14.0000
    3   Sn  MulP   7.0000  7.0000 sum  14.0000
    4   Sn  MulP   7.0000  7.0000 sum  14.0000
 Sum of MulP: up   =    28.00000 down          =    28.00000
              total=    56.00000 ideal(neutral)=    56.00000
<DFT>  Total Spin Moment (muB) =  0.000000000000
<DFT>  Mixing_weight= 0.400000000000
<DFT>  Uele   =  -42.211943079934  dUele     =   0.000007978721
<DFT>  NormRD =    0.000249871891  Criterion =   0.000000100000

******************* MD= 2  SCF= 3 *******************
<Poisson>  Poisson's equation using FFT...
<Set_Hamiltonian>  Hamiltonian matrix for VNA+dVH+Vxc...
<Band>  Solving the eigenvalue problem...
 KGrids1:  -0.45833  -0.37500  -0.29167  -0.20833  -0.12500  -0.04167   0.04167   0.12500   0.20833   0.29167   0.37500   0.45833 
 KGrids2:  -0.45833  -0.37500  -0.29167  -0.20833  -0.12500  -0.04167   0.04167   0.12500   0.20833   0.29167   0.37500   0.45833 
 KGrids3:  -0.47500  -0.42500  -0.37500  -0.32500  -0.27500  -0.22500  -0.17500  -0.12500  -0.07500  -0.02500   0.02500   0.07500   0.12500   0.17500   0.22500   0.27500   0.32500   0.37500   0.42500   0.47500 
<Band_DFT>  Eigen, time=0.741368
<Band_DFT>  DM, time=1.929825
    1   Sn  MulP   7.0000  7.0000 sum  14.0000
    2   Sn  MulP   7.0000  7.0000 sum  14.0000
    3   Sn  MulP   7.0000  7.0000 sum  14.0000
    4   Sn  MulP   7.0000  7.0000 sum  14.0000
 Sum of MulP: up   =    28.00000 down          =    28.00000
              total=    56.00000 ideal(neutral)=    56.00000
<DFT>  Total Spin Moment (muB) =  0.000000000000
<DFT>  Mixing_weight= 0.040000000000
<DFT>  Uele   =  -42.211938208453  dUele     =   0.000004871481
<DFT>  NormRD =    0.000170352285  Criterion =   0.000000100000

******************* MD= 2  SCF= 4 *******************
<Poisson>  Poisson's equation using FFT...
<Set_Hamiltonian>  Hamiltonian matrix for VNA+dVH+Vxc...
<Band>  Solving the eigenvalue problem...
 KGrids1:  -0.45833  -0.37500  -0.29167  -0.20833  -0.12500  -0.04167   0.04167   0.12500   0.20833   0.29167   0.37500   0.45833 
 KGrids2:  -0.45833  -0.37500  -0.29167  -0.20833  -0.12500  -0.04167   0.04167   0.12500   0.20833   0.29167   0.37500   0.45833 
 KGrids3:  -0.47500  -0.42500  -0.37500  -0.32500  -0.27500  -0.22500  -0.17500  -0.12500  -0.07500  -0.02500   0.02500   0.07500   0.12500   0.17500   0.22500   0.27500   0.32500   0.37500   0.42500   0.47500 
<Band_DFT>  Eigen, time=0.607438
<Band_DFT>  DM, time=2.039117
    1   Sn  MulP   7.0000  7.0000 sum  14.0001
    2   Sn  MulP   7.0000  7.0000 sum  14.0000
    3   Sn  MulP   7.0000  7.0000 sum  14.0000
    4   Sn  MulP   7.0000  7.0000 sum  14.0000
 Sum of MulP: up   =    28.00000 down          =    28.00000
              total=    56.00000 ideal(neutral)=    56.00000
<DFT>  Total Spin Moment (muB) =  0.000000000000
<DFT>  Mixing_weight= 0.040000000000
<DFT>  Uele   =  -42.211930070292  dUele     =   0.000008138161
<DFT>  NormRD =    0.000015929826  Criterion =   0.000000100000

******************* MD= 2  SCF= 5 *******************
<Poisson>  Poisson's equation using FFT...
<Set_Hamiltonian>  Hamiltonian matrix for VNA+dVH+Vxc...
<Band>  Solving the eigenvalue problem...
 KGrids1:  -0.45833  -0.37500  -0.29167  -0.20833  -0.12500  -0.04167   0.04167   0.12500   0.20833   0.29167   0.37500   0.45833 
 KGrids2:  -0.45833  -0.37500  -0.29167  -0.20833  -0.12500  -0.04167   0.04167   0.12500   0.20833   0.29167   0.37500   0.45833 
 KGrids3:  -0.47500  -0.42500  -0.37500  -0.32500  -0.27500  -0.22500  -0.17500  -0.12500  -0.07500  -0.02500   0.02500   0.07500   0.12500   0.17500   0.22500   0.27500   0.32500   0.37500   0.42500   0.47500 
<Band_DFT>  Eigen, time=0.743340
<Band_DFT>  DM, time=1.909853
    1   Sn  MulP   7.0000  7.0000 sum  14.0001
    2   Sn  MulP   7.0000  7.0000 sum  14.0000
    3   Sn  MulP   7.0000  7.0000 sum  14.0000
    4   Sn  MulP   7.0000  7.0000 sum  14.0000
 Sum of MulP: up   =    28.00000 down          =    28.00000
              total=    56.00000 ideal(neutral)=    56.00000
<DFT>  Total Spin Moment (muB) =  0.000000000000
<DFT>  Mixing_weight= 0.040000000000
<DFT>  Uele   =  -42.211930435401  dUele     =   0.000000365109
<DFT>  NormRD =    0.000008078294  Criterion =   0.000000100000

******************* MD= 2  SCF= 6 *******************
<Poisson>  Poisson's equation using FFT...
<Set_Hamiltonian>  Hamiltonian matrix for VNA+dVH+Vxc...
<Band>  Solving the eigenvalue problem...
 KGrids1:  -0.45833  -0.37500  -0.29167  -0.20833  -0.12500  -0.04167   0.04167   0.12500   0.20833   0.29167   0.37500   0.45833 
 KGrids2:  -0.45833  -0.37500  -0.29167  -0.20833  -0.12500  -0.04167   0.04167   0.12500   0.20833   0.29167   0.37500   0.45833 
 KGrids3:  -0.47500  -0.42500  -0.37500  -0.32500  -0.27500  -0.22500  -0.17500  -0.12500  -0.07500  -0.02500   0.02500   0.07500   0.12500   0.17500   0.22500   0.27500   0.32500   0.37500   0.42500   0.47500 
<Band_DFT>  Eigen, time=0.738901
<Band_DFT>  DM, time=2.036615
    1   Sn  MulP   7.0000  7.0000 sum  14.0001
    2   Sn  MulP   7.0000  7.0000 sum  14.0000
    3   Sn  MulP   7.0000  7.0000 sum  14.0000
    4   Sn  MulP   7.0000  7.0000 sum  14.0000
 Sum of MulP: up   =    28.00000 down          =    28.00000
              total=    56.00000 ideal(neutral)=    56.00000
<DFT>  Total Spin Moment (muB) =  0.000000000000
<DFT>  Mixing_weight= 0.040000000000
<DFT>  Uele   =  -42.211930534940  dUele     =   0.000000099539
<DFT>  NormRD =    0.000008883246  Criterion =   0.000000100000
<MD= 2>  Force calculation
  Force calculation #1
  Force calculation #2
  Force calculation #3
  Force calculation #4
  Force calculation #5
  Stress calculation #1
  Stress calculation #2
  Stress calculation #3
  Stress calculation #4
  Stress calculation #5
<MD= 2>  Total Energy
  Force calculation #6
  Force calculation #7

*******************************************************
                  Dipole moment (Debye)                 
*******************************************************

 Absolute D      520.84373017

                      Dx                Dy                Dz
 Total           -362.38689813     -362.13875677      -93.85866062
 Core             402.25049432      401.43891146      325.63702641
 Electron        -764.63739245     -763.57766823     -419.49568703
 Back ground       -0.00000000       -0.00000000       -0.00000000

*******************************************************
               Stress tensor (Hartree/bohr^3)            
*******************************************************

      -0.00000059        0.00000000        0.00000383 
       0.00000000       -0.00000027       -0.00000000 
       0.00000383       -0.00000000       -0.00000119 

*******************************************************
                Total Energy (Hartree) at MD = 2        
*******************************************************

  Uele  =     -42.211930534940

  Ukin  =     203.437111499783
  UH0   =   -2703.969748428468
  UH1   =       0.004900332305
  Una   =    -149.420275619344
  Unl   =     -47.912621490188
  Uxc0  =     -25.237070323484
  Uxc1  =     -25.237070323484
  Ucore =    2464.177491894302
  Uhub  =       0.000000000000
  Ucs   =       0.000000000000
  Uzs   =       0.000000000000
  Uzo   =       0.000000000000
  Uef   =       0.000000000000
  UvdW  =       0.000000000000
  Uch   =       0.000000000000
  Utot  =    -284.157282458578

  UpV   =       0.000000000000
  Enpy  =    -284.157282458578
  Note:

  Uele:   band energy
  Ukin:   kinetic energy
  UH0:    electric part of screened Coulomb energy
  UH1:    difference electron-electron Coulomb energy
  Una:    neutral atom potential energy
  Unl:    non-local potential energy
  Uxc0:   exchange-correlation energy for alpha spin
  Uxc1:   exchange-correlation energy for beta spin
  Ucore:  core-core Coulomb energy
  Uhub:   LDA+U energy
  Ucs:    constraint energy for spin orientation
  Uzs:    Zeeman term for spin magnetic moment
  Uzo:    Zeeman term for orbital magnetic moment
  Uef:    electric energy by electric field
  UvdW:   semi-empirical vdW energy 
  Uch:    penalty term to create a core hole
  UpV:    pressure times volume
  Enpy:   Enthalpy = Utot + UpV
  (see also PRB 72, 045121(2005) for the energy contributions)


*******************************************************
           Computational times (s) at MD = 2            
*******************************************************

  DFT in total      =   28.04613

  Set_OLP_Kin       =    0.91754
  Set_Nonlocal      =    1.16462
  Set_ProExpn_VNA   =    3.36606
  Set_Hamiltonian   =    1.38576
  Poisson           =    0.00143
  diagonalization   =   16.41222
  Mixing_DM         =    0.00498
  Force             =    1.93709
  Total_Energy      =    0.40356
  Set_Aden_Grid     =    0.00741
  Set_Orbitals_Grid =    0.11912
  Set_Density_Grid  =    0.57064
  RestartFileDFT    =    0.01092
  Mulliken_Charge   =    0.00099
  FFT(2D)_Density   =    0.00209

The SCF was achieved at MD=   2

*******************************************************
             MD or geometry opt. at MD = 2              
*******************************************************

<Steepest_Descent>  SD_scaling= 1.259817203709
<Steepest_Descent>  |Maximum force| (Hartree/Bohr) = 0.001054957585
<Steepest_Descent>  Criterion       (Hartree/Bohr) = 0.000100000000

  atom=  1, XYZ(ang) Fxyz(a.u.)=  -0.0002   -0.0000   -0.0000     0.0001    0.0000    0.0000
  atom=  2, XYZ(ang) Fxyz(a.u.)=   2.9887    2.9849    1.6167     0.0001    0.0000    0.0000
  atom=  3, XYZ(ang) Fxyz(a.u.)=   0.0021    2.9849    0.8059     0.0000   -0.0000   -0.0010
  atom=  4, XYZ(ang) Fxyz(a.u.)=   2.9913   -0.0000    2.4199    -0.0003    0.0000    0.0010

*******************************************************
        Analysis of neighbors and setting of grids        
*******************************************************


*******************************************************
  Allocation of atoms to processors at MD_iter=    3     
*******************************************************

 proc =   0  # of atoms=   1  estimated weight=         1.00000
 proc =   1  # of atoms=   1  estimated weight=         1.00000
 proc =   2  # of atoms=   1  estimated weight=         1.00000
 proc =   3  # of atoms=   1  estimated weight=         1.00000
 proc =   4  # of atoms=   0  estimated weight=         0.00000
 proc =   5  # of atoms=   0  estimated weight=         0.00000
 proc =   6  # of atoms=   0  estimated weight=         0.00000
 proc =   7  # of atoms=   0  estimated weight=         0.00000
 proc =   8  # of atoms=   0  estimated weight=         0.00000
 proc =   9  # of atoms=   0  estimated weight=         0.00000
 proc =  10  # of atoms=   0  estimated weight=         0.00000
 proc =  11  # of atoms=   0  estimated weight=         0.00000
 proc =  12  # of atoms=   0  estimated weight=         0.00000
 proc =  13  # of atoms=   0  estimated weight=         0.00000
 proc =  14  # of atoms=   0  estimated weight=         0.00000
 proc =  15  # of atoms=   0  estimated weight=         0.00000



TFNAN=     256   Average FNAN=  64.00000
TSNAN=       0   Average SNAN=   0.00000
<truncation> CpyCell= 3 ct_AN=   1 FNAN SNAN  64   0
<truncation> CpyCell= 3 ct_AN=   2 FNAN SNAN  64   0
<truncation> CpyCell= 3 ct_AN=   3 FNAN SNAN  64   0
<truncation> CpyCell= 3 ct_AN=   4 FNAN SNAN  64   0
<UCell_Box> Info. of cutoff energy and num. of grids
lattice vectors (bohr)
A  = 11.281295655248,  0.000000000000,  0.028203239138
B  =  0.000000000000, 11.281295655248,  0.000000000000
C  =  0.015204829790,  0.000000000000,  6.081931916162
reciprocal lattice vectors (bohr^-1)
RA =  0.556959481370,  0.000000000000, -0.001392398703
RB =  0.000000000000,  0.556956000374,  0.000000000000
RC = -0.002582742073,  0.000000000000,  1.033096829091
Required cutoff energy (Ryd) for 3D-grids = 200.0000
    Used cutoff energy (Ryd) for 3D-grids = 193.8786, 193.8750, 194.5146
Num. of grids of a-, b-, and c-axes = 50, 50, 27
Cell_Volume =    774.028233187484 (Bohr^3)
GridVol     =      0.011467084936 (Bohr^3)
Cell vectors (bohr) of the grid cell (gtv)
  gtv_a =  0.225625913105,  0.000000000000,  0.000564064783
  gtv_b =  0.000000000000,  0.225625913105,  0.000000000000
  gtv_c =  0.000563141844,  0.000000000000,  0.225256737636
  |gtv_a| =  0.225626618185
  |gtv_b| =  0.225625913105
  |gtv_c| =  0.225257441562
Num. of grids overlapping with atom    1 = 125067
Num. of grids overlapping with atom    2 = 125312
Num. of grids overlapping with atom    3 = 125240
Num. of grids overlapping with atom    4 = 125238

*******************************************************
             SCF calculation at MD = 3                
*******************************************************

<MD= 3>  Calculation of the overlap matrix
<MD= 3>  Calculation of the nonlocal matrix
<MD= 3>  Calculation of the VNA projector matrix

******************* MD= 3  SCF= 1 *******************
<Restart>  Found restart files
<Poisson>  Poisson's equation using FFT...
<Band>  Solving the eigenvalue problem...
 KGrids1:  -0.45833  -0.37500  -0.29167  -0.20833  -0.12500  -0.04167   0.04167   0.12500   0.20833   0.29167   0.37500   0.45833 
 KGrids2:  -0.45833  -0.37500  -0.29167  -0.20833  -0.12500  -0.04167   0.04167   0.12500   0.20833   0.29167   0.37500   0.45833 
 KGrids3:  -0.47500  -0.42500  -0.37500  -0.32500  -0.27500  -0.22500  -0.17500  -0.12500  -0.07500  -0.02500   0.02500   0.07500   0.12500   0.17500   0.22500   0.27500   0.32500   0.37500   0.42500   0.47500 
<Band_DFT>  Eigen, time=0.779145
<Band_DFT>  DM, time=1.784994
    1   Sn  MulP   7.0000  7.0000 sum  14.0000
    2   Sn  MulP   7.0000  7.0000 sum  14.0000
    3   Sn  MulP   7.0000  7.0000 sum  14.0000
    4   Sn  MulP   7.0000  7.0000 sum  14.0000
 Sum of MulP: up   =    28.00000 down          =    28.00000
              total=    56.00000 ideal(neutral)=    56.00000
<DFT>  Total Spin Moment (muB) =  0.000000000000
<DFT>  Mixing_weight= 0.400000000000
<DFT>  Uele   =  -42.211932566211  dUele     =   1.000000000000
<DFT>  NormRD =    1.000000000000  Criterion =   0.000000100000

******************* MD= 3  SCF= 2 *******************
<Poisson>  Poisson's equation using FFT...
<Set_Hamiltonian>  Hamiltonian matrix for VNA+dVH+Vxc...
<Band>  Solving the eigenvalue problem...
 KGrids1:  -0.45833  -0.37500  -0.29167  -0.20833  -0.12500  -0.04167   0.04167   0.12500   0.20833   0.29167   0.37500   0.45833 
 KGrids2:  -0.45833  -0.37500  -0.29167  -0.20833  -0.12500  -0.04167   0.04167   0.12500   0.20833   0.29167   0.37500   0.45833 
 KGrids3:  -0.47500  -0.42500  -0.37500  -0.32500  -0.27500  -0.22500  -0.17500  -0.12500  -0.07500  -0.02500   0.02500   0.07500   0.12500   0.17500   0.22500   0.27500   0.32500   0.37500   0.42500   0.47500 
<Band_DFT>  Eigen, time=0.743659
<Band_DFT>  DM, time=1.928593
    1   Sn  MulP   7.0000  7.0000 sum  14.0000
    2   Sn  MulP   7.0000  7.0000 sum  14.0000
    3   Sn  MulP   7.0000  7.0000 sum  14.0000
    4   Sn  MulP   7.0000  7.0000 sum  14.0000
 Sum of MulP: up   =    28.00000 down          =    28.00000
              total=    56.00000 ideal(neutral)=    56.00000
<DFT>  Total Spin Moment (muB) =  0.000000000000
<DFT>  Mixing_weight= 0.400000000000
<DFT>  Uele   =  -42.211924772234  dUele     =   0.000007793977
<DFT>  NormRD =    0.000247431978  Criterion =   0.000000100000

******************* MD= 3  SCF= 3 *******************
<Poisson>  Poisson's equation using FFT...
<Set_Hamiltonian>  Hamiltonian matrix for VNA+dVH+Vxc...
<Band>  Solving the eigenvalue problem...
 KGrids1:  -0.45833  -0.37500  -0.29167  -0.20833  -0.12500  -0.04167   0.04167   0.12500   0.20833   0.29167   0.37500   0.45833 
 KGrids2:  -0.45833  -0.37500  -0.29167  -0.20833  -0.12500  -0.04167   0.04167   0.12500   0.20833   0.29167   0.37500   0.45833 
 KGrids3:  -0.47500  -0.42500  -0.37500  -0.32500  -0.27500  -0.22500  -0.17500  -0.12500  -0.07500  -0.02500   0.02500   0.07500   0.12500   0.17500   0.22500   0.27500   0.32500   0.37500   0.42500   0.47500 
<Band_DFT>  Eigen, time=0.738793
<Band_DFT>  DM, time=1.715040
    1   Sn  MulP   7.0000  7.0000 sum  14.0000
    2   Sn  MulP   7.0000  7.0000 sum  14.0000
    3   Sn  MulP   7.0000  7.0000 sum  14.0000
    4   Sn  MulP   7.0000  7.0000 sum  14.0000
 Sum of MulP: up   =    28.00000 down          =    28.00000
              total=    56.00000 ideal(neutral)=    56.00000
<DFT>  Total Spin Moment (muB) =  0.000000000000
<DFT>  Mixing_weight= 0.040000000000
<DFT>  Uele   =  -42.211920014623  dUele     =   0.000004757611
<DFT>  NormRD =    0.000168376681  Criterion =   0.000000100000

******************* MD= 3  SCF= 4 *******************
<Poisson>  Poisson's equation using FFT...
<Set_Hamiltonian>  Hamiltonian matrix for VNA+dVH+Vxc...
<Band>  Solving the eigenvalue problem...
 KGrids1:  -0.45833  -0.37500  -0.29167  -0.20833  -0.12500  -0.04167   0.04167   0.12500   0.20833   0.29167   0.37500   0.45833 
 KGrids2:  -0.45833  -0.37500  -0.29167  -0.20833  -0.12500  -0.04167   0.04167   0.12500   0.20833   0.29167   0.37500   0.45833 
 KGrids3:  -0.47500  -0.42500  -0.37500  -0.32500  -0.27500  -0.22500  -0.17500  -0.12500  -0.07500  -0.02500   0.02500   0.07500   0.12500   0.17500   0.22500   0.27500   0.32500   0.37500   0.42500   0.47500 
<Band_DFT>  Eigen, time=0.738357
<Band_DFT>  DM, time=2.040941
    1   Sn  MulP   7.0000  7.0000 sum  14.0000
    2   Sn  MulP   7.0000  7.0000 sum  14.0000
    3   Sn  MulP   7.0000  7.0000 sum  14.0000
    4   Sn  MulP   7.0000  7.0000 sum  14.0000
 Sum of MulP: up   =    28.00000 down          =    28.00000
              total=    56.00000 ideal(neutral)=    56.00000
<DFT>  Total Spin Moment (muB) =  0.000000000000
<DFT>  Mixing_weight= 0.040000000000
<DFT>  Uele   =  -42.211912072340  dUele     =   0.000007942283
<DFT>  NormRD =    0.000016345107  Criterion =   0.000000100000

******************* MD= 3  SCF= 5 *******************
<Poisson>  Poisson's equation using FFT...
<Set_Hamiltonian>  Hamiltonian matrix for VNA+dVH+Vxc...
<Band>  Solving the eigenvalue problem...
 KGrids1:  -0.45833  -0.37500  -0.29167  -0.20833  -0.12500  -0.04167   0.04167   0.12500   0.20833   0.29167   0.37500   0.45833 
 KGrids2:  -0.45833  -0.37500  -0.29167  -0.20833  -0.12500  -0.04167   0.04167   0.12500   0.20833   0.29167   0.37500   0.45833 
 KGrids3:  -0.47500  -0.42500  -0.37500  -0.32500  -0.27500  -0.22500  -0.17500  -0.12500  -0.07500  -0.02500   0.02500   0.07500   0.12500   0.17500   0.22500   0.27500   0.32500   0.37500   0.42500   0.47500 
<Band_DFT>  Eigen, time=0.743717
<Band_DFT>  DM, time=2.038859
    1   Sn  MulP   7.0000  7.0000 sum  14.0000
    2   Sn  MulP   7.0000  7.0000 sum  14.0000
    3   Sn  MulP   7.0000  7.0000 sum  14.0000
    4   Sn  MulP   7.0000  7.0000 sum  14.0000
 Sum of MulP: up   =    28.00000 down          =    28.00000
              total=    56.00000 ideal(neutral)=    56.00000
<DFT>  Total Spin Moment (muB) =  0.000000000000
<DFT>  Mixing_weight= 0.040000000000
<DFT>  Uele   =  -42.211912443894  dUele     =   0.000000371554
<DFT>  NormRD =    0.000010871695  Criterion =   0.000000100000

******************* MD= 3  SCF= 6 *******************
<Poisson>  Poisson's equation using FFT...
<Set_Hamiltonian>  Hamiltonian matrix for VNA+dVH+Vxc...
<Band>  Solving the eigenvalue problem...
 KGrids1:  -0.45833  -0.37500  -0.29167  -0.20833  -0.12500  -0.04167   0.04167   0.12500   0.20833   0.29167   0.37500   0.45833 
 KGrids2:  -0.45833  -0.37500  -0.29167  -0.20833  -0.12500  -0.04167   0.04167   0.12500   0.20833   0.29167   0.37500   0.45833 
 KGrids3:  -0.47500  -0.42500  -0.37500  -0.32500  -0.27500  -0.22500  -0.17500  -0.12500  -0.07500  -0.02500   0.02500   0.07500   0.12500   0.17500   0.22500   0.27500   0.32500   0.37500   0.42500   0.47500 
<Band_DFT>  Eigen, time=0.740186
<Band_DFT>  DM, time=2.037135
    1   Sn  MulP   7.0000  7.0000 sum  14.0000
    2   Sn  MulP   7.0000  7.0000 sum  14.0000
    3   Sn  MulP   7.0000  7.0000 sum  14.0000
    4   Sn  MulP   7.0000  7.0000 sum  14.0000
 Sum of MulP: up   =    28.00000 down          =    28.00000
              total=    56.00000 ideal(neutral)=    56.00000
<DFT>  Total Spin Moment (muB) =  0.000000000000
<DFT>  Mixing_weight= 0.040000000000
<DFT>  Uele   =  -42.211912514435  dUele     =   0.000000070541
<DFT>  NormRD =    0.000007123966  Criterion =   0.000000100000
<MD= 3>  Force calculation
  Force calculation #1
  Force calculation #2
  Force calculation #3
  Force calculation #4
  Force calculation #5
  Stress calculation #1
  Stress calculation #2
  Stress calculation #3
  Stress calculation #4
  Stress calculation #5
<MD= 3>  Total Energy
  Force calculation #6
  Force calculation #7

*******************************************************
                  Dipole moment (Debye)                 
*******************************************************

 Absolute D      520.86905186

                      Dx                Dy                Dz
 Total           -362.42101813     -362.13874903      -93.86746642
 Core             402.25104876      401.43890874      325.63430361
 Electron        -764.67206688     -763.57765776     -419.50177003
 Back ground       -0.00000000       -0.00000000       -0.00000000

*******************************************************
               Stress tensor (Hartree/bohr^3)            
*******************************************************

      -0.00000052        0.00000000        0.00000378 
       0.00000000       -0.00000018        0.00000000 
       0.00000378        0.00000000       -0.00000097 

*******************************************************
                Total Energy (Hartree) at MD = 3        
*******************************************************

  Uele  =     -42.211912514435

  Ukin  =     203.437168804863
  UH0   =   -2703.969717955978
  UH1   =       0.004900240332
  Una   =    -149.420303157045
  Unl   =     -47.912646433490
  Uxc0  =     -25.237073565085
  Uxc1  =     -25.237073565085
  Ucore =    2464.177460441616
  Uhub  =       0.000000000000
  Ucs   =       0.000000000000
  Uzs   =       0.000000000000
  Uzo   =       0.000000000000
  Uef   =       0.000000000000
  UvdW  =       0.000000000000
  Uch   =       0.000000000000
  Utot  =    -284.157285189871

  UpV   =       0.000000000000
  Enpy  =    -284.157285189871
  Note:

  Uele:   band energy
  Ukin:   kinetic energy
  UH0:    electric part of screened Coulomb energy
  UH1:    difference electron-electron Coulomb energy
  Una:    neutral atom potential energy
  Unl:    non-local potential energy
  Uxc0:   exchange-correlation energy for alpha spin
  Uxc1:   exchange-correlation energy for beta spin
  Ucore:  core-core Coulomb energy
  Uhub:   LDA+U energy
  Ucs:    constraint energy for spin orientation
  Uzs:    Zeeman term for spin magnetic moment
  Uzo:    Zeeman term for orbital magnetic moment
  Uef:    electric energy by electric field
  UvdW:   semi-empirical vdW energy 
  Uch:    penalty term to create a core hole
  UpV:    pressure times volume
  Enpy:   Enthalpy = Utot + UpV
  (see also PRB 72, 045121(2005) for the energy contributions)


*******************************************************
           Computational times (s) at MD = 3            
*******************************************************

  DFT in total      =   28.30713

  Set_OLP_Kin       =    0.74398
  Set_Nonlocal      =    1.31555
  Set_ProExpn_VNA   =    2.58268
  Set_Hamiltonian   =    1.60279
  Poisson           =    0.00117
  diagonalization   =   16.39505
  Mixing_DM         =    0.00483
  Force             =    2.37791
  Total_Energy      =    0.45864
  Set_Aden_Grid     =    0.05599
  Set_Orbitals_Grid =    0.09755
  Set_Density_Grid  =    0.54004
  RestartFileDFT    =    0.00439
  Mulliken_Charge   =    0.00107
  FFT(2D)_Density   =    0.00228

The SCF was achieved at MD=   3

*******************************************************
             MD or geometry opt. at MD = 3              
*******************************************************

<Steepest_Descent>  SD_scaling= 1.259817203709
<Steepest_Descent>  |Maximum force| (Hartree/Bohr) = 0.001001439741
<Steepest_Descent>  Criterion       (Hartree/Bohr) = 0.000100000000

  atom=  1, XYZ(ang) Fxyz(a.u.)=  -0.0003   -0.0000   -0.0000     0.0001    0.0000    0.0000
  atom=  2, XYZ(ang) Fxyz(a.u.)=   2.9886    2.9849    1.6166     0.0001    0.0000    0.0000
  atom=  3, XYZ(ang) Fxyz(a.u.)=   0.0020    2.9849    0.8066     0.0000   -0.0000   -0.0010
  atom=  4, XYZ(ang) Fxyz(a.u.)=   2.9914   -0.0000    2.4193    -0.0002    0.0000    0.0010

*******************************************************
        Analysis of neighbors and setting of grids        
*******************************************************


*******************************************************
  Allocation of atoms to processors at MD_iter=    4     
*******************************************************

 proc =   0  # of atoms=   1  estimated weight=         1.00000
 proc =   1  # of atoms=   1  estimated weight=         1.00000
 proc =   2  # of atoms=   1  estimated weight=         1.00000
 proc =   3  # of atoms=   1  estimated weight=         1.00000
 proc =   4  # of atoms=   0  estimated weight=         0.00000
 proc =   5  # of atoms=   0  estimated weight=         0.00000
 proc =   6  # of atoms=   0  estimated weight=         0.00000
 proc =   7  # of atoms=   0  estimated weight=         0.00000
 proc =   8  # of atoms=   0  estimated weight=         0.00000
 proc =   9  # of atoms=   0  estimated weight=         0.00000
 proc =  10  # of atoms=   0  estimated weight=         0.00000
 proc =  11  # of atoms=   0  estimated weight=         0.00000
 proc =  12  # of atoms=   0  estimated weight=         0.00000
 proc =  13  # of atoms=   0  estimated weight=         0.00000
 proc =  14  # of atoms=   0  estimated weight=         0.00000
 proc =  15  # of atoms=   0  estimated weight=         0.00000



TFNAN=     256   Average FNAN=  64.00000
TSNAN=       0   Average SNAN=   0.00000
<truncation> CpyCell= 3 ct_AN=   1 FNAN SNAN  64   0
<truncation> CpyCell= 3 ct_AN=   2 FNAN SNAN  64   0
<truncation> CpyCell= 3 ct_AN=   3 FNAN SNAN  64   0
<truncation> CpyCell= 3 ct_AN=   4 FNAN SNAN  64   0
<UCell_Box> Info. of cutoff energy and num. of grids
lattice vectors (bohr)
A  = 11.281295655248,  0.000000000000,  0.028203239138
B  =  0.000000000000, 11.281295655248,  0.000000000000
C  =  0.015204829790,  0.000000000000,  6.081931916162
reciprocal lattice vectors (bohr^-1)
RA =  0.556959481370,  0.000000000000, -0.001392398703
RB =  0.000000000000,  0.556956000374,  0.000000000000
RC = -0.002582742073,  0.000000000000,  1.033096829091
Required cutoff energy (Ryd) for 3D-grids = 200.0000
    Used cutoff energy (Ryd) for 3D-grids = 193.8786, 193.8750, 194.5146
Num. of grids of a-, b-, and c-axes = 50, 50, 27
Cell_Volume =    774.028233187484 (Bohr^3)
GridVol     =      0.011467084936 (Bohr^3)
Cell vectors (bohr) of the grid cell (gtv)
  gtv_a =  0.225625913105,  0.000000000000,  0.000564064783
  gtv_b =  0.000000000000,  0.225625913105,  0.000000000000
  gtv_c =  0.000563141844,  0.000000000000,  0.225256737636
  |gtv_a| =  0.225626618185
  |gtv_b| =  0.225625913105
  |gtv_c| =  0.225257441562
Num. of grids overlapping with atom    1 = 125063
Num. of grids overlapping with atom    2 = 125312
Num. of grids overlapping with atom    3 = 125232
Num. of grids overlapping with atom    4 = 125226

*******************************************************
             SCF calculation at MD = 4                
*******************************************************

<MD= 4>  Calculation of the overlap matrix
<MD= 4>  Calculation of the nonlocal matrix
<MD= 4>  Calculation of the VNA projector matrix

******************* MD= 4  SCF= 1 *******************
<Restart>  Found restart files
<Poisson>  Poisson's equation using FFT...
<Band>  Solving the eigenvalue problem...
 KGrids1:  -0.45833  -0.37500  -0.29167  -0.20833  -0.12500  -0.04167   0.04167   0.12500   0.20833   0.29167   0.37500   0.45833 
 KGrids2:  -0.45833  -0.37500  -0.29167  -0.20833  -0.12500  -0.04167   0.04167   0.12500   0.20833   0.29167   0.37500   0.45833 
 KGrids3:  -0.47500  -0.42500  -0.37500  -0.32500  -0.27500  -0.22500  -0.17500  -0.12500  -0.07500  -0.02500   0.02500   0.07500   0.12500   0.17500   0.22500   0.27500   0.32500   0.37500   0.42500   0.47500 
<Band_DFT>  Eigen, time=0.754073
<Band_DFT>  DM, time=1.392454
    1   Sn  MulP   7.0000  7.0000 sum  14.0000
    2   Sn  MulP   7.0000  7.0000 sum  14.0000
    3   Sn  MulP   7.0000  7.0000 sum  14.0000
    4   Sn  MulP   7.0000  7.0000 sum  14.0000
 Sum of MulP: up   =    28.00000 down          =    28.00000
              total=    56.00000 ideal(neutral)=    56.00000
<DFT>  Total Spin Moment (muB) =  0.000000000000
<DFT>  Mixing_weight= 0.400000000000
<DFT>  Uele   =  -42.211892969137  dUele     =   1.000000000000
<DFT>  NormRD =    1.000000000000  Criterion =   0.000000100000

******************* MD= 4  SCF= 2 *******************
<Poisson>  Poisson's equation using FFT...
<Set_Hamiltonian>  Hamiltonian matrix for VNA+dVH+Vxc...
<Band>  Solving the eigenvalue problem...
 KGrids1:  -0.45833  -0.37500  -0.29167  -0.20833  -0.12500  -0.04167   0.04167   0.12500   0.20833   0.29167   0.37500   0.45833 
 KGrids2:  -0.45833  -0.37500  -0.29167  -0.20833  -0.12500  -0.04167   0.04167   0.12500   0.20833   0.29167   0.37500   0.45833 
 KGrids3:  -0.47500  -0.42500  -0.37500  -0.32500  -0.27500  -0.22500  -0.17500  -0.12500  -0.07500  -0.02500   0.02500   0.07500   0.12500   0.17500   0.22500   0.27500   0.32500   0.37500   0.42500   0.47500 
<Band_DFT>  Eigen, time=0.515206
<Band_DFT>  DM, time=1.394340
    1   Sn  MulP   7.0000  7.0000 sum  14.0000
    2   Sn  MulP   7.0000  7.0000 sum  14.0000
    3   Sn  MulP   7.0000  7.0000 sum  14.0000
    4   Sn  MulP   7.0000  7.0000 sum  14.0000
 Sum of MulP: up   =    28.00000 down          =    28.00000
              total=    56.00000 ideal(neutral)=    56.00000
<DFT>  Total Spin Moment (muB) =  0.000000000000
<DFT>  Mixing_weight= 0.400000000000
<DFT>  Uele   =  -42.211893630280  dUele     =   0.000000661143
<DFT>  NormRD =    0.000019134976  Criterion =   0.000000100000

******************* MD= 4  SCF= 3 *******************
<Poisson>  Poisson's equation using FFT...
<Set_Hamiltonian>  Hamiltonian matrix for VNA+dVH+Vxc...
<Band>  Solving the eigenvalue problem...
 KGrids1:  -0.45833  -0.37500  -0.29167  -0.20833  -0.12500  -0.04167   0.04167   0.12500   0.20833   0.29167   0.37500   0.45833 
 KGrids2:  -0.45833  -0.37500  -0.29167  -0.20833  -0.12500  -0.04167   0.04167   0.12500   0.20833   0.29167   0.37500   0.45833 
 KGrids3:  -0.47500  -0.42500  -0.37500  -0.32500  -0.27500  -0.22500  -0.17500  -0.12500  -0.07500  -0.02500   0.02500   0.07500   0.12500   0.17500   0.22500   0.27500   0.32500   0.37500   0.42500   0.47500 
<Band_DFT>  Eigen, time=0.741802
<Band_DFT>  DM, time=1.868007
    1   Sn  MulP   7.0000  7.0000 sum  14.0000
    2   Sn  MulP   7.0000  7.0000 sum  14.0000
    3   Sn  MulP   7.0000  7.0000 sum  14.0000
    4   Sn  MulP   7.0000  7.0000 sum  14.0000
 Sum of MulP: up   =    28.00000 down          =    28.00000
              total=    56.00000 ideal(neutral)=    56.00000
<DFT>  Total Spin Moment (muB) =  0.000000000000
<DFT>  Mixing_weight= 0.040000000000
<DFT>  Uele   =  -42.211894068044  dUele     =   0.000000437764
<DFT>  NormRD =    0.000013043925  Criterion =   0.000000100000

******************* MD= 4  SCF= 4 *******************
<Poisson>  Poisson's equation using FFT...
<Set_Hamiltonian>  Hamiltonian matrix for VNA+dVH+Vxc...
<Band>  Solving the eigenvalue problem...
 KGrids1:  -0.45833  -0.37500  -0.29167  -0.20833  -0.12500  -0.04167   0.04167   0.12500   0.20833   0.29167   0.37500   0.45833 
 KGrids2:  -0.45833  -0.37500  -0.29167  -0.20833  -0.12500  -0.04167   0.04167   0.12500   0.20833   0.29167   0.37500   0.45833 
 KGrids3:  -0.47500  -0.42500  -0.37500  -0.32500  -0.27500  -0.22500  -0.17500  -0.12500  -0.07500  -0.02500   0.02500   0.07500   0.12500   0.17500   0.22500   0.27500   0.32500   0.37500   0.42500   0.47500 
<Band_DFT>  Eigen, time=0.759505
<Band_DFT>  DM, time=1.879835
    1   Sn  MulP   7.0000  7.0000 sum  14.0000
    2   Sn  MulP   7.0000  7.0000 sum  14.0000
    3   Sn  MulP   7.0000  7.0000 sum  14.0000
    4   Sn  MulP   7.0000  7.0000 sum  14.0000
 Sum of MulP: up   =    28.00000 down          =    28.00000
              total=    56.00000 ideal(neutral)=    56.00000
<DFT>  Total Spin Moment (muB) =  0.000000000000
<DFT>  Mixing_weight= 0.040000000000
<DFT>  Uele   =  -42.211895148096  dUele     =   0.000001080052
<DFT>  NormRD =    0.000001449299  Criterion =   0.000000100000

******************* MD= 4  SCF= 5 *******************
<Poisson>  Poisson's equation using FFT...
<Set_Hamiltonian>  Hamiltonian matrix for VNA+dVH+Vxc...
<Band>  Solving the eigenvalue problem...
 KGrids1:  -0.45833  -0.37500  -0.29167  -0.20833  -0.12500  -0.04167   0.04167   0.12500   0.20833   0.29167   0.37500   0.45833 
 KGrids2:  -0.45833  -0.37500  -0.29167  -0.20833  -0.12500  -0.04167   0.04167   0.12500   0.20833   0.29167   0.37500   0.45833 
 KGrids3:  -0.47500  -0.42500  -0.37500  -0.32500  -0.27500  -0.22500  -0.17500  -0.12500  -0.07500  -0.02500   0.02500   0.07500   0.12500   0.17500   0.22500   0.27500   0.32500   0.37500   0.42500   0.47500 
<Band_DFT>  Eigen, time=0.741806
<Band_DFT>  DM, time=1.565166
    1   Sn  MulP   7.0000  7.0000 sum  14.0000
    2   Sn  MulP   7.0000  7.0000 sum  14.0000
    3   Sn  MulP   7.0000  7.0000 sum  14.0000
    4   Sn  MulP   7.0000  7.0000 sum  14.0000
 Sum of MulP: up   =    28.00000 down          =    28.00000
              total=    56.00000 ideal(neutral)=    56.00000
<DFT>  Total Spin Moment (muB) =  0.000000000000
<DFT>  Mixing_weight= 0.040000000000
<DFT>  Uele   =  -42.211894972143  dUele     =   0.000000175953
<DFT>  NormRD =    0.000001835427  Criterion =   0.000000100000

******************* MD= 4  SCF= 6 *******************
<Poisson>  Poisson's equation using FFT...
<Set_Hamiltonian>  Hamiltonian matrix for VNA+dVH+Vxc...
<Band>  Solving the eigenvalue problem...
 KGrids1:  -0.45833  -0.37500  -0.29167  -0.20833  -0.12500  -0.04167   0.04167   0.12500   0.20833   0.29167   0.37500   0.45833 
 KGrids2:  -0.45833  -0.37500  -0.29167  -0.20833  -0.12500  -0.04167   0.04167   0.12500   0.20833   0.29167   0.37500   0.45833 
 KGrids3:  -0.47500  -0.42500  -0.37500  -0.32500  -0.27500  -0.22500  -0.17500  -0.12500  -0.07500  -0.02500   0.02500   0.07500   0.12500   0.17500   0.22500   0.27500   0.32500   0.37500   0.42500   0.47500 
<Band_DFT>  Eigen, time=0.742400
<Band_DFT>  DM, time=1.815248
    1   Sn  MulP   7.0000  7.0000 sum  14.0000
    2   Sn  MulP   7.0000  7.0000 sum  14.0000
    3   Sn  MulP   7.0000  7.0000 sum  14.0000
    4   Sn  MulP   7.0000  7.0000 sum  14.0000
 Sum of MulP: up   =    28.00000 down          =    28.00000
              total=    56.00000 ideal(neutral)=    56.00000
<DFT>  Total Spin Moment (muB) =  0.000000000000
<DFT>  Mixing_weight= 0.040000000000
<DFT>  Uele   =  -42.211894973290  dUele     =   0.000000001147
<DFT>  NormRD =    0.000000275917  Criterion =   0.000000100000
<MD= 4>  Force calculation
  Force calculation #1
  Force calculation #2
  Force calculation #3
  Force calculation #4
  Force calculation #5
  Stress calculation #1
  Stress calculation #2
  Stress calculation #3
  Stress calculation #4
  Stress calculation #5
<MD= 4>  Total Energy
  Force calculation #6
  Force calculation #7

*******************************************************
                  Dipole moment (Debye)                 
*******************************************************

 Absolute D      520.88875857

                      Dx                Dy                Dz
 Total           -362.44727327     -362.13873746      -93.87549059
 Core             402.25067031      401.43890913      325.63272374
 Electron        -764.69794358     -763.57764659     -419.50821434
 Back ground       -0.00000000       -0.00000000       -0.00000000

*******************************************************
               Stress tensor (Hartree/bohr^3)            
*******************************************************

      -0.00000043        0.00000000        0.00000377 
       0.00000000       -0.00000009       -0.00000000 
       0.00000377       -0.00000000       -0.00000077 

*******************************************************
                Total Energy (Hartree) at MD = 4        
*******************************************************

  Uele  =     -42.211894973290

  Ukin  =     203.437224915380
  UH0   =   -2703.969676426456
  UH1   =       0.004900149979
  Una   =    -149.420330144982
  Unl   =     -47.912671046179
  Uxc0  =     -25.237076699254
  Uxc1  =     -25.237076699254
  Ucore =    2464.177418191941
  Uhub  =       0.000000000000
  Ucs   =       0.000000000000
  Uzs   =       0.000000000000
  Uzo   =       0.000000000000
  Uef   =       0.000000000000
  UvdW  =       0.000000000000
  Uch   =       0.000000000000
  Utot  =    -284.157287758824

  UpV   =       0.000000000000
  Enpy  =    -284.157287758824
  Note:

  Uele:   band energy
  Ukin:   kinetic energy
  UH0:    electric part of screened Coulomb energy
  UH1:    difference electron-electron Coulomb energy
  Una:    neutral atom potential energy
  Unl:    non-local potential energy
  Uxc0:   exchange-correlation energy for alpha spin
  Uxc1:   exchange-correlation energy for beta spin
  Ucore:  core-core Coulomb energy
  Uhub:   LDA+U energy
  Ucs:    constraint energy for spin orientation
  Uzs:    Zeeman term for spin magnetic moment
  Uzo:    Zeeman term for orbital magnetic moment
  Uef:    electric energy by electric field
  UvdW:   semi-empirical vdW energy 
  Uch:    penalty term to create a core hole
  UpV:    pressure times volume
  Enpy:   Enthalpy = Utot + UpV
  (see also PRB 72, 045121(2005) for the energy contributions)


*******************************************************
           Computational times (s) at MD = 4            
*******************************************************

  DFT in total      =   27.06519

  Set_OLP_Kin       =    0.70039
  Set_Nonlocal      =    1.81075
  Set_ProExpn_VNA   =    3.28030
  Set_Hamiltonian   =    1.55475
  Poisson           =    0.00113
  diagonalization   =   14.49648
  Mixing_DM         =    0.00464
  Force             =    2.06786
  Total_Energy      =    0.41033
  Set_Aden_Grid     =    0.21830
  Set_Orbitals_Grid =    0.09918
  Set_Density_Grid  =    0.54434
  RestartFileDFT    =    0.07668
  Mulliken_Charge   =    0.00109
  FFT(2D)_Density   =    0.00183

The SCF was achieved at MD=   4

*******************************************************
             MD or geometry opt. at MD = 4              
*******************************************************

<Steepest_Descent>  SD_scaling= 1.259817203709
<Steepest_Descent>  |Maximum force| (Hartree/Bohr) = 0.001046639126
<Steepest_Descent>  Criterion       (Hartree/Bohr) = 0.000100000000

  atom=  1, XYZ(ang) Fxyz(a.u.)=  -0.0003   -0.0000   -0.0000     0.0001    0.0000    0.0000
  atom=  2, XYZ(ang) Fxyz(a.u.)=   2.9886    2.9849    1.6166     0.0001    0.0000    0.0001
  atom=  3, XYZ(ang) Fxyz(a.u.)=   0.0021    2.9849    0.8073    -0.0000    0.0000   -0.0010
  atom=  4, XYZ(ang) Fxyz(a.u.)=   2.9916    0.0000    2.4186    -0.0002   -0.0000    0.0010

*******************************************************
        Analysis of neighbors and setting of grids        
*******************************************************


*******************************************************
  Allocation of atoms to processors at MD_iter=    5     
*******************************************************

 proc =   0  # of atoms=   1  estimated weight=         1.00000
 proc =   1  # of atoms=   1  estimated weight=         1.00000
 proc =   2  # of atoms=   1  estimated weight=         1.00000
 proc =   3  # of atoms=   1  estimated weight=         1.00000
 proc =   4  # of atoms=   0  estimated weight=         0.00000
 proc =   5  # of atoms=   0  estimated weight=         0.00000
 proc =   6  # of atoms=   0  estimated weight=         0.00000
 proc =   7  # of atoms=   0  estimated weight=         0.00000
 proc =   8  # of atoms=   0  estimated weight=         0.00000
 proc =   9  # of atoms=   0  estimated weight=         0.00000
 proc =  10  # of atoms=   0  estimated weight=         0.00000
 proc =  11  # of atoms=   0  estimated weight=         0.00000
 proc =  12  # of atoms=   0  estimated weight=         0.00000
 proc =  13  # of atoms=   0  estimated weight=         0.00000
 proc =  14  # of atoms=   0  estimated weight=         0.00000
 proc =  15  # of atoms=   0  estimated weight=         0.00000



TFNAN=     256   Average FNAN=  64.00000
TSNAN=       0   Average SNAN=   0.00000
<truncation> CpyCell= 3 ct_AN=   1 FNAN SNAN  64   0
<truncation> CpyCell= 3 ct_AN=   2 FNAN SNAN  64   0
<truncation> CpyCell= 3 ct_AN=   3 FNAN SNAN  64   0
<truncation> CpyCell= 3 ct_AN=   4 FNAN SNAN  64   0
<UCell_Box> Info. of cutoff energy and num. of grids
lattice vectors (bohr)
A  = 11.281295655248,  0.000000000000,  0.028203239138
B  =  0.000000000000, 11.281295655248,  0.000000000000
C  =  0.015204829790,  0.000000000000,  6.081931916162
reciprocal lattice vectors (bohr^-1)
RA =  0.556959481370,  0.000000000000, -0.001392398703
RB =  0.000000000000,  0.556956000374,  0.000000000000
RC = -0.002582742073,  0.000000000000,  1.033096829091
Required cutoff energy (Ryd) for 3D-grids = 200.0000
    Used cutoff energy (Ryd) for 3D-grids = 193.8786, 193.8750, 194.5146
Num. of grids of a-, b-, and c-axes = 50, 50, 27
Cell_Volume =    774.028233187484 (Bohr^3)
GridVol     =      0.011467084936 (Bohr^3)
Cell vectors (bohr) of the grid cell (gtv)
  gtv_a =  0.225625913105,  0.000000000000,  0.000564064783
  gtv_b =  0.000000000000,  0.225625913105,  0.000000000000
  gtv_c =  0.000563141844,  0.000000000000,  0.225256737636
  |gtv_a| =  0.225626618185
  |gtv_b| =  0.225625913105
  |gtv_c| =  0.225257441562
Num. of grids overlapping with atom    1 = 125063
Num. of grids overlapping with atom    2 = 125308
Num. of grids overlapping with atom    3 = 125226
Num. of grids overlapping with atom    4 = 125216

*******************************************************
             SCF calculation at MD = 5                
*******************************************************

<MD= 5>  Calculation of the overlap matrix
<MD= 5>  Calculation of the nonlocal matrix
<MD= 5>  Calculation of the VNA projector matrix

******************* MD= 5  SCF= 1 *******************
<Restart>  Found restart files
<Poisson>  Poisson's equation using FFT...
<Band>  Solving the eigenvalue problem...
 KGrids1:  -0.45833  -0.37500  -0.29167  -0.20833  -0.12500  -0.04167   0.04167   0.12500   0.20833   0.29167   0.37500   0.45833 
 KGrids2:  -0.45833  -0.37500  -0.29167  -0.20833  -0.12500  -0.04167   0.04167   0.12500   0.20833   0.29167   0.37500   0.45833 
 KGrids3:  -0.47500  -0.42500  -0.37500  -0.32500  -0.27500  -0.22500  -0.17500  -0.12500  -0.07500  -0.02500   0.02500   0.07500   0.12500   0.17500   0.22500   0.27500   0.32500   0.37500   0.42500   0.47500 
<Band_DFT>  Eigen, time=0.741452
<Band_DFT>  DM, time=2.032672
    1   Sn  MulP   7.0000  7.0000 sum  14.0000
    2   Sn  MulP   7.0000  7.0000 sum  14.0001
    3   Sn  MulP   7.0000  7.0000 sum  14.0000
    4   Sn  MulP   7.0000  7.0000 sum  14.0000
 Sum of MulP: up   =    28.00000 down          =    28.00000
              total=    56.00000 ideal(neutral)=    56.00000
<DFT>  Total Spin Moment (muB) =  0.000000000000
<DFT>  Mixing_weight= 0.400000000000
<DFT>  Uele   =  -42.211883128009  dUele     =   1.000000000000
<DFT>  NormRD =    1.000000000000  Criterion =   0.000000100000

******************* MD= 5  SCF= 2 *******************
<Poisson>  Poisson's equation using FFT...
<Set_Hamiltonian>  Hamiltonian matrix for VNA+dVH+Vxc...
<Band>  Solving the eigenvalue problem...
 KGrids1:  -0.45833  -0.37500  -0.29167  -0.20833  -0.12500  -0.04167   0.04167   0.12500   0.20833   0.29167   0.37500   0.45833 
 KGrids2:  -0.45833  -0.37500  -0.29167  -0.20833  -0.12500  -0.04167   0.04167   0.12500   0.20833   0.29167   0.37500   0.45833 
 KGrids3:  -0.47500  -0.42500  -0.37500  -0.32500  -0.27500  -0.22500  -0.17500  -0.12500  -0.07500  -0.02500   0.02500   0.07500   0.12500   0.17500   0.22500   0.27500   0.32500   0.37500   0.42500   0.47500 
<Band_DFT>  Eigen, time=0.791449
<Band_DFT>  DM, time=1.922374
    1   Sn  MulP   7.0000  7.0000 sum  14.0000
    2   Sn  MulP   7.0000  7.0000 sum  14.0001
    3   Sn  MulP   7.0000  7.0000 sum  14.0000
    4   Sn  MulP   7.0000  7.0000 sum  14.0000
 Sum of MulP: up   =    28.00000 down          =    28.00000
              total=    56.00000 ideal(neutral)=    56.00000
<DFT>  Total Spin Moment (muB) =  0.000000000000
<DFT>  Mixing_weight= 0.400000000000
<DFT>  Uele   =  -42.211881167317  dUele     =   0.000001960693
<DFT>  NormRD =    0.000012223835  Criterion =   0.000000100000

******************* MD= 5  SCF= 3 *******************
<Poisson>  Poisson's equation using FFT...
<Set_Hamiltonian>  Hamiltonian matrix for VNA+dVH+Vxc...
<Band>  Solving the eigenvalue problem...
 KGrids1:  -0.45833  -0.37500  -0.29167  -0.20833  -0.12500  -0.04167   0.04167   0.12500   0.20833   0.29167   0.37500   0.45833 
 KGrids2:  -0.45833  -0.37500  -0.29167  -0.20833  -0.12500  -0.04167   0.04167   0.12500   0.20833   0.29167   0.37500   0.45833 
 KGrids3:  -0.47500  -0.42500  -0.37500  -0.32500  -0.27500  -0.22500  -0.17500  -0.12500  -0.07500  -0.02500   0.02500   0.07500   0.12500   0.17500   0.22500   0.27500   0.32500   0.37500   0.42500   0.47500 
<Band_DFT>  Eigen, time=0.749014
<Band_DFT>  DM, time=2.040539
    1   Sn  MulP   7.0000  7.0000 sum  14.0000
    2   Sn  MulP   7.0000  7.0000 sum  14.0001
    3   Sn  MulP   7.0000  7.0000 sum  14.0000
    4   Sn  MulP   7.0000  7.0000 sum  14.0000
 Sum of MulP: up   =    28.00000 down          =    28.00000
              total=    56.00000 ideal(neutral)=    56.00000
<DFT>  Total Spin Moment (muB) =  0.000000000000
<DFT>  Mixing_weight= 0.040000000000
<DFT>  Uele   =  -42.211879886867  dUele     =   0.000001280449
<DFT>  NormRD =    0.000008268714  Criterion =   0.000000100000

******************* MD= 5  SCF= 4 *******************
<Poisson>  Poisson's equation using FFT...
<Set_Hamiltonian>  Hamiltonian matrix for VNA+dVH+Vxc...
<Band>  Solving the eigenvalue problem...
 KGrids1:  -0.45833  -0.37500  -0.29167  -0.20833  -0.12500  -0.04167   0.04167   0.12500   0.20833   0.29167   0.37500   0.45833 
 KGrids2:  -0.45833  -0.37500  -0.29167  -0.20833  -0.12500  -0.04167   0.04167   0.12500   0.20833   0.29167   0.37500   0.45833 
 KGrids3:  -0.47500  -0.42500  -0.37500  -0.32500  -0.27500  -0.22500  -0.17500  -0.12500  -0.07500  -0.02500   0.02500   0.07500   0.12500   0.17500   0.22500   0.27500   0.32500   0.37500   0.42500   0.47500 
<Band_DFT>  Eigen, time=0.741149
<Band_DFT>  DM, time=1.926004
    1   Sn  MulP   7.0000  7.0000 sum  14.0000
    2   Sn  MulP   7.0000  7.0000 sum  14.0001
    3   Sn  MulP   7.0000  7.0000 sum  14.0000
    4   Sn  MulP   7.0000  7.0000 sum  14.0000
 Sum of MulP: up   =    28.00000 down          =    28.00000
              total=    56.00000 ideal(neutral)=    56.00000
<DFT>  Total Spin Moment (muB) =  0.000000000000
<DFT>  Mixing_weight= 0.040000000000
<DFT>  Uele   =  -42.211876811603  dUele     =   0.000003075265
<DFT>  NormRD =    0.000001256866  Criterion =   0.000000100000

******************* MD= 5  SCF= 5 *******************
<Poisson>  Poisson's equation using FFT...
<Set_Hamiltonian>  Hamiltonian matrix for VNA+dVH+Vxc...
<Band>  Solving the eigenvalue problem...
 KGrids1:  -0.45833  -0.37500  -0.29167  -0.20833  -0.12500  -0.04167   0.04167   0.12500   0.20833   0.29167   0.37500   0.45833 
 KGrids2:  -0.45833  -0.37500  -0.29167  -0.20833  -0.12500  -0.04167   0.04167   0.12500   0.20833   0.29167   0.37500   0.45833 
 KGrids3:  -0.47500  -0.42500  -0.37500  -0.32500  -0.27500  -0.22500  -0.17500  -0.12500  -0.07500  -0.02500   0.02500   0.07500   0.12500   0.17500   0.22500   0.27500   0.32500   0.37500   0.42500   0.47500 
<Band_DFT>  Eigen, time=0.740174
<Band_DFT>  DM, time=1.831646
    1   Sn  MulP   7.0000  7.0000 sum  14.0000
    2   Sn  MulP   7.0000  7.0000 sum  14.0001
    3   Sn  MulP   7.0000  7.0000 sum  14.0000
    4   Sn  MulP   7.0000  7.0000 sum  14.0000
 Sum of MulP: up   =    28.00000 down          =    28.00000
              total=    56.00000 ideal(neutral)=    56.00000
<DFT>  Total Spin Moment (muB) =  0.000000000000
<DFT>  Mixing_weight= 0.040000000000
<DFT>  Uele   =  -42.211877292045  dUele     =   0.000000480443
<DFT>  NormRD =    0.000001425700  Criterion =   0.000000100000

******************* MD= 5  SCF= 6 *******************
<Poisson>  Poisson's equation using FFT...
<Set_Hamiltonian>  Hamiltonian matrix for VNA+dVH+Vxc...
<Band>  Solving the eigenvalue problem...
 KGrids1:  -0.45833  -0.37500  -0.29167  -0.20833  -0.12500  -0.04167   0.04167   0.12500   0.20833   0.29167   0.37500   0.45833 
 KGrids2:  -0.45833  -0.37500  -0.29167  -0.20833  -0.12500  -0.04167   0.04167   0.12500   0.20833   0.29167   0.37500   0.45833 
 KGrids3:  -0.47500  -0.42500  -0.37500  -0.32500  -0.27500  -0.22500  -0.17500  -0.12500  -0.07500  -0.02500   0.02500   0.07500   0.12500   0.17500   0.22500   0.27500   0.32500   0.37500   0.42500   0.47500 
<Band_DFT>  Eigen, time=0.791580
<Band_DFT>  DM, time=1.709366
    1   Sn  MulP   7.0000  7.0000 sum  14.0000
    2   Sn  MulP   7.0000  7.0000 sum  14.0001
    3   Sn  MulP   7.0000  7.0000 sum  14.0000
    4   Sn  MulP   7.0000  7.0000 sum  14.0000
 Sum of MulP: up   =    28.00000 down          =    28.00000
              total=    56.00000 ideal(neutral)=    56.00000
<DFT>  Total Spin Moment (muB) =  0.000000000000
<DFT>  Mixing_weight= 0.040000000000
<DFT>  Uele   =  -42.211877312997  dUele     =   0.000000020952
<DFT>  NormRD =    0.000000278274  Criterion =   0.000000100000
<MD= 5>  Force calculation
  Force calculation #1
  Force calculation #2
  Force calculation #3
  Force calculation #4
  Force calculation #5
  Stress calculation #1
  Stress calculation #2
  Stress calculation #3
  Stress calculation #4
  Stress calculation #5
<MD= 5>  Total Energy
  Force calculation #6
  Force calculation #7

*******************************************************
                  Dipole moment (Debye)                 
*******************************************************

 Absolute D      520.89595546

                      Dx                Dy                Dz
 Total           -362.45576337     -362.13872243      -93.88270199
 Core             402.25223420      401.43890827      325.63266075
 Electron        -764.70799757     -763.57763070     -419.51536274
 Back ground       -0.00000000       -0.00000000       -0.00000000

*******************************************************
               Stress tensor (Hartree/bohr^3)            
*******************************************************

      -0.00000037        0.00000000        0.00000377 
       0.00000000       -0.00000006        0.00000000 
       0.00000377        0.00000000       -0.00000064 

*******************************************************
                Total Energy (Hartree) at MD = 5        
*******************************************************

  Uele  =     -42.211877312997

  Ukin  =     203.437281560825
  UH0   =   -2703.969620832065
  UH1   =       0.004900058492
  Una   =    -149.420357671162
  Unl   =     -47.912695637448
  Uxc0  =     -25.237080171902
  Uxc1  =     -25.237080171902
  Ucore =    2464.177361965623
  Uhub  =       0.000000000000
  Ucs   =       0.000000000000
  Uzs   =       0.000000000000
  Uzo   =       0.000000000000
  Uef   =       0.000000000000
  UvdW  =       0.000000000000
  Uch   =       0.000000000000
  Utot  =    -284.157290899538

  UpV   =       0.000000000000
  Enpy  =    -284.157290899538
  Note:

  Uele:   band energy
  Ukin:   kinetic energy
  UH0:    electric part of screened Coulomb energy
  UH1:    difference electron-electron Coulomb energy
  Una:    neutral atom potential energy
  Unl:    non-local potential energy
  Uxc0:   exchange-correlation energy for alpha spin
  Uxc1:   exchange-correlation energy for beta spin
  Ucore:  core-core Coulomb energy
  Uhub:   LDA+U energy
  Ucs:    constraint energy for spin orientation
  Uzs:    Zeeman term for spin magnetic moment
  Uzo:    Zeeman term for orbital magnetic moment
  Uef:    electric energy by electric field
  UvdW:   semi-empirical vdW energy 
  Uch:    penalty term to create a core hole
  UpV:    pressure times volume
  Enpy:   Enthalpy = Utot + UpV
  (see also PRB 72, 045121(2005) for the energy contributions)


*******************************************************
           Computational times (s) at MD = 5            
*******************************************************

  DFT in total      =   27.82253

  Set_OLP_Kin       =    0.69607
  Set_Nonlocal      =    1.45982
  Set_ProExpn_VNA   =    2.69440
  Set_Hamiltonian   =    1.52188
  Poisson           =    0.00109
  diagonalization   =   16.38186
  Mixing_DM         =    0.00471
  Force             =    1.89373
  Total_Energy      =    0.40896
  Set_Aden_Grid     =    0.16897
  Set_Orbitals_Grid =    0.10079
  Set_Density_Grid  =    0.63973
  RestartFileDFT    =    0.03584
  Mulliken_Charge   =    0.00113
  FFT(2D)_Density   =    0.00191

The SCF was achieved at MD=   5

*******************************************************
             MD or geometry opt. at MD = 5              
*******************************************************

<BFGS>  |Maximum force| (Hartree/Bohr) = 0.001024094697
<BFGS>  Criterion       (Hartree/Bohr) = 0.000100000000

     atom=   1, XYZ(ang) Fxyz(a.u.)=  -0.0003   -0.0000   -0.0000     0.0001   -0.0000    0.0000
     atom=   2, XYZ(ang) Fxyz(a.u.)=   2.9885    2.9849    1.6165     0.0001    0.0000    0.0001
     atom=   3, XYZ(ang) Fxyz(a.u.)=   0.0021    2.9849    0.8078    -0.0001    0.0000   -0.0010
     atom=   4, XYZ(ang) Fxyz(a.u.)=   2.9916    0.0000    2.4181    -0.0001   -0.0000    0.0010

*******************************************************
        Analysis of neighbors and setting of grids        
*******************************************************


*******************************************************
  Allocation of atoms to processors at MD_iter=    6     
*******************************************************

 proc =   0  # of atoms=   1  estimated weight=         1.00000
 proc =   1  # of atoms=   1  estimated weight=         1.00000
 proc =   2  # of atoms=   1  estimated weight=         1.00000
 proc =   3  # of atoms=   1  estimated weight=         1.00000
 proc =   4  # of atoms=   0  estimated weight=         0.00000
 proc =   5  # of atoms=   0  estimated weight=         0.00000
 proc =   6  # of atoms=   0  estimated weight=         0.00000
 proc =   7  # of atoms=   0  estimated weight=         0.00000
 proc =   8  # of atoms=   0  estimated weight=         0.00000
 proc =   9  # of atoms=   0  estimated weight=         0.00000
 proc =  10  # of atoms=   0  estimated weight=         0.00000
 proc =  11  # of atoms=   0  estimated weight=         0.00000
 proc =  12  # of atoms=   0  estimated weight=         0.00000
 proc =  13  # of atoms=   0  estimated weight=         0.00000
 proc =  14  # of atoms=   0  estimated weight=         0.00000
 proc =  15  # of atoms=   0  estimated weight=         0.00000



TFNAN=     256   Average FNAN=  64.00000
TSNAN=       0   Average SNAN=   0.00000
<truncation> CpyCell= 3 ct_AN=   1 FNAN SNAN  64   0
<truncation> CpyCell= 3 ct_AN=   2 FNAN SNAN  64   0
<truncation> CpyCell= 3 ct_AN=   3 FNAN SNAN  64   0
<truncation> CpyCell= 3 ct_AN=   4 FNAN SNAN  64   0
<UCell_Box> Info. of cutoff energy and num. of grids
lattice vectors (bohr)
A  = 11.281295655248,  0.000000000000,  0.028203239138
B  =  0.000000000000, 11.281295655248,  0.000000000000
C  =  0.015204829790,  0.000000000000,  6.081931916162
reciprocal lattice vectors (bohr^-1)
RA =  0.556959481370,  0.000000000000, -0.001392398703
RB =  0.000000000000,  0.556956000374,  0.000000000000
RC = -0.002582742073,  0.000000000000,  1.033096829091
Required cutoff energy (Ryd) for 3D-grids = 200.0000
    Used cutoff energy (Ryd) for 3D-grids = 193.8786, 193.8750, 194.5146
Num. of grids of a-, b-, and c-axes = 50, 50, 27
Cell_Volume =    774.028233187484 (Bohr^3)
GridVol     =      0.011467084936 (Bohr^3)
Cell vectors (bohr) of the grid cell (gtv)
  gtv_a =  0.225625913105,  0.000000000000,  0.000564064783
  gtv_b =  0.000000000000,  0.225625913105,  0.000000000000
  gtv_c =  0.000563141844,  0.000000000000,  0.225256737636
  |gtv_a| =  0.225626618185
  |gtv_b| =  0.225625913105
  |gtv_c| =  0.225257441562
Num. of grids overlapping with atom    1 = 125061
Num. of grids overlapping with atom    2 = 125312
Num. of grids overlapping with atom    3 = 125224
Num. of grids overlapping with atom    4 = 125215

*******************************************************
             SCF calculation at MD = 6                
*******************************************************

<MD= 6>  Calculation of the overlap matrix
<MD= 6>  Calculation of the nonlocal matrix
<MD= 6>  Calculation of the VNA projector matrix

******************* MD= 6  SCF= 1 *******************
<Restart>  Found restart files
<Poisson>  Poisson's equation using FFT...
<Band>  Solving the eigenvalue problem...
 KGrids1:  -0.45833  -0.37500  -0.29167  -0.20833  -0.12500  -0.04167   0.04167   0.12500   0.20833   0.29167   0.37500   0.45833 
 KGrids2:  -0.45833  -0.37500  -0.29167  -0.20833  -0.12500  -0.04167   0.04167   0.12500   0.20833   0.29167   0.37500   0.45833 
 KGrids3:  -0.47500  -0.42500  -0.37500  -0.32500  -0.27500  -0.22500  -0.17500  -0.12500  -0.07500  -0.02500   0.02500   0.07500   0.12500   0.17500   0.22500   0.27500   0.32500   0.37500   0.42500   0.47500 
<Band_DFT>  Eigen, time=0.794864
<Band_DFT>  DM, time=1.993145
    1   Sn  MulP   7.0000  7.0000 sum  14.0000
    2   Sn  MulP   7.0000  7.0000 sum  14.0001
    3   Sn  MulP   7.0000  7.0000 sum  13.9999
    4   Sn  MulP   7.0000  7.0000 sum  14.0000
 Sum of MulP: up   =    28.00000 down          =    28.00000
              total=    56.00000 ideal(neutral)=    56.00000
<DFT>  Total Spin Moment (muB) =  0.000000000000
<DFT>  Mixing_weight= 0.400000000000
<DFT>  Uele   =  -42.211866362620  dUele     =   1.000000000000
<DFT>  NormRD =    1.000000000000  Criterion =   0.000000100000

******************* MD= 6  SCF= 2 *******************
<Poisson>  Poisson's equation using FFT...
<Set_Hamiltonian>  Hamiltonian matrix for VNA+dVH+Vxc...
<Band>  Solving the eigenvalue problem...
 KGrids1:  -0.45833  -0.37500  -0.29167  -0.20833  -0.12500  -0.04167   0.04167   0.12500   0.20833   0.29167   0.37500   0.45833 
 KGrids2:  -0.45833  -0.37500  -0.29167  -0.20833  -0.12500  -0.04167   0.04167   0.12500   0.20833   0.29167   0.37500   0.45833 
 KGrids3:  -0.47500  -0.42500  -0.37500  -0.32500  -0.27500  -0.22500  -0.17500  -0.12500  -0.07500  -0.02500   0.02500   0.07500   0.12500   0.17500   0.22500   0.27500   0.32500   0.37500   0.42500   0.47500 
<Band_DFT>  Eigen, time=0.744246
<Band_DFT>  DM, time=2.042277
    1   Sn  MulP   7.0000  7.0000 sum  14.0000
    2   Sn  MulP   7.0000  7.0000 sum  14.0001
    3   Sn  MulP   7.0000  7.0000 sum  13.9999
    4   Sn  MulP   7.0000  7.0000 sum  14.0000
 Sum of MulP: up   =    28.00000 down          =    28.00000
              total=    56.00000 ideal(neutral)=    56.00000
<DFT>  Total Spin Moment (muB) =  0.000000000000
<DFT>  Mixing_weight= 0.400000000000
<DFT>  Uele   =  -42.211865560459  dUele     =   0.000000802160
<DFT>  NormRD =    0.000009163037  Criterion =   0.000000100000

******************* MD= 6  SCF= 3 *******************
<Poisson>  Poisson's equation using FFT...
<Set_Hamiltonian>  Hamiltonian matrix for VNA+dVH+Vxc...
<Band>  Solving the eigenvalue problem...
 KGrids1:  -0.45833  -0.37500  -0.29167  -0.20833  -0.12500  -0.04167   0.04167   0.12500   0.20833   0.29167   0.37500   0.45833 
 KGrids2:  -0.45833  -0.37500  -0.29167  -0.20833  -0.12500  -0.04167   0.04167   0.12500   0.20833   0.29167   0.37500   0.45833 
 KGrids3:  -0.47500  -0.42500  -0.37500  -0.32500  -0.27500  -0.22500  -0.17500  -0.12500  -0.07500  -0.02500   0.02500   0.07500   0.12500   0.17500   0.22500   0.27500   0.32500   0.37500   0.42500   0.47500 
<Band_DFT>  Eigen, time=0.742223
<Band_DFT>  DM, time=2.041506
    1   Sn  MulP   7.0000  7.0000 sum  14.0000
    2   Sn  MulP   7.0000  7.0000 sum  14.0001
    3   Sn  MulP   7.0000  7.0000 sum  13.9999
    4   Sn  MulP   7.0000  7.0000 sum  14.0000
 Sum of MulP: up   =    28.00000 down          =    28.00000
              total=    56.00000 ideal(neutral)=    56.00000
<DFT>  Total Spin Moment (muB) =  0.000000000000
<DFT>  Mixing_weight= 0.040000000000
<DFT>  Uele   =  -42.211865025136  dUele     =   0.000000535323
<DFT>  NormRD =    0.000006230868  Criterion =   0.000000100000

******************* MD= 6  SCF= 4 *******************
<Poisson>  Poisson's equation using FFT...
<Set_Hamiltonian>  Hamiltonian matrix for VNA+dVH+Vxc...
<Band>  Solving the eigenvalue problem...
 KGrids1:  -0.45833  -0.37500  -0.29167  -0.20833  -0.12500  -0.04167   0.04167   0.12500   0.20833   0.29167   0.37500   0.45833 
 KGrids2:  -0.45833  -0.37500  -0.29167  -0.20833  -0.12500  -0.04167   0.04167   0.12500   0.20833   0.29167   0.37500   0.45833 
 KGrids3:  -0.47500  -0.42500  -0.37500  -0.32500  -0.27500  -0.22500  -0.17500  -0.12500  -0.07500  -0.02500   0.02500   0.07500   0.12500   0.17500   0.22500   0.27500   0.32500   0.37500   0.42500   0.47500 
<Band_DFT>  Eigen, time=0.582083
<Band_DFT>  DM, time=1.389482
    1   Sn  MulP   7.0000  7.0000 sum  14.0000
    2   Sn  MulP   7.0000  7.0000 sum  14.0001
    3   Sn  MulP   7.0000  7.0000 sum  13.9999
    4   Sn  MulP   7.0000  7.0000 sum  14.0000
 Sum of MulP: up   =    28.00000 down          =    28.00000
              total=    56.00000 ideal(neutral)=    56.00000
<DFT>  Total Spin Moment (muB) =  0.000000000000
<DFT>  Mixing_weight= 0.040000000000
<DFT>  Uele   =  -42.211863610841  dUele     =   0.000001414295
<DFT>  NormRD =    0.000001051092  Criterion =   0.000000100000

******************* MD= 6  SCF= 5 *******************
<Poisson>  Poisson's equation using FFT...
<Set_Hamiltonian>  Hamiltonian matrix for VNA+dVH+Vxc...
<Band>  Solving the eigenvalue problem...
 KGrids1:  -0.45833  -0.37500  -0.29167  -0.20833  -0.12500  -0.04167   0.04167   0.12500   0.20833   0.29167   0.37500   0.45833 
 KGrids2:  -0.45833  -0.37500  -0.29167  -0.20833  -0.12500  -0.04167   0.04167   0.12500   0.20833   0.29167   0.37500   0.45833 
 KGrids3:  -0.47500  -0.42500  -0.37500  -0.32500  -0.27500  -0.22500  -0.17500  -0.12500  -0.07500  -0.02500   0.02500   0.07500   0.12500   0.17500   0.22500   0.27500   0.32500   0.37500   0.42500   0.47500 
<Band_DFT>  Eigen, time=0.744757
<Band_DFT>  DM, time=1.735709
    1   Sn  MulP   7.0000  7.0000 sum  14.0000
    2   Sn  MulP   7.0000  7.0000 sum  14.0001
    3   Sn  MulP   7.0000  7.0000 sum  13.9999
    4   Sn  MulP   7.0000  7.0000 sum  14.0000
 Sum of MulP: up   =    28.00000 down          =    28.00000
              total=    56.00000 ideal(neutral)=    56.00000
<DFT>  Total Spin Moment (muB) =  0.000000000000
<DFT>  Mixing_weight= 0.040000000000
<DFT>  Uele   =  -42.211863844601  dUele     =   0.000000233760
<DFT>  NormRD =    0.000001084019  Criterion =   0.000000100000

******************* MD= 6  SCF= 6 *******************
<Poisson>  Poisson's equation using FFT...
<Set_Hamiltonian>  Hamiltonian matrix for VNA+dVH+Vxc...
<Band>  Solving the eigenvalue problem...
 KGrids1:  -0.45833  -0.37500  -0.29167  -0.20833  -0.12500  -0.04167   0.04167   0.12500   0.20833   0.29167   0.37500   0.45833 
 KGrids2:  -0.45833  -0.37500  -0.29167  -0.20833  -0.12500  -0.04167   0.04167   0.12500   0.20833   0.29167   0.37500   0.45833 
 KGrids3:  -0.47500  -0.42500  -0.37500  -0.32500  -0.27500  -0.22500  -0.17500  -0.12500  -0.07500  -0.02500   0.02500   0.07500   0.12500   0.17500   0.22500   0.27500   0.32500   0.37500   0.42500   0.47500 
<Band_DFT>  Eigen, time=0.788554
<Band_DFT>  DM, time=1.347171
    1   Sn  MulP   7.0000  7.0000 sum  14.0000
    2   Sn  MulP   7.0000  7.0000 sum  14.0001
    3   Sn  MulP   7.0000  7.0000 sum  13.9999
    4   Sn  MulP   7.0000  7.0000 sum  14.0000
 Sum of MulP: up   =    28.00000 down          =    28.00000
              total=    56.00000 ideal(neutral)=    56.00000
<DFT>  Total Spin Moment (muB) =  0.000000000000
<DFT>  Mixing_weight= 0.040000000000
<DFT>  Uele   =  -42.211863869461  dUele     =   0.000000024859
<DFT>  NormRD =    0.000000192730  Criterion =   0.000000100000
<MD= 6>  Force calculation
  Force calculation #1
  Force calculation #2
  Force calculation #3
  Force calculation #4
  Force calculation #5
  Stress calculation #1
  Stress calculation #2
  Stress calculation #3
  Stress calculation #4
  Stress calculation #5
<MD= 6>  Total Energy
  Force calculation #6
  Force calculation #7

*******************************************************
                  Dipole moment (Debye)                 
*******************************************************

 Absolute D      520.89200257

                      Dx                Dy                Dz
 Total           -362.44857320     -362.13870757      -93.88858613
 Core             402.25329630      401.43890849      325.63177731
 Electron        -764.70186950     -763.57761606     -419.52036343
 Back ground       -0.00000000       -0.00000000       -0.00000000

*******************************************************
               Stress tensor (Hartree/bohr^3)            
*******************************************************

      -0.00000037        0.00000000        0.00000379 
       0.00000000       -0.00000005        0.00000000 
       0.00000379        0.00000000       -0.00000058 

*******************************************************
                Total Energy (Hartree) at MD = 6        
*******************************************************

  Uele  =     -42.211863869461

  Ukin  =     203.437325403015
  UH0   =   -2703.969568464608
  UH1   =       0.004899987811
  Una   =    -149.420379030677
  Unl   =     -47.912714697780
  Uxc0  =     -25.237082895519
  Uxc1  =     -25.237082895519
  Ucore =    2464.177309197009
  Uhub  =       0.000000000000
  Ucs   =       0.000000000000
  Uzs   =       0.000000000000
  Uzo   =       0.000000000000
  Uef   =       0.000000000000
  UvdW  =       0.000000000000
  Uch   =       0.000000000000
  Utot  =    -284.157293396269

  UpV   =       0.000000000000
  Enpy  =    -284.157293396269
  Note:

  Uele:   band energy
  Ukin:   kinetic energy
  UH0:    electric part of screened Coulomb energy
  UH1:    difference electron-electron Coulomb energy
  Una:    neutral atom potential energy
  Unl:    non-local potential energy
  Uxc0:   exchange-correlation energy for alpha spin
  Uxc1:   exchange-correlation energy for beta spin
  Ucore:  core-core Coulomb energy
  Uhub:   LDA+U energy
  Ucs:    constraint energy for spin orientation
  Uzs:    Zeeman term for spin magnetic moment
  Uzo:    Zeeman term for orbital magnetic moment
  Uef:    electric energy by electric field
  UvdW:   semi-empirical vdW energy 
  Uch:    penalty term to create a core hole
  UpV:    pressure times volume
  Enpy:   Enthalpy = Utot + UpV
  (see also PRB 72, 045121(2005) for the energy contributions)


*******************************************************
           Computational times (s) at MD = 6            
*******************************************************

  DFT in total      =   26.65772

  Set_OLP_Kin       =    0.74239
  Set_Nonlocal      =    1.39919
  Set_ProExpn_VNA   =    2.96173
  Set_Hamiltonian   =    1.33502
  Poisson           =    0.00096
  diagonalization   =   15.29053
  Mixing_DM         =    0.00452
  Force             =    2.05282
  Total_Energy      =    0.37672
  Set_Aden_Grid     =    0.00714
  Set_Orbitals_Grid =    0.09841
  Set_Density_Grid  =    0.51247
  RestartFileDFT    =    0.00729
  Mulliken_Charge   =    0.00097
  FFT(2D)_Density   =    0.00200

The SCF was achieved at MD=   6

*******************************************************
             MD or geometry opt. at MD = 6              
*******************************************************

<BFGS>  |Maximum force| (Hartree/Bohr) = 0.000952477616
<BFGS>  Criterion       (Hartree/Bohr) = 0.000100000000

     atom=   1, XYZ(ang) Fxyz(a.u.)=  -0.0008    0.0000   -0.0001     0.0001   -0.0000    0.0000
     atom=   2, XYZ(ang) Fxyz(a.u.)=   2.9878    2.9849    1.6158     0.0001    0.0000    0.0001
     atom=   3, XYZ(ang) Fxyz(a.u.)=   0.0032    2.9849    0.8161    -0.0001    0.0000   -0.0010
     atom=   4, XYZ(ang) Fxyz(a.u.)=   2.9916    0.0000    2.4102    -0.0000   -0.0000    0.0009

*******************************************************
        Analysis of neighbors and setting of grids        
*******************************************************


*******************************************************
  Allocation of atoms to processors at MD_iter=    7     
*******************************************************

 proc =   0  # of atoms=   1  estimated weight=         1.00000
 proc =   1  # of atoms=   1  estimated weight=         1.00000
 proc =   2  # of atoms=   1  estimated weight=         1.00000
 proc =   3  # of atoms=   1  estimated weight=         1.00000
 proc =   4  # of atoms=   0  estimated weight=         0.00000
 proc =   5  # of atoms=   0  estimated weight=         0.00000
 proc =   6  # of atoms=   0  estimated weight=         0.00000
 proc =   7  # of atoms=   0  estimated weight=         0.00000
 proc =   8  # of atoms=   0  estimated weight=         0.00000
 proc =   9  # of atoms=   0  estimated weight=         0.00000
 proc =  10  # of atoms=   0  estimated weight=         0.00000
 proc =  11  # of atoms=   0  estimated weight=         0.00000
 proc =  12  # of atoms=   0  estimated weight=         0.00000
 proc =  13  # of atoms=   0  estimated weight=         0.00000
 proc =  14  # of atoms=   0  estimated weight=         0.00000
 proc =  15  # of atoms=   0  estimated weight=         0.00000



TFNAN=     256   Average FNAN=  64.00000
TSNAN=       0   Average SNAN=   0.00000
<truncation> CpyCell= 3 ct_AN=   1 FNAN SNAN  64   0
<truncation> CpyCell= 3 ct_AN=   2 FNAN SNAN  64   0
<truncation> CpyCell= 3 ct_AN=   3 FNAN SNAN  64   0
<truncation> CpyCell= 3 ct_AN=   4 FNAN SNAN  64   0
<UCell_Box> Info. of cutoff energy and num. of grids
lattice vectors (bohr)
A  = 11.281295655248,  0.000000000000,  0.028203239138
B  =  0.000000000000, 11.281295655248,  0.000000000000
C  =  0.015204829790,  0.000000000000,  6.081931916162
reciprocal lattice vectors (bohr^-1)
RA =  0.556959481370,  0.000000000000, -0.001392398703
RB =  0.000000000000,  0.556956000374,  0.000000000000
RC = -0.002582742073,  0.000000000000,  1.033096829091
Required cutoff energy (Ryd) for 3D-grids = 200.0000
    Used cutoff energy (Ryd) for 3D-grids = 193.8786, 193.8750, 194.5146
Num. of grids of a-, b-, and c-axes = 50, 50, 27
Cell_Volume =    774.028233187484 (Bohr^3)
GridVol     =      0.011467084936 (Bohr^3)
Cell vectors (bohr) of the grid cell (gtv)
  gtv_a =  0.225625913105,  0.000000000000,  0.000564064783
  gtv_b =  0.000000000000,  0.225625913105,  0.000000000000
  gtv_c =  0.000563141844,  0.000000000000,  0.225256737636
  |gtv_a| =  0.225626618185
  |gtv_b| =  0.225625913105
  |gtv_c| =  0.225257441562
Num. of grids overlapping with atom    1 = 125062
Num. of grids overlapping with atom    2 = 125303
Num. of grids overlapping with atom    3 = 125170
Num. of grids overlapping with atom    4 = 125174

*******************************************************
             SCF calculation at MD = 7                
*******************************************************

<MD= 7>  Calculation of the overlap matrix
<MD= 7>  Calculation of the nonlocal matrix
<MD= 7>  Calculation of the VNA projector matrix

******************* MD= 7  SCF= 1 *******************
<Restart>  Found restart files
<Poisson>  Poisson's equation using FFT...
<Band>  Solving the eigenvalue problem...
 KGrids1:  -0.45833  -0.37500  -0.29167  -0.20833  -0.12500  -0.04167   0.04167   0.12500   0.20833   0.29167   0.37500   0.45833 
 KGrids2:  -0.45833  -0.37500  -0.29167  -0.20833  -0.12500  -0.04167   0.04167   0.12500   0.20833   0.29167   0.37500   0.45833 
 KGrids3:  -0.47500  -0.42500  -0.37500  -0.32500  -0.27500  -0.22500  -0.17500  -0.12500  -0.07500  -0.02500   0.02500   0.07500   0.12500   0.17500   0.22500   0.27500   0.32500   0.37500   0.42500   0.47500 
<Band_DFT>  Eigen, time=0.741655
<Band_DFT>  DM, time=2.040963
    1   Sn  MulP   6.9998  6.9998 sum  13.9995
    2   Sn  MulP   7.0004  7.0004 sum  14.0008
    3   Sn  MulP   6.9999  6.9999 sum  13.9999
    4   Sn  MulP   6.9999  6.9999 sum  13.9998
 Sum of MulP: up   =    28.00000 down          =    28.00000
              total=    56.00000 ideal(neutral)=    56.00000
<DFT>  Total Spin Moment (muB) =  0.000000000000
<DFT>  Mixing_weight= 0.400000000000
<DFT>  Uele   =  -42.211882162327  dUele     =   1.000000000000
<DFT>  NormRD =    1.000000000000  Criterion =   0.000000100000

******************* MD= 7  SCF= 2 *******************
<Poisson>  Poisson's equation using FFT...
<Set_Hamiltonian>  Hamiltonian matrix for VNA+dVH+Vxc...
<Band>  Solving the eigenvalue problem...
 KGrids1:  -0.45833  -0.37500  -0.29167  -0.20833  -0.12500  -0.04167   0.04167   0.12500   0.20833   0.29167   0.37500   0.45833 
 KGrids2:  -0.45833  -0.37500  -0.29167  -0.20833  -0.12500  -0.04167   0.04167   0.12500   0.20833   0.29167   0.37500   0.45833 
 KGrids3:  -0.47500  -0.42500  -0.37500  -0.32500  -0.27500  -0.22500  -0.17500  -0.12500  -0.07500  -0.02500   0.02500   0.07500   0.12500   0.17500   0.22500   0.27500   0.32500   0.37500   0.42500   0.47500 
<Band_DFT>  Eigen, time=0.799612
<Band_DFT>  DM, time=1.999163
    1   Sn  MulP   6.9999  6.9999 sum  13.9997
    2   Sn  MulP   7.0003  7.0003 sum  14.0006
    3   Sn  MulP   6.9999  6.9999 sum  13.9999
    4   Sn  MulP   6.9999  6.9999 sum  13.9998
 Sum of MulP: up   =    28.00000 down          =    28.00000
              total=    56.00000 ideal(neutral)=    56.00000
<DFT>  Total Spin Moment (muB) =  0.000000000000
<DFT>  Mixing_weight= 0.400000000000
<DFT>  Uele   =  -42.211816162623  dUele     =   0.000065999704
<DFT>  NormRD =    0.002879542715  Criterion =   0.000000100000

******************* MD= 7  SCF= 3 *******************
<Poisson>  Poisson's equation using FFT...
<Set_Hamiltonian>  Hamiltonian matrix for VNA+dVH+Vxc...
<Band>  Solving the eigenvalue problem...
 KGrids1:  -0.45833  -0.37500  -0.29167  -0.20833  -0.12500  -0.04167   0.04167   0.12500   0.20833   0.29167   0.37500   0.45833 
 KGrids2:  -0.45833  -0.37500  -0.29167  -0.20833  -0.12500  -0.04167   0.04167   0.12500   0.20833   0.29167   0.37500   0.45833 
 KGrids3:  -0.47500  -0.42500  -0.37500  -0.32500  -0.27500  -0.22500  -0.17500  -0.12500  -0.07500  -0.02500   0.02500   0.07500   0.12500   0.17500   0.22500   0.27500   0.32500   0.37500   0.42500   0.47500 
<Band_DFT>  Eigen, time=0.739094
<Band_DFT>  DM, time=2.044004
    1   Sn  MulP   6.9999  6.9999 sum  13.9998
    2   Sn  MulP   7.0002  7.0002 sum  14.0005
    3   Sn  MulP   6.9999  6.9999 sum  13.9999
    4   Sn  MulP   6.9999  6.9999 sum  13.9999
 Sum of MulP: up   =    28.00000 down          =    28.00000
              total=    56.00000 ideal(neutral)=    56.00000
<DFT>  Total Spin Moment (muB) =  0.000000000000
<DFT>  Mixing_weight= 0.040000000000
<DFT>  Uele   =  -42.211776547219  dUele     =   0.000039615404
<DFT>  NormRD =    0.001954519028  Criterion =   0.000000100000

******************* MD= 7  SCF= 4 *******************
<Poisson>  Poisson's equation using FFT...
<Set_Hamiltonian>  Hamiltonian matrix for VNA+dVH+Vxc...
<Band>  Solving the eigenvalue problem...
 KGrids1:  -0.45833  -0.37500  -0.29167  -0.20833  -0.12500  -0.04167   0.04167   0.12500   0.20833   0.29167   0.37500   0.45833 
 KGrids2:  -0.45833  -0.37500  -0.29167  -0.20833  -0.12500  -0.04167   0.04167   0.12500   0.20833   0.29167   0.37500   0.45833 
 KGrids3:  -0.47500  -0.42500  -0.37500  -0.32500  -0.27500  -0.22500  -0.17500  -0.12500  -0.07500  -0.02500   0.02500   0.07500   0.12500   0.17500   0.22500   0.27500   0.32500   0.37500   0.42500   0.47500 
<Band_DFT>  Eigen, time=0.748017
<Band_DFT>  DM, time=2.048685
    1   Sn  MulP   7.0000  7.0000 sum  13.9999
    2   Sn  MulP   7.0002  7.0002 sum  14.0004
    3   Sn  MulP   6.9999  6.9999 sum  13.9998
    4   Sn  MulP   6.9999  6.9999 sum  13.9999
 Sum of MulP: up   =    28.00000 down          =    28.00000
              total=    56.00000 ideal(neutral)=    56.00000
<DFT>  Total Spin Moment (muB) =  0.000000000000
<DFT>  Mixing_weight= 0.040000000000
<DFT>  Uele   =  -42.211716236180  dUele     =   0.000060311039
<DFT>  NormRD =    0.000189734042  Criterion =   0.000000100000

******************* MD= 7  SCF= 5 *******************
<Poisson>  Poisson's equation using FFT...
<Set_Hamiltonian>  Hamiltonian matrix for VNA+dVH+Vxc...
<Band>  Solving the eigenvalue problem...
 KGrids1:  -0.45833  -0.37500  -0.29167  -0.20833  -0.12500  -0.04167   0.04167   0.12500   0.20833   0.29167   0.37500   0.45833 
 KGrids2:  -0.45833  -0.37500  -0.29167  -0.20833  -0.12500  -0.04167   0.04167   0.12500   0.20833   0.29167   0.37500   0.45833 
 KGrids3:  -0.47500  -0.42500  -0.37500  -0.32500  -0.27500  -0.22500  -0.17500  -0.12500  -0.07500  -0.02500   0.02500   0.07500   0.12500   0.17500   0.22500   0.27500   0.32500   0.37500   0.42500   0.47500 
<Band_DFT>  Eigen, time=0.748103
<Band_DFT>  DM, time=2.046873
    1   Sn  MulP   7.0000  7.0000 sum  13.9999
    2   Sn  MulP   7.0002  7.0002 sum  14.0004
    3   Sn  MulP   6.9999  6.9999 sum  13.9998
    4   Sn  MulP   6.9999  6.9999 sum  13.9999
 Sum of MulP: up   =    28.00000 down          =    28.00000
              total=    56.00000 ideal(neutral)=    56.00000
<DFT>  Total Spin Moment (muB) =  0.000000000000
<DFT>  Mixing_weight= 0.040000000000
<DFT>  Uele   =  -42.211720449764  dUele     =   0.000004213585
<DFT>  NormRD =    0.000074044832  Criterion =   0.000000100000

******************* MD= 7  SCF= 6 *******************
<Poisson>  Poisson's equation using FFT...
<Set_Hamiltonian>  Hamiltonian matrix for VNA+dVH+Vxc...
<Band>  Solving the eigenvalue problem...
 KGrids1:  -0.45833  -0.37500  -0.29167  -0.20833  -0.12500  -0.04167   0.04167   0.12500   0.20833   0.29167   0.37500   0.45833 
 KGrids2:  -0.45833  -0.37500  -0.29167  -0.20833  -0.12500  -0.04167   0.04167   0.12500   0.20833   0.29167   0.37500   0.45833 
 KGrids3:  -0.47500  -0.42500  -0.37500  -0.32500  -0.27500  -0.22500  -0.17500  -0.12500  -0.07500  -0.02500   0.02500   0.07500   0.12500   0.17500   0.22500   0.27500   0.32500   0.37500   0.42500   0.47500 
<Band_DFT>  Eigen, time=0.800750
<Band_DFT>  DM, time=1.994957
    1   Sn  MulP   7.0000  7.0000 sum  13.9999
    2   Sn  MulP   7.0002  7.0002 sum  14.0004
    3   Sn  MulP   6.9999  6.9999 sum  13.9998
    4   Sn  MulP   6.9999  6.9999 sum  13.9999
 Sum of MulP: up   =    28.00000 down          =    28.00000
              total=    56.00000 ideal(neutral)=    56.00000
<DFT>  Total Spin Moment (muB) =  0.000000000000
<DFT>  Mixing_weight= 0.040000000000
<DFT>  Uele   =  -42.211720916460  dUele     =   0.000000466695
<DFT>  NormRD =    0.000055187054  Criterion =   0.000000100000

******************* MD= 7  SCF= 7 *******************
<Poisson>  Poisson's equation using FFT...
<Set_Hamiltonian>  Hamiltonian matrix for VNA+dVH+Vxc...
<Band>  Solving the eigenvalue problem...
 KGrids1:  -0.45833  -0.37500  -0.29167  -0.20833  -0.12500  -0.04167   0.04167   0.12500   0.20833   0.29167   0.37500   0.45833 
 KGrids2:  -0.45833  -0.37500  -0.29167  -0.20833  -0.12500  -0.04167   0.04167   0.12500   0.20833   0.29167   0.37500   0.45833 
 KGrids3:  -0.47500  -0.42500  -0.37500  -0.32500  -0.27500  -0.22500  -0.17500  -0.12500  -0.07500  -0.02500   0.02500   0.07500   0.12500   0.17500   0.22500   0.27500   0.32500   0.37500   0.42500   0.47500 
<Band_DFT>  Eigen, time=0.748810
<Band_DFT>  DM, time=2.047467
    1   Sn  MulP   7.0000  7.0000 sum  13.9999
    2   Sn  MulP   7.0002  7.0002 sum  14.0004
    3   Sn  MulP   6.9999  6.9999 sum  13.9998
    4   Sn  MulP   6.9999  6.9999 sum  13.9999
 Sum of MulP: up   =    28.00000 down          =    28.00000
              total=    56.00000 ideal(neutral)=    56.00000
<DFT>  Total Spin Moment (muB) =  0.000000000000
<DFT>  Mixing_weight= 0.040000000000
<DFT>  Uele   =  -42.211720696837  dUele     =   0.000000219623
<DFT>  NormRD =    0.000013928826  Criterion =   0.000000100000

******************* MD= 7  SCF= 8 *******************
<Poisson>  Poisson's equation using FFT...
<Set_Hamiltonian>  Hamiltonian matrix for VNA+dVH+Vxc...
<Band>  Solving the eigenvalue problem...
 KGrids1:  -0.45833  -0.37500  -0.29167  -0.20833  -0.12500  -0.04167   0.04167   0.12500   0.20833   0.29167   0.37500   0.45833 
 KGrids2:  -0.45833  -0.37500  -0.29167  -0.20833  -0.12500  -0.04167   0.04167   0.12500   0.20833   0.29167   0.37500   0.45833 
 KGrids3:  -0.47500  -0.42500  -0.37500  -0.32500  -0.27500  -0.22500  -0.17500  -0.12500  -0.07500  -0.02500   0.02500   0.07500   0.12500   0.17500   0.22500   0.27500   0.32500   0.37500   0.42500   0.47500 
<Band_DFT>  Eigen, time=0.745774
<Band_DFT>  DM, time=2.046882
    1   Sn  MulP   7.0000  7.0000 sum  13.9999
    2   Sn  MulP   7.0002  7.0002 sum  14.0004
    3   Sn  MulP   6.9999  6.9999 sum  13.9998
    4   Sn  MulP   6.9999  6.9999 sum  13.9999
 Sum of MulP: up   =    28.00000 down          =    28.00000
              total=    56.00000 ideal(neutral)=    56.00000
<DFT>  Total Spin Moment (muB) =  0.000000000000
<DFT>  Mixing_weight= 0.040000000000
<DFT>  Uele   =  -42.211720446629  dUele     =   0.000000250208
<DFT>  NormRD =    0.000007254589  Criterion =   0.000000100000

******************* MD= 7  SCF= 9 *******************
<Poisson>  Poisson's equation using FFT...
<Set_Hamiltonian>  Hamiltonian matrix for VNA+dVH+Vxc...
<Band>  Solving the eigenvalue problem...
 KGrids1:  -0.45833  -0.37500  -0.29167  -0.20833  -0.12500  -0.04167   0.04167   0.12500   0.20833   0.29167   0.37500   0.45833 
 KGrids2:  -0.45833  -0.37500  -0.29167  -0.20833  -0.12500  -0.04167   0.04167   0.12500   0.20833   0.29167   0.37500   0.45833 
 KGrids3:  -0.47500  -0.42500  -0.37500  -0.32500  -0.27500  -0.22500  -0.17500  -0.12500  -0.07500  -0.02500   0.02500   0.07500   0.12500   0.17500   0.22500   0.27500   0.32500   0.37500   0.42500   0.47500 
<Band_DFT>  Eigen, time=0.748219
<Band_DFT>  DM, time=2.040277
    1   Sn  MulP   7.0000  7.0000 sum  13.9999
    2   Sn  MulP   7.0002  7.0002 sum  14.0004
    3   Sn  MulP   6.9999  6.9999 sum  13.9998
    4   Sn  MulP   6.9999  6.9999 sum  13.9999
 Sum of MulP: up   =    28.00000 down          =    28.00000
              total=    56.00000 ideal(neutral)=    56.00000
<DFT>  Total Spin Moment (muB) =  0.000000000000
<DFT>  Mixing_weight= 0.040000000000
<DFT>  Uele   =  -42.211720369193  dUele     =   0.000000077436
<DFT>  NormRD =    0.000002480126  Criterion =   0.000000100000
<MD= 7>  Force calculation
  Force calculation #1
  Force calculation #2
  Force calculation #3
  Force calculation #4
  Force calculation #5
  Stress calculation #1
  Stress calculation #2
  Stress calculation #3
  Stress calculation #4
  Stress calculation #5
<MD= 7>  Total Energy
  Force calculation #6
  Force calculation #7

*******************************************************
                  Dipole moment (Debye)                 
*******************************************************

 Absolute D      520.77552747

                      Dx                Dy                Dz
 Total           -362.25640734     -362.13861245      -93.98441747
 Core             402.24970193      401.43889986      325.60162541
 Electron        -764.50610927     -763.57751231     -419.58604289
 Back ground       -0.00000000       -0.00000000       -0.00000000

*******************************************************
               Stress tensor (Hartree/bohr^3)            
*******************************************************

      -0.00000046        0.00000000        0.00000328 
       0.00000000        0.00000027       -0.00000000 
       0.00000328       -0.00000000       -0.00000043 

*******************************************************
                Total Energy (Hartree) at MD = 7        
*******************************************************

  Uele  =     -42.211720369193

  Ukin  =     203.438000527325
  UH0   =   -2703.967696704657
  UH1   =       0.004899096021
  Una   =    -149.420712447067
  Unl   =     -47.913002844633
  Uxc0  =     -25.237114957791
  Uxc1  =     -25.237114957791
  Ucore =    2464.175434582857
  Uhub  =       0.000000000000
  Ucs   =       0.000000000000
  Uzs   =       0.000000000000
  Uzo   =       0.000000000000
  Uef   =       0.000000000000
  UvdW  =       0.000000000000
  Uch   =       0.000000000000
  Utot  =    -284.157307705736

  UpV   =       0.000000000000
  Enpy  =    -284.157307705736
  Note:

  Uele:   band energy
  Ukin:   kinetic energy
  UH0:    electric part of screened Coulomb energy
  UH1:    difference electron-electron Coulomb energy
  Una:    neutral atom potential energy
  Unl:    non-local potential energy
  Uxc0:   exchange-correlation energy for alpha spin
  Uxc1:   exchange-correlation energy for beta spin
  Ucore:  core-core Coulomb energy
  Uhub:   LDA+U energy
  Ucs:    constraint energy for spin orientation
  Uzs:    Zeeman term for spin magnetic moment
  Uzo:    Zeeman term for orbital magnetic moment
  Uef:    electric energy by electric field
  UvdW:   semi-empirical vdW energy 
  Uch:    penalty term to create a core hole
  UpV:    pressure times volume
  Enpy:   Enthalpy = Utot + UpV
  (see also PRB 72, 045121(2005) for the energy contributions)


*******************************************************
           Computational times (s) at MD = 7            
*******************************************************

  DFT in total      =   37.28352

  Set_OLP_Kin       =    0.88882
  Set_Nonlocal      =    1.17439
  Set_ProExpn_VNA   =    2.46782
  Set_Hamiltonian   =    2.02183
  Poisson           =    0.00170
  diagonalization   =   25.65637
  Mixing_DM         =    0.00684
  Force             =    1.90213
  Total_Energy      =    0.40491
  Set_Aden_Grid     =    0.00713
  Set_Orbitals_Grid =    0.09955
  Set_Density_Grid  =    0.79115
  RestartFileDFT    =    0.00279
  Mulliken_Charge   =    0.00129
  FFT(2D)_Density   =    0.00244

The SCF was achieved at MD=   7

*******************************************************
             MD or geometry opt. at MD = 7              
*******************************************************

<BFGS>  |Maximum force| (Hartree/Bohr) = 0.000904791487
<BFGS>  Criterion       (Hartree/Bohr) = 0.000100000000

     atom=   1, XYZ(ang) Fxyz(a.u.)=  -0.0022    0.0000   -0.0004    -0.0001    0.0000   -0.0000
     atom=   2, XYZ(ang) Fxyz(a.u.)=   2.9855    2.9849    1.6128    -0.0000   -0.0000    0.0002
     atom=   3, XYZ(ang) Fxyz(a.u.)=   0.0067    2.9849    0.8460     0.0001   -0.0000   -0.0008
     atom=   4, XYZ(ang) Fxyz(a.u.)=   2.9921    0.0000    2.3814    -0.0002   -0.0000    0.0009

*******************************************************
        Analysis of neighbors and setting of grids        
*******************************************************


*******************************************************
  Allocation of atoms to processors at MD_iter=    8     
*******************************************************

 proc =   0  # of atoms=   1  estimated weight=         1.00000
 proc =   1  # of atoms=   1  estimated weight=         1.00000
 proc =   2  # of atoms=   1  estimated weight=         1.00000
 proc =   3  # of atoms=   1  estimated weight=         1.00000
 proc =   4  # of atoms=   0  estimated weight=         0.00000
 proc =   5  # of atoms=   0  estimated weight=         0.00000
 proc =   6  # of atoms=   0  estimated weight=         0.00000
 proc =   7  # of atoms=   0  estimated weight=         0.00000
 proc =   8  # of atoms=   0  estimated weight=         0.00000
 proc =   9  # of atoms=   0  estimated weight=         0.00000
 proc =  10  # of atoms=   0  estimated weight=         0.00000
 proc =  11  # of atoms=   0  estimated weight=         0.00000
 proc =  12  # of atoms=   0  estimated weight=         0.00000
 proc =  13  # of atoms=   0  estimated weight=         0.00000
 proc =  14  # of atoms=   0  estimated weight=         0.00000
 proc =  15  # of atoms=   0  estimated weight=         0.00000



TFNAN=     256   Average FNAN=  64.00000
TSNAN=       0   Average SNAN=   0.00000
<truncation> CpyCell= 3 ct_AN=   1 FNAN SNAN  64   0
<truncation> CpyCell= 3 ct_AN=   2 FNAN SNAN  64   0
<truncation> CpyCell= 3 ct_AN=   3 FNAN SNAN  64   0
<truncation> CpyCell= 3 ct_AN=   4 FNAN SNAN  64   0
<UCell_Box> Info. of cutoff energy and num. of grids
lattice vectors (bohr)
A  = 11.281295655248,  0.000000000000,  0.028203239138
B  =  0.000000000000, 11.281295655248,  0.000000000000
C  =  0.015204829790,  0.000000000000,  6.081931916162
reciprocal lattice vectors (bohr^-1)
RA =  0.556959481370,  0.000000000000, -0.001392398703
RB =  0.000000000000,  0.556956000374,  0.000000000000
RC = -0.002582742073,  0.000000000000,  1.033096829091
Required cutoff energy (Ryd) for 3D-grids = 200.0000
    Used cutoff energy (Ryd) for 3D-grids = 193.8786, 193.8750, 194.5146
Num. of grids of a-, b-, and c-axes = 50, 50, 27
Cell_Volume =    774.028233187484 (Bohr^3)
GridVol     =      0.011467084936 (Bohr^3)
Cell vectors (bohr) of the grid cell (gtv)
  gtv_a =  0.225625913105,  0.000000000000,  0.000564064783
  gtv_b =  0.000000000000,  0.225625913105,  0.000000000000
  gtv_c =  0.000563141844,  0.000000000000,  0.225256737636
  |gtv_a| =  0.225626618185
  |gtv_b| =  0.225625913105
  |gtv_c| =  0.225257441562
Num. of grids overlapping with atom    1 = 125091
Num. of grids overlapping with atom    2 = 125334
Num. of grids overlapping with atom    3 = 125191
Num. of grids overlapping with atom    4 = 125117

*******************************************************
             SCF calculation at MD = 8                
*******************************************************

<MD= 8>  Calculation of the overlap matrix
<MD= 8>  Calculation of the nonlocal matrix
<MD= 8>  Calculation of the VNA projector matrix

******************* MD= 8  SCF= 1 *******************
<Restart>  Found restart files
<Poisson>  Poisson's equation using FFT...
<Band>  Solving the eigenvalue problem...
 KGrids1:  -0.45833  -0.37500  -0.29167  -0.20833  -0.12500  -0.04167   0.04167   0.12500   0.20833   0.29167   0.37500   0.45833 
 KGrids2:  -0.45833  -0.37500  -0.29167  -0.20833  -0.12500  -0.04167   0.04167   0.12500   0.20833   0.29167   0.37500   0.45833 
 KGrids3:  -0.47500  -0.42500  -0.37500  -0.32500  -0.27500  -0.22500  -0.17500  -0.12500  -0.07500  -0.02500   0.02500   0.07500   0.12500   0.17500   0.22500   0.27500   0.32500   0.37500   0.42500   0.47500 
<Band_DFT>  Eigen, time=0.787611
<Band_DFT>  DM, time=1.987386
    1   Sn  MulP   6.9997  6.9997 sum  13.9994
    2   Sn  MulP   7.0008  7.0008 sum  14.0017
    3   Sn  MulP   6.9997  6.9997 sum  13.9995
    4   Sn  MulP   6.9997  6.9997 sum  13.9994
 Sum of MulP: up   =    28.00000 down          =    28.00000
              total=    56.00000 ideal(neutral)=    56.00000
<DFT>  Total Spin Moment (muB) =  0.000000000000
<DFT>  Mixing_weight= 0.400000000000
<DFT>  Uele   =  -42.211385858807  dUele     =   1.000000000000
<DFT>  NormRD =    1.000000000000  Criterion =   0.000000100000

******************* MD= 8  SCF= 2 *******************
<Poisson>  Poisson's equation using FFT...
<Set_Hamiltonian>  Hamiltonian matrix for VNA+dVH+Vxc...
<Band>  Solving the eigenvalue problem...
 KGrids1:  -0.45833  -0.37500  -0.29167  -0.20833  -0.12500  -0.04167   0.04167   0.12500   0.20833   0.29167   0.37500   0.45833 
 KGrids2:  -0.45833  -0.37500  -0.29167  -0.20833  -0.12500  -0.04167   0.04167   0.12500   0.20833   0.29167   0.37500   0.45833 
 KGrids3:  -0.47500  -0.42500  -0.37500  -0.32500  -0.27500  -0.22500  -0.17500  -0.12500  -0.07500  -0.02500   0.02500   0.07500   0.12500   0.17500   0.22500   0.27500   0.32500   0.37500   0.42500   0.47500 
<Band_DFT>  Eigen, time=0.737352
<Band_DFT>  DM, time=1.645427
    1   Sn  MulP   6.9997  6.9997 sum  13.9994
    2   Sn  MulP   7.0008  7.0008 sum  14.0017
    3   Sn  MulP   6.9997  6.9997 sum  13.9995
    4   Sn  MulP   6.9997  6.9997 sum  13.9994
 Sum of MulP: up   =    28.00000 down          =    28.00000
              total=    56.00000 ideal(neutral)=    56.00000
<DFT>  Total Spin Moment (muB) =  0.000000000000
<DFT>  Mixing_weight= 0.400000000000
<DFT>  Uele   =  -42.211521263629  dUele     =   0.000135404822
<DFT>  NormRD =    0.001525903130  Criterion =   0.000000100000

******************* MD= 8  SCF= 3 *******************
<Poisson>  Poisson's equation using FFT...
<Set_Hamiltonian>  Hamiltonian matrix for VNA+dVH+Vxc...
<Band>  Solving the eigenvalue problem...
 KGrids1:  -0.45833  -0.37500  -0.29167  -0.20833  -0.12500  -0.04167   0.04167   0.12500   0.20833   0.29167   0.37500   0.45833 
 KGrids2:  -0.45833  -0.37500  -0.29167  -0.20833  -0.12500  -0.04167   0.04167   0.12500   0.20833   0.29167   0.37500   0.45833 
 KGrids3:  -0.47500  -0.42500  -0.37500  -0.32500  -0.27500  -0.22500  -0.17500  -0.12500  -0.07500  -0.02500   0.02500   0.07500   0.12500   0.17500   0.22500   0.27500   0.32500   0.37500   0.42500   0.47500 
<Band_DFT>  Eigen, time=0.744245
<Band_DFT>  DM, time=1.826178
    1   Sn  MulP   6.9997  6.9997 sum  13.9994
    2   Sn  MulP   7.0008  7.0008 sum  14.0017
    3   Sn  MulP   6.9997  6.9997 sum  13.9995
    4   Sn  MulP   6.9997  6.9997 sum  13.9995
 Sum of MulP: up   =    28.00000 down          =    28.00000
              total=    56.00000 ideal(neutral)=    56.00000
<DFT>  Total Spin Moment (muB) =  0.000000000000
<DFT>  Mixing_weight= 0.040000000000
<DFT>  Uele   =  -42.211601865114  dUele     =   0.000080601485
<DFT>  NormRD =    0.000974340305  Criterion =   0.000000100000

******************* MD= 8  SCF= 4 *******************
<Poisson>  Poisson's equation using FFT...
<Set_Hamiltonian>  Hamiltonian matrix for VNA+dVH+Vxc...
<Band>  Solving the eigenvalue problem...
 KGrids1:  -0.45833  -0.37500  -0.29167  -0.20833  -0.12500  -0.04167   0.04167   0.12500   0.20833   0.29167   0.37500   0.45833 
 KGrids2:  -0.45833  -0.37500  -0.29167  -0.20833  -0.12500  -0.04167   0.04167   0.12500   0.20833   0.29167   0.37500   0.45833 
 KGrids3:  -0.47500  -0.42500  -0.37500  -0.32500  -0.27500  -0.22500  -0.17500  -0.12500  -0.07500  -0.02500   0.02500   0.07500   0.12500   0.17500   0.22500   0.27500   0.32500   0.37500   0.42500   0.47500 
<Band_DFT>  Eigen, time=0.734747
<Band_DFT>  DM, time=1.924683
    1   Sn  MulP   6.9997  6.9997 sum  13.9994
    2   Sn  MulP   7.0008  7.0008 sum  14.0017
    3   Sn  MulP   6.9997  6.9997 sum  13.9995
    4   Sn  MulP   6.9997  6.9997 sum  13.9995
 Sum of MulP: up   =    28.00000 down          =    28.00000
              total=    56.00000 ideal(neutral)=    56.00000
<DFT>  Total Spin Moment (muB) =  0.000000000000
<DFT>  Mixing_weight= 0.040000000000
<DFT>  Uele   =  -42.211713167944  dUele     =   0.000111302830
<DFT>  NormRD =    0.000043628435  Criterion =   0.000000100000

******************* MD= 8  SCF= 5 *******************
<Poisson>  Poisson's equation using FFT...
<Set_Hamiltonian>  Hamiltonian matrix for VNA+dVH+Vxc...
<Band>  Solving the eigenvalue problem...
 KGrids1:  -0.45833  -0.37500  -0.29167  -0.20833  -0.12500  -0.04167   0.04167   0.12500   0.20833   0.29167   0.37500   0.45833 
 KGrids2:  -0.45833  -0.37500  -0.29167  -0.20833  -0.12500  -0.04167   0.04167   0.12500   0.20833   0.29167   0.37500   0.45833 
 KGrids3:  -0.47500  -0.42500  -0.37500  -0.32500  -0.27500  -0.22500  -0.17500  -0.12500  -0.07500  -0.02500   0.02500   0.07500   0.12500   0.17500   0.22500   0.27500   0.32500   0.37500   0.42500   0.47500 
<Band_DFT>  Eigen, time=0.737881
<Band_DFT>  DM, time=1.643765
    1   Sn  MulP   6.9997  6.9997 sum  13.9994
    2   Sn  MulP   7.0008  7.0008 sum  14.0017
    3   Sn  MulP   6.9997  6.9997 sum  13.9994
    4   Sn  MulP   6.9997  6.9997 sum  13.9995
 Sum of MulP: up   =    28.00000 down          =    28.00000
              total=    56.00000 ideal(neutral)=    56.00000
<DFT>  Total Spin Moment (muB) =  0.000000000000
<DFT>  Mixing_weight= 0.040000000000
<DFT>  Uele   =  -42.211707458332  dUele     =   0.000005709612
<DFT>  NormRD =    0.000051700982  Criterion =   0.000000100000

******************* MD= 8  SCF= 6 *******************
<Poisson>  Poisson's equation using FFT...
<Set_Hamiltonian>  Hamiltonian matrix for VNA+dVH+Vxc...
<Band>  Solving the eigenvalue problem...
 KGrids1:  -0.45833  -0.37500  -0.29167  -0.20833  -0.12500  -0.04167   0.04167   0.12500   0.20833   0.29167   0.37500   0.45833 
 KGrids2:  -0.45833  -0.37500  -0.29167  -0.20833  -0.12500  -0.04167   0.04167   0.12500   0.20833   0.29167   0.37500   0.45833 
 KGrids3:  -0.47500  -0.42500  -0.37500  -0.32500  -0.27500  -0.22500  -0.17500  -0.12500  -0.07500  -0.02500   0.02500   0.07500   0.12500   0.17500   0.22500   0.27500   0.32500   0.37500   0.42500   0.47500 
<Band_DFT>  Eigen, time=0.752510
<Band_DFT>  DM, time=2.046719
    1   Sn  MulP   6.9997  6.9997 sum  13.9994
    2   Sn  MulP   7.0008  7.0008 sum  14.0017
    3   Sn  MulP   6.9997  6.9997 sum  13.9995
    4   Sn  MulP   6.9997  6.9997 sum  13.9995
 Sum of MulP: up   =    28.00000 down          =    28.00000
              total=    56.00000 ideal(neutral)=    56.00000
<DFT>  Total Spin Moment (muB) =  0.000000000000
<DFT>  Mixing_weight= 0.040000000000
<DFT>  Uele   =  -42.211708225459  dUele     =   0.000000767127
<DFT>  NormRD =    0.000025902546  Criterion =   0.000000100000

******************* MD= 8  SCF= 7 *******************
<Poisson>  Poisson's equation using FFT...
<Set_Hamiltonian>  Hamiltonian matrix for VNA+dVH+Vxc...
<Band>  Solving the eigenvalue problem...
 KGrids1:  -0.45833  -0.37500  -0.29167  -0.20833  -0.12500  -0.04167   0.04167   0.12500   0.20833   0.29167   0.37500   0.45833 
 KGrids2:  -0.45833  -0.37500  -0.29167  -0.20833  -0.12500  -0.04167   0.04167   0.12500   0.20833   0.29167   0.37500   0.45833 
 KGrids3:  -0.47500  -0.42500  -0.37500  -0.32500  -0.27500  -0.22500  -0.17500  -0.12500  -0.07500  -0.02500   0.02500   0.07500   0.12500   0.17500   0.22500   0.27500   0.32500   0.37500   0.42500   0.47500 
<Band_DFT>  Eigen, time=0.749563
<Band_DFT>  DM, time=2.046386
    1   Sn  MulP   6.9997  6.9997 sum  13.9994
    2   Sn  MulP   7.0008  7.0008 sum  14.0017
    3   Sn  MulP   6.9997  6.9997 sum  13.9995
    4   Sn  MulP   6.9997  6.9997 sum  13.9995
 Sum of MulP: up   =    28.00000 down          =    28.00000
              total=    56.00000 ideal(neutral)=    56.00000
<DFT>  Total Spin Moment (muB) =  0.000000000000
<DFT>  Mixing_weight= 0.040000000000
<DFT>  Uele   =  -42.211708734886  dUele     =   0.000000509427
<DFT>  NormRD =    0.000006203167  Criterion =   0.000000100000

******************* MD= 8  SCF= 8 *******************
<Poisson>  Poisson's equation using FFT...
<Set_Hamiltonian>  Hamiltonian matrix for VNA+dVH+Vxc...
<Band>  Solving the eigenvalue problem...
 KGrids1:  -0.45833  -0.37500  -0.29167  -0.20833  -0.12500  -0.04167   0.04167   0.12500   0.20833   0.29167   0.37500   0.45833 
 KGrids2:  -0.45833  -0.37500  -0.29167  -0.20833  -0.12500  -0.04167   0.04167   0.12500   0.20833   0.29167   0.37500   0.45833 
 KGrids3:  -0.47500  -0.42500  -0.37500  -0.32500  -0.27500  -0.22500  -0.17500  -0.12500  -0.07500  -0.02500   0.02500   0.07500   0.12500   0.17500   0.22500   0.27500   0.32500   0.37500   0.42500   0.47500 
<Band_DFT>  Eigen, time=0.750603
<Band_DFT>  DM, time=1.778278
    1   Sn  MulP   6.9997  6.9997 sum  13.9994
    2   Sn  MulP   7.0008  7.0008 sum  14.0017
    3   Sn  MulP   6.9997  6.9997 sum  13.9995
    4   Sn  MulP   6.9997  6.9997 sum  13.9995
 Sum of MulP: up   =    28.00000 down          =    28.00000
              total=    56.00000 ideal(neutral)=    56.00000
<DFT>  Total Spin Moment (muB) =  0.000000000000
<DFT>  Mixing_weight= 0.040000000000
<DFT>  Uele   =  -42.211708927910  dUele     =   0.000000193024
<DFT>  NormRD =    0.000001431203  Criterion =   0.000000100000

******************* MD= 8  SCF= 9 *******************
<Poisson>  Poisson's equation using FFT...
<Set_Hamiltonian>  Hamiltonian matrix for VNA+dVH+Vxc...
<Band>  Solving the eigenvalue problem...
 KGrids1:  -0.45833  -0.37500  -0.29167  -0.20833  -0.12500  -0.04167   0.04167   0.12500   0.20833   0.29167   0.37500   0.45833 
 KGrids2:  -0.45833  -0.37500  -0.29167  -0.20833  -0.12500  -0.04167   0.04167   0.12500   0.20833   0.29167   0.37500   0.45833 
 KGrids3:  -0.47500  -0.42500  -0.37500  -0.32500  -0.27500  -0.22500  -0.17500  -0.12500  -0.07500  -0.02500   0.02500   0.07500   0.12500   0.17500   0.22500   0.27500   0.32500   0.37500   0.42500   0.47500 
<Band_DFT>  Eigen, time=0.744778
<Band_DFT>  DM, time=1.932353
    1   Sn  MulP   6.9997  6.9997 sum  13.9994
    2   Sn  MulP   7.0008  7.0008 sum  14.0017
    3   Sn  MulP   6.9997  6.9997 sum  13.9995
    4   Sn  MulP   6.9997  6.9997 sum  13.9995
 Sum of MulP: up   =    28.00000 down          =    28.00000
              total=    56.00000 ideal(neutral)=    56.00000
<DFT>  Total Spin Moment (muB) =  0.000000000000
<DFT>  Mixing_weight= 0.040000000000
<DFT>  Uele   =  -42.211708833838  dUele     =   0.000000094072
<DFT>  NormRD =    0.000000833883  Criterion =   0.000000100000
<MD= 8>  Force calculation
  Force calculation #1
  Force calculation #2
  Force calculation #3
  Force calculation #4
  Force calculation #5
  Stress calculation #1
  Stress calculation #2
  Stress calculation #3
  Stress calculation #4
  Stress calculation #5
<MD= 8>  Total Energy
  Force calculation #6
  Force calculation #7

*******************************************************
                  Dipole moment (Debye)                 
*******************************************************

 Absolute D      520.37735929

                      Dx                Dy                Dz
 Total           -361.59638848     -362.13886582      -94.31908481
 Core             402.26730241      401.43887948      325.44921546
 Electron        -763.86369089     -763.57774530     -419.76830027
 Back ground       -0.00000000       -0.00000000       -0.00000000

*******************************************************
               Stress tensor (Hartree/bohr^3)            
*******************************************************

      -0.00000243        0.00000000        0.00000245 
       0.00000000       -0.00000015       -0.00000000 
       0.00000245       -0.00000000       -0.00000015 

*******************************************************
                Total Energy (Hartree) at MD = 8        
*******************************************************

  Uele  =     -42.211708833838

  Ukin  =     203.438593148843
  UH0   =   -2703.943989789523
  UH1   =       0.004897950527
  Una   =    -149.420981984334
  Unl   =     -47.913271868454
  Uxc0  =     -25.237138739752
  Uxc1  =     -25.237138739752
  Ucore =    2464.151752959822
  Uhub  =       0.000000000000
  Ucs   =       0.000000000000
  Uzs   =       0.000000000000
  Uzo   =       0.000000000000
  Uef   =       0.000000000000
  UvdW  =       0.000000000000
  Uch   =       0.000000000000
  Utot  =    -284.157277062622

  UpV   =       0.000000000000
  Enpy  =    -284.157277062622
  Note:

  Uele:   band energy
  Ukin:   kinetic energy
  UH0:    electric part of screened Coulomb energy
  UH1:    difference electron-electron Coulomb energy
  Una:    neutral atom potential energy
  Unl:    non-local potential energy
  Uxc0:   exchange-correlation energy for alpha spin
  Uxc1:   exchange-correlation energy for beta spin
  Ucore:  core-core Coulomb energy
  Uhub:   LDA+U energy
  Ucs:    constraint energy for spin orientation
  Uzs:    Zeeman term for spin magnetic moment
  Uzo:    Zeeman term for orbital magnetic moment
  Uef:    electric energy by electric field
  UvdW:   semi-empirical vdW energy 
  Uch:    penalty term to create a core hole
  UpV:    pressure times volume
  Enpy:   Enthalpy = Utot + UpV
  (see also PRB 72, 045121(2005) for the energy contributions)


*******************************************************
           Computational times (s) at MD = 8            
*******************************************************

  DFT in total      =   36.97669

  Set_OLP_Kin       =    0.69680
  Set_Nonlocal      =    1.62603
  Set_ProExpn_VNA   =    3.56608
  Set_Hamiltonian   =    2.23113
  Poisson           =    0.00158
  diagonalization   =   24.06686
  Mixing_DM         =    0.00687
  Force             =    1.83800
  Total_Energy      =    0.29630
  Set_Aden_Grid     =    0.00775
  Set_Orbitals_Grid =    0.17194
  Set_Density_Grid  =    0.77298
  RestartFileDFT    =    0.00307
  Mulliken_Charge   =    0.00131
  FFT(2D)_Density   =    0.00239

The SCF was achieved at MD=   8

*******************************************************
             MD or geometry opt. at MD = 8              
*******************************************************

<BFGS>  |Maximum force| (Hartree/Bohr) = 0.000965075264
<BFGS>  Criterion       (Hartree/Bohr) = 0.000100000000

     atom=   1, XYZ(ang) Fxyz(a.u.)=  -0.0011    0.0000   -0.0002    -0.0004    0.0000   -0.0000
     atom=   2, XYZ(ang) Fxyz(a.u.)=   2.9875    2.9849    1.6150    -0.0009   -0.0000   -0.0004
     atom=   3, XYZ(ang) Fxyz(a.u.)=   0.0041    2.9849    0.8245     0.0001    0.0000    0.0010
     atom=   4, XYZ(ang) Fxyz(a.u.)=   2.9919    0.0000    2.4021    -0.0002    0.0000   -0.0008

*******************************************************
        Analysis of neighbors and setting of grids        
*******************************************************


*******************************************************
  Allocation of atoms to processors at MD_iter=    9     
*******************************************************

 proc =   0  # of atoms=   1  estimated weight=         1.00000
 proc =   1  # of atoms=   1  estimated weight=         1.00000
 proc =   2  # of atoms=   1  estimated weight=         1.00000
 proc =   3  # of atoms=   1  estimated weight=         1.00000
 proc =   4  # of atoms=   0  estimated weight=         0.00000
 proc =   5  # of atoms=   0  estimated weight=         0.00000
 proc =   6  # of atoms=   0  estimated weight=         0.00000
 proc =   7  # of atoms=   0  estimated weight=         0.00000
 proc =   8  # of atoms=   0  estimated weight=         0.00000
 proc =   9  # of atoms=   0  estimated weight=         0.00000
 proc =  10  # of atoms=   0  estimated weight=         0.00000
 proc =  11  # of atoms=   0  estimated weight=         0.00000
 proc =  12  # of atoms=   0  estimated weight=         0.00000
 proc =  13  # of atoms=   0  estimated weight=         0.00000
 proc =  14  # of atoms=   0  estimated weight=         0.00000
 proc =  15  # of atoms=   0  estimated weight=         0.00000



TFNAN=     256   Average FNAN=  64.00000
TSNAN=       0   Average SNAN=   0.00000
<truncation> CpyCell= 3 ct_AN=   1 FNAN SNAN  64   0
<truncation> CpyCell= 3 ct_AN=   2 FNAN SNAN  64   0
<truncation> CpyCell= 3 ct_AN=   3 FNAN SNAN  64   0
<truncation> CpyCell= 3 ct_AN=   4 FNAN SNAN  64   0
<UCell_Box> Info. of cutoff energy and num. of grids
lattice vectors (bohr)
A  = 11.281295655248,  0.000000000000,  0.028203239138
B  =  0.000000000000, 11.281295655248,  0.000000000000
C  =  0.015204829790,  0.000000000000,  6.081931916162
reciprocal lattice vectors (bohr^-1)
RA =  0.556959481370,  0.000000000000, -0.001392398703
RB =  0.000000000000,  0.556956000374,  0.000000000000
RC = -0.002582742073,  0.000000000000,  1.033096829091
Required cutoff energy (Ryd) for 3D-grids = 200.0000
    Used cutoff energy (Ryd) for 3D-grids = 193.8786, 193.8750, 194.5146
Num. of grids of a-, b-, and c-axes = 50, 50, 27
Cell_Volume =    774.028233187484 (Bohr^3)
GridVol     =      0.011467084936 (Bohr^3)
Cell vectors (bohr) of the grid cell (gtv)
  gtv_a =  0.225625913105,  0.000000000000,  0.000564064783
  gtv_b =  0.000000000000,  0.225625913105,  0.000000000000
  gtv_c =  0.000563141844,  0.000000000000,  0.225256737636
  |gtv_a| =  0.225626618185
  |gtv_b| =  0.225625913105
  |gtv_c| =  0.225257441562
Num. of grids overlapping with atom    1 = 125064
Num. of grids overlapping with atom    2 = 125305
Num. of grids overlapping with atom    3 = 125126
Num. of grids overlapping with atom    4 = 125150

*******************************************************
             SCF calculation at MD = 9                
*******************************************************

<MD= 9>  Calculation of the overlap matrix
<MD= 9>  Calculation of the nonlocal matrix
<MD= 9>  Calculation of the VNA projector matrix

******************* MD= 9  SCF= 1 *******************
<Restart>  Found restart files
<Poisson>  Poisson's equation using FFT...
<Band>  Solving the eigenvalue problem...
 KGrids1:  -0.45833  -0.37500  -0.29167  -0.20833  -0.12500  -0.04167   0.04167   0.12500   0.20833   0.29167   0.37500   0.45833 
 KGrids2:  -0.45833  -0.37500  -0.29167  -0.20833  -0.12500  -0.04167   0.04167   0.12500   0.20833   0.29167   0.37500   0.45833 
 KGrids3:  -0.47500  -0.42500  -0.37500  -0.32500  -0.27500  -0.22500  -0.17500  -0.12500  -0.07500  -0.02500   0.02500   0.07500   0.12500   0.17500   0.22500   0.27500   0.32500   0.37500   0.42500   0.47500 
<Band_DFT>  Eigen, time=0.743351
<Band_DFT>  DM, time=2.035482
    1   Sn  MulP   6.9999  6.9999 sum  13.9998
    2   Sn  MulP   7.0004  7.0004 sum  14.0007
    3   Sn  MulP   6.9999  6.9999 sum  13.9997
    4   Sn  MulP   6.9999  6.9999 sum  13.9998
 Sum of MulP: up   =    28.00000 down          =    28.00000
              total=    56.00000 ideal(neutral)=    56.00000
<DFT>  Total Spin Moment (muB) =  0.000000000000
<DFT>  Mixing_weight= 0.400000000000
<DFT>  Uele   =  -42.211776937696  dUele     =   1.000000000000
<DFT>  NormRD =    1.000000000000  Criterion =   0.000000100000

******************* MD= 9  SCF= 2 *******************
<Poisson>  Poisson's equation using FFT...
<Set_Hamiltonian>  Hamiltonian matrix for VNA+dVH+Vxc...
<Band>  Solving the eigenvalue problem...
 KGrids1:  -0.45833  -0.37500  -0.29167  -0.20833  -0.12500  -0.04167   0.04167   0.12500   0.20833   0.29167   0.37500   0.45833 
 KGrids2:  -0.45833  -0.37500  -0.29167  -0.20833  -0.12500  -0.04167   0.04167   0.12500   0.20833   0.29167   0.37500   0.45833 
 KGrids3:  -0.47500  -0.42500  -0.37500  -0.32500  -0.27500  -0.22500  -0.17500  -0.12500  -0.07500  -0.02500   0.02500   0.07500   0.12500   0.17500   0.22500   0.27500   0.32500   0.37500   0.42500   0.47500 
<Band_DFT>  Eigen, time=0.750752
<Band_DFT>  DM, time=2.046032
    1   Sn  MulP   6.9999  6.9999 sum  13.9998
    2   Sn  MulP   7.0004  7.0004 sum  14.0007
    3   Sn  MulP   6.9999  6.9999 sum  13.9997
    4   Sn  MulP   6.9999  6.9999 sum  13.9998
 Sum of MulP: up   =    28.00000 down          =    28.00000
              total=    56.00000 ideal(neutral)=    56.00000
<DFT>  Total Spin Moment (muB) =  0.000000000000
<DFT>  Mixing_weight= 0.400000000000
<DFT>  Uele   =  -42.211712592098  dUele     =   0.000064345598
<DFT>  NormRD =    0.000621692453  Criterion =   0.000000100000

******************* MD= 9  SCF= 3 *******************
<Poisson>  Poisson's equation using FFT...
<Set_Hamiltonian>  Hamiltonian matrix for VNA+dVH+Vxc...
<Band>  Solving the eigenvalue problem...
 KGrids1:  -0.45833  -0.37500  -0.29167  -0.20833  -0.12500  -0.04167   0.04167   0.12500   0.20833   0.29167   0.37500   0.45833 
 KGrids2:  -0.45833  -0.37500  -0.29167  -0.20833  -0.12500  -0.04167   0.04167   0.12500   0.20833   0.29167   0.37500   0.45833 
 KGrids3:  -0.47500  -0.42500  -0.37500  -0.32500  -0.27500  -0.22500  -0.17500  -0.12500  -0.07500  -0.02500   0.02500   0.07500   0.12500   0.17500   0.22500   0.27500   0.32500   0.37500   0.42500   0.47500 
<Band_DFT>  Eigen, time=0.754563
<Band_DFT>  DM, time=2.038992
    1   Sn  MulP   6.9999  6.9999 sum  13.9998
    2   Sn  MulP   7.0004  7.0004 sum  14.0007
    3   Sn  MulP   6.9999  6.9999 sum  13.9997
    4   Sn  MulP   6.9999  6.9999 sum  13.9998
 Sum of MulP: up   =    28.00000 down          =    28.00000
              total=    56.00000 ideal(neutral)=    56.00000
<DFT>  Total Spin Moment (muB) =  0.000000000000
<DFT>  Mixing_weight= 0.040000000000
<DFT>  Uele   =  -42.211673495073  dUele     =   0.000039097025
<DFT>  NormRD =    0.000396105577  Criterion =   0.000000100000

******************* MD= 9  SCF= 4 *******************
<Poisson>  Poisson's equation using FFT...
<Set_Hamiltonian>  Hamiltonian matrix for VNA+dVH+Vxc...
<Band>  Solving the eigenvalue problem...
 KGrids1:  -0.45833  -0.37500  -0.29167  -0.20833  -0.12500  -0.04167   0.04167   0.12500   0.20833   0.29167   0.37500   0.45833 
 KGrids2:  -0.45833  -0.37500  -0.29167  -0.20833  -0.12500  -0.04167   0.04167   0.12500   0.20833   0.29167   0.37500   0.45833 
 KGrids3:  -0.47500  -0.42500  -0.37500  -0.32500  -0.27500  -0.22500  -0.17500  -0.12500  -0.07500  -0.02500   0.02500   0.07500   0.12500   0.17500   0.22500   0.27500   0.32500   0.37500   0.42500   0.47500 
<Band_DFT>  Eigen, time=0.792967
<Band_DFT>  DM, time=1.992533
    1   Sn  MulP   6.9999  6.9999 sum  13.9998
    2   Sn  MulP   7.0004  7.0004 sum  14.0007
    3   Sn  MulP   6.9999  6.9999 sum  13.9997
    4   Sn  MulP   6.9999  6.9999 sum  13.9997
 Sum of MulP: up   =    28.00000 down          =    28.00000
              total=    56.00000 ideal(neutral)=    56.00000
<DFT>  Total Spin Moment (muB) =  0.000000000000
<DFT>  Mixing_weight= 0.040000000000
<DFT>  Uele   =  -42.211611784834  dUele     =   0.000061710239
<DFT>  NormRD =    0.000016323785  Criterion =   0.000000100000

******************* MD= 9  SCF= 5 *******************
<Poisson>  Poisson's equation using FFT...
<Set_Hamiltonian>  Hamiltonian matrix for VNA+dVH+Vxc...
<Band>  Solving the eigenvalue problem...
 KGrids1:  -0.45833  -0.37500  -0.29167  -0.20833  -0.12500  -0.04167   0.04167   0.12500   0.20833   0.29167   0.37500   0.45833 
 KGrids2:  -0.45833  -0.37500  -0.29167  -0.20833  -0.12500  -0.04167   0.04167   0.12500   0.20833   0.29167   0.37500   0.45833 
 KGrids3:  -0.47500  -0.42500  -0.37500  -0.32500  -0.27500  -0.22500  -0.17500  -0.12500  -0.07500  -0.02500   0.02500   0.07500   0.12500   0.17500   0.22500   0.27500   0.32500   0.37500   0.42500   0.47500 
<Band_DFT>  Eigen, time=0.743801
<Band_DFT>  DM, time=1.727400
    1   Sn  MulP   6.9999  6.9999 sum  13.9998
    2   Sn  MulP   7.0004  7.0004 sum  14.0007
    3   Sn  MulP   6.9999  6.9999 sum  13.9997
    4   Sn  MulP   6.9999  6.9999 sum  13.9998
 Sum of MulP: up   =    28.00000 down          =    28.00000
              total=    56.00000 ideal(neutral)=    56.00000
<DFT>  Total Spin Moment (muB) =  0.000000000000
<DFT>  Mixing_weight= 0.040000000000
<DFT>  Uele   =  -42.211617031581  dUele     =   0.000005246747
<DFT>  NormRD =    0.000019673899  Criterion =   0.000000100000

******************* MD= 9  SCF= 6 *******************
<Poisson>  Poisson's equation using FFT...
<Set_Hamiltonian>  Hamiltonian matrix for VNA+dVH+Vxc...
<Band>  Solving the eigenvalue problem...
 KGrids1:  -0.45833  -0.37500  -0.29167  -0.20833  -0.12500  -0.04167   0.04167   0.12500   0.20833   0.29167   0.37500   0.45833 
 KGrids2:  -0.45833  -0.37500  -0.29167  -0.20833  -0.12500  -0.04167   0.04167   0.12500   0.20833   0.29167   0.37500   0.45833 
 KGrids3:  -0.47500  -0.42500  -0.37500  -0.32500  -0.27500  -0.22500  -0.17500  -0.12500  -0.07500  -0.02500   0.02500   0.07500   0.12500   0.17500   0.22500   0.27500   0.32500   0.37500   0.42500   0.47500 
<Band_DFT>  Eigen, time=0.739025
<Band_DFT>  DM, time=2.046052
    1   Sn  MulP   6.9999  6.9999 sum  13.9998
    2   Sn  MulP   7.0004  7.0004 sum  14.0007
    3   Sn  MulP   6.9999  6.9999 sum  13.9997
    4   Sn  MulP   6.9999  6.9999 sum  13.9997
 Sum of MulP: up   =    28.00000 down          =    28.00000
              total=    56.00000 ideal(neutral)=    56.00000
<DFT>  Total Spin Moment (muB) =  0.000000000000
<DFT>  Mixing_weight= 0.040000000000
<DFT>  Uele   =  -42.211616617476  dUele     =   0.000000414106
<DFT>  NormRD =    0.000009846089  Criterion =   0.000000100000

******************* MD= 9  SCF= 7 *******************
<Poisson>  Poisson's equation using FFT...
<Set_Hamiltonian>  Hamiltonian matrix for VNA+dVH+Vxc...
<Band>  Solving the eigenvalue problem...
 KGrids1:  -0.45833  -0.37500  -0.29167  -0.20833  -0.12500  -0.04167   0.04167   0.12500   0.20833   0.29167   0.37500   0.45833 
 KGrids2:  -0.45833  -0.37500  -0.29167  -0.20833  -0.12500  -0.04167   0.04167   0.12500   0.20833   0.29167   0.37500   0.45833 
 KGrids3:  -0.47500  -0.42500  -0.37500  -0.32500  -0.27500  -0.22500  -0.17500  -0.12500  -0.07500  -0.02500   0.02500   0.07500   0.12500   0.17500   0.22500   0.27500   0.32500   0.37500   0.42500   0.47500 
<Band_DFT>  Eigen, time=0.738602
<Band_DFT>  DM, time=2.039337
    1   Sn  MulP   6.9999  6.9999 sum  13.9998
    2   Sn  MulP   7.0004  7.0004 sum  14.0007
    3   Sn  MulP   6.9999  6.9999 sum  13.9997
    4   Sn  MulP   6.9999  6.9999 sum  13.9997
 Sum of MulP: up   =    28.00000 down          =    28.00000
              total=    56.00000 ideal(neutral)=    56.00000
<DFT>  Total Spin Moment (muB) =  0.000000000000
<DFT>  Mixing_weight= 0.040000000000
<DFT>  Uele   =  -42.211616132982  dUele     =   0.000000484494
<DFT>  NormRD =    0.000002782842  Criterion =   0.000000100000

******************* MD= 9  SCF= 8 *******************
<Poisson>  Poisson's equation using FFT...
<Set_Hamiltonian>  Hamiltonian matrix for VNA+dVH+Vxc...
<Band>  Solving the eigenvalue problem...
 KGrids1:  -0.45833  -0.37500  -0.29167  -0.20833  -0.12500  -0.04167   0.04167   0.12500   0.20833   0.29167   0.37500   0.45833 
 KGrids2:  -0.45833  -0.37500  -0.29167  -0.20833  -0.12500  -0.04167   0.04167   0.12500   0.20833   0.29167   0.37500   0.45833 
 KGrids3:  -0.47500  -0.42500  -0.37500  -0.32500  -0.27500  -0.22500  -0.17500  -0.12500  -0.07500  -0.02500   0.02500   0.07500   0.12500   0.17500   0.22500   0.27500   0.32500   0.37500   0.42500   0.47500 
<Band_DFT>  Eigen, time=0.738930
<Band_DFT>  DM, time=2.037901
    1   Sn  MulP   6.9999  6.9999 sum  13.9998
    2   Sn  MulP   7.0004  7.0004 sum  14.0007
    3   Sn  MulP   6.9999  6.9999 sum  13.9997
    4   Sn  MulP   6.9999  6.9999 sum  13.9997
 Sum of MulP: up   =    28.00000 down          =    28.00000
              total=    56.00000 ideal(neutral)=    56.00000
<DFT>  Total Spin Moment (muB) =  0.000000000000
<DFT>  Mixing_weight= 0.040000000000
<DFT>  Uele   =  -42.211615981212  dUele     =   0.000000151770
<DFT>  NormRD =    0.000000563695  Criterion =   0.000000100000

******************* MD= 9  SCF= 9 *******************
<Poisson>  Poisson's equation using FFT...
<Set_Hamiltonian>  Hamiltonian matrix for VNA+dVH+Vxc...
<Band>  Solving the eigenvalue problem...
 KGrids1:  -0.45833  -0.37500  -0.29167  -0.20833  -0.12500  -0.04167   0.04167   0.12500   0.20833   0.29167   0.37500   0.45833 
 KGrids2:  -0.45833  -0.37500  -0.29167  -0.20833  -0.12500  -0.04167   0.04167   0.12500   0.20833   0.29167   0.37500   0.45833 
 KGrids3:  -0.47500  -0.42500  -0.37500  -0.32500  -0.27500  -0.22500  -0.17500  -0.12500  -0.07500  -0.02500   0.02500   0.07500   0.12500   0.17500   0.22500   0.27500   0.32500   0.37500   0.42500   0.47500 
<Band_DFT>  Eigen, time=0.738559
<Band_DFT>  DM, time=2.043992
    1   Sn  MulP   6.9999  6.9999 sum  13.9998
    2   Sn  MulP   7.0004  7.0004 sum  14.0007
    3   Sn  MulP   6.9999  6.9999 sum  13.9997
    4   Sn  MulP   6.9999  6.9999 sum  13.9997
 Sum of MulP: up   =    28.00000 down          =    28.00000
              total=    56.00000 ideal(neutral)=    56.00000
<DFT>  Total Spin Moment (muB) =  0.000000000000
<DFT>  Mixing_weight= 0.040000000000
<DFT>  Uele   =  -42.211615993945  dUele     =   0.000000012733
<DFT>  NormRD =    0.000000354038  Criterion =   0.000000100000
<MD= 9>  Force calculation
  Force calculation #1
  Force calculation #2
  Force calculation #3
  Force calculation #4
  Force calculation #5
  Stress calculation #1
  Stress calculation #2
  Stress calculation #3
  Stress calculation #4
  Stress calculation #5
<MD= 9>  Total Energy
  Force calculation #6
  Force calculation #7

*******************************************************
                  Dipole moment (Debye)                 
*******************************************************

 Absolute D      520.64400158

                      Dx                Dy                Dz
 Total           -362.04224825     -362.13861177      -94.08088395
 Core             402.28580394      401.43889496      325.55778307
 Electron        -764.32805218     -763.57750673     -419.63866702
 Back ground       -0.00000000       -0.00000000       -0.00000000

*******************************************************
               Stress tensor (Hartree/bohr^3)            
*******************************************************

      -0.00000110        0.00000000        0.00000293 
       0.00000000        0.00000002        0.00000000 
       0.00000293        0.00000000        0.00000078 

*******************************************************
                Total Energy (Hartree) at MD = 9        
*******************************************************

  Uele  =     -42.211615993945

  Ukin  =     203.438515511898
  UH0   =   -2703.963725825854
  UH1   =       0.004898295603
  Una   =    -149.420963848077
  Unl   =     -47.913226032738
  Uxc0  =     -25.237140861148
  Uxc1  =     -25.237140861148
  Ucore =    2464.171465421899
  Uhub  =       0.000000000000
  Ucs   =       0.000000000000
  Uzs   =       0.000000000000
  Uzo   =       0.000000000000
  Uef   =       0.000000000000
  UvdW  =       0.000000000000
  Uch   =       0.000000000000
  Utot  =    -284.157318199565

  UpV   =       0.000000000000
  Enpy  =    -284.157318199565
  Note:

  Uele:   band energy
  Ukin:   kinetic energy
  UH0:    electric part of screened Coulomb energy
  UH1:    difference electron-electron Coulomb energy
  Una:    neutral atom potential energy
  Unl:    non-local potential energy
  Uxc0:   exchange-correlation energy for alpha spin
  Uxc1:   exchange-correlation energy for beta spin
  Ucore:  core-core Coulomb energy
  Uhub:   LDA+U energy
  Ucs:    constraint energy for spin orientation
  Uzs:    Zeeman term for spin magnetic moment
  Uzo:    Zeeman term for orbital magnetic moment
  Uef:    electric energy by electric field
  UvdW:   semi-empirical vdW energy 
  Uch:    penalty term to create a core hole
  UpV:    pressure times volume
  Enpy:   Enthalpy = Utot + UpV
  (see also PRB 72, 045121(2005) for the energy contributions)


*******************************************************
           Computational times (s) at MD = 9            
*******************************************************

  DFT in total      =   36.59066

  Set_OLP_Kin       =    0.69889
  Set_Nonlocal      =    0.97292
  Set_ProExpn_VNA   =    2.59654
  Set_Hamiltonian   =    2.11631
  Poisson           =    0.00194
  diagonalization   =   25.27543
  Mixing_DM         =    0.00729
  Force             =    2.00903
  Total_Energy      =    0.30210
  Set_Aden_Grid     =    0.04662
  Set_Orbitals_Grid =    0.09967
  Set_Density_Grid  =    0.79751
  RestartFileDFT    =    0.00292
  Mulliken_Charge   =    0.00129
  FFT(2D)_Density   =    0.00245

The SCF was achieved at MD=   9

*******************************************************
             MD or geometry opt. at MD = 9              
*******************************************************

<BFGS>  |Maximum force| (Hartree/Bohr) = 0.000234264211
<BFGS>  Criterion       (Hartree/Bohr) = 0.000100000000

     atom=   1, XYZ(ang) Fxyz(a.u.)=  -0.0011    0.0000   -0.0002    -0.0002    0.0000   -0.0000
     atom=   2, XYZ(ang) Fxyz(a.u.)=   2.9873    2.9849    1.6147    -0.0001   -0.0000    0.0002
     atom=   3, XYZ(ang) Fxyz(a.u.)=   0.0044    2.9849    0.8267    -0.0001   -0.0000   -0.0001
     atom=   4, XYZ(ang) Fxyz(a.u.)=   2.9919    0.0000    2.4000     0.0001   -0.0000    0.0000

*******************************************************
        Analysis of neighbors and setting of grids        
*******************************************************


*******************************************************
  Allocation of atoms to processors at MD_iter=   10     
*******************************************************

 proc =   0  # of atoms=   1  estimated weight=         1.00000
 proc =   1  # of atoms=   1  estimated weight=         1.00000
 proc =   2  # of atoms=   1  estimated weight=         1.00000
 proc =   3  # of atoms=   1  estimated weight=         1.00000
 proc =   4  # of atoms=   0  estimated weight=         0.00000
 proc =   5  # of atoms=   0  estimated weight=         0.00000
 proc =   6  # of atoms=   0  estimated weight=         0.00000
 proc =   7  # of atoms=   0  estimated weight=         0.00000
 proc =   8  # of atoms=   0  estimated weight=         0.00000
 proc =   9  # of atoms=   0  estimated weight=         0.00000
 proc =  10  # of atoms=   0  estimated weight=         0.00000
 proc =  11  # of atoms=   0  estimated weight=         0.00000
 proc =  12  # of atoms=   0  estimated weight=         0.00000
 proc =  13  # of atoms=   0  estimated weight=         0.00000
 proc =  14  # of atoms=   0  estimated weight=         0.00000
 proc =  15  # of atoms=   0  estimated weight=         0.00000



TFNAN=     256   Average FNAN=  64.00000
TSNAN=       0   Average SNAN=   0.00000
<truncation> CpyCell= 3 ct_AN=   1 FNAN SNAN  64   0
<truncation> CpyCell= 3 ct_AN=   2 FNAN SNAN  64   0
<truncation> CpyCell= 3 ct_AN=   3 FNAN SNAN  64   0
<truncation> CpyCell= 3 ct_AN=   4 FNAN SNAN  64   0
<UCell_Box> Info. of cutoff energy and num. of grids
lattice vectors (bohr)
A  = 11.281295655248,  0.000000000000,  0.028203239138
B  =  0.000000000000, 11.281295655248,  0.000000000000
C  =  0.015204829790,  0.000000000000,  6.081931916162
reciprocal lattice vectors (bohr^-1)
RA =  0.556959481370,  0.000000000000, -0.001392398703
RB =  0.000000000000,  0.556956000374,  0.000000000000
RC = -0.002582742073,  0.000000000000,  1.033096829091
Required cutoff energy (Ryd) for 3D-grids = 200.0000
    Used cutoff energy (Ryd) for 3D-grids = 193.8786, 193.8750, 194.5146
Num. of grids of a-, b-, and c-axes = 50, 50, 27
Cell_Volume =    774.028233187484 (Bohr^3)
GridVol     =      0.011467084936 (Bohr^3)
Cell vectors (bohr) of the grid cell (gtv)
  gtv_a =  0.225625913105,  0.000000000000,  0.000564064783
  gtv_b =  0.000000000000,  0.225625913105,  0.000000000000
  gtv_c =  0.000563141844,  0.000000000000,  0.225256737636
  |gtv_a| =  0.225626618185
  |gtv_b| =  0.225625913105
  |gtv_c| =  0.225257441562
Num. of grids overlapping with atom    1 = 125060
Num. of grids overlapping with atom    2 = 125309
Num. of grids overlapping with atom    3 = 125084
Num. of grids overlapping with atom    4 = 125129

*******************************************************
             SCF calculation at MD =10                
*******************************************************

<MD=10>  Calculation of the overlap matrix
<MD=10>  Calculation of the nonlocal matrix
<MD=10>  Calculation of the VNA projector matrix

******************* MD=10  SCF= 1 *******************
<Restart>  Found restart files
<Poisson>  Poisson's equation using FFT...
<Band>  Solving the eigenvalue problem...
 KGrids1:  -0.45833  -0.37500  -0.29167  -0.20833  -0.12500  -0.04167   0.04167   0.12500   0.20833   0.29167   0.37500   0.45833 
 KGrids2:  -0.45833  -0.37500  -0.29167  -0.20833  -0.12500  -0.04167   0.04167   0.12500   0.20833   0.29167   0.37500   0.45833 
 KGrids3:  -0.47500  -0.42500  -0.37500  -0.32500  -0.27500  -0.22500  -0.17500  -0.12500  -0.07500  -0.02500   0.02500   0.07500   0.12500   0.17500   0.22500   0.27500   0.32500   0.37500   0.42500   0.47500 
<Band_DFT>  Eigen, time=0.745247
<Band_DFT>  DM, time=2.039628
    1   Sn  MulP   6.9999  6.9999 sum  13.9997
    2   Sn  MulP   7.0004  7.0004 sum  14.0008
    3   Sn  MulP   6.9999  6.9999 sum  13.9997
    4   Sn  MulP   6.9999  6.9999 sum  13.9997
 Sum of MulP: up   =    28.00000 down          =    28.00000
              total=    56.00000 ideal(neutral)=    56.00000
<DFT>  Total Spin Moment (muB) =  0.000000000000
<DFT>  Mixing_weight= 0.400000000000
<DFT>  Uele   =  -42.211602300079  dUele     =   1.000000000000
<DFT>  NormRD =    1.000000000000  Criterion =   0.000000100000

******************* MD=10  SCF= 2 *******************
<Poisson>  Poisson's equation using FFT...
<Set_Hamiltonian>  Hamiltonian matrix for VNA+dVH+Vxc...
<Band>  Solving the eigenvalue problem...
 KGrids1:  -0.45833  -0.37500  -0.29167  -0.20833  -0.12500  -0.04167   0.04167   0.12500   0.20833   0.29167   0.37500   0.45833 
 KGrids2:  -0.45833  -0.37500  -0.29167  -0.20833  -0.12500  -0.04167   0.04167   0.12500   0.20833   0.29167   0.37500   0.45833 
 KGrids3:  -0.47500  -0.42500  -0.37500  -0.32500  -0.27500  -0.22500  -0.17500  -0.12500  -0.07500  -0.02500   0.02500   0.07500   0.12500   0.17500   0.22500   0.27500   0.32500   0.37500   0.42500   0.47500 
<Band_DFT>  Eigen, time=0.741378
<Band_DFT>  DM, time=1.810219
    1   Sn  MulP   6.9999  6.9999 sum  13.9997
    2   Sn  MulP   7.0004  7.0004 sum  14.0008
    3   Sn  MulP   6.9999  6.9999 sum  13.9997
    4   Sn  MulP   6.9999  6.9999 sum  13.9997
 Sum of MulP: up   =    28.00000 down          =    28.00000
              total=    56.00000 ideal(neutral)=    56.00000
<DFT>  Total Spin Moment (muB) =  0.000000000000
<DFT>  Mixing_weight= 0.400000000000
<DFT>  Uele   =  -42.211599846607  dUele     =   0.000002453472
<DFT>  NormRD =    0.000048050005  Criterion =   0.000000100000

******************* MD=10  SCF= 3 *******************
<Poisson>  Poisson's equation using FFT...
<Set_Hamiltonian>  Hamiltonian matrix for VNA+dVH+Vxc...
<Band>  Solving the eigenvalue problem...
 KGrids1:  -0.45833  -0.37500  -0.29167  -0.20833  -0.12500  -0.04167   0.04167   0.12500   0.20833   0.29167   0.37500   0.45833 
 KGrids2:  -0.45833  -0.37500  -0.29167  -0.20833  -0.12500  -0.04167   0.04167   0.12500   0.20833   0.29167   0.37500   0.45833 
 KGrids3:  -0.47500  -0.42500  -0.37500  -0.32500  -0.27500  -0.22500  -0.17500  -0.12500  -0.07500  -0.02500   0.02500   0.07500   0.12500   0.17500   0.22500   0.27500   0.32500   0.37500   0.42500   0.47500 
<Band_DFT>  Eigen, time=0.745999
<Band_DFT>  DM, time=2.045718
    1   Sn  MulP   6.9999  6.9999 sum  13.9997
    2   Sn  MulP   7.0004  7.0004 sum  14.0008
    3   Sn  MulP   6.9999  6.9999 sum  13.9997
    4   Sn  MulP   6.9999  6.9999 sum  13.9997
 Sum of MulP: up   =    28.00000 down          =    28.00000
              total=    56.00000 ideal(neutral)=    56.00000
<DFT>  Total Spin Moment (muB) =  0.000000000000
<DFT>  Mixing_weight= 0.040000000000
<DFT>  Uele   =  -42.211598426080  dUele     =   0.000001420527
<DFT>  NormRD =    0.000031481087  Criterion =   0.000000100000

******************* MD=10  SCF= 4 *******************
<Poisson>  Poisson's equation using FFT...
<Set_Hamiltonian>  Hamiltonian matrix for VNA+dVH+Vxc...
<Band>  Solving the eigenvalue problem...
 KGrids1:  -0.45833  -0.37500  -0.29167  -0.20833  -0.12500  -0.04167   0.04167   0.12500   0.20833   0.29167   0.37500   0.45833 
 KGrids2:  -0.45833  -0.37500  -0.29167  -0.20833  -0.12500  -0.04167   0.04167   0.12500   0.20833   0.29167   0.37500   0.45833 
 KGrids3:  -0.47500  -0.42500  -0.37500  -0.32500  -0.27500  -0.22500  -0.17500  -0.12500  -0.07500  -0.02500   0.02500   0.07500   0.12500   0.17500   0.22500   0.27500   0.32500   0.37500   0.42500   0.47500 
<Band_DFT>  Eigen, time=0.742957
<Band_DFT>  DM, time=1.797833
    1   Sn  MulP   6.9999  6.9999 sum  13.9997
    2   Sn  MulP   7.0004  7.0004 sum  14.0008
    3   Sn  MulP   6.9999  6.9999 sum  13.9997
    4   Sn  MulP   6.9999  6.9999 sum  13.9997
 Sum of MulP: up   =    28.00000 down          =    28.00000
              total=    56.00000 ideal(neutral)=    56.00000
<DFT>  Total Spin Moment (muB) =  0.000000000000
<DFT>  Mixing_weight= 0.040000000000
<DFT>  Uele   =  -42.211596742829  dUele     =   0.000001683251
<DFT>  NormRD =    0.000003278454  Criterion =   0.000000100000

******************* MD=10  SCF= 5 *******************
<Poisson>  Poisson's equation using FFT...
<Set_Hamiltonian>  Hamiltonian matrix for VNA+dVH+Vxc...
<Band>  Solving the eigenvalue problem...
 KGrids1:  -0.45833  -0.37500  -0.29167  -0.20833  -0.12500  -0.04167   0.04167   0.12500   0.20833   0.29167   0.37500   0.45833 
 KGrids2:  -0.45833  -0.37500  -0.29167  -0.20833  -0.12500  -0.04167   0.04167   0.12500   0.20833   0.29167   0.37500   0.45833 
 KGrids3:  -0.47500  -0.42500  -0.37500  -0.32500  -0.27500  -0.22500  -0.17500  -0.12500  -0.07500  -0.02500   0.02500   0.07500   0.12500   0.17500   0.22500   0.27500   0.32500   0.37500   0.42500   0.47500 
<Band_DFT>  Eigen, time=0.801973
<Band_DFT>  DM, time=1.749000
    1   Sn  MulP   6.9999  6.9999 sum  13.9997
    2   Sn  MulP   7.0004  7.0004 sum  14.0008
    3   Sn  MulP   6.9999  6.9999 sum  13.9997
    4   Sn  MulP   6.9999  6.9999 sum  13.9997
 Sum of MulP: up   =    28.00000 down          =    28.00000
              total=    56.00000 ideal(neutral)=    56.00000
<DFT>  Total Spin Moment (muB) =  0.000000000000
<DFT>  Mixing_weight= 0.040000000000
<DFT>  Uele   =  -42.211596635667  dUele     =   0.000000107162
<DFT>  NormRD =    0.000002933846  Criterion =   0.000000100000

******************* MD=10  SCF= 6 *******************
<Poisson>  Poisson's equation using FFT...
<Set_Hamiltonian>  Hamiltonian matrix for VNA+dVH+Vxc...
<Band>  Solving the eigenvalue problem...
 KGrids1:  -0.45833  -0.37500  -0.29167  -0.20833  -0.12500  -0.04167   0.04167   0.12500   0.20833   0.29167   0.37500   0.45833 
 KGrids2:  -0.45833  -0.37500  -0.29167  -0.20833  -0.12500  -0.04167   0.04167   0.12500   0.20833   0.29167   0.37500   0.45833 
 KGrids3:  -0.47500  -0.42500  -0.37500  -0.32500  -0.27500  -0.22500  -0.17500  -0.12500  -0.07500  -0.02500   0.02500   0.07500   0.12500   0.17500   0.22500   0.27500   0.32500   0.37500   0.42500   0.47500 
<Band_DFT>  Eigen, time=0.744238
<Band_DFT>  DM, time=1.791533
    1   Sn  MulP   6.9999  6.9999 sum  13.9997
    2   Sn  MulP   7.0004  7.0004 sum  14.0008
    3   Sn  MulP   6.9999  6.9999 sum  13.9997
    4   Sn  MulP   6.9999  6.9999 sum  13.9997
 Sum of MulP: up   =    28.00000 down          =    28.00000
              total=    56.00000 ideal(neutral)=    56.00000
<DFT>  Total Spin Moment (muB) =  0.000000000000
<DFT>  Mixing_weight= 0.040000000000
<DFT>  Uele   =  -42.211596632609  dUele     =   0.000000003058
<DFT>  NormRD =    0.000001015249  Criterion =   0.000000100000
<MD=10>  Force calculation
  Force calculation #1
  Force calculation #2
  Force calculation #3
  Force calculation #4
  Force calculation #5
  Stress calculation #1
  Stress calculation #2
  Stress calculation #3
  Stress calculation #4
  Stress calculation #5
<MD=10>  Total Energy
  Force calculation #6
  Force calculation #7

*******************************************************
                  Dipole moment (Debye)                 
*******************************************************

 Absolute D      520.58792801

                      Dx                Dy                Dz
 Total           -361.95570039     -362.13863208      -94.10352223
 Core             402.29357641      401.43889503      325.54378216
 Electron        -764.24927680     -763.57752711     -419.64730439
 Back ground       -0.00000000       -0.00000000       -0.00000000

*******************************************************
               Stress tensor (Hartree/bohr^3)            
*******************************************************

      -0.00000145        0.00000000        0.00000299 
       0.00000000       -0.00000037       -0.00000000 
       0.00000299       -0.00000000        0.00000097 

*******************************************************
                Total Energy (Hartree) at MD =10        
*******************************************************

  Uele  =     -42.211596632609

  Ukin  =     203.438610611441
  UH0   =   -2703.962340503893
  UH1   =       0.004898110762
  Una   =    -149.421009679366
  Unl   =     -47.913267810036
  Uxc0  =     -25.237146135064
  Uxc1  =     -25.237146135064
  Ucore =    2464.170081281453
  Uhub  =       0.000000000000
  Ucs   =       0.000000000000
  Uzs   =       0.000000000000
  Uzo   =       0.000000000000
  Uef   =       0.000000000000
  UvdW  =       0.000000000000
  Uch   =       0.000000000000
  Utot  =    -284.157320259767

  UpV   =       0.000000000000
  Enpy  =    -284.157320259767
  Note:

  Uele:   band energy
  Ukin:   kinetic energy
  UH0:    electric part of screened Coulomb energy
  UH1:    difference electron-electron Coulomb energy
  Una:    neutral atom potential energy
  Unl:    non-local potential energy
  Uxc0:   exchange-correlation energy for alpha spin
  Uxc1:   exchange-correlation energy for beta spin
  Ucore:  core-core Coulomb energy
  Uhub:   LDA+U energy
  Ucs:    constraint energy for spin orientation
  Uzs:    Zeeman term for spin magnetic moment
  Uzo:    Zeeman term for orbital magnetic moment
  Uef:    electric energy by electric field
  UvdW:   semi-empirical vdW energy 
  Uch:    penalty term to create a core hole
  UpV:    pressure times volume
  Enpy:   Enthalpy = Utot + UpV
  (see also PRB 72, 045121(2005) for the energy contributions)


*******************************************************
           Computational times (s) at MD =10            
*******************************************************

  DFT in total      =   26.20814

  Set_OLP_Kin       =    0.69919
  Set_Nonlocal      =    0.93466
  Set_ProExpn_VNA   =    2.46140
  Set_Hamiltonian   =    1.37260
  Poisson           =    0.00105
  diagonalization   =   16.11629
  Mixing_DM         =    0.00463
  Force             =    1.79543
  Total_Energy      =    0.40551
  Set_Aden_Grid     =    0.00705
  Set_Orbitals_Grid =    0.09952
  Set_Density_Grid  =    0.51104
  RestartFileDFT    =    0.00327
  Mulliken_Charge   =    0.00119
  FFT(2D)_Density   =    0.00177

The SCF was achieved at MD=  10

*******************************************************
             MD or geometry opt. at MD =10              
*******************************************************

<BFGS>  |Maximum force| (Hartree/Bohr) = 0.000407142765
<BFGS>  Criterion       (Hartree/Bohr) = 0.000100000000

     atom=   1, XYZ(ang) Fxyz(a.u.)=  -0.0010    0.0000   -0.0002    -0.0002    0.0000   -0.0000
     atom=   2, XYZ(ang) Fxyz(a.u.)=   2.9874    2.9849    1.6147    -0.0002   -0.0000    0.0002
     atom=   3, XYZ(ang) Fxyz(a.u.)=   0.0044    2.9849    0.8265    -0.0001   -0.0000   -0.0003
     atom=   4, XYZ(ang) Fxyz(a.u.)=   2.9918    0.0000    2.4001    -0.0001   -0.0000    0.0004

*******************************************************
        Analysis of neighbors and setting of grids        
*******************************************************


*******************************************************
  Allocation of atoms to processors at MD_iter=   11     
*******************************************************

 proc =   0  # of atoms=   1  estimated weight=         1.00000
 proc =   1  # of atoms=   1  estimated weight=         1.00000
 proc =   2  # of atoms=   1  estimated weight=         1.00000
 proc =   3  # of atoms=   1  estimated weight=         1.00000
 proc =   4  # of atoms=   0  estimated weight=         0.00000
 proc =   5  # of atoms=   0  estimated weight=         0.00000
 proc =   6  # of atoms=   0  estimated weight=         0.00000
 proc =   7  # of atoms=   0  estimated weight=         0.00000
 proc =   8  # of atoms=   0  estimated weight=         0.00000
 proc =   9  # of atoms=   0  estimated weight=         0.00000
 proc =  10  # of atoms=   0  estimated weight=         0.00000
 proc =  11  # of atoms=   0  estimated weight=         0.00000
 proc =  12  # of atoms=   0  estimated weight=         0.00000
 proc =  13  # of atoms=   0  estimated weight=         0.00000
 proc =  14  # of atoms=   0  estimated weight=         0.00000
 proc =  15  # of atoms=   0  estimated weight=         0.00000



TFNAN=     256   Average FNAN=  64.00000
TSNAN=       0   Average SNAN=   0.00000
<truncation> CpyCell= 3 ct_AN=   1 FNAN SNAN  64   0
<truncation> CpyCell= 3 ct_AN=   2 FNAN SNAN  64   0
<truncation> CpyCell= 3 ct_AN=   3 FNAN SNAN  64   0
<truncation> CpyCell= 3 ct_AN=   4 FNAN SNAN  64   0
<UCell_Box> Info. of cutoff energy and num. of grids
lattice vectors (bohr)
A  = 11.281295655248,  0.000000000000,  0.028203239138
B  =  0.000000000000, 11.281295655248,  0.000000000000
C  =  0.015204829790,  0.000000000000,  6.081931916162
reciprocal lattice vectors (bohr^-1)
RA =  0.556959481370,  0.000000000000, -0.001392398703
RB =  0.000000000000,  0.556956000374,  0.000000000000
RC = -0.002582742073,  0.000000000000,  1.033096829091
Required cutoff energy (Ryd) for 3D-grids = 200.0000
    Used cutoff energy (Ryd) for 3D-grids = 193.8786, 193.8750, 194.5146
Num. of grids of a-, b-, and c-axes = 50, 50, 27
Cell_Volume =    774.028233187484 (Bohr^3)
GridVol     =      0.011467084936 (Bohr^3)
Cell vectors (bohr) of the grid cell (gtv)
  gtv_a =  0.225625913105,  0.000000000000,  0.000564064783
  gtv_b =  0.000000000000,  0.225625913105,  0.000000000000
  gtv_c =  0.000563141844,  0.000000000000,  0.225256737636
  |gtv_a| =  0.225626618185
  |gtv_b| =  0.225625913105
  |gtv_c| =  0.225257441562
Num. of grids overlapping with atom    1 = 125064
Num. of grids overlapping with atom    2 = 125309
Num. of grids overlapping with atom    3 = 125088
Num. of grids overlapping with atom    4 = 125129

*******************************************************
             SCF calculation at MD =11                
*******************************************************

<MD=11>  Calculation of the overlap matrix
<MD=11>  Calculation of the nonlocal matrix
<MD=11>  Calculation of the VNA projector matrix

******************* MD=11  SCF= 1 *******************
<Restart>  Found restart files
<Poisson>  Poisson's equation using FFT...
<Band>  Solving the eigenvalue problem...
 KGrids1:  -0.45833  -0.37500  -0.29167  -0.20833  -0.12500  -0.04167   0.04167   0.12500   0.20833   0.29167   0.37500   0.45833 
 KGrids2:  -0.45833  -0.37500  -0.29167  -0.20833  -0.12500  -0.04167   0.04167   0.12500   0.20833   0.29167   0.37500   0.45833 
 KGrids3:  -0.47500  -0.42500  -0.37500  -0.32500  -0.27500  -0.22500  -0.17500  -0.12500  -0.07500  -0.02500   0.02500   0.07500   0.12500   0.17500   0.22500   0.27500   0.32500   0.37500   0.42500   0.47500 
<Band_DFT>  Eigen, time=0.744191
<Band_DFT>  DM, time=2.041467
    1   Sn  MulP   6.9999  6.9999 sum  13.9997
    2   Sn  MulP   7.0004  7.0004 sum  14.0008
    3   Sn  MulP   6.9999  6.9999 sum  13.9997
    4   Sn  MulP   6.9999  6.9999 sum  13.9997
 Sum of MulP: up   =    28.00000 down          =    28.00000
              total=    56.00000 ideal(neutral)=    56.00000
<DFT>  Total Spin Moment (muB) =  0.000000000000
<DFT>  Mixing_weight= 0.400000000000
<DFT>  Uele   =  -42.211585704721  dUele     =   1.000000000000
<DFT>  NormRD =    1.000000000000  Criterion =   0.000000100000

******************* MD=11  SCF= 2 *******************
<Poisson>  Poisson's equation using FFT...
<Set_Hamiltonian>  Hamiltonian matrix for VNA+dVH+Vxc...
<Band>  Solving the eigenvalue problem...
 KGrids1:  -0.45833  -0.37500  -0.29167  -0.20833  -0.12500  -0.04167   0.04167   0.12500   0.20833   0.29167   0.37500   0.45833 
 KGrids2:  -0.45833  -0.37500  -0.29167  -0.20833  -0.12500  -0.04167   0.04167   0.12500   0.20833   0.29167   0.37500   0.45833 
 KGrids3:  -0.47500  -0.42500  -0.37500  -0.32500  -0.27500  -0.22500  -0.17500  -0.12500  -0.07500  -0.02500   0.02500   0.07500   0.12500   0.17500   0.22500   0.27500   0.32500   0.37500   0.42500   0.47500 
<Band_DFT>  Eigen, time=0.740194
<Band_DFT>  DM, time=2.018325
    1   Sn  MulP   6.9999  6.9999 sum  13.9997
    2   Sn  MulP   7.0004  7.0004 sum  14.0008
    3   Sn  MulP   6.9999  6.9999 sum  13.9997
    4   Sn  MulP   6.9999  6.9999 sum  13.9997
 Sum of MulP: up   =    28.00000 down          =    28.00000
              total=    56.00000 ideal(neutral)=    56.00000
<DFT>  Total Spin Moment (muB) =  0.000000000000
<DFT>  Mixing_weight= 0.400000000000
<DFT>  Uele   =  -42.211590661327  dUele     =   0.000004956606
<DFT>  NormRD =    0.000032262004  Criterion =   0.000000100000

******************* MD=11  SCF= 3 *******************
<Poisson>  Poisson's equation using FFT...
<Set_Hamiltonian>  Hamiltonian matrix for VNA+dVH+Vxc...
<Band>  Solving the eigenvalue problem...
 KGrids1:  -0.45833  -0.37500  -0.29167  -0.20833  -0.12500  -0.04167   0.04167   0.12500   0.20833   0.29167   0.37500   0.45833 
 KGrids2:  -0.45833  -0.37500  -0.29167  -0.20833  -0.12500  -0.04167   0.04167   0.12500   0.20833   0.29167   0.37500   0.45833 
 KGrids3:  -0.47500  -0.42500  -0.37500  -0.32500  -0.27500  -0.22500  -0.17500  -0.12500  -0.07500  -0.02500   0.02500   0.07500   0.12500   0.17500   0.22500   0.27500   0.32500   0.37500   0.42500   0.47500 
<Band_DFT>  Eigen, time=0.737243
<Band_DFT>  DM, time=2.040437
    1   Sn  MulP   6.9999  6.9999 sum  13.9997
    2   Sn  MulP   7.0004  7.0004 sum  14.0008
    3   Sn  MulP   6.9999  6.9999 sum  13.9997
    4   Sn  MulP   6.9999  6.9999 sum  13.9997
 Sum of MulP: up   =    28.00000 down          =    28.00000
              total=    56.00000 ideal(neutral)=    56.00000
<DFT>  Total Spin Moment (muB) =  0.000000000000
<DFT>  Mixing_weight= 0.040000000000
<DFT>  Uele   =  -42.211593657239  dUele     =   0.000002995912
<DFT>  NormRD =    0.000020447622  Criterion =   0.000000100000

******************* MD=11  SCF= 4 *******************
<Poisson>  Poisson's equation using FFT...
<Set_Hamiltonian>  Hamiltonian matrix for VNA+dVH+Vxc...
<Band>  Solving the eigenvalue problem...
 KGrids1:  -0.45833  -0.37500  -0.29167  -0.20833  -0.12500  -0.04167   0.04167   0.12500   0.20833   0.29167   0.37500   0.45833 
 KGrids2:  -0.45833  -0.37500  -0.29167  -0.20833  -0.12500  -0.04167   0.04167   0.12500   0.20833   0.29167   0.37500   0.45833 
 KGrids3:  -0.47500  -0.42500  -0.37500  -0.32500  -0.27500  -0.22500  -0.17500  -0.12500  -0.07500  -0.02500   0.02500   0.07500   0.12500   0.17500   0.22500   0.27500   0.32500   0.37500   0.42500   0.47500 
<Band_DFT>  Eigen, time=0.534920
<Band_DFT>  DM, time=1.393087
    1   Sn  MulP   6.9999  6.9999 sum  13.9997
    2   Sn  MulP   7.0004  7.0004 sum  14.0008
    3   Sn  MulP   6.9999  6.9999 sum  13.9997
    4   Sn  MulP   6.9999  6.9999 sum  13.9997
 Sum of MulP: up   =    28.00000 down          =    28.00000
              total=    56.00000 ideal(neutral)=    56.00000
<DFT>  Total Spin Moment (muB) =  0.000000000000
<DFT>  Mixing_weight= 0.040000000000
<DFT>  Uele   =  -42.211598419571  dUele     =   0.000004762332
<DFT>  NormRD =    0.000000766860  Criterion =   0.000000100000

******************* MD=11  SCF= 5 *******************
<Poisson>  Poisson's equation using FFT...
<Set_Hamiltonian>  Hamiltonian matrix for VNA+dVH+Vxc...
<Band>  Solving the eigenvalue problem...
 KGrids1:  -0.45833  -0.37500  -0.29167  -0.20833  -0.12500  -0.04167   0.04167   0.12500   0.20833   0.29167   0.37500   0.45833 
 KGrids2:  -0.45833  -0.37500  -0.29167  -0.20833  -0.12500  -0.04167   0.04167   0.12500   0.20833   0.29167   0.37500   0.45833 
 KGrids3:  -0.47500  -0.42500  -0.37500  -0.32500  -0.27500  -0.22500  -0.17500  -0.12500  -0.07500  -0.02500   0.02500   0.07500   0.12500   0.17500   0.22500   0.27500   0.32500   0.37500   0.42500   0.47500 
<Band_DFT>  Eigen, time=0.514194
<Band_DFT>  DM, time=1.786199
    1   Sn  MulP   6.9999  6.9999 sum  13.9997
    2   Sn  MulP   7.0004  7.0004 sum  14.0008
    3   Sn  MulP   6.9999  6.9999 sum  13.9997
    4   Sn  MulP   6.9999  6.9999 sum  13.9997
 Sum of MulP: up   =    28.00000 down          =    28.00000
              total=    56.00000 ideal(neutral)=    56.00000
<DFT>  Total Spin Moment (muB) =  0.000000000000
<DFT>  Mixing_weight= 0.040000000000
<DFT>  Uele   =  -42.211598051153  dUele     =   0.000000368418
<DFT>  NormRD =    0.000000889499  Criterion =   0.000000100000

******************* MD=11  SCF= 6 *******************
<Poisson>  Poisson's equation using FFT...
<Set_Hamiltonian>  Hamiltonian matrix for VNA+dVH+Vxc...
<Band>  Solving the eigenvalue problem...
 KGrids1:  -0.45833  -0.37500  -0.29167  -0.20833  -0.12500  -0.04167   0.04167   0.12500   0.20833   0.29167   0.37500   0.45833 
 KGrids2:  -0.45833  -0.37500  -0.29167  -0.20833  -0.12500  -0.04167   0.04167   0.12500   0.20833   0.29167   0.37500   0.45833 
 KGrids3:  -0.47500  -0.42500  -0.37500  -0.32500  -0.27500  -0.22500  -0.17500  -0.12500  -0.07500  -0.02500   0.02500   0.07500   0.12500   0.17500   0.22500   0.27500   0.32500   0.37500   0.42500   0.47500 
<Band_DFT>  Eigen, time=0.654923
<Band_DFT>  DM, time=2.041823
    1   Sn  MulP   6.9999  6.9999 sum  13.9997
    2   Sn  MulP   7.0004  7.0004 sum  14.0008
    3   Sn  MulP   6.9999  6.9999 sum  13.9997
    4   Sn  MulP   6.9999  6.9999 sum  13.9997
 Sum of MulP: up   =    28.00000 down          =    28.00000
              total=    56.00000 ideal(neutral)=    56.00000
<DFT>  Total Spin Moment (muB) =  0.000000000000
<DFT>  Mixing_weight= 0.040000000000
<DFT>  Uele   =  -42.211598061981  dUele     =   0.000000010828
<DFT>  NormRD =    0.000000423728  Criterion =   0.000000100000
<MD=11>  Force calculation
  Force calculation #1
  Force calculation #2
  Force calculation #3
  Force calculation #4
  Force calculation #5
  Stress calculation #1
  Stress calculation #2
  Stress calculation #3
  Stress calculation #4
  Stress calculation #5
<MD=11>  Total Energy
  Force calculation #6
  Force calculation #7

*******************************************************
                  Dipole moment (Debye)                 
*******************************************************

 Absolute D      520.57415391

                      Dx                Dy                Dz
 Total           -361.93662270     -362.13863850      -94.10067680
 Core             402.30004889      401.43889609      325.54270251
 Electron        -764.23667159     -763.57753458     -419.64337931
 Back ground       -0.00000000       -0.00000000       -0.00000000

*******************************************************
               Stress tensor (Hartree/bohr^3)            
*******************************************************

      -0.00000141        0.00000000        0.00000299 
       0.00000000       -0.00000035       -0.00000000 
       0.00000299       -0.00000000        0.00000094 

*******************************************************
                Total Energy (Hartree) at MD =11        
*******************************************************

  Uele  =     -42.211598061981

  Ukin  =     203.438604798771
  UH0   =   -2703.962442384229
  UH1   =       0.004898122412
  Una   =    -149.421006882058
  Unl   =     -47.913265377773
  Uxc0  =     -25.237145794005
  Uxc1  =     -25.237145794005
  Ucore =    2464.170183165417
  Uhub  =       0.000000000000
  Ucs   =       0.000000000000
  Uzs   =       0.000000000000
  Uzo   =       0.000000000000
  Uef   =       0.000000000000
  UvdW  =       0.000000000000
  Uch   =       0.000000000000
  Utot  =    -284.157320145469

  UpV   =       0.000000000000
  Enpy  =    -284.157320145469
  Note:

  Uele:   band energy
  Ukin:   kinetic energy
  UH0:    electric part of screened Coulomb energy
  UH1:    difference electron-electron Coulomb energy
  Una:    neutral atom potential energy
  Unl:    non-local potential energy
  Uxc0:   exchange-correlation energy for alpha spin
  Uxc1:   exchange-correlation energy for beta spin
  Ucore:  core-core Coulomb energy
  Uhub:   LDA+U energy
  Ucs:    constraint energy for spin orientation
  Uzs:    Zeeman term for spin magnetic moment
  Uzo:    Zeeman term for orbital magnetic moment
  Uef:    electric energy by electric field
  UvdW:   semi-empirical vdW energy 
  Uch:    penalty term to create a core hole
  UpV:    pressure times volume
  Enpy:   Enthalpy = Utot + UpV
  (see also PRB 72, 045121(2005) for the energy contributions)


*******************************************************
           Computational times (s) at MD =11            
*******************************************************

  DFT in total      =   26.66198

  Set_OLP_Kin       =    0.70216
  Set_Nonlocal      =    1.32779
  Set_ProExpn_VNA   =    2.64987
  Set_Hamiltonian   =    1.25849
  Poisson           =    0.00092
  diagonalization   =   15.59372
  Mixing_DM         =    0.00455
  Force             =    2.44287
  Total_Energy      =    0.40852
  Set_Aden_Grid     =    0.00729
  Set_Orbitals_Grid =    0.09842
  Set_Density_Grid  =    0.49185
  RestartFileDFT    =    0.00397
  Mulliken_Charge   =    0.00100
  FFT(2D)_Density   =    0.00168

The SCF was achieved at MD=  11

*******************************************************
             MD or geometry opt. at MD =11              
*******************************************************

<BFGS>  |Maximum force| (Hartree/Bohr) = 0.000384433975
<BFGS>  Criterion       (Hartree/Bohr) = 0.000100000000

     atom=   1, XYZ(ang) Fxyz(a.u.)=  -0.0011    0.0000   -0.0002    -0.0002    0.0000   -0.0000
     atom=   2, XYZ(ang) Fxyz(a.u.)=   2.9874    2.9849    1.6150    -0.0002   -0.0000    0.0002
     atom=   3, XYZ(ang) Fxyz(a.u.)=   0.0042    2.9849    0.8245    -0.0001   -0.0000   -0.0003
     atom=   4, XYZ(ang) Fxyz(a.u.)=   2.9918    0.0000    2.4021    -0.0001   -0.0000    0.0004

*******************************************************
        Analysis of neighbors and setting of grids        
*******************************************************


*******************************************************
  Allocation of atoms to processors at MD_iter=   12     
*******************************************************

 proc =   0  # of atoms=   1  estimated weight=         1.00000
 proc =   1  # of atoms=   1  estimated weight=         1.00000
 proc =   2  # of atoms=   1  estimated weight=         1.00000
 proc =   3  # of atoms=   1  estimated weight=         1.00000
 proc =   4  # of atoms=   0  estimated weight=         0.00000
 proc =   5  # of atoms=   0  estimated weight=         0.00000
 proc =   6  # of atoms=   0  estimated weight=         0.00000
 proc =   7  # of atoms=   0  estimated weight=         0.00000
 proc =   8  # of atoms=   0  estimated weight=         0.00000
 proc =   9  # of atoms=   0  estimated weight=         0.00000
 proc =  10  # of atoms=   0  estimated weight=         0.00000
 proc =  11  # of atoms=   0  estimated weight=         0.00000
 proc =  12  # of atoms=   0  estimated weight=         0.00000
 proc =  13  # of atoms=   0  estimated weight=         0.00000
 proc =  14  # of atoms=   0  estimated weight=         0.00000
 proc =  15  # of atoms=   0  estimated weight=         0.00000



TFNAN=     256   Average FNAN=  64.00000
TSNAN=       0   Average SNAN=   0.00000
<truncation> CpyCell= 3 ct_AN=   1 FNAN SNAN  64   0
<truncation> CpyCell= 3 ct_AN=   2 FNAN SNAN  64   0
<truncation> CpyCell= 3 ct_AN=   3 FNAN SNAN  64   0
<truncation> CpyCell= 3 ct_AN=   4 FNAN SNAN  64   0
<UCell_Box> Info. of cutoff energy and num. of grids
lattice vectors (bohr)
A  = 11.281295655248,  0.000000000000,  0.028203239138
B  =  0.000000000000, 11.281295655248,  0.000000000000
C  =  0.015204829790,  0.000000000000,  6.081931916162
reciprocal lattice vectors (bohr^-1)
RA =  0.556959481370,  0.000000000000, -0.001392398703
RB =  0.000000000000,  0.556956000374,  0.000000000000
RC = -0.002582742073,  0.000000000000,  1.033096829091
Required cutoff energy (Ryd) for 3D-grids = 200.0000
    Used cutoff energy (Ryd) for 3D-grids = 193.8786, 193.8750, 194.5146
Num. of grids of a-, b-, and c-axes = 50, 50, 27
Cell_Volume =    774.028233187484 (Bohr^3)
GridVol     =      0.011467084936 (Bohr^3)
Cell vectors (bohr) of the grid cell (gtv)
  gtv_a =  0.225625913105,  0.000000000000,  0.000564064783
  gtv_b =  0.000000000000,  0.225625913105,  0.000000000000
  gtv_c =  0.000563141844,  0.000000000000,  0.225256737636
  |gtv_a| =  0.225626618185
  |gtv_b| =  0.225625913105
  |gtv_c| =  0.225257441562
Num. of grids overlapping with atom    1 = 125060
Num. of grids overlapping with atom    2 = 125305
Num. of grids overlapping with atom    3 = 125126
Num. of grids overlapping with atom    4 = 125152

*******************************************************
             SCF calculation at MD =12                
*******************************************************

<MD=12>  Calculation of the overlap matrix
<MD=12>  Calculation of the nonlocal matrix
<MD=12>  Calculation of the VNA projector matrix

******************* MD=12  SCF= 1 *******************
<Restart>  Found restart files
<Poisson>  Poisson's equation using FFT...
<Band>  Solving the eigenvalue problem...
 KGrids1:  -0.45833  -0.37500  -0.29167  -0.20833  -0.12500  -0.04167   0.04167   0.12500   0.20833   0.29167   0.37500   0.45833 
 KGrids2:  -0.45833  -0.37500  -0.29167  -0.20833  -0.12500  -0.04167   0.04167   0.12500   0.20833   0.29167   0.37500   0.45833 
 KGrids3:  -0.47500  -0.42500  -0.37500  -0.32500  -0.27500  -0.22500  -0.17500  -0.12500  -0.07500  -0.02500   0.02500   0.07500   0.12500   0.17500   0.22500   0.27500   0.32500   0.37500   0.42500   0.47500 
<Band_DFT>  Eigen, time=0.686040
<Band_DFT>  DM, time=1.811294
    1   Sn  MulP   6.9999  6.9999 sum  13.9998
    2   Sn  MulP   7.0004  7.0004 sum  14.0007
    3   Sn  MulP   6.9999  6.9999 sum  13.9997
    4   Sn  MulP   6.9999  6.9999 sum  13.9997
 Sum of MulP: up   =    28.00000 down          =    28.00000
              total=    56.00000 ideal(neutral)=    56.00000
<DFT>  Total Spin Moment (muB) =  0.000000000000
<DFT>  Mixing_weight= 0.400000000000
<DFT>  Uele   =  -42.211610030300  dUele     =   1.000000000000
<DFT>  NormRD =    1.000000000000  Criterion =   0.000000100000

******************* MD=12  SCF= 2 *******************
<Poisson>  Poisson's equation using FFT...
<Set_Hamiltonian>  Hamiltonian matrix for VNA+dVH+Vxc...
<Band>  Solving the eigenvalue problem...
 KGrids1:  -0.45833  -0.37500  -0.29167  -0.20833  -0.12500  -0.04167   0.04167   0.12500   0.20833   0.29167   0.37500   0.45833 
 KGrids2:  -0.45833  -0.37500  -0.29167  -0.20833  -0.12500  -0.04167   0.04167   0.12500   0.20833   0.29167   0.37500   0.45833 
 KGrids3:  -0.47500  -0.42500  -0.37500  -0.32500  -0.27500  -0.22500  -0.17500  -0.12500  -0.07500  -0.02500   0.02500   0.07500   0.12500   0.17500   0.22500   0.27500   0.32500   0.37500   0.42500   0.47500 
<Band_DFT>  Eigen, time=0.741263
<Band_DFT>  DM, time=2.039423
    1   Sn  MulP   6.9999  6.9999 sum  13.9998
    2   Sn  MulP   7.0004  7.0004 sum  14.0007
    3   Sn  MulP   6.9999  6.9999 sum  13.9997
    4   Sn  MulP   6.9999  6.9999 sum  13.9997
 Sum of MulP: up   =    28.00000 down          =    28.00000
              total=    56.00000 ideal(neutral)=    56.00000
<DFT>  Total Spin Moment (muB) =  0.000000000000
<DFT>  Mixing_weight= 0.400000000000
<DFT>  Uele   =  -42.211611985430  dUele     =   0.000001955130
<DFT>  NormRD =    0.000039167029  Criterion =   0.000000100000

******************* MD=12  SCF= 3 *******************
<Poisson>  Poisson's equation using FFT...
<Set_Hamiltonian>  Hamiltonian matrix for VNA+dVH+Vxc...
<Band>  Solving the eigenvalue problem...
 KGrids1:  -0.45833  -0.37500  -0.29167  -0.20833  -0.12500  -0.04167   0.04167   0.12500   0.20833   0.29167   0.37500   0.45833 
 KGrids2:  -0.45833  -0.37500  -0.29167  -0.20833  -0.12500  -0.04167   0.04167   0.12500   0.20833   0.29167   0.37500   0.45833 
 KGrids3:  -0.47500  -0.42500  -0.37500  -0.32500  -0.27500  -0.22500  -0.17500  -0.12500  -0.07500  -0.02500   0.02500   0.07500   0.12500   0.17500   0.22500   0.27500   0.32500   0.37500   0.42500   0.47500 
<Band_DFT>  Eigen, time=0.742436
<Band_DFT>  DM, time=2.041745
    1   Sn  MulP   6.9999  6.9999 sum  13.9998
    2   Sn  MulP   7.0004  7.0004 sum  14.0007
    3   Sn  MulP   6.9999  6.9999 sum  13.9997
    4   Sn  MulP   6.9999  6.9999 sum  13.9997
 Sum of MulP: up   =    28.00000 down          =    28.00000
              total=    56.00000 ideal(neutral)=    56.00000
<DFT>  Total Spin Moment (muB) =  0.000000000000
<DFT>  Mixing_weight= 0.040000000000
<DFT>  Uele   =  -42.211613271498  dUele     =   0.000001286068
<DFT>  NormRD =    0.000026230514  Criterion =   0.000000100000

******************* MD=12  SCF= 4 *******************
<Poisson>  Poisson's equation using FFT...
<Set_Hamiltonian>  Hamiltonian matrix for VNA+dVH+Vxc...
<Band>  Solving the eigenvalue problem...
 KGrids1:  -0.45833  -0.37500  -0.29167  -0.20833  -0.12500  -0.04167   0.04167   0.12500   0.20833   0.29167   0.37500   0.45833 
 KGrids2:  -0.45833  -0.37500  -0.29167  -0.20833  -0.12500  -0.04167   0.04167   0.12500   0.20833   0.29167   0.37500   0.45833 
 KGrids3:  -0.47500  -0.42500  -0.37500  -0.32500  -0.27500  -0.22500  -0.17500  -0.12500  -0.07500  -0.02500   0.02500   0.07500   0.12500   0.17500   0.22500   0.27500   0.32500   0.37500   0.42500   0.47500 
<Band_DFT>  Eigen, time=0.743090
<Band_DFT>  DM, time=2.039095
    1   Sn  MulP   6.9999  6.9999 sum  13.9998
    2   Sn  MulP   7.0004  7.0004 sum  14.0007
    3   Sn  MulP   6.9999  6.9999 sum  13.9997
    4   Sn  MulP   6.9999  6.9999 sum  13.9997
 Sum of MulP: up   =    28.00000 down          =    28.00000
              total=    56.00000 ideal(neutral)=    56.00000
<DFT>  Total Spin Moment (muB) =  0.000000000000
<DFT>  Mixing_weight= 0.040000000000
<DFT>  Uele   =  -42.211616419156  dUele     =   0.000003147657
<DFT>  NormRD =    0.000003662558  Criterion =   0.000000100000

******************* MD=12  SCF= 5 *******************
<Poisson>  Poisson's equation using FFT...
<Set_Hamiltonian>  Hamiltonian matrix for VNA+dVH+Vxc...
<Band>  Solving the eigenvalue problem...
 KGrids1:  -0.45833  -0.37500  -0.29167  -0.20833  -0.12500  -0.04167   0.04167   0.12500   0.20833   0.29167   0.37500   0.45833 
 KGrids2:  -0.45833  -0.37500  -0.29167  -0.20833  -0.12500  -0.04167   0.04167   0.12500   0.20833   0.29167   0.37500   0.45833 
 KGrids3:  -0.47500  -0.42500  -0.37500  -0.32500  -0.27500  -0.22500  -0.17500  -0.12500  -0.07500  -0.02500   0.02500   0.07500   0.12500   0.17500   0.22500   0.27500   0.32500   0.37500   0.42500   0.47500 
<Band_DFT>  Eigen, time=0.744386
<Band_DFT>  DM, time=2.041086
    1   Sn  MulP   6.9999  6.9999 sum  13.9998
    2   Sn  MulP   7.0004  7.0004 sum  14.0007
    3   Sn  MulP   6.9999  6.9999 sum  13.9997
    4   Sn  MulP   6.9999  6.9999 sum  13.9997
 Sum of MulP: up   =    28.00000 down          =    28.00000
              total=    56.00000 ideal(neutral)=    56.00000
<DFT>  Total Spin Moment (muB) =  0.000000000000
<DFT>  Mixing_weight= 0.040000000000
<DFT>  Uele   =  -42.211615927927  dUele     =   0.000000491229
<DFT>  NormRD =    0.000003272509  Criterion =   0.000000100000

******************* MD=12  SCF= 6 *******************
<Poisson>  Poisson's equation using FFT...
<Set_Hamiltonian>  Hamiltonian matrix for VNA+dVH+Vxc...
<Band>  Solving the eigenvalue problem...
 KGrids1:  -0.45833  -0.37500  -0.29167  -0.20833  -0.12500  -0.04167   0.04167   0.12500   0.20833   0.29167   0.37500   0.45833 
 KGrids2:  -0.45833  -0.37500  -0.29167  -0.20833  -0.12500  -0.04167   0.04167   0.12500   0.20833   0.29167   0.37500   0.45833 
 KGrids3:  -0.47500  -0.42500  -0.37500  -0.32500  -0.27500  -0.22500  -0.17500  -0.12500  -0.07500  -0.02500   0.02500   0.07500   0.12500   0.17500   0.22500   0.27500   0.32500   0.37500   0.42500   0.47500 
<Band_DFT>  Eigen, time=0.739450
<Band_DFT>  DM, time=2.039148
    1   Sn  MulP   6.9999  6.9999 sum  13.9998
    2   Sn  MulP   7.0004  7.0004 sum  14.0007
    3   Sn  MulP   6.9999  6.9999 sum  13.9997
    4   Sn  MulP   6.9999  6.9999 sum  13.9997
 Sum of MulP: up   =    28.00000 down          =    28.00000
              total=    56.00000 ideal(neutral)=    56.00000
<DFT>  Total Spin Moment (muB) =  0.000000000000
<DFT>  Mixing_weight= 0.040000000000
<DFT>  Uele   =  -42.211615914137  dUele     =   0.000000013789
<DFT>  NormRD =    0.000000564735  Criterion =   0.000000100000
<MD=12>  Force calculation
  Force calculation #1
  Force calculation #2
  Force calculation #3
  Force calculation #4
  Force calculation #5
  Stress calculation #1
  Stress calculation #2
  Stress calculation #3
  Stress calculation #4
  Stress calculation #5
<MD=12>  Total Energy
  Force calculation #6
  Force calculation #7

*******************************************************
                  Dipole moment (Debye)                 
*******************************************************

 Absolute D      520.64297510

                      Dx                Dy                Dz
 Total           -362.04112101     -362.13860620      -94.07956272
 Core             402.27692482      401.43889503      325.55955338
 Electron        -764.31804583     -763.57750123     -419.63911610
 Back ground       -0.00000000       -0.00000000       -0.00000000

*******************************************************
               Stress tensor (Hartree/bohr^3)            
*******************************************************

      -0.00000113        0.00000000        0.00000291 
       0.00000000        0.00000001        0.00000000 
       0.00000291        0.00000000        0.00000077 

*******************************************************
                Total Energy (Hartree) at MD =12        
*******************************************************

  Uele  =     -42.211615914137

  Ukin  =     203.438515941977
  UH0   =   -2703.963721476860
  UH1   =       0.004898296479
  Una   =    -149.420964134297
  Unl   =     -47.913226151825
  Uxc0  =     -25.237140893577
  Uxc1  =     -25.237140893577
  Ucore =    2464.171461115715
  Uhub  =       0.000000000000
  Ucs   =       0.000000000000
  Uzs   =       0.000000000000
  Uzo   =       0.000000000000
  Uef   =       0.000000000000
  UvdW  =       0.000000000000
  Uch   =       0.000000000000
  Utot  =    -284.157318195965

  UpV   =       0.000000000000
  Enpy  =    -284.157318195965
  Note:

  Uele:   band energy
  Ukin:   kinetic energy
  UH0:    electric part of screened Coulomb energy
  UH1:    difference electron-electron Coulomb energy
  Una:    neutral atom potential energy
  Unl:    non-local potential energy
  Uxc0:   exchange-correlation energy for alpha spin
  Uxc1:   exchange-correlation energy for beta spin
  Ucore:  core-core Coulomb energy
  Uhub:   LDA+U energy
  Ucs:    constraint energy for spin orientation
  Uzs:    Zeeman term for spin magnetic moment
  Uzo:    Zeeman term for orbital magnetic moment
  Uef:    electric energy by electric field
  UvdW:   semi-empirical vdW energy 
  Uch:    penalty term to create a core hole
  UpV:    pressure times volume
  Enpy:   Enthalpy = Utot + UpV
  (see also PRB 72, 045121(2005) for the energy contributions)


*******************************************************
           Computational times (s) at MD =12            
*******************************************************

  DFT in total      =   27.86010

  Set_OLP_Kin       =    0.69655
  Set_Nonlocal      =    1.43685
  Set_ProExpn_VNA   =    2.59550
  Set_Hamiltonian   =    1.47700
  Poisson           =    0.00106
  diagonalization   =   16.75726
  Mixing_DM         =    0.00479
  Force             =    1.93651
  Total_Energy      =    0.40938
  Set_Aden_Grid     =    0.03701
  Set_Orbitals_Grid =    0.13492
  Set_Density_Grid  =    0.55784
  RestartFileDFT    =    0.00302
  Mulliken_Charge   =    0.00098
  FFT(2D)_Density   =    0.00183

The SCF was achieved at MD=  12

*******************************************************
             MD or geometry opt. at MD =12              
*******************************************************

<BFGS>  |Maximum force| (Hartree/Bohr) = 0.000229648205
<BFGS>  Criterion       (Hartree/Bohr) = 0.000100000000

     atom=   1, XYZ(ang) Fxyz(a.u.)=  -0.0008    0.0000   -0.0001    -0.0002    0.0000   -0.0000
     atom=   2, XYZ(ang) Fxyz(a.u.)=   2.9876    2.9849    1.6146    -0.0001   -0.0000    0.0002
     atom=   3, XYZ(ang) Fxyz(a.u.)=   0.0044    2.9849    0.8245    -0.0001    0.0000   -0.0001
     atom=   4, XYZ(ang) Fxyz(a.u.)=   2.9916    0.0000    2.4024     0.0001    0.0000   -0.0000

*******************************************************
        Analysis of neighbors and setting of grids        
*******************************************************


*******************************************************
  Allocation of atoms to processors at MD_iter=   13     
*******************************************************

 proc =   0  # of atoms=   1  estimated weight=         1.00000
 proc =   1  # of atoms=   1  estimated weight=         1.00000
 proc =   2  # of atoms=   1  estimated weight=         1.00000
 proc =   3  # of atoms=   1  estimated weight=         1.00000
 proc =   4  # of atoms=   0  estimated weight=         0.00000
 proc =   5  # of atoms=   0  estimated weight=         0.00000
 proc =   6  # of atoms=   0  estimated weight=         0.00000
 proc =   7  # of atoms=   0  estimated weight=         0.00000
 proc =   8  # of atoms=   0  estimated weight=         0.00000
 proc =   9  # of atoms=   0  estimated weight=         0.00000
 proc =  10  # of atoms=   0  estimated weight=         0.00000
 proc =  11  # of atoms=   0  estimated weight=         0.00000
 proc =  12  # of atoms=   0  estimated weight=         0.00000
 proc =  13  # of atoms=   0  estimated weight=         0.00000
 proc =  14  # of atoms=   0  estimated weight=         0.00000
 proc =  15  # of atoms=   0  estimated weight=         0.00000



TFNAN=     256   Average FNAN=  64.00000
TSNAN=       0   Average SNAN=   0.00000
<truncation> CpyCell= 3 ct_AN=   1 FNAN SNAN  64   0
<truncation> CpyCell= 3 ct_AN=   2 FNAN SNAN  64   0
<truncation> CpyCell= 3 ct_AN=   3 FNAN SNAN  64   0
<truncation> CpyCell= 3 ct_AN=   4 FNAN SNAN  64   0
<UCell_Box> Info. of cutoff energy and num. of grids
lattice vectors (bohr)
A  = 11.281295655248,  0.000000000000,  0.028203239138
B  =  0.000000000000, 11.281295655248,  0.000000000000
C  =  0.015204829790,  0.000000000000,  6.081931916162
reciprocal lattice vectors (bohr^-1)
RA =  0.556959481370,  0.000000000000, -0.001392398703
RB =  0.000000000000,  0.556956000374,  0.000000000000
RC = -0.002582742073,  0.000000000000,  1.033096829091
Required cutoff energy (Ryd) for 3D-grids = 200.0000
    Used cutoff energy (Ryd) for 3D-grids = 193.8786, 193.8750, 194.5146
Num. of grids of a-, b-, and c-axes = 50, 50, 27
Cell_Volume =    774.028233187484 (Bohr^3)
GridVol     =      0.011467084936 (Bohr^3)
Cell vectors (bohr) of the grid cell (gtv)
  gtv_a =  0.225625913105,  0.000000000000,  0.000564064783
  gtv_b =  0.000000000000,  0.225625913105,  0.000000000000
  gtv_c =  0.000563141844,  0.000000000000,  0.225256737636
  |gtv_a| =  0.225626618185
  |gtv_b| =  0.225625913105
  |gtv_c| =  0.225257441562
Num. of grids overlapping with atom    1 = 125064
Num. of grids overlapping with atom    2 = 125305
Num. of grids overlapping with atom    3 = 125124
Num. of grids overlapping with atom    4 = 125156

*******************************************************
             SCF calculation at MD =13                
*******************************************************

<MD=13>  Calculation of the overlap matrix
<MD=13>  Calculation of the nonlocal matrix
<MD=13>  Calculation of the VNA projector matrix

******************* MD=13  SCF= 1 *******************
<Restart>  Found restart files
<Poisson>  Poisson's equation using FFT...
<Band>  Solving the eigenvalue problem...
 KGrids1:  -0.45833  -0.37500  -0.29167  -0.20833  -0.12500  -0.04167   0.04167   0.12500   0.20833   0.29167   0.37500   0.45833 
 KGrids2:  -0.45833  -0.37500  -0.29167  -0.20833  -0.12500  -0.04167   0.04167   0.12500   0.20833   0.29167   0.37500   0.45833 
 KGrids3:  -0.47500  -0.42500  -0.37500  -0.32500  -0.27500  -0.22500  -0.17500  -0.12500  -0.07500  -0.02500   0.02500   0.07500   0.12500   0.17500   0.22500   0.27500   0.32500   0.37500   0.42500   0.47500 
<Band_DFT>  Eigen, time=0.735356
<Band_DFT>  DM, time=1.922683
    1   Sn  MulP   6.9999  6.9999 sum  13.9998
    2   Sn  MulP   7.0004  7.0004 sum  14.0007
    3   Sn  MulP   6.9999  6.9999 sum  13.9997
    4   Sn  MulP   6.9999  6.9999 sum  13.9997
 Sum of MulP: up   =    28.00000 down          =    28.00000
              total=    56.00000 ideal(neutral)=    56.00000
<DFT>  Total Spin Moment (muB) =  0.000000000000
<DFT>  Mixing_weight= 0.400000000000
<DFT>  Uele   =  -42.211615191387  dUele     =   1.000000000000
<DFT>  NormRD =    1.000000000000  Criterion =   0.000000100000

******************* MD=13  SCF= 2 *******************
<Poisson>  Poisson's equation using FFT...
<Set_Hamiltonian>  Hamiltonian matrix for VNA+dVH+Vxc...
<Band>  Solving the eigenvalue problem...
 KGrids1:  -0.45833  -0.37500  -0.29167  -0.20833  -0.12500  -0.04167   0.04167   0.12500   0.20833   0.29167   0.37500   0.45833 
 KGrids2:  -0.45833  -0.37500  -0.29167  -0.20833  -0.12500  -0.04167   0.04167   0.12500   0.20833   0.29167   0.37500   0.45833 
 KGrids3:  -0.47500  -0.42500  -0.37500  -0.32500  -0.27500  -0.22500  -0.17500  -0.12500  -0.07500  -0.02500   0.02500   0.07500   0.12500   0.17500   0.22500   0.27500   0.32500   0.37500   0.42500   0.47500 
<Band_DFT>  Eigen, time=0.741171
<Band_DFT>  DM, time=1.927065
    1   Sn  MulP   6.9999  6.9999 sum  13.9998
    2   Sn  MulP   7.0004  7.0004 sum  14.0007
    3   Sn  MulP   6.9999  6.9999 sum  13.9997
    4   Sn  MulP   6.9999  6.9999 sum  13.9997
 Sum of MulP: up   =    28.00000 down          =    28.00000
              total=    56.00000 ideal(neutral)=    56.00000
<DFT>  Total Spin Moment (muB) =  0.000000000000
<DFT>  Mixing_weight= 0.400000000000
<DFT>  Uele   =  -42.211615752517  dUele     =   0.000000561130
<DFT>  NormRD =    0.000079268737  Criterion =   0.000000100000

******************* MD=13  SCF= 3 *******************
<Poisson>  Poisson's equation using FFT...
<Set_Hamiltonian>  Hamiltonian matrix for VNA+dVH+Vxc...
<Band>  Solving the eigenvalue problem...
 KGrids1:  -0.45833  -0.37500  -0.29167  -0.20833  -0.12500  -0.04167   0.04167   0.12500   0.20833   0.29167   0.37500   0.45833 
 KGrids2:  -0.45833  -0.37500  -0.29167  -0.20833  -0.12500  -0.04167   0.04167   0.12500   0.20833   0.29167   0.37500   0.45833 
 KGrids3:  -0.47500  -0.42500  -0.37500  -0.32500  -0.27500  -0.22500  -0.17500  -0.12500  -0.07500  -0.02500   0.02500   0.07500   0.12500   0.17500   0.22500   0.27500   0.32500   0.37500   0.42500   0.47500 
<Band_DFT>  Eigen, time=0.748078
<Band_DFT>  DM, time=1.933531
    1   Sn  MulP   6.9999  6.9999 sum  13.9998
    2   Sn  MulP   7.0004  7.0004 sum  14.0007
    3   Sn  MulP   6.9999  6.9999 sum  13.9997
    4   Sn  MulP   6.9999  6.9999 sum  13.9997
 Sum of MulP: up   =    28.00000 down          =    28.00000
              total=    56.00000 ideal(neutral)=    56.00000
<DFT>  Total Spin Moment (muB) =  0.000000000000
<DFT>  Mixing_weight= 0.040000000000
<DFT>  Uele   =  -42.211616151114  dUele     =   0.000000398597
<DFT>  NormRD =    0.000053519189  Criterion =   0.000000100000

******************* MD=13  SCF= 4 *******************
<Poisson>  Poisson's equation using FFT...
<Set_Hamiltonian>  Hamiltonian matrix for VNA+dVH+Vxc...
<Band>  Solving the eigenvalue problem...
 KGrids1:  -0.45833  -0.37500  -0.29167  -0.20833  -0.12500  -0.04167   0.04167   0.12500   0.20833   0.29167   0.37500   0.45833 
 KGrids2:  -0.45833  -0.37500  -0.29167  -0.20833  -0.12500  -0.04167   0.04167   0.12500   0.20833   0.29167   0.37500   0.45833 
 KGrids3:  -0.47500  -0.42500  -0.37500  -0.32500  -0.27500  -0.22500  -0.17500  -0.12500  -0.07500  -0.02500   0.02500   0.07500   0.12500   0.17500   0.22500   0.27500   0.32500   0.37500   0.42500   0.47500 
<Band_DFT>  Eigen, time=0.743930
<Band_DFT>  DM, time=2.041257
    1   Sn  MulP   6.9999  6.9999 sum  13.9998
    2   Sn  MulP   7.0004  7.0004 sum  14.0007
    3   Sn  MulP   6.9999  6.9999 sum  13.9997
    4   Sn  MulP   6.9999  6.9999 sum  13.9997
 Sum of MulP: up   =    28.00000 down          =    28.00000
              total=    56.00000 ideal(neutral)=    56.00000
<DFT>  Total Spin Moment (muB) =  0.000000000000
<DFT>  Mixing_weight= 0.040000000000
<DFT>  Uele   =  -42.211617381594  dUele     =   0.000001230480
<DFT>  NormRD =    0.000007572540  Criterion =   0.000000100000

******************* MD=13  SCF= 5 *******************
<Poisson>  Poisson's equation using FFT...
<Set_Hamiltonian>  Hamiltonian matrix for VNA+dVH+Vxc...
<Band>  Solving the eigenvalue problem...
 KGrids1:  -0.45833  -0.37500  -0.29167  -0.20833  -0.12500  -0.04167   0.04167   0.12500   0.20833   0.29167   0.37500   0.45833 
 KGrids2:  -0.45833  -0.37500  -0.29167  -0.20833  -0.12500  -0.04167   0.04167   0.12500   0.20833   0.29167   0.37500   0.45833 
 KGrids3:  -0.47500  -0.42500  -0.37500  -0.32500  -0.27500  -0.22500  -0.17500  -0.12500  -0.07500  -0.02500   0.02500   0.07500   0.12500   0.17500   0.22500   0.27500   0.32500   0.37500   0.42500   0.47500 
<Band_DFT>  Eigen, time=0.741859
<Band_DFT>  DM, time=2.043370
    1   Sn  MulP   6.9999  6.9999 sum  13.9998
    2   Sn  MulP   7.0004  7.0004 sum  14.0007
    3   Sn  MulP   6.9999  6.9999 sum  13.9997
    4   Sn  MulP   6.9999  6.9999 sum  13.9997
 Sum of MulP: up   =    28.00000 down          =    28.00000
              total=    56.00000 ideal(neutral)=    56.00000
<DFT>  Total Spin Moment (muB) =  0.000000000000
<DFT>  Mixing_weight= 0.040000000000
<DFT>  Uele   =  -42.211617144688  dUele     =   0.000000236906
<DFT>  NormRD =    0.000007363438  Criterion =   0.000000100000

******************* MD=13  SCF= 6 *******************
<Poisson>  Poisson's equation using FFT...
<Set_Hamiltonian>  Hamiltonian matrix for VNA+dVH+Vxc...
<Band>  Solving the eigenvalue problem...
 KGrids1:  -0.45833  -0.37500  -0.29167  -0.20833  -0.12500  -0.04167   0.04167   0.12500   0.20833   0.29167   0.37500   0.45833 
 KGrids2:  -0.45833  -0.37500  -0.29167  -0.20833  -0.12500  -0.04167   0.04167   0.12500   0.20833   0.29167   0.37500   0.45833 
 KGrids3:  -0.47500  -0.42500  -0.37500  -0.32500  -0.27500  -0.22500  -0.17500  -0.12500  -0.07500  -0.02500   0.02500   0.07500   0.12500   0.17500   0.22500   0.27500   0.32500   0.37500   0.42500   0.47500 
<Band_DFT>  Eigen, time=0.743215
<Band_DFT>  DM, time=2.042917
    1   Sn  MulP   6.9999  6.9999 sum  13.9998
    2   Sn  MulP   7.0004  7.0004 sum  14.0007
    3   Sn  MulP   6.9999  6.9999 sum  13.9997
    4   Sn  MulP   6.9999  6.9999 sum  13.9997
 Sum of MulP: up   =    28.00000 down          =    28.00000
              total=    56.00000 ideal(neutral)=    56.00000
<DFT>  Total Spin Moment (muB) =  0.000000000000
<DFT>  Mixing_weight= 0.040000000000
<DFT>  Uele   =  -42.211617124749  dUele     =   0.000000019938
<DFT>  NormRD =    0.000001280331  Criterion =   0.000000100000
<MD=13>  Force calculation
  Force calculation #1
  Force calculation #2
  Force calculation #3
  Force calculation #4
  Force calculation #5
  Stress calculation #1
  Stress calculation #2
  Stress calculation #3
  Stress calculation #4
  Stress calculation #5
<MD=13>  Total Energy
  Force calculation #6
  Force calculation #7

*******************************************************
                  Dipole moment (Debye)                 
*******************************************************

 Absolute D      520.50673004

                      Dx                Dy                Dz
 Total           -361.84975010     -362.13862478      -94.06184564
 Core             402.32182674      401.43890272      325.55904954
 Electron        -764.17157685     -763.57752751     -419.62089518
 Back ground       -0.00000000       -0.00000000       -0.00000000

*******************************************************
               Stress tensor (Hartree/bohr^3)            
*******************************************************

      -0.00000113        0.00000000        0.00000292 
       0.00000000        0.00000012        0.00000000 
       0.00000292        0.00000000        0.00000069 

*******************************************************
                Total Energy (Hartree) at MD =13        
*******************************************************

  Uele  =     -42.211617124749

  Ukin  =     203.438509574096
  UH0   =   -2703.963803161789
  UH1   =       0.004898294297
  Una   =    -149.420961766084
  Unl   =     -47.913223442976
  Uxc0  =     -25.237140952621
  Uxc1  =     -25.237140952621
  Ucore =    2464.171543606158
  Uhub  =       0.000000000000
  Ucs   =       0.000000000000
  Uzs   =       0.000000000000
  Uzo   =       0.000000000000
  Uef   =       0.000000000000
  UvdW  =       0.000000000000
  Uch   =       0.000000000000
  Utot  =    -284.157318801540

  UpV   =       0.000000000000
  Enpy  =    -284.157318801540
  Note:

  Uele:   band energy
  Ukin:   kinetic energy
  UH0:    electric part of screened Coulomb energy
  UH1:    difference electron-electron Coulomb energy
  Una:    neutral atom potential energy
  Unl:    non-local potential energy
  Uxc0:   exchange-correlation energy for alpha spin
  Uxc1:   exchange-correlation energy for beta spin
  Ucore:  core-core Coulomb energy
  Uhub:   LDA+U energy
  Ucs:    constraint energy for spin orientation
  Uzs:    Zeeman term for spin magnetic moment
  Uzo:    Zeeman term for orbital magnetic moment
  Uef:    electric energy by electric field
  UvdW:   semi-empirical vdW energy 
  Uch:    penalty term to create a core hole
  UpV:    pressure times volume
  Enpy:   Enthalpy = Utot + UpV
  (see also PRB 72, 045121(2005) for the energy contributions)


*******************************************************
           Computational times (s) at MD =13            
*******************************************************

  DFT in total      =   28.21282

  Set_OLP_Kin       =    0.69743
  Set_Nonlocal      =    1.49277
  Set_ProExpn_VNA   =    3.06102
  Set_Hamiltonian   =    1.49960
  Poisson           =    0.00094
  diagonalization   =   16.69143
  Mixing_DM         =    0.00460
  Force             =    1.86799
  Total_Energy      =    0.40880
  Set_Aden_Grid     =    0.00730
  Set_Orbitals_Grid =    0.13696
  Set_Density_Grid  =    0.55386
  RestartFileDFT    =    0.00298
  Mulliken_Charge   =    0.00100
  FFT(2D)_Density   =    0.00177

The SCF was achieved at MD=  13

*******************************************************
             MD or geometry opt. at MD =13              
*******************************************************

<BFGS>  |Maximum force| (Hartree/Bohr) = 0.000203775339
<BFGS>  Criterion       (Hartree/Bohr) = 0.000100000000

     atom=   1, XYZ(ang) Fxyz(a.u.)=   0.0006   -0.0000    0.0002    -0.0001    0.0000   -0.0000
     atom=   2, XYZ(ang) Fxyz(a.u.)=   2.9887    2.9849    1.6129    -0.0000   -0.0000    0.0002
     atom=   3, XYZ(ang) Fxyz(a.u.)=   0.0058    2.9849    0.8253    -0.0002    0.0000   -0.0001
     atom=   4, XYZ(ang) Fxyz(a.u.)=   2.9908    0.0000    2.4030     0.0001    0.0000   -0.0001

*******************************************************
        Analysis of neighbors and setting of grids        
*******************************************************


*******************************************************
  Allocation of atoms to processors at MD_iter=   14     
*******************************************************

 proc =   0  # of atoms=   1  estimated weight=         1.00000
 proc =   1  # of atoms=   1  estimated weight=         1.00000
 proc =   2  # of atoms=   1  estimated weight=         1.00000
 proc =   3  # of atoms=   1  estimated weight=         1.00000
 proc =   4  # of atoms=   0  estimated weight=         0.00000
 proc =   5  # of atoms=   0  estimated weight=         0.00000
 proc =   6  # of atoms=   0  estimated weight=         0.00000
 proc =   7  # of atoms=   0  estimated weight=         0.00000
 proc =   8  # of atoms=   0  estimated weight=         0.00000
 proc =   9  # of atoms=   0  estimated weight=         0.00000
 proc =  10  # of atoms=   0  estimated weight=         0.00000
 proc =  11  # of atoms=   0  estimated weight=         0.00000
 proc =  12  # of atoms=   0  estimated weight=         0.00000
 proc =  13  # of atoms=   0  estimated weight=         0.00000
 proc =  14  # of atoms=   0  estimated weight=         0.00000
 proc =  15  # of atoms=   0  estimated weight=         0.00000



TFNAN=     256   Average FNAN=  64.00000
TSNAN=       0   Average SNAN=   0.00000
<truncation> CpyCell= 3 ct_AN=   1 FNAN SNAN  64   0
<truncation> CpyCell= 3 ct_AN=   2 FNAN SNAN  64   0
<truncation> CpyCell= 3 ct_AN=   3 FNAN SNAN  64   0
<truncation> CpyCell= 3 ct_AN=   4 FNAN SNAN  64   0
<UCell_Box> Info. of cutoff energy and num. of grids
lattice vectors (bohr)
A  = 11.281295655248,  0.000000000000,  0.028203239138
B  =  0.000000000000, 11.281295655248,  0.000000000000
C  =  0.015204829790,  0.000000000000,  6.081931916162
reciprocal lattice vectors (bohr^-1)
RA =  0.556959481370,  0.000000000000, -0.001392398703
RB =  0.000000000000,  0.556956000374,  0.000000000000
RC = -0.002582742073,  0.000000000000,  1.033096829091
Required cutoff energy (Ryd) for 3D-grids = 200.0000
    Used cutoff energy (Ryd) for 3D-grids = 193.8786, 193.8750, 194.5146
Num. of grids of a-, b-, and c-axes = 50, 50, 27
Cell_Volume =    774.028233187484 (Bohr^3)
GridVol     =      0.011467084936 (Bohr^3)
Cell vectors (bohr) of the grid cell (gtv)
  gtv_a =  0.225625913105,  0.000000000000,  0.000564064783
  gtv_b =  0.000000000000,  0.225625913105,  0.000000000000
  gtv_c =  0.000563141844,  0.000000000000,  0.225256737636
  |gtv_a| =  0.225626618185
  |gtv_b| =  0.225625913105
  |gtv_c| =  0.225257441562
Num. of grids overlapping with atom    1 = 125072
Num. of grids overlapping with atom    2 = 125308
Num. of grids overlapping with atom    3 = 125092
Num. of grids overlapping with atom    4 = 125148

*******************************************************
             SCF calculation at MD =14                
*******************************************************

<MD=14>  Calculation of the overlap matrix
<MD=14>  Calculation of the nonlocal matrix
<MD=14>  Calculation of the VNA projector matrix

******************* MD=14  SCF= 1 *******************
<Restart>  Found restart files
<Poisson>  Poisson's equation using FFT...
<Band>  Solving the eigenvalue problem...
 KGrids1:  -0.45833  -0.37500  -0.29167  -0.20833  -0.12500  -0.04167   0.04167   0.12500   0.20833   0.29167   0.37500   0.45833 
 KGrids2:  -0.45833  -0.37500  -0.29167  -0.20833  -0.12500  -0.04167   0.04167   0.12500   0.20833   0.29167   0.37500   0.45833 
 KGrids3:  -0.47500  -0.42500  -0.37500  -0.32500  -0.27500  -0.22500  -0.17500  -0.12500  -0.07500  -0.02500   0.02500   0.07500   0.12500   0.17500   0.22500   0.27500   0.32500   0.37500   0.42500   0.47500 
<Band_DFT>  Eigen, time=0.749119
<Band_DFT>  DM, time=1.931264
    1   Sn  MulP   6.9999  6.9999 sum  13.9998
    2   Sn  MulP   7.0004  7.0004 sum  14.0007
    3   Sn  MulP   6.9999  6.9999 sum  13.9998
    4   Sn  MulP   6.9999  6.9999 sum  13.9997
 Sum of MulP: up   =    28.00000 down          =    28.00000
              total=    56.00000 ideal(neutral)=    56.00000
<DFT>  Total Spin Moment (muB) =  0.000000000000
<DFT>  Mixing_weight= 0.400000000000
<DFT>  Uele   =  -42.211618854823  dUele     =   1.000000000000
<DFT>  NormRD =    1.000000000000  Criterion =   0.000000100000

******************* MD=14  SCF= 2 *******************
<Poisson>  Poisson's equation using FFT...
<Set_Hamiltonian>  Hamiltonian matrix for VNA+dVH+Vxc...
<Band>  Solving the eigenvalue problem...
 KGrids1:  -0.45833  -0.37500  -0.29167  -0.20833  -0.12500  -0.04167   0.04167   0.12500   0.20833   0.29167   0.37500   0.45833 
 KGrids2:  -0.45833  -0.37500  -0.29167  -0.20833  -0.12500  -0.04167   0.04167   0.12500   0.20833   0.29167   0.37500   0.45833 
 KGrids3:  -0.47500  -0.42500  -0.37500  -0.32500  -0.27500  -0.22500  -0.17500  -0.12500  -0.07500  -0.02500   0.02500   0.07500   0.12500   0.17500   0.22500   0.27500   0.32500   0.37500   0.42500   0.47500 
<Band_DFT>  Eigen, time=0.505823
<Band_DFT>  DM, time=1.382576
    1   Sn  MulP   6.9999  6.9999 sum  13.9998
    2   Sn  MulP   7.0004  7.0004 sum  14.0007
    3   Sn  MulP   6.9999  6.9999 sum  13.9998
    4   Sn  MulP   6.9999  6.9999 sum  13.9997
 Sum of MulP: up   =    28.00000 down          =    28.00000
              total=    56.00000 ideal(neutral)=    56.00000
<DFT>  Total Spin Moment (muB) =  0.000000000000
<DFT>  Mixing_weight= 0.400000000000
<DFT>  Uele   =  -42.211620238079  dUele     =   0.000001383256
<DFT>  NormRD =    0.000084015452  Criterion =   0.000000100000

******************* MD=14  SCF= 3 *******************
<Poisson>  Poisson's equation using FFT...
<Set_Hamiltonian>  Hamiltonian matrix for VNA+dVH+Vxc...
<Band>  Solving the eigenvalue problem...
 KGrids1:  -0.45833  -0.37500  -0.29167  -0.20833  -0.12500  -0.04167   0.04167   0.12500   0.20833   0.29167   0.37500   0.45833 
 KGrids2:  -0.45833  -0.37500  -0.29167  -0.20833  -0.12500  -0.04167   0.04167   0.12500   0.20833   0.29167   0.37500   0.45833 
 KGrids3:  -0.47500  -0.42500  -0.37500  -0.32500  -0.27500  -0.22500  -0.17500  -0.12500  -0.07500  -0.02500   0.02500   0.07500   0.12500   0.17500   0.22500   0.27500   0.32500   0.37500   0.42500   0.47500 
<Band_DFT>  Eigen, time=0.507877
<Band_DFT>  DM, time=1.394060
    1   Sn  MulP   6.9999  6.9999 sum  13.9998
    2   Sn  MulP   7.0004  7.0004 sum  14.0007
    3   Sn  MulP   6.9999  6.9999 sum  13.9998
    4   Sn  MulP   6.9999  6.9999 sum  13.9997
 Sum of MulP: up   =    28.00000 down          =    28.00000
              total=    56.00000 ideal(neutral)=    56.00000
<DFT>  Total Spin Moment (muB) =  0.000000000000
<DFT>  Mixing_weight= 0.040000000000
<DFT>  Uele   =  -42.211621124190  dUele     =   0.000000886111
<DFT>  NormRD =    0.000057660601  Criterion =   0.000000100000

******************* MD=14  SCF= 4 *******************
<Poisson>  Poisson's equation using FFT...
<Set_Hamiltonian>  Hamiltonian matrix for VNA+dVH+Vxc...
<Band>  Solving the eigenvalue problem...
 KGrids1:  -0.45833  -0.37500  -0.29167  -0.20833  -0.12500  -0.04167   0.04167   0.12500   0.20833   0.29167   0.37500   0.45833 
 KGrids2:  -0.45833  -0.37500  -0.29167  -0.20833  -0.12500  -0.04167   0.04167   0.12500   0.20833   0.29167   0.37500   0.45833 
 KGrids3:  -0.47500  -0.42500  -0.37500  -0.32500  -0.27500  -0.22500  -0.17500  -0.12500  -0.07500  -0.02500   0.02500   0.07500   0.12500   0.17500   0.22500   0.27500   0.32500   0.37500   0.42500   0.47500 
<Band_DFT>  Eigen, time=0.512880
<Band_DFT>  DM, time=1.393598
    1   Sn  MulP   6.9999  6.9999 sum  13.9998
    2   Sn  MulP   7.0004  7.0004 sum  14.0007
    3   Sn  MulP   6.9999  6.9999 sum  13.9998
    4   Sn  MulP   6.9999  6.9999 sum  13.9997
 Sum of MulP: up   =    28.00000 down          =    28.00000
              total=    56.00000 ideal(neutral)=    56.00000
<DFT>  Total Spin Moment (muB) =  0.000000000000
<DFT>  Mixing_weight= 0.040000000000
<DFT>  Uele   =  -42.211623109326  dUele     =   0.000001985135
<DFT>  NormRD =    0.000005182645  Criterion =   0.000000100000

******************* MD=14  SCF= 5 *******************
<Poisson>  Poisson's equation using FFT...
<Set_Hamiltonian>  Hamiltonian matrix for VNA+dVH+Vxc...
<Band>  Solving the eigenvalue problem...
 KGrids1:  -0.45833  -0.37500  -0.29167  -0.20833  -0.12500  -0.04167   0.04167   0.12500   0.20833   0.29167   0.37500   0.45833 
 KGrids2:  -0.45833  -0.37500  -0.29167  -0.20833  -0.12500  -0.04167   0.04167   0.12500   0.20833   0.29167   0.37500   0.45833 
 KGrids3:  -0.47500  -0.42500  -0.37500  -0.32500  -0.27500  -0.22500  -0.17500  -0.12500  -0.07500  -0.02500   0.02500   0.07500   0.12500   0.17500   0.22500   0.27500   0.32500   0.37500   0.42500   0.47500 
<Band_DFT>  Eigen, time=0.517254
<Band_DFT>  DM, time=1.395033
    1   Sn  MulP   6.9999  6.9999 sum  13.9998
    2   Sn  MulP   7.0004  7.0004 sum  14.0007
    3   Sn  MulP   6.9999  6.9999 sum  13.9998
    4   Sn  MulP   6.9999  6.9999 sum  13.9997
 Sum of MulP: up   =    28.00000 down          =    28.00000
              total=    56.00000 ideal(neutral)=    56.00000
<DFT>  Total Spin Moment (muB) =  0.000000000000
<DFT>  Mixing_weight= 0.040000000000
<DFT>  Uele   =  -42.211622905409  dUele     =   0.000000203916
<DFT>  NormRD =    0.000003617653  Criterion =   0.000000100000

******************* MD=14  SCF= 6 *******************
<Poisson>  Poisson's equation using FFT...
<Set_Hamiltonian>  Hamiltonian matrix for VNA+dVH+Vxc...
<Band>  Solving the eigenvalue problem...
 KGrids1:  -0.45833  -0.37500  -0.29167  -0.20833  -0.12500  -0.04167   0.04167   0.12500   0.20833   0.29167   0.37500   0.45833 
 KGrids2:  -0.45833  -0.37500  -0.29167  -0.20833  -0.12500  -0.04167   0.04167   0.12500   0.20833   0.29167   0.37500   0.45833 
 KGrids3:  -0.47500  -0.42500  -0.37500  -0.32500  -0.27500  -0.22500  -0.17500  -0.12500  -0.07500  -0.02500   0.02500   0.07500   0.12500   0.17500   0.22500   0.27500   0.32500   0.37500   0.42500   0.47500 
<Band_DFT>  Eigen, time=0.518918
<Band_DFT>  DM, time=1.395244
    1   Sn  MulP   6.9999  6.9999 sum  13.9998
    2   Sn  MulP   7.0004  7.0004 sum  14.0007
    3   Sn  MulP   6.9999  6.9999 sum  13.9998
    4   Sn  MulP   6.9999  6.9999 sum  13.9997
 Sum of MulP: up   =    28.00000 down          =    28.00000
              total=    56.00000 ideal(neutral)=    56.00000
<DFT>  Total Spin Moment (muB) =  0.000000000000
<DFT>  Mixing_weight= 0.040000000000
<DFT>  Uele   =  -42.211622851971  dUele     =   0.000000053439
<DFT>  NormRD =    0.000002818412  Criterion =   0.000000100000
<MD=14>  Force calculation
  Force calculation #1
  Force calculation #2
  Force calculation #3
  Force calculation #4
  Force calculation #5
  Stress calculation #1
  Stress calculation #2
  Stress calculation #3
  Stress calculation #4
  Stress calculation #5
<MD=14>  Total Energy
  Force calculation #6
  Force calculation #7

*******************************************************
                  Dipole moment (Debye)                 
*******************************************************

 Absolute D      519.87002971

                      Dx                Dy                Dz
 Total           -360.95338997     -362.13881315      -93.98392455
 Core             402.52287496      401.43892988      325.55821576
 Electron        -763.47626493     -763.57774303     -419.54214031
 Back ground       -0.00000000       -0.00000000       -0.00000000

*******************************************************
               Stress tensor (Hartree/bohr^3)            
*******************************************************

      -0.00000147        0.00000000        0.00000328 
       0.00000000        0.00000027        0.00000000 
       0.00000328        0.00000000       -0.00000001 

*******************************************************
                Total Energy (Hartree) at MD =14        
*******************************************************

  Uele  =     -42.211622851971

  Ukin  =     203.438520821607
  UH0   =   -2703.963739095109
  UH1   =       0.004898258539
  Una   =    -149.420974299357
  Unl   =     -47.913225917705
  Uxc0  =     -25.237142855729
  Uxc1  =     -25.237142855729
  Ucore =    2464.171485841032
  Uhub  =       0.000000000000
  Ucs   =       0.000000000000
  Uzs   =       0.000000000000
  Uzo   =       0.000000000000
  Uef   =       0.000000000000
  UvdW  =       0.000000000000
  Uch   =       0.000000000000
  Utot  =    -284.157320102451

  UpV   =       0.000000000000
  Enpy  =    -284.157320102451
  Note:

  Uele:   band energy
  Ukin:   kinetic energy
  UH0:    electric part of screened Coulomb energy
  UH1:    difference electron-electron Coulomb energy
  Una:    neutral atom potential energy
  Unl:    non-local potential energy
  Uxc0:   exchange-correlation energy for alpha spin
  Uxc1:   exchange-correlation energy for beta spin
  Ucore:  core-core Coulomb energy
  Uhub:   LDA+U energy
  Ucs:    constraint energy for spin orientation
  Uzs:    Zeeman term for spin magnetic moment
  Uzo:    Zeeman term for orbital magnetic moment
  Uef:    electric energy by electric field
  UvdW:   semi-empirical vdW energy 
  Uch:    penalty term to create a core hole
  UpV:    pressure times volume
  Enpy:   Enthalpy = Utot + UpV
  (see also PRB 72, 045121(2005) for the energy contributions)


*******************************************************
           Computational times (s) at MD =14            
*******************************************************

  DFT in total      =   23.96287

  Set_OLP_Kin       =    0.69660
  Set_Nonlocal      =    1.47811
  Set_ProExpn_VNA   =    2.89775
  Set_Hamiltonian   =    1.48787
  Poisson           =    0.00116
  diagonalization   =   12.52784
  Mixing_DM         =    0.00392
  Force             =    1.89748
  Total_Energy      =    0.40732
  Set_Aden_Grid     =    0.04682
  Set_Orbitals_Grid =    0.10013
  Set_Density_Grid  =    0.54115
  RestartFileDFT    =    0.00297
  Mulliken_Charge   =    0.00096
  FFT(2D)_Density   =    0.00155

The SCF was achieved at MD=  14

*******************************************************
             MD or geometry opt. at MD =14              
*******************************************************

<BFGS>  |Maximum force| (Hartree/Bohr) = 0.000315658088
<BFGS>  Criterion       (Hartree/Bohr) = 0.000100000000

     atom=   1, XYZ(ang) Fxyz(a.u.)=  -0.0002   -0.0000    0.0000     0.0003   -0.0000    0.0000
     atom=   2, XYZ(ang) Fxyz(a.u.)=   2.9881    2.9849    1.6138     0.0003    0.0000   -0.0000
     atom=   3, XYZ(ang) Fxyz(a.u.)=   0.0050    2.9849    0.8250     0.0001   -0.0000   -0.0002
     atom=   4, XYZ(ang) Fxyz(a.u.)=   2.9912    0.0000    2.4027     0.0001   -0.0000   -0.0003

*******************************************************
        Analysis of neighbors and setting of grids        
*******************************************************


*******************************************************
  Allocation of atoms to processors at MD_iter=   15     
*******************************************************

 proc =   0  # of atoms=   1  estimated weight=         1.00000
 proc =   1  # of atoms=   1  estimated weight=         1.00000
 proc =   2  # of atoms=   1  estimated weight=         1.00000
 proc =   3  # of atoms=   1  estimated weight=         1.00000
 proc =   4  # of atoms=   0  estimated weight=         0.00000
 proc =   5  # of atoms=   0  estimated weight=         0.00000
 proc =   6  # of atoms=   0  estimated weight=         0.00000
 proc =   7  # of atoms=   0  estimated weight=         0.00000
 proc =   8  # of atoms=   0  estimated weight=         0.00000
 proc =   9  # of atoms=   0  estimated weight=         0.00000
 proc =  10  # of atoms=   0  estimated weight=         0.00000
 proc =  11  # of atoms=   0  estimated weight=         0.00000
 proc =  12  # of atoms=   0  estimated weight=         0.00000
 proc =  13  # of atoms=   0  estimated weight=         0.00000
 proc =  14  # of atoms=   0  estimated weight=         0.00000
 proc =  15  # of atoms=   0  estimated weight=         0.00000



TFNAN=     256   Average FNAN=  64.00000
TSNAN=       0   Average SNAN=   0.00000
<truncation> CpyCell= 3 ct_AN=   1 FNAN SNAN  64   0
<truncation> CpyCell= 3 ct_AN=   2 FNAN SNAN  64   0
<truncation> CpyCell= 3 ct_AN=   3 FNAN SNAN  64   0
<truncation> CpyCell= 3 ct_AN=   4 FNAN SNAN  64   0
<UCell_Box> Info. of cutoff energy and num. of grids
lattice vectors (bohr)
A  = 11.281295655248,  0.000000000000,  0.028203239138
B  =  0.000000000000, 11.281295655248,  0.000000000000
C  =  0.015204829790,  0.000000000000,  6.081931916162
reciprocal lattice vectors (bohr^-1)
RA =  0.556959481370,  0.000000000000, -0.001392398703
RB =  0.000000000000,  0.556956000374,  0.000000000000
RC = -0.002582742073,  0.000000000000,  1.033096829091
Required cutoff energy (Ryd) for 3D-grids = 200.0000
    Used cutoff energy (Ryd) for 3D-grids = 193.8786, 193.8750, 194.5146
Num. of grids of a-, b-, and c-axes = 50, 50, 27
Cell_Volume =    774.028233187484 (Bohr^3)
GridVol     =      0.011467084936 (Bohr^3)
Cell vectors (bohr) of the grid cell (gtv)
  gtv_a =  0.225625913105,  0.000000000000,  0.000564064783
  gtv_b =  0.000000000000,  0.225625913105,  0.000000000000
  gtv_c =  0.000563141844,  0.000000000000,  0.225256737636
  |gtv_a| =  0.225626618185
  |gtv_b| =  0.225625913105
  |gtv_c| =  0.225257441562
Num. of grids overlapping with atom    1 = 125067
Num. of grids overlapping with atom    2 = 125305
Num. of grids overlapping with atom    3 = 125102
Num. of grids overlapping with atom    4 = 125149

*******************************************************
             SCF calculation at MD =15                
*******************************************************

<MD=15>  Calculation of the overlap matrix
<MD=15>  Calculation of the nonlocal matrix
<MD=15>  Calculation of the VNA projector matrix

******************* MD=15  SCF= 1 *******************
<Restart>  Found restart files
<Poisson>  Poisson's equation using FFT...
<Band>  Solving the eigenvalue problem...
 KGrids1:  -0.45833  -0.37500  -0.29167  -0.20833  -0.12500  -0.04167   0.04167   0.12500   0.20833   0.29167   0.37500   0.45833 
 KGrids2:  -0.45833  -0.37500  -0.29167  -0.20833  -0.12500  -0.04167   0.04167   0.12500   0.20833   0.29167   0.37500   0.45833 
 KGrids3:  -0.47500  -0.42500  -0.37500  -0.32500  -0.27500  -0.22500  -0.17500  -0.12500  -0.07500  -0.02500   0.02500   0.07500   0.12500   0.17500   0.22500   0.27500   0.32500   0.37500   0.42500   0.47500 
<Band_DFT>  Eigen, time=0.745134
<Band_DFT>  DM, time=1.823321
    1   Sn  MulP   6.9999  6.9999 sum  13.9998
    2   Sn  MulP   7.0004  7.0004 sum  14.0007
    3   Sn  MulP   6.9999  6.9999 sum  13.9997
    4   Sn  MulP   6.9999  6.9999 sum  13.9997
 Sum of MulP: up   =    28.00000 down          =    28.00000
              total=    56.00000 ideal(neutral)=    56.00000
<DFT>  Total Spin Moment (muB) =  0.000000000000
<DFT>  Mixing_weight= 0.400000000000
<DFT>  Uele   =  -42.211614222423  dUele     =   1.000000000000
<DFT>  NormRD =    1.000000000000  Criterion =   0.000000100000

******************* MD=15  SCF= 2 *******************
<Poisson>  Poisson's equation using FFT...
<Set_Hamiltonian>  Hamiltonian matrix for VNA+dVH+Vxc...
<Band>  Solving the eigenvalue problem...
 KGrids1:  -0.45833  -0.37500  -0.29167  -0.20833  -0.12500  -0.04167   0.04167   0.12500   0.20833   0.29167   0.37500   0.45833 
 KGrids2:  -0.45833  -0.37500  -0.29167  -0.20833  -0.12500  -0.04167   0.04167   0.12500   0.20833   0.29167   0.37500   0.45833 
 KGrids3:  -0.47500  -0.42500  -0.37500  -0.32500  -0.27500  -0.22500  -0.17500  -0.12500  -0.07500  -0.02500   0.02500   0.07500   0.12500   0.17500   0.22500   0.27500   0.32500   0.37500   0.42500   0.47500 
<Band_DFT>  Eigen, time=0.748420
<Band_DFT>  DM, time=1.841040
    1   Sn  MulP   6.9999  6.9999 sum  13.9998
    2   Sn  MulP   7.0004  7.0004 sum  14.0007
    3   Sn  MulP   6.9999  6.9999 sum  13.9997
    4   Sn  MulP   6.9999  6.9999 sum  13.9997
 Sum of MulP: up   =    28.00000 down          =    28.00000
              total=    56.00000 ideal(neutral)=    56.00000
<DFT>  Total Spin Moment (muB) =  0.000000000000
<DFT>  Mixing_weight= 0.400000000000
<DFT>  Uele   =  -42.211615519110  dUele     =   0.000001296688
<DFT>  NormRD =    0.000038966966  Criterion =   0.000000100000

******************* MD=15  SCF= 3 *******************
<Poisson>  Poisson's equation using FFT...
<Set_Hamiltonian>  Hamiltonian matrix for VNA+dVH+Vxc...
<Band>  Solving the eigenvalue problem...
 KGrids1:  -0.45833  -0.37500  -0.29167  -0.20833  -0.12500  -0.04167   0.04167   0.12500   0.20833   0.29167   0.37500   0.45833 
 KGrids2:  -0.45833  -0.37500  -0.29167  -0.20833  -0.12500  -0.04167   0.04167   0.12500   0.20833   0.29167   0.37500   0.45833 
 KGrids3:  -0.47500  -0.42500  -0.37500  -0.32500  -0.27500  -0.22500  -0.17500  -0.12500  -0.07500  -0.02500   0.02500   0.07500   0.12500   0.17500   0.22500   0.27500   0.32500   0.37500   0.42500   0.47500 
<Band_DFT>  Eigen, time=0.750963
<Band_DFT>  DM, time=1.834219
    1   Sn  MulP   6.9999  6.9999 sum  13.9998
    2   Sn  MulP   7.0004  7.0004 sum  14.0007
    3   Sn  MulP   6.9999  6.9999 sum  13.9997
    4   Sn  MulP   6.9999  6.9999 sum  13.9997
 Sum of MulP: up   =    28.00000 down          =    28.00000
              total=    56.00000 ideal(neutral)=    56.00000
<DFT>  Total Spin Moment (muB) =  0.000000000000
<DFT>  Mixing_weight= 0.040000000000
<DFT>  Uele   =  -42.211616367946  dUele     =   0.000000848836
<DFT>  NormRD =    0.000026763509  Criterion =   0.000000100000

******************* MD=15  SCF= 4 *******************
<Poisson>  Poisson's equation using FFT...
<Set_Hamiltonian>  Hamiltonian matrix for VNA+dVH+Vxc...
<Band>  Solving the eigenvalue problem...
 KGrids1:  -0.45833  -0.37500  -0.29167  -0.20833  -0.12500  -0.04167   0.04167   0.12500   0.20833   0.29167   0.37500   0.45833 
 KGrids2:  -0.45833  -0.37500  -0.29167  -0.20833  -0.12500  -0.04167   0.04167   0.12500   0.20833   0.29167   0.37500   0.45833 
 KGrids3:  -0.47500  -0.42500  -0.37500  -0.32500  -0.27500  -0.22500  -0.17500  -0.12500  -0.07500  -0.02500   0.02500   0.07500   0.12500   0.17500   0.22500   0.27500   0.32500   0.37500   0.42500   0.47500 
<Band_DFT>  Eigen, time=0.796277
<Band_DFT>  DM, time=1.983464
    1   Sn  MulP   6.9999  6.9999 sum  13.9998
    2   Sn  MulP   7.0004  7.0004 sum  14.0007
    3   Sn  MulP   6.9999  6.9999 sum  13.9997
    4   Sn  MulP   6.9999  6.9999 sum  13.9997
 Sum of MulP: up   =    28.00000 down          =    28.00000
              total=    56.00000 ideal(neutral)=    56.00000
<DFT>  Total Spin Moment (muB) =  0.000000000000
<DFT>  Mixing_weight= 0.040000000000
<DFT>  Uele   =  -42.211618353649  dUele     =   0.000001985703
<DFT>  NormRD =    0.000002952858  Criterion =   0.000000100000

******************* MD=15  SCF= 5 *******************
<Poisson>  Poisson's equation using FFT...
<Set_Hamiltonian>  Hamiltonian matrix for VNA+dVH+Vxc...
<Band>  Solving the eigenvalue problem...
 KGrids1:  -0.45833  -0.37500  -0.29167  -0.20833  -0.12500  -0.04167   0.04167   0.12500   0.20833   0.29167   0.37500   0.45833 
 KGrids2:  -0.45833  -0.37500  -0.29167  -0.20833  -0.12500  -0.04167   0.04167   0.12500   0.20833   0.29167   0.37500   0.45833 
 KGrids3:  -0.47500  -0.42500  -0.37500  -0.32500  -0.27500  -0.22500  -0.17500  -0.12500  -0.07500  -0.02500   0.02500   0.07500   0.12500   0.17500   0.22500   0.27500   0.32500   0.37500   0.42500   0.47500 
<Band_DFT>  Eigen, time=0.747685
<Band_DFT>  DM, time=2.031287
    1   Sn  MulP   6.9999  6.9999 sum  13.9998
    2   Sn  MulP   7.0004  7.0004 sum  14.0007
    3   Sn  MulP   6.9999  6.9999 sum  13.9997
    4   Sn  MulP   6.9999  6.9999 sum  13.9997
 Sum of MulP: up   =    28.00000 down          =    28.00000
              total=    56.00000 ideal(neutral)=    56.00000
<DFT>  Total Spin Moment (muB) =  0.000000000000
<DFT>  Mixing_weight= 0.040000000000
<DFT>  Uele   =  -42.211618076679  dUele     =   0.000000276970
<DFT>  NormRD =    0.000002863776  Criterion =   0.000000100000

******************* MD=15  SCF= 6 *******************
<Poisson>  Poisson's equation using FFT...
<Set_Hamiltonian>  Hamiltonian matrix for VNA+dVH+Vxc...
<Band>  Solving the eigenvalue problem...
 KGrids1:  -0.45833  -0.37500  -0.29167  -0.20833  -0.12500  -0.04167   0.04167   0.12500   0.20833   0.29167   0.37500   0.45833 
 KGrids2:  -0.45833  -0.37500  -0.29167  -0.20833  -0.12500  -0.04167   0.04167   0.12500   0.20833   0.29167   0.37500   0.45833 
 KGrids3:  -0.47500  -0.42500  -0.37500  -0.32500  -0.27500  -0.22500  -0.17500  -0.12500  -0.07500  -0.02500   0.02500   0.07500   0.12500   0.17500   0.22500   0.27500   0.32500   0.37500   0.42500   0.47500 
<Band_DFT>  Eigen, time=0.742870
<Band_DFT>  DM, time=1.791927
    1   Sn  MulP   6.9999  6.9999 sum  13.9998
    2   Sn  MulP   7.0004  7.0004 sum  14.0007
    3   Sn  MulP   6.9999  6.9999 sum  13.9997
    4   Sn  MulP   6.9999  6.9999 sum  13.9997
 Sum of MulP: up   =    28.00000 down          =    28.00000
              total=    56.00000 ideal(neutral)=    56.00000
<DFT>  Total Spin Moment (muB) =  0.000000000000
<DFT>  Mixing_weight= 0.040000000000
<DFT>  Uele   =  -42.211618078870  dUele     =   0.000000002191
<DFT>  NormRD =    0.000000863611  Criterion =   0.000000100000
<MD=15>  Force calculation
  Force calculation #1
  Force calculation #2
  Force calculation #3
  Force calculation #4
  Force calculation #5
  Stress calculation #1
  Stress calculation #2
  Stress calculation #3
  Stress calculation #4
  Stress calculation #5
<MD=15>  Total Energy
  Force calculation #6
  Force calculation #7

*******************************************************
                  Dipole moment (Debye)                 
*******************************************************

 Absolute D      520.23197424

                      Dx                Dy                Dz
 Total           -361.46464654     -362.13872813      -94.02211397
 Core             402.40044746      401.43891080      325.56442733
 Electron        -763.86509401     -763.57763893     -419.58654131
 Back ground       -0.00000000       -0.00000000       -0.00000000

*******************************************************
               Stress tensor (Hartree/bohr^3)            
*******************************************************

      -0.00000130        0.00000000        0.00000306 
       0.00000000        0.00000022        0.00000000 
       0.00000306        0.00000000        0.00000039 

*******************************************************
                Total Energy (Hartree) at MD =15        
*******************************************************

  Uele  =     -42.211618078870

  Ukin  =     203.438515147171
  UH0   =   -2703.963751840937
  UH1   =       0.004898270336
  Una   =    -149.420966759819
  Unl   =     -47.913225415366
  Uxc0  =     -25.237141830720
  Uxc1  =     -25.237141830720
  Ucore =    2464.171494651401
  Uhub  =       0.000000000000
  Ucs   =       0.000000000000
  Uzs   =       0.000000000000
  Uzo   =       0.000000000000
  Uef   =       0.000000000000
  UvdW  =       0.000000000000
  Uch   =       0.000000000000
  Utot  =    -284.157319608655

  UpV   =       0.000000000000
  Enpy  =    -284.157319608655
  Note:

  Uele:   band energy
  Ukin:   kinetic energy
  UH0:    electric part of screened Coulomb energy
  UH1:    difference electron-electron Coulomb energy
  Una:    neutral atom potential energy
  Unl:    non-local potential energy
  Uxc0:   exchange-correlation energy for alpha spin
  Uxc1:   exchange-correlation energy for beta spin
  Ucore:  core-core Coulomb energy
  Uhub:   LDA+U energy
  Ucs:    constraint energy for spin orientation
  Uzs:    Zeeman term for spin magnetic moment
  Uzo:    Zeeman term for orbital magnetic moment
  Uef:    electric energy by electric field
  UvdW:   semi-empirical vdW energy 
  Uch:    penalty term to create a core hole
  UpV:    pressure times volume
  Enpy:   Enthalpy = Utot + UpV
  (see also PRB 72, 045121(2005) for the energy contributions)


*******************************************************
           Computational times (s) at MD =15            
*******************************************************

  DFT in total      =   27.21450

  Set_OLP_Kin       =    0.69945
  Set_Nonlocal      =    1.47445
  Set_ProExpn_VNA   =    2.72202
  Set_Hamiltonian   =    1.37344
  Poisson           =    0.00093
  diagonalization   =   16.18352
  Mixing_DM         =    0.00460
  Force             =    1.85294
  Total_Energy      =    0.40662
  Set_Aden_Grid     =    0.02587
  Set_Orbitals_Grid =    0.09944
  Set_Density_Grid  =    0.51654
  RestartFileDFT    =    0.00288
  Mulliken_Charge   =    0.00095
  FFT(2D)_Density   =    0.00179

The SCF was achieved at MD=  15

*******************************************************
             MD or geometry opt. at MD =15              
*******************************************************

<BFGS>  |Maximum force| (Hartree/Bohr) = 0.000210846363
<BFGS>  Criterion       (Hartree/Bohr) = 0.000100000000

     atom=   1, XYZ(ang) Fxyz(a.u.)=  -0.0001    0.0000   -0.0000     0.0001    0.0000    0.0000
     atom=   2, XYZ(ang) Fxyz(a.u.)=   2.9883    2.9849    1.6140     0.0001    0.0000    0.0001
     atom=   3, XYZ(ang) Fxyz(a.u.)=   0.0050    2.9849    0.8249    -0.0001    0.0000   -0.0002
     atom=   4, XYZ(ang) Fxyz(a.u.)=   2.9915    0.0000    2.4022     0.0001    0.0000   -0.0002

*******************************************************
        Analysis of neighbors and setting of grids        
*******************************************************


*******************************************************
  Allocation of atoms to processors at MD_iter=   16     
*******************************************************

 proc =   0  # of atoms=   1  estimated weight=         1.00000
 proc =   1  # of atoms=   1  estimated weight=         1.00000
 proc =   2  # of atoms=   1  estimated weight=         1.00000
 proc =   3  # of atoms=   1  estimated weight=         1.00000
 proc =   4  # of atoms=   0  estimated weight=         0.00000
 proc =   5  # of atoms=   0  estimated weight=         0.00000
 proc =   6  # of atoms=   0  estimated weight=         0.00000
 proc =   7  # of atoms=   0  estimated weight=         0.00000
 proc =   8  # of atoms=   0  estimated weight=         0.00000
 proc =   9  # of atoms=   0  estimated weight=         0.00000
 proc =  10  # of atoms=   0  estimated weight=         0.00000
 proc =  11  # of atoms=   0  estimated weight=         0.00000
 proc =  12  # of atoms=   0  estimated weight=         0.00000
 proc =  13  # of atoms=   0  estimated weight=         0.00000
 proc =  14  # of atoms=   0  estimated weight=         0.00000
 proc =  15  # of atoms=   0  estimated weight=         0.00000



TFNAN=     256   Average FNAN=  64.00000
TSNAN=       0   Average SNAN=   0.00000
<truncation> CpyCell= 3 ct_AN=   1 FNAN SNAN  64   0
<truncation> CpyCell= 3 ct_AN=   2 FNAN SNAN  64   0
<truncation> CpyCell= 3 ct_AN=   3 FNAN SNAN  64   0
<truncation> CpyCell= 3 ct_AN=   4 FNAN SNAN  64   0
<UCell_Box> Info. of cutoff energy and num. of grids
lattice vectors (bohr)
A  = 11.281295655248,  0.000000000000,  0.028203239138
B  =  0.000000000000, 11.281295655248,  0.000000000000
C  =  0.015204829790,  0.000000000000,  6.081931916162
reciprocal lattice vectors (bohr^-1)
RA =  0.556959481370,  0.000000000000, -0.001392398703
RB =  0.000000000000,  0.556956000374,  0.000000000000
RC = -0.002582742073,  0.000000000000,  1.033096829091
Required cutoff energy (Ryd) for 3D-grids = 200.0000
    Used cutoff energy (Ryd) for 3D-grids = 193.8786, 193.8750, 194.5146
Num. of grids of a-, b-, and c-axes = 50, 50, 27
Cell_Volume =    774.028233187484 (Bohr^3)
GridVol     =      0.011467084936 (Bohr^3)
Cell vectors (bohr) of the grid cell (gtv)
  gtv_a =  0.225625913105,  0.000000000000,  0.000564064783
  gtv_b =  0.000000000000,  0.225625913105,  0.000000000000
  gtv_c =  0.000563141844,  0.000000000000,  0.225256737636
  |gtv_a| =  0.225626618185
  |gtv_b| =  0.225625913105
  |gtv_c| =  0.225257441562
Num. of grids overlapping with atom    1 = 125067
Num. of grids overlapping with atom    2 = 125300
Num. of grids overlapping with atom    3 = 125108
Num. of grids overlapping with atom    4 = 125144

*******************************************************
             SCF calculation at MD =16                
*******************************************************

<MD=16>  Calculation of the overlap matrix
<MD=16>  Calculation of the nonlocal matrix
<MD=16>  Calculation of the VNA projector matrix

******************* MD=16  SCF= 1 *******************
<Restart>  Found restart files
<Poisson>  Poisson's equation using FFT...
<Band>  Solving the eigenvalue problem...
 KGrids1:  -0.45833  -0.37500  -0.29167  -0.20833  -0.12500  -0.04167   0.04167   0.12500   0.20833   0.29167   0.37500   0.45833 
 KGrids2:  -0.45833  -0.37500  -0.29167  -0.20833  -0.12500  -0.04167   0.04167   0.12500   0.20833   0.29167   0.37500   0.45833 
 KGrids3:  -0.47500  -0.42500  -0.37500  -0.32500  -0.27500  -0.22500  -0.17500  -0.12500  -0.07500  -0.02500   0.02500   0.07500   0.12500   0.17500   0.22500   0.27500   0.32500   0.37500   0.42500   0.47500 
<Band_DFT>  Eigen, time=0.795318
<Band_DFT>  DM, time=1.988339
    1   Sn  MulP   6.9999  6.9999 sum  13.9998
    2   Sn  MulP   7.0004  7.0004 sum  14.0008
    3   Sn  MulP   6.9999  6.9999 sum  13.9997
    4   Sn  MulP   6.9999  6.9999 sum  13.9997
 Sum of MulP: up   =    28.00000 down          =    28.00000
              total=    56.00000 ideal(neutral)=    56.00000
<DFT>  Total Spin Moment (muB) =  0.000000000000
<DFT>  Mixing_weight= 0.400000000000
<DFT>  Uele   =  -42.211613889587  dUele     =   1.000000000000
<DFT>  NormRD =    1.000000000000  Criterion =   0.000000100000

******************* MD=16  SCF= 2 *******************
<Poisson>  Poisson's equation using FFT...
<Set_Hamiltonian>  Hamiltonian matrix for VNA+dVH+Vxc...
<Band>  Solving the eigenvalue problem...
 KGrids1:  -0.45833  -0.37500  -0.29167  -0.20833  -0.12500  -0.04167   0.04167   0.12500   0.20833   0.29167   0.37500   0.45833 
 KGrids2:  -0.45833  -0.37500  -0.29167  -0.20833  -0.12500  -0.04167   0.04167   0.12500   0.20833   0.29167   0.37500   0.45833 
 KGrids3:  -0.47500  -0.42500  -0.37500  -0.32500  -0.27500  -0.22500  -0.17500  -0.12500  -0.07500  -0.02500   0.02500   0.07500   0.12500   0.17500   0.22500   0.27500   0.32500   0.37500   0.42500   0.47500 
<Band_DFT>  Eigen, time=0.744128
<Band_DFT>  DM, time=2.038270
    1   Sn  MulP   6.9999  6.9999 sum  13.9998
    2   Sn  MulP   7.0004  7.0004 sum  14.0007
    3   Sn  MulP   6.9999  6.9999 sum  13.9997
    4   Sn  MulP   6.9999  6.9999 sum  13.9997
 Sum of MulP: up   =    28.00000 down          =    28.00000
              total=    56.00000 ideal(neutral)=    56.00000
<DFT>  Total Spin Moment (muB) =  0.000000000000
<DFT>  Mixing_weight= 0.400000000000
<DFT>  Uele   =  -42.211614659691  dUele     =   0.000000770105
<DFT>  NormRD =    0.000109057020  Criterion =   0.000000100000

******************* MD=16  SCF= 3 *******************
<Poisson>  Poisson's equation using FFT...
<Set_Hamiltonian>  Hamiltonian matrix for VNA+dVH+Vxc...
<Band>  Solving the eigenvalue problem...
 KGrids1:  -0.45833  -0.37500  -0.29167  -0.20833  -0.12500  -0.04167   0.04167   0.12500   0.20833   0.29167   0.37500   0.45833 
 KGrids2:  -0.45833  -0.37500  -0.29167  -0.20833  -0.12500  -0.04167   0.04167   0.12500   0.20833   0.29167   0.37500   0.45833 
 KGrids3:  -0.47500  -0.42500  -0.37500  -0.32500  -0.27500  -0.22500  -0.17500  -0.12500  -0.07500  -0.02500   0.02500   0.07500   0.12500   0.17500   0.22500   0.27500   0.32500   0.37500   0.42500   0.47500 
<Band_DFT>  Eigen, time=0.747691
<Band_DFT>  DM, time=2.035018
    1   Sn  MulP   6.9999  6.9999 sum  13.9998
    2   Sn  MulP   7.0004  7.0004 sum  14.0007
    3   Sn  MulP   6.9999  6.9999 sum  13.9997
    4   Sn  MulP   6.9999  6.9999 sum  13.9997
 Sum of MulP: up   =    28.00000 down          =    28.00000
              total=    56.00000 ideal(neutral)=    56.00000
<DFT>  Total Spin Moment (muB) =  0.000000000000
<DFT>  Mixing_weight= 0.040000000000
<DFT>  Uele   =  -42.211615240773  dUele     =   0.000000581082
<DFT>  NormRD =    0.000073458101  Criterion =   0.000000100000

******************* MD=16  SCF= 4 *******************
<Poisson>  Poisson's equation using FFT...
<Set_Hamiltonian>  Hamiltonian matrix for VNA+dVH+Vxc...
<Band>  Solving the eigenvalue problem...
 KGrids1:  -0.45833  -0.37500  -0.29167  -0.20833  -0.12500  -0.04167   0.04167   0.12500   0.20833   0.29167   0.37500   0.45833 
 KGrids2:  -0.45833  -0.37500  -0.29167  -0.20833  -0.12500  -0.04167   0.04167   0.12500   0.20833   0.29167   0.37500   0.45833 
 KGrids3:  -0.47500  -0.42500  -0.37500  -0.32500  -0.27500  -0.22500  -0.17500  -0.12500  -0.07500  -0.02500   0.02500   0.07500   0.12500   0.17500   0.22500   0.27500   0.32500   0.37500   0.42500   0.47500 
<Band_DFT>  Eigen, time=0.781036
<Band_DFT>  DM, time=1.655263
    1   Sn  MulP   6.9999  6.9999 sum  13.9998
    2   Sn  MulP   7.0004  7.0004 sum  14.0007
    3   Sn  MulP   6.9999  6.9999 sum  13.9997
    4   Sn  MulP   6.9999  6.9999 sum  13.9997
 Sum of MulP: up   =    28.00000 down          =    28.00000
              total=    56.00000 ideal(neutral)=    56.00000
<DFT>  Total Spin Moment (muB) =  0.000000000000
<DFT>  Mixing_weight= 0.040000000000
<DFT>  Uele   =  -42.211617468051  dUele     =   0.000002227277
<DFT>  NormRD =    0.000008217897  Criterion =   0.000000100000

******************* MD=16  SCF= 5 *******************
<Poisson>  Poisson's equation using FFT...
<Set_Hamiltonian>  Hamiltonian matrix for VNA+dVH+Vxc...
<Band>  Solving the eigenvalue problem...
 KGrids1:  -0.45833  -0.37500  -0.29167  -0.20833  -0.12500  -0.04167   0.04167   0.12500   0.20833   0.29167   0.37500   0.45833 
 KGrids2:  -0.45833  -0.37500  -0.29167  -0.20833  -0.12500  -0.04167   0.04167   0.12500   0.20833   0.29167   0.37500   0.45833 
 KGrids3:  -0.47500  -0.42500  -0.37500  -0.32500  -0.27500  -0.22500  -0.17500  -0.12500  -0.07500  -0.02500   0.02500   0.07500   0.12500   0.17500   0.22500   0.27500   0.32500   0.37500   0.42500   0.47500 
<Band_DFT>  Eigen, time=0.625961
<Band_DFT>  DM, time=1.804643
    1   Sn  MulP   6.9999  6.9999 sum  13.9998
    2   Sn  MulP   7.0004  7.0004 sum  14.0007
    3   Sn  MulP   6.9999  6.9999 sum  13.9997
    4   Sn  MulP   6.9999  6.9999 sum  13.9997
 Sum of MulP: up   =    28.00000 down          =    28.00000
              total=    56.00000 ideal(neutral)=    56.00000
<DFT>  Total Spin Moment (muB) =  0.000000000000
<DFT>  Mixing_weight= 0.040000000000
<DFT>  Uele   =  -42.211616928710  dUele     =   0.000000539341
<DFT>  NormRD =    0.000008418709  Criterion =   0.000000100000

******************* MD=16  SCF= 6 *******************
<Poisson>  Poisson's equation using FFT...
<Set_Hamiltonian>  Hamiltonian matrix for VNA+dVH+Vxc...
<Band>  Solving the eigenvalue problem...
 KGrids1:  -0.45833  -0.37500  -0.29167  -0.20833  -0.12500  -0.04167   0.04167   0.12500   0.20833   0.29167   0.37500   0.45833 
 KGrids2:  -0.45833  -0.37500  -0.29167  -0.20833  -0.12500  -0.04167   0.04167   0.12500   0.20833   0.29167   0.37500   0.45833 
 KGrids3:  -0.47500  -0.42500  -0.37500  -0.32500  -0.27500  -0.22500  -0.17500  -0.12500  -0.07500  -0.02500   0.02500   0.07500   0.12500   0.17500   0.22500   0.27500   0.32500   0.37500   0.42500   0.47500 
<Band_DFT>  Eigen, time=0.512615
<Band_DFT>  DM, time=1.388809
    1   Sn  MulP   6.9999  6.9999 sum  13.9998
    2   Sn  MulP   7.0004  7.0004 sum  14.0007
    3   Sn  MulP   6.9999  6.9999 sum  13.9997
    4   Sn  MulP   6.9999  6.9999 sum  13.9997
 Sum of MulP: up   =    28.00000 down          =    28.00000
              total=    56.00000 ideal(neutral)=    56.00000
<DFT>  Total Spin Moment (muB) =  0.000000000000
<DFT>  Mixing_weight= 0.040000000000
<DFT>  Uele   =  -42.211616932145  dUele     =   0.000000003435
<DFT>  NormRD =    0.000002723136  Criterion =   0.000000100000
<MD=16>  Force calculation
  Force calculation #1
  Force calculation #2
  Force calculation #3
  Force calculation #4
  Force calculation #5
  Stress calculation #1
  Stress calculation #2
  Stress calculation #3
  Stress calculation #4
  Stress calculation #5
<MD=16>  Total Energy
  Force calculation #6
  Force calculation #7

*******************************************************
                  Dipole moment (Debye)                 
*******************************************************

 Absolute D      520.22296024

                      Dx                Dy                Dz
 Total           -361.44621752     -362.13867003      -94.04330845
 Core             402.43528632      401.43891848      325.53896314
 Electron        -763.88150384     -763.57758851     -419.58227160
 Back ground       -0.00000000       -0.00000000       -0.00000000

*******************************************************
               Stress tensor (Hartree/bohr^3)            
*******************************************************

      -0.00000117        0.00000000        0.00000310 
       0.00000000        0.00000015        0.00000000 
       0.00000310        0.00000000        0.00000047 

*******************************************************
                Total Energy (Hartree) at MD =16        
*******************************************************

  Uele  =     -42.211616932145

  Ukin  =     203.438524160298
  UH0   =   -2703.963652938528
  UH1   =       0.004898262398
  Una   =    -149.420970722919
  Unl   =     -47.913229479634
  Uxc0  =     -25.237142047718
  Uxc1  =     -25.237142047718
  Ucore =    2464.171395386761
  Uhub  =       0.000000000000
  Ucs   =       0.000000000000
  Uzs   =       0.000000000000
  Uzo   =       0.000000000000
  Uef   =       0.000000000000
  UvdW  =       0.000000000000
  Uch   =       0.000000000000
  Utot  =    -284.157319427058

  UpV   =       0.000000000000
  Enpy  =    -284.157319427058
  Note:

  Uele:   band energy
  Ukin:   kinetic energy
  UH0:    electric part of screened Coulomb energy
  UH1:    difference electron-electron Coulomb energy
  Una:    neutral atom potential energy
  Unl:    non-local potential energy
  Uxc0:   exchange-correlation energy for alpha spin
  Uxc1:   exchange-correlation energy for beta spin
  Ucore:  core-core Coulomb energy
  Uhub:   LDA+U energy
  Ucs:    constraint energy for spin orientation
  Uzs:    Zeeman term for spin magnetic moment
  Uzo:    Zeeman term for orbital magnetic moment
  Uef:    electric energy by electric field
  UvdW:   semi-empirical vdW energy 
  Uch:    penalty term to create a core hole
  UpV:    pressure times volume
  Enpy:   Enthalpy = Utot + UpV
  (see also PRB 72, 045121(2005) for the energy contributions)


*******************************************************
           Computational times (s) at MD =16            
*******************************************************

  DFT in total      =   26.21010

  Set_OLP_Kin       =    0.69815
  Set_Nonlocal      =    1.46000
  Set_ProExpn_VNA   =    2.88703
  Set_Hamiltonian   =    1.31416
  Poisson           =    0.00102
  diagonalization   =   15.44405
  Mixing_DM         =    0.00427
  Force             =    1.72628
  Total_Energy      =    0.29478
  Set_Aden_Grid     =    0.00716
  Set_Orbitals_Grid =    0.10223
  Set_Density_Grid  =    0.49410
  RestartFileDFT    =    0.01391
  Mulliken_Charge   =    0.00097
  FFT(2D)_Density   =    0.00168

The SCF was achieved at MD=  16

*******************************************************
             MD or geometry opt. at MD =16              
*******************************************************

<BFGS>  |Maximum force| (Hartree/Bohr) = 0.000256379628
<BFGS>  Criterion       (Hartree/Bohr) = 0.000100000000

     atom=   1, XYZ(ang) Fxyz(a.u.)=   0.0007    0.0000   -0.0002     0.0001    0.0000    0.0000
     atom=   2, XYZ(ang) Fxyz(a.u.)=   2.9900    2.9849    1.6165     0.0003    0.0000    0.0001
     atom=   3, XYZ(ang) Fxyz(a.u.)=   0.0043    2.9849    0.8209    -0.0001   -0.0000   -0.0002
     atom=   4, XYZ(ang) Fxyz(a.u.)=   2.9942   -0.0000    2.3998     0.0001   -0.0000   -0.0001

*******************************************************
        Analysis of neighbors and setting of grids        
*******************************************************


*******************************************************
  Allocation of atoms to processors at MD_iter=   17     
*******************************************************

 proc =   0  # of atoms=   1  estimated weight=         1.00000
 proc =   1  # of atoms=   1  estimated weight=         1.00000
 proc =   2  # of atoms=   1  estimated weight=         1.00000
 proc =   3  # of atoms=   1  estimated weight=         1.00000
 proc =   4  # of atoms=   0  estimated weight=         0.00000
 proc =   5  # of atoms=   0  estimated weight=         0.00000
 proc =   6  # of atoms=   0  estimated weight=         0.00000
 proc =   7  # of atoms=   0  estimated weight=         0.00000
 proc =   8  # of atoms=   0  estimated weight=         0.00000
 proc =   9  # of atoms=   0  estimated weight=         0.00000
 proc =  10  # of atoms=   0  estimated weight=         0.00000
 proc =  11  # of atoms=   0  estimated weight=         0.00000
 proc =  12  # of atoms=   0  estimated weight=         0.00000
 proc =  13  # of atoms=   0  estimated weight=         0.00000
 proc =  14  # of atoms=   0  estimated weight=         0.00000
 proc =  15  # of atoms=   0  estimated weight=         0.00000



TFNAN=     256   Average FNAN=  64.00000
TSNAN=       0   Average SNAN=   0.00000
<truncation> CpyCell= 3 ct_AN=   1 FNAN SNAN  64   0
<truncation> CpyCell= 3 ct_AN=   2 FNAN SNAN  64   0
<truncation> CpyCell= 3 ct_AN=   3 FNAN SNAN  64   0
<truncation> CpyCell= 3 ct_AN=   4 FNAN SNAN  64   0
<UCell_Box> Info. of cutoff energy and num. of grids
lattice vectors (bohr)
A  = 11.281295655248,  0.000000000000,  0.028203239138
B  =  0.000000000000, 11.281295655248,  0.000000000000
C  =  0.015204829790,  0.000000000000,  6.081931916162
reciprocal lattice vectors (bohr^-1)
RA =  0.556959481370,  0.000000000000, -0.001392398703
RB =  0.000000000000,  0.556956000374,  0.000000000000
RC = -0.002582742073,  0.000000000000,  1.033096829091
Required cutoff energy (Ryd) for 3D-grids = 200.0000
    Used cutoff energy (Ryd) for 3D-grids = 193.8786, 193.8750, 194.5146
Num. of grids of a-, b-, and c-axes = 50, 50, 27
Cell_Volume =    774.028233187484 (Bohr^3)
GridVol     =      0.011467084936 (Bohr^3)
Cell vectors (bohr) of the grid cell (gtv)
  gtv_a =  0.225625913105,  0.000000000000,  0.000564064783
  gtv_b =  0.000000000000,  0.225625913105,  0.000000000000
  gtv_c =  0.000563141844,  0.000000000000,  0.225256737636
  |gtv_a| =  0.225626618185
  |gtv_b| =  0.225625913105
  |gtv_c| =  0.225257441562
Num. of grids overlapping with atom    1 = 125069
Num. of grids overlapping with atom    2 = 125303
Num. of grids overlapping with atom    3 = 125141
Num. of grids overlapping with atom    4 = 125147

*******************************************************
             SCF calculation at MD =17                
*******************************************************

<MD=17>  Calculation of the overlap matrix
<MD=17>  Calculation of the nonlocal matrix
<MD=17>  Calculation of the VNA projector matrix

******************* MD=17  SCF= 1 *******************
<Restart>  Found restart files
<Poisson>  Poisson's equation using FFT...
<Band>  Solving the eigenvalue problem...
 KGrids1:  -0.45833  -0.37500  -0.29167  -0.20833  -0.12500  -0.04167   0.04167   0.12500   0.20833   0.29167   0.37500   0.45833 
 KGrids2:  -0.45833  -0.37500  -0.29167  -0.20833  -0.12500  -0.04167   0.04167   0.12500   0.20833   0.29167   0.37500   0.45833 
 KGrids3:  -0.47500  -0.42500  -0.37500  -0.32500  -0.27500  -0.22500  -0.17500  -0.12500  -0.07500  -0.02500   0.02500   0.07500   0.12500   0.17500   0.22500   0.27500   0.32500   0.37500   0.42500   0.47500 
<Band_DFT>  Eigen, time=0.729849
<Band_DFT>  DM, time=1.928604
    1   Sn  MulP   7.0000  7.0000 sum  13.9999
    2   Sn  MulP   7.0003  7.0003 sum  14.0006
    3   Sn  MulP   6.9999  6.9999 sum  13.9997
    4   Sn  MulP   6.9999  6.9999 sum  13.9998
 Sum of MulP: up   =    28.00000 down          =    28.00000
              total=    56.00000 ideal(neutral)=    56.00000
<DFT>  Total Spin Moment (muB) =  0.000000000000
<DFT>  Mixing_weight= 0.400000000000
<DFT>  Uele   =  -42.211708434983  dUele     =   1.000000000000
<DFT>  NormRD =    1.000000000000  Criterion =   0.000000100000

******************* MD=17  SCF= 2 *******************
<Poisson>  Poisson's equation using FFT...
<Set_Hamiltonian>  Hamiltonian matrix for VNA+dVH+Vxc...
<Band>  Solving the eigenvalue problem...
 KGrids1:  -0.45833  -0.37500  -0.29167  -0.20833  -0.12500  -0.04167   0.04167   0.12500   0.20833   0.29167   0.37500   0.45833 
 KGrids2:  -0.45833  -0.37500  -0.29167  -0.20833  -0.12500  -0.04167   0.04167   0.12500   0.20833   0.29167   0.37500   0.45833 
 KGrids3:  -0.47500  -0.42500  -0.37500  -0.32500  -0.27500  -0.22500  -0.17500  -0.12500  -0.07500  -0.02500   0.02500   0.07500   0.12500   0.17500   0.22500   0.27500   0.32500   0.37500   0.42500   0.47500 
<Band_DFT>  Eigen, time=0.645806
<Band_DFT>  DM, time=1.929054
    1   Sn  MulP   6.9999  6.9999 sum  13.9999
    2   Sn  MulP   7.0003  7.0003 sum  14.0006
    3   Sn  MulP   6.9999  6.9999 sum  13.9997
    4   Sn  MulP   6.9999  6.9999 sum  13.9998
 Sum of MulP: up   =    28.00000 down          =    28.00000
              total=    56.00000 ideal(neutral)=    56.00000
<DFT>  Total Spin Moment (muB) =  0.000000000000
<DFT>  Mixing_weight= 0.400000000000
<DFT>  Uele   =  -42.211682251460  dUele     =   0.000026183523
<DFT>  NormRD =    0.000908376720  Criterion =   0.000000100000

******************* MD=17  SCF= 3 *******************
<Poisson>  Poisson's equation using FFT...
<Set_Hamiltonian>  Hamiltonian matrix for VNA+dVH+Vxc...
<Band>  Solving the eigenvalue problem...
 KGrids1:  -0.45833  -0.37500  -0.29167  -0.20833  -0.12500  -0.04167   0.04167   0.12500   0.20833   0.29167   0.37500   0.45833 
 KGrids2:  -0.45833  -0.37500  -0.29167  -0.20833  -0.12500  -0.04167   0.04167   0.12500   0.20833   0.29167   0.37500   0.45833 
 KGrids3:  -0.47500  -0.42500  -0.37500  -0.32500  -0.27500  -0.22500  -0.17500  -0.12500  -0.07500  -0.02500   0.02500   0.07500   0.12500   0.17500   0.22500   0.27500   0.32500   0.37500   0.42500   0.47500 
<Band_DFT>  Eigen, time=0.729735
<Band_DFT>  DM, time=1.927255
    1   Sn  MulP   6.9999  6.9999 sum  13.9998
    2   Sn  MulP   7.0003  7.0003 sum  14.0007
    3   Sn  MulP   6.9999  6.9999 sum  13.9997
    4   Sn  MulP   6.9999  6.9999 sum  13.9997
 Sum of MulP: up   =    28.00000 down          =    28.00000
              total=    56.00000 ideal(neutral)=    56.00000
<DFT>  Total Spin Moment (muB) =  0.000000000000
<DFT>  Mixing_weight= 0.040000000000
<DFT>  Uele   =  -42.211664544084  dUele     =   0.000017707375
<DFT>  NormRD =    0.000616444221  Criterion =   0.000000100000

******************* MD=17  SCF= 4 *******************
<Poisson>  Poisson's equation using FFT...
<Set_Hamiltonian>  Hamiltonian matrix for VNA+dVH+Vxc...
<Band>  Solving the eigenvalue problem...
 KGrids1:  -0.45833  -0.37500  -0.29167  -0.20833  -0.12500  -0.04167   0.04167   0.12500   0.20833   0.29167   0.37500   0.45833 
 KGrids2:  -0.45833  -0.37500  -0.29167  -0.20833  -0.12500  -0.04167   0.04167   0.12500   0.20833   0.29167   0.37500   0.45833 
 KGrids3:  -0.47500  -0.42500  -0.37500  -0.32500  -0.27500  -0.22500  -0.17500  -0.12500  -0.07500  -0.02500   0.02500   0.07500   0.12500   0.17500   0.22500   0.27500   0.32500   0.37500   0.42500   0.47500 
<Band_DFT>  Eigen, time=0.737171
<Band_DFT>  DM, time=1.924976
    1   Sn  MulP   6.9999  6.9999 sum  13.9998
    2   Sn  MulP   7.0003  7.0003 sum  14.0007
    3   Sn  MulP   6.9999  6.9999 sum  13.9997
    4   Sn  MulP   6.9999  6.9999 sum  13.9997
 Sum of MulP: up   =    28.00000 down          =    28.00000
              total=    56.00000 ideal(neutral)=    56.00000
<DFT>  Total Spin Moment (muB) =  0.000000000000
<DFT>  Mixing_weight= 0.040000000000
<DFT>  Uele   =  -42.211617273153  dUele     =   0.000047270931
<DFT>  NormRD =    0.000057042268  Criterion =   0.000000100000

******************* MD=17  SCF= 5 *******************
<Poisson>  Poisson's equation using FFT...
<Set_Hamiltonian>  Hamiltonian matrix for VNA+dVH+Vxc...
<Band>  Solving the eigenvalue problem...
 KGrids1:  -0.45833  -0.37500  -0.29167  -0.20833  -0.12500  -0.04167   0.04167   0.12500   0.20833   0.29167   0.37500   0.45833 
 KGrids2:  -0.45833  -0.37500  -0.29167  -0.20833  -0.12500  -0.04167   0.04167   0.12500   0.20833   0.29167   0.37500   0.45833 
 KGrids3:  -0.47500  -0.42500  -0.37500  -0.32500  -0.27500  -0.22500  -0.17500  -0.12500  -0.07500  -0.02500   0.02500   0.07500   0.12500   0.17500   0.22500   0.27500   0.32500   0.37500   0.42500   0.47500 
<Band_DFT>  Eigen, time=0.653372
<Band_DFT>  DM, time=1.932700
    1   Sn  MulP   6.9999  6.9999 sum  13.9998
    2   Sn  MulP   7.0004  7.0004 sum  14.0007
    3   Sn  MulP   6.9999  6.9999 sum  13.9998
    4   Sn  MulP   6.9999  6.9999 sum  13.9997
 Sum of MulP: up   =    28.00000 down          =    28.00000
              total=    56.00000 ideal(neutral)=    56.00000
<DFT>  Total Spin Moment (muB) =  0.000000000000
<DFT>  Mixing_weight= 0.040000000000
<DFT>  Uele   =  -42.211624951307  dUele     =   0.000007678154
<DFT>  NormRD =    0.000026520189  Criterion =   0.000000100000

******************* MD=17  SCF= 6 *******************
<Poisson>  Poisson's equation using FFT...
<Set_Hamiltonian>  Hamiltonian matrix for VNA+dVH+Vxc...
<Band>  Solving the eigenvalue problem...
 KGrids1:  -0.45833  -0.37500  -0.29167  -0.20833  -0.12500  -0.04167   0.04167   0.12500   0.20833   0.29167   0.37500   0.45833 
 KGrids2:  -0.45833  -0.37500  -0.29167  -0.20833  -0.12500  -0.04167   0.04167   0.12500   0.20833   0.29167   0.37500   0.45833 
 KGrids3:  -0.47500  -0.42500  -0.37500  -0.32500  -0.27500  -0.22500  -0.17500  -0.12500  -0.07500  -0.02500   0.02500   0.07500   0.12500   0.17500   0.22500   0.27500   0.32500   0.37500   0.42500   0.47500 
<Band_DFT>  Eigen, time=0.727876
<Band_DFT>  DM, time=1.929398
    1   Sn  MulP   6.9999  6.9999 sum  13.9998
    2   Sn  MulP   7.0003  7.0003 sum  14.0007
    3   Sn  MulP   6.9999  6.9999 sum  13.9997
    4   Sn  MulP   6.9999  6.9999 sum  13.9997
 Sum of MulP: up   =    28.00000 down          =    28.00000
              total=    56.00000 ideal(neutral)=    56.00000
<DFT>  Total Spin Moment (muB) =  0.000000000000
<DFT>  Mixing_weight= 0.040000000000
<DFT>  Uele   =  -42.211624310595  dUele     =   0.000000640712
<DFT>  NormRD =    0.000029436717  Criterion =   0.000000100000

******************* MD=17  SCF= 7 *******************
<Poisson>  Poisson's equation using FFT...
<Set_Hamiltonian>  Hamiltonian matrix for VNA+dVH+Vxc...
<Band>  Solving the eigenvalue problem...
 KGrids1:  -0.45833  -0.37500  -0.29167  -0.20833  -0.12500  -0.04167   0.04167   0.12500   0.20833   0.29167   0.37500   0.45833 
 KGrids2:  -0.45833  -0.37500  -0.29167  -0.20833  -0.12500  -0.04167   0.04167   0.12500   0.20833   0.29167   0.37500   0.45833 
 KGrids3:  -0.47500  -0.42500  -0.37500  -0.32500  -0.27500  -0.22500  -0.17500  -0.12500  -0.07500  -0.02500   0.02500   0.07500   0.12500   0.17500   0.22500   0.27500   0.32500   0.37500   0.42500   0.47500 
<Band_DFT>  Eigen, time=0.669066
<Band_DFT>  DM, time=1.915648
    1   Sn  MulP   6.9999  6.9999 sum  13.9998
    2   Sn  MulP   7.0003  7.0003 sum  14.0007
    3   Sn  MulP   6.9999  6.9999 sum  13.9998
    4   Sn  MulP   6.9999  6.9999 sum  13.9997
 Sum of MulP: up   =    28.00000 down          =    28.00000
              total=    56.00000 ideal(neutral)=    56.00000
<DFT>  Total Spin Moment (muB) =  0.000000000000
<DFT>  Mixing_weight= 0.040000000000
<DFT>  Uele   =  -42.211623913247  dUele     =   0.000000397348
<DFT>  NormRD =    0.000002622368  Criterion =   0.000000100000

******************* MD=17  SCF= 8 *******************
<Poisson>  Poisson's equation using FFT...
<Set_Hamiltonian>  Hamiltonian matrix for VNA+dVH+Vxc...
<Band>  Solving the eigenvalue problem...
 KGrids1:  -0.45833  -0.37500  -0.29167  -0.20833  -0.12500  -0.04167   0.04167   0.12500   0.20833   0.29167   0.37500   0.45833 
 KGrids2:  -0.45833  -0.37500  -0.29167  -0.20833  -0.12500  -0.04167   0.04167   0.12500   0.20833   0.29167   0.37500   0.45833 
 KGrids3:  -0.47500  -0.42500  -0.37500  -0.32500  -0.27500  -0.22500  -0.17500  -0.12500  -0.07500  -0.02500   0.02500   0.07500   0.12500   0.17500   0.22500   0.27500   0.32500   0.37500   0.42500   0.47500 
<Band_DFT>  Eigen, time=0.729588
<Band_DFT>  DM, time=1.926232
    1   Sn  MulP   6.9999  6.9999 sum  13.9998
    2   Sn  MulP   7.0003  7.0003 sum  14.0007
    3   Sn  MulP   6.9999  6.9999 sum  13.9997
    4   Sn  MulP   6.9999  6.9999 sum  13.9997
 Sum of MulP: up   =    28.00000 down          =    28.00000
              total=    56.00000 ideal(neutral)=    56.00000
<DFT>  Total Spin Moment (muB) =  0.000000000000
<DFT>  Mixing_weight= 0.040000000000
<DFT>  Uele   =  -42.211623834676  dUele     =   0.000000078571
<DFT>  NormRD =    0.000002540034  Criterion =   0.000000100000
<MD=17>  Force calculation
  Force calculation #1
  Force calculation #2
  Force calculation #3
  Force calculation #4
  Force calculation #5
  Stress calculation #1
  Stress calculation #2
  Stress calculation #3
  Stress calculation #4
  Stress calculation #5
<MD=17>  Total Energy
  Force calculation #6
  Force calculation #7

*******************************************************
                  Dipole moment (Debye)                 
*******************************************************

 Absolute D      520.23868683

                      Dx                Dy                Dz
 Total           -361.41359998     -362.13803794      -94.25785116
 Core             402.74563566      401.43900532      325.25796787
 Electron        -764.15923564     -763.57704326     -419.51581903
 Back ground       -0.00000000       -0.00000000       -0.00000000

*******************************************************
               Stress tensor (Hartree/bohr^3)            
*******************************************************

       0.00000002       -0.00000000        0.00000360 
      -0.00000000       -0.00000034       -0.00000000 
       0.00000360       -0.00000000        0.00000127 

*******************************************************
                Total Energy (Hartree) at MD =17        
*******************************************************

  Uele  =     -42.211623834676

  Ukin  =     203.438457077218
  UH0   =   -2703.964121072793
  UH1   =       0.004898319157
  Una   =    -149.420937595531
  Unl   =     -47.913200537659
  Uxc0  =     -25.237138771379
  Uxc1  =     -25.237138771379
  Ucore =    2464.171862718968
  Uhub  =       0.000000000000
  Ucs   =       0.000000000000
  Uzs   =       0.000000000000
  Uzo   =       0.000000000000
  Uef   =       0.000000000000
  UvdW  =       0.000000000000
  Uch   =       0.000000000000
  Utot  =    -284.157318633400

  UpV   =       0.000000000000
  Enpy  =    -284.157318633400
  Note:

  Uele:   band energy
  Ukin:   kinetic energy
  UH0:    electric part of screened Coulomb energy
  UH1:    difference electron-electron Coulomb energy
  Una:    neutral atom potential energy
  Unl:    non-local potential energy
  Uxc0:   exchange-correlation energy for alpha spin
  Uxc1:   exchange-correlation energy for beta spin
  Ucore:  core-core Coulomb energy
  Uhub:   LDA+U energy
  Ucs:    constraint energy for spin orientation
  Uzs:    Zeeman term for spin magnetic moment
  Uzo:    Zeeman term for orbital magnetic moment
  Uef:    electric energy by electric field
  UvdW:   semi-empirical vdW energy 
  Uch:    penalty term to create a core hole
  UpV:    pressure times volume
  Enpy:   Enthalpy = Utot + UpV
  (see also PRB 72, 045121(2005) for the energy contributions)


*******************************************************
           Computational times (s) at MD =17            
*******************************************************

  DFT in total      =   32.59488

  Set_OLP_Kin       =    0.70509
  Set_Nonlocal      =    0.94085
  Set_ProExpn_VNA   =    2.86789
  Set_Hamiltonian   =    1.82637
  Poisson           =    0.00135
  diagonalization   =   21.47030
  Mixing_DM         =    0.00594
  Force             =    1.84178
  Total_Energy      =    0.40309
  Set_Aden_Grid     =    0.00771
  Set_Orbitals_Grid =    0.17289
  Set_Density_Grid  =    0.60299
  RestartFileDFT    =    0.00290
  Mulliken_Charge   =    0.00114
  FFT(2D)_Density   =    0.00212

The SCF was achieved at MD=  17

*******************************************************
             MD or geometry opt. at MD =17              
*******************************************************

<BFGS>  |Maximum force| (Hartree/Bohr) = 0.000387831837
<BFGS>  Criterion       (Hartree/Bohr) = 0.000100000000

     atom=   1, XYZ(ang) Fxyz(a.u.)=  -0.0001    0.0000   -0.0002     0.0001    0.0000   -0.0001
     atom=   2, XYZ(ang) Fxyz(a.u.)=   2.9890    2.9849    1.6167     0.0004    0.0000   -0.0002
     atom=   3, XYZ(ang) Fxyz(a.u.)=   0.0036    2.9849    0.8206     0.0003   -0.0000   -0.0002
     atom=   4, XYZ(ang) Fxyz(a.u.)=   2.9936   -0.0000    2.4016    -0.0001   -0.0000    0.0004

*******************************************************
        Analysis of neighbors and setting of grids        
*******************************************************


*******************************************************
  Allocation of atoms to processors at MD_iter=   18     
*******************************************************

 proc =   0  # of atoms=   1  estimated weight=         1.00000
 proc =   1  # of atoms=   1  estimated weight=         1.00000
 proc =   2  # of atoms=   1  estimated weight=         1.00000
 proc =   3  # of atoms=   1  estimated weight=         1.00000
 proc =   4  # of atoms=   0  estimated weight=         0.00000
 proc =   5  # of atoms=   0  estimated weight=         0.00000
 proc =   6  # of atoms=   0  estimated weight=         0.00000
 proc =   7  # of atoms=   0  estimated weight=         0.00000
 proc =   8  # of atoms=   0  estimated weight=         0.00000
 proc =   9  # of atoms=   0  estimated weight=         0.00000
 proc =  10  # of atoms=   0  estimated weight=         0.00000
 proc =  11  # of atoms=   0  estimated weight=         0.00000
 proc =  12  # of atoms=   0  estimated weight=         0.00000
 proc =  13  # of atoms=   0  estimated weight=         0.00000
 proc =  14  # of atoms=   0  estimated weight=         0.00000
 proc =  15  # of atoms=   0  estimated weight=         0.00000



TFNAN=     256   Average FNAN=  64.00000
TSNAN=       0   Average SNAN=   0.00000
<truncation> CpyCell= 3 ct_AN=   1 FNAN SNAN  64   0
<truncation> CpyCell= 3 ct_AN=   2 FNAN SNAN  64   0
<truncation> CpyCell= 3 ct_AN=   3 FNAN SNAN  64   0
<truncation> CpyCell= 3 ct_AN=   4 FNAN SNAN  64   0
<UCell_Box> Info. of cutoff energy and num. of grids
lattice vectors (bohr)
A  = 11.281295655248,  0.000000000000,  0.028203239138
B  =  0.000000000000, 11.281295655248,  0.000000000000
C  =  0.015204829790,  0.000000000000,  6.081931916162
reciprocal lattice vectors (bohr^-1)
RA =  0.556959481370,  0.000000000000, -0.001392398703
RB =  0.000000000000,  0.556956000374,  0.000000000000
RC = -0.002582742073,  0.000000000000,  1.033096829091
Required cutoff energy (Ryd) for 3D-grids = 200.0000
    Used cutoff energy (Ryd) for 3D-grids = 193.8786, 193.8750, 194.5146
Num. of grids of a-, b-, and c-axes = 50, 50, 27
Cell_Volume =    774.028233187484 (Bohr^3)
GridVol     =      0.011467084936 (Bohr^3)
Cell vectors (bohr) of the grid cell (gtv)
  gtv_a =  0.225625913105,  0.000000000000,  0.000564064783
  gtv_b =  0.000000000000,  0.225625913105,  0.000000000000
  gtv_c =  0.000563141844,  0.000000000000,  0.225256737636
  |gtv_a| =  0.225626618185
  |gtv_b| =  0.225625913105
  |gtv_c| =  0.225257441562
Num. of grids overlapping with atom    1 = 125063
Num. of grids overlapping with atom    2 = 125316
Num. of grids overlapping with atom    3 = 125146
Num. of grids overlapping with atom    4 = 125182

*******************************************************
             SCF calculation at MD =18                
*******************************************************

<MD=18>  Calculation of the overlap matrix
<MD=18>  Calculation of the nonlocal matrix
<MD=18>  Calculation of the VNA projector matrix

******************* MD=18  SCF= 1 *******************
<Restart>  Found restart files
<Poisson>  Poisson's equation using FFT...
<Band>  Solving the eigenvalue problem...
 KGrids1:  -0.45833  -0.37500  -0.29167  -0.20833  -0.12500  -0.04167   0.04167   0.12500   0.20833   0.29167   0.37500   0.45833 
 KGrids2:  -0.45833  -0.37500  -0.29167  -0.20833  -0.12500  -0.04167   0.04167   0.12500   0.20833   0.29167   0.37500   0.45833 
 KGrids3:  -0.47500  -0.42500  -0.37500  -0.32500  -0.27500  -0.22500  -0.17500  -0.12500  -0.07500  -0.02500   0.02500   0.07500   0.12500   0.17500   0.22500   0.27500   0.32500   0.37500   0.42500   0.47500 
<Band_DFT>  Eigen, time=0.743271
<Band_DFT>  DM, time=2.042730
    1   Sn  MulP   6.9999  6.9999 sum  13.9998
    2   Sn  MulP   7.0003  7.0003 sum  14.0007
    3   Sn  MulP   6.9999  6.9999 sum  13.9997
    4   Sn  MulP   6.9999  6.9999 sum  13.9998
 Sum of MulP: up   =    28.00000 down          =    28.00000
              total=    56.00000 ideal(neutral)=    56.00000
<DFT>  Total Spin Moment (muB) =  0.000000000000
<DFT>  Mixing_weight= 0.400000000000
<DFT>  Uele   =  -42.211618059576  dUele     =   1.000000000000
<DFT>  NormRD =    1.000000000000  Criterion =   0.000000100000

******************* MD=18  SCF= 2 *******************
<Poisson>  Poisson's equation using FFT...
<Set_Hamiltonian>  Hamiltonian matrix for VNA+dVH+Vxc...
<Band>  Solving the eigenvalue problem...
 KGrids1:  -0.45833  -0.37500  -0.29167  -0.20833  -0.12500  -0.04167   0.04167   0.12500   0.20833   0.29167   0.37500   0.45833 
 KGrids2:  -0.45833  -0.37500  -0.29167  -0.20833  -0.12500  -0.04167   0.04167   0.12500   0.20833   0.29167   0.37500   0.45833 
 KGrids3:  -0.47500  -0.42500  -0.37500  -0.32500  -0.27500  -0.22500  -0.17500  -0.12500  -0.07500  -0.02500   0.02500   0.07500   0.12500   0.17500   0.22500   0.27500   0.32500   0.37500   0.42500   0.47500 
<Band_DFT>  Eigen, time=0.743245
<Band_DFT>  DM, time=2.043162
    1   Sn  MulP   6.9999  6.9999 sum  13.9998
    2   Sn  MulP   7.0003  7.0003 sum  14.0007
    3   Sn  MulP   6.9999  6.9999 sum  13.9997
    4   Sn  MulP   6.9999  6.9999 sum  13.9998
 Sum of MulP: up   =    28.00000 down          =    28.00000
              total=    56.00000 ideal(neutral)=    56.00000
<DFT>  Total Spin Moment (muB) =  0.000000000000
<DFT>  Mixing_weight= 0.400000000000
<DFT>  Uele   =  -42.211622619307  dUele     =   0.000004559731
<DFT>  NormRD =    0.000329229159  Criterion =   0.000000100000

******************* MD=18  SCF= 3 *******************
<Poisson>  Poisson's equation using FFT...
<Set_Hamiltonian>  Hamiltonian matrix for VNA+dVH+Vxc...
<Band>  Solving the eigenvalue problem...
 KGrids1:  -0.45833  -0.37500  -0.29167  -0.20833  -0.12500  -0.04167   0.04167   0.12500   0.20833   0.29167   0.37500   0.45833 
 KGrids2:  -0.45833  -0.37500  -0.29167  -0.20833  -0.12500  -0.04167   0.04167   0.12500   0.20833   0.29167   0.37500   0.45833 
 KGrids3:  -0.47500  -0.42500  -0.37500  -0.32500  -0.27500  -0.22500  -0.17500  -0.12500  -0.07500  -0.02500   0.02500   0.07500   0.12500   0.17500   0.22500   0.27500   0.32500   0.37500   0.42500   0.47500 
<Band_DFT>  Eigen, time=0.745010
<Band_DFT>  DM, time=2.041787
    1   Sn  MulP   6.9999  6.9999 sum  13.9998
    2   Sn  MulP   7.0003  7.0003 sum  14.0007
    3   Sn  MulP   6.9999  6.9999 sum  13.9998
    4   Sn  MulP   6.9999  6.9999 sum  13.9998
 Sum of MulP: up   =    28.00000 down          =    28.00000
              total=    56.00000 ideal(neutral)=    56.00000
<DFT>  Total Spin Moment (muB) =  0.000000000000
<DFT>  Mixing_weight= 0.040000000000
<DFT>  Uele   =  -42.211625466594  dUele     =   0.000002847286
<DFT>  NormRD =    0.000224113454  Criterion =   0.000000100000

******************* MD=18  SCF= 4 *******************
<Poisson>  Poisson's equation using FFT...
<Set_Hamiltonian>  Hamiltonian matrix for VNA+dVH+Vxc...
<Band>  Solving the eigenvalue problem...
 KGrids1:  -0.45833  -0.37500  -0.29167  -0.20833  -0.12500  -0.04167   0.04167   0.12500   0.20833   0.29167   0.37500   0.45833 
 KGrids2:  -0.45833  -0.37500  -0.29167  -0.20833  -0.12500  -0.04167   0.04167   0.12500   0.20833   0.29167   0.37500   0.45833 
 KGrids3:  -0.47500  -0.42500  -0.37500  -0.32500  -0.27500  -0.22500  -0.17500  -0.12500  -0.07500  -0.02500   0.02500   0.07500   0.12500   0.17500   0.22500   0.27500   0.32500   0.37500   0.42500   0.47500 
<Band_DFT>  Eigen, time=0.743474
<Band_DFT>  DM, time=2.040863
    1   Sn  MulP   6.9999  6.9999 sum  13.9998
    2   Sn  MulP   7.0003  7.0003 sum  14.0007
    3   Sn  MulP   6.9999  6.9999 sum  13.9998
    4   Sn  MulP   6.9999  6.9999 sum  13.9998
 Sum of MulP: up   =    28.00000 down          =    28.00000
              total=    56.00000 ideal(neutral)=    56.00000
<DFT>  Total Spin Moment (muB) =  0.000000000000
<DFT>  Mixing_weight= 0.040000000000
<DFT>  Uele   =  -42.211631183348  dUele     =   0.000005716754
<DFT>  NormRD =    0.000025008399  Criterion =   0.000000100000

******************* MD=18  SCF= 5 *******************
<Poisson>  Poisson's equation using FFT...
<Set_Hamiltonian>  Hamiltonian matrix for VNA+dVH+Vxc...
<Band>  Solving the eigenvalue problem...
 KGrids1:  -0.45833  -0.37500  -0.29167  -0.20833  -0.12500  -0.04167   0.04167   0.12500   0.20833   0.29167   0.37500   0.45833 
 KGrids2:  -0.45833  -0.37500  -0.29167  -0.20833  -0.12500  -0.04167   0.04167   0.12500   0.20833   0.29167   0.37500   0.45833 
 KGrids3:  -0.47500  -0.42500  -0.37500  -0.32500  -0.27500  -0.22500  -0.17500  -0.12500  -0.07500  -0.02500   0.02500   0.07500   0.12500   0.17500   0.22500   0.27500   0.32500   0.37500   0.42500   0.47500 
<Band_DFT>  Eigen, time=0.737266
<Band_DFT>  DM, time=2.033335
    1   Sn  MulP   6.9999  6.9999 sum  13.9998
    2   Sn  MulP   7.0003  7.0003 sum  14.0007
    3   Sn  MulP   6.9999  6.9999 sum  13.9998
    4   Sn  MulP   6.9999  6.9999 sum  13.9998
 Sum of MulP: up   =    28.00000 down          =    28.00000
              total=    56.00000 ideal(neutral)=    56.00000
<DFT>  Total Spin Moment (muB) =  0.000000000000
<DFT>  Mixing_weight= 0.040000000000
<DFT>  Uele   =  -42.211630714295  dUele     =   0.000000469054
<DFT>  NormRD =    0.000023837960  Criterion =   0.000000100000

******************* MD=18  SCF= 6 *******************
<Poisson>  Poisson's equation using FFT...
<Set_Hamiltonian>  Hamiltonian matrix for VNA+dVH+Vxc...
<Band>  Solving the eigenvalue problem...
 KGrids1:  -0.45833  -0.37500  -0.29167  -0.20833  -0.12500  -0.04167   0.04167   0.12500   0.20833   0.29167   0.37500   0.45833 
 KGrids2:  -0.45833  -0.37500  -0.29167  -0.20833  -0.12500  -0.04167   0.04167   0.12500   0.20833   0.29167   0.37500   0.45833 
 KGrids3:  -0.47500  -0.42500  -0.37500  -0.32500  -0.27500  -0.22500  -0.17500  -0.12500  -0.07500  -0.02500   0.02500   0.07500   0.12500   0.17500   0.22500   0.27500   0.32500   0.37500   0.42500   0.47500 
<Band_DFT>  Eigen, time=0.735312
<Band_DFT>  DM, time=2.031994
    1   Sn  MulP   6.9999  6.9999 sum  13.9998
    2   Sn  MulP   7.0003  7.0003 sum  14.0007
    3   Sn  MulP   6.9999  6.9999 sum  13.9998
    4   Sn  MulP   6.9999  6.9999 sum  13.9998
 Sum of MulP: up   =    28.00000 down          =    28.00000
              total=    56.00000 ideal(neutral)=    56.00000
<DFT>  Total Spin Moment (muB) =  0.000000000000
<DFT>  Mixing_weight= 0.040000000000
<DFT>  Uele   =  -42.211630610876  dUele     =   0.000000103418
<DFT>  NormRD =    0.000007974889  Criterion =   0.000000100000

******************* MD=18  SCF= 7 *******************
<Poisson>  Poisson's equation using FFT...
<Set_Hamiltonian>  Hamiltonian matrix for VNA+dVH+Vxc...
<Band>  Solving the eigenvalue problem...
 KGrids1:  -0.45833  -0.37500  -0.29167  -0.20833  -0.12500  -0.04167   0.04167   0.12500   0.20833   0.29167   0.37500   0.45833 
 KGrids2:  -0.45833  -0.37500  -0.29167  -0.20833  -0.12500  -0.04167   0.04167   0.12500   0.20833   0.29167   0.37500   0.45833 
 KGrids3:  -0.47500  -0.42500  -0.37500  -0.32500  -0.27500  -0.22500  -0.17500  -0.12500  -0.07500  -0.02500   0.02500   0.07500   0.12500   0.17500   0.22500   0.27500   0.32500   0.37500   0.42500   0.47500 
<Band_DFT>  Eigen, time=0.737889
<Band_DFT>  DM, time=2.032653
    1   Sn  MulP   6.9999  6.9999 sum  13.9998
    2   Sn  MulP   7.0003  7.0003 sum  14.0007
    3   Sn  MulP   6.9999  6.9999 sum  13.9998
    4   Sn  MulP   6.9999  6.9999 sum  13.9998
 Sum of MulP: up   =    28.00000 down          =    28.00000
              total=    56.00000 ideal(neutral)=    56.00000
<DFT>  Total Spin Moment (muB) =  0.000000000000
<DFT>  Mixing_weight= 0.040000000000
<DFT>  Uele   =  -42.211630560182  dUele     =   0.000000050694
<DFT>  NormRD =    0.000004386628  Criterion =   0.000000100000
<MD=18>  Force calculation
  Force calculation #1
  Force calculation #2
  Force calculation #3
  Force calculation #4
  Force calculation #5
  Stress calculation #1
  Stress calculation #2
  Stress calculation #3
  Stress calculation #4
  Stress calculation #5
<MD=18>  Total Energy
  Force calculation #6
  Force calculation #7

*******************************************************
                  Dipole moment (Debye)                 
*******************************************************

 Absolute D      520.56399118

                      Dx                Dy                Dz
 Total           -361.89664301     -362.13827351      -94.19957297
 Core             402.53001600      401.43895035      325.37153893
 Electron        -764.42665902     -763.57722386     -419.57111190
 Back ground       -0.00000000       -0.00000000       -0.00000000

*******************************************************
               Stress tensor (Hartree/bohr^3)            
*******************************************************

       0.00000021       -0.00000000        0.00000361 
      -0.00000000        0.00000002       -0.00000000 
       0.00000361       -0.00000000        0.00000132 

*******************************************************
                Total Energy (Hartree) at MD =18        
*******************************************************

  Uele  =     -42.211630560182

  Ukin  =     203.438410784093
  UH0   =   -2703.964722651544
  UH1   =       0.004898408873
  Una   =    -149.420914051435
  Unl   =     -47.913180517296
  Uxc0  =     -25.237136502215
  Uxc1  =     -25.237136502215
  Ucore =    2464.172462789234
  Uhub  =       0.000000000000
  Ucs   =       0.000000000000
  Uzs   =       0.000000000000
  Uzo   =       0.000000000000
  Uef   =       0.000000000000
  UvdW  =       0.000000000000
  Uch   =       0.000000000000
  Utot  =    -284.157318242504

  UpV   =       0.000000000000
  Enpy  =    -284.157318242504
  Note:

  Uele:   band energy
  Ukin:   kinetic energy
  UH0:    electric part of screened Coulomb energy
  UH1:    difference electron-electron Coulomb energy
  Una:    neutral atom potential energy
  Unl:    non-local potential energy
  Uxc0:   exchange-correlation energy for alpha spin
  Uxc1:   exchange-correlation energy for beta spin
  Ucore:  core-core Coulomb energy
  Uhub:   LDA+U energy
  Ucs:    constraint energy for spin orientation
  Uzs:    Zeeman term for spin magnetic moment
  Uzo:    Zeeman term for orbital magnetic moment
  Uef:    electric energy by electric field
  UvdW:   semi-empirical vdW energy 
  Uch:    penalty term to create a core hole
  UpV:    pressure times volume
  Enpy:   Enthalpy = Utot + UpV
  (see also PRB 72, 045121(2005) for the energy contributions)


*******************************************************
           Computational times (s) at MD =18            
*******************************************************

  DFT in total      =   30.80268

  Set_OLP_Kin       =    0.69857
  Set_Nonlocal      =    1.36006
  Set_ProExpn_VNA   =    2.57229
  Set_Hamiltonian   =    1.54572
  Poisson           =    0.00108
  diagonalization   =   19.85327
  Mixing_DM         =    0.00538
  Force             =    1.85355
  Total_Energy      =    0.40857
  Set_Aden_Grid     =    0.05601
  Set_Orbitals_Grid =    0.09700
  Set_Density_Grid  =    0.59443
  RestartFileDFT    =    0.00478
  Mulliken_Charge   =    0.00113
  FFT(2D)_Density   =    0.00194

The SCF was achieved at MD=  18

*******************************************************
             MD or geometry opt. at MD =18              
*******************************************************

<BFGS>  |Maximum force| (Hartree/Bohr) = 0.000248497911
<BFGS>  Criterion       (Hartree/Bohr) = 0.000100000000

     atom=   1, XYZ(ang) Fxyz(a.u.)=   0.0025    0.0000   -0.0002    -0.0000    0.0000   -0.0000
     atom=   2, XYZ(ang) Fxyz(a.u.)=   2.9925    2.9849    1.6169     0.0001    0.0000    0.0000
     atom=   3, XYZ(ang) Fxyz(a.u.)=   0.0050    2.9849    0.8198     0.0002   -0.0000   -0.0002
     atom=   4, XYZ(ang) Fxyz(a.u.)=   2.9961   -0.0000    2.3967    -0.0001    0.0000    0.0002

*******************************************************
        Analysis of neighbors and setting of grids        
*******************************************************


*******************************************************
  Allocation of atoms to processors at MD_iter=   19     
*******************************************************

 proc =   0  # of atoms=   1  estimated weight=         1.00000
 proc =   1  # of atoms=   1  estimated weight=         1.00000
 proc =   2  # of atoms=   1  estimated weight=         1.00000
 proc =   3  # of atoms=   1  estimated weight=         1.00000
 proc =   4  # of atoms=   0  estimated weight=         0.00000
 proc =   5  # of atoms=   0  estimated weight=         0.00000
 proc =   6  # of atoms=   0  estimated weight=         0.00000
 proc =   7  # of atoms=   0  estimated weight=         0.00000
 proc =   8  # of atoms=   0  estimated weight=         0.00000
 proc =   9  # of atoms=   0  estimated weight=         0.00000
 proc =  10  # of atoms=   0  estimated weight=         0.00000
 proc =  11  # of atoms=   0  estimated weight=         0.00000
 proc =  12  # of atoms=   0  estimated weight=         0.00000
 proc =  13  # of atoms=   0  estimated weight=         0.00000
 proc =  14  # of atoms=   0  estimated weight=         0.00000
 proc =  15  # of atoms=   0  estimated weight=         0.00000



TFNAN=     256   Average FNAN=  64.00000
TSNAN=       0   Average SNAN=   0.00000
<truncation> CpyCell= 3 ct_AN=   1 FNAN SNAN  64   0
<truncation> CpyCell= 3 ct_AN=   2 FNAN SNAN  64   0
<truncation> CpyCell= 3 ct_AN=   3 FNAN SNAN  64   0
<truncation> CpyCell= 3 ct_AN=   4 FNAN SNAN  64   0
<UCell_Box> Info. of cutoff energy and num. of grids
lattice vectors (bohr)
A  = 11.281295655248,  0.000000000000,  0.028203239138
B  =  0.000000000000, 11.281295655248,  0.000000000000
C  =  0.015204829790,  0.000000000000,  6.081931916162
reciprocal lattice vectors (bohr^-1)
RA =  0.556959481370,  0.000000000000, -0.001392398703
RB =  0.000000000000,  0.556956000374,  0.000000000000
RC = -0.002582742073,  0.000000000000,  1.033096829091
Required cutoff energy (Ryd) for 3D-grids = 200.0000
    Used cutoff energy (Ryd) for 3D-grids = 193.8786, 193.8750, 194.5146
Num. of grids of a-, b-, and c-axes = 50, 50, 27
Cell_Volume =    774.028233187484 (Bohr^3)
GridVol     =      0.011467084936 (Bohr^3)
Cell vectors (bohr) of the grid cell (gtv)
  gtv_a =  0.225625913105,  0.000000000000,  0.000564064783
  gtv_b =  0.000000000000,  0.225625913105,  0.000000000000
  gtv_c =  0.000563141844,  0.000000000000,  0.225256737636
  |gtv_a| =  0.225626618185
  |gtv_b| =  0.225625913105
  |gtv_c| =  0.225257441562
Num. of grids overlapping with atom    1 = 125082
Num. of grids overlapping with atom    2 = 125293
Num. of grids overlapping with atom    3 = 125146
Num. of grids overlapping with atom    4 = 125143

*******************************************************
             SCF calculation at MD =19                
*******************************************************

<MD=19>  Calculation of the overlap matrix
<MD=19>  Calculation of the nonlocal matrix
<MD=19>  Calculation of the VNA projector matrix

******************* MD=19  SCF= 1 *******************
<Restart>  Found restart files
<Poisson>  Poisson's equation using FFT...
<Band>  Solving the eigenvalue problem...
 KGrids1:  -0.45833  -0.37500  -0.29167  -0.20833  -0.12500  -0.04167   0.04167   0.12500   0.20833   0.29167   0.37500   0.45833 
 KGrids2:  -0.45833  -0.37500  -0.29167  -0.20833  -0.12500  -0.04167   0.04167   0.12500   0.20833   0.29167   0.37500   0.45833 
 KGrids3:  -0.47500  -0.42500  -0.37500  -0.32500  -0.27500  -0.22500  -0.17500  -0.12500  -0.07500  -0.02500   0.02500   0.07500   0.12500   0.17500   0.22500   0.27500   0.32500   0.37500   0.42500   0.47500 
<Band_DFT>  Eigen, time=0.794014
<Band_DFT>  DM, time=1.860525
    1   Sn  MulP   6.9999  6.9999 sum  13.9998
    2   Sn  MulP   7.0004  7.0004 sum  14.0007
    3   Sn  MulP   6.9999  6.9999 sum  13.9997
    4   Sn  MulP   6.9999  6.9999 sum  13.9997
 Sum of MulP: up   =    28.00000 down          =    28.00000
              total=    56.00000 ideal(neutral)=    56.00000
<DFT>  Total Spin Moment (muB) =  0.000000000000
<DFT>  Mixing_weight= 0.400000000000
<DFT>  Uele   =  -42.211664082882  dUele     =   1.000000000000
<DFT>  NormRD =    1.000000000000  Criterion =   0.000000100000

******************* MD=19  SCF= 2 *******************
<Poisson>  Poisson's equation using FFT...
<Set_Hamiltonian>  Hamiltonian matrix for VNA+dVH+Vxc...
<Band>  Solving the eigenvalue problem...
 KGrids1:  -0.45833  -0.37500  -0.29167  -0.20833  -0.12500  -0.04167   0.04167   0.12500   0.20833   0.29167   0.37500   0.45833 
 KGrids2:  -0.45833  -0.37500  -0.29167  -0.20833  -0.12500  -0.04167   0.04167   0.12500   0.20833   0.29167   0.37500   0.45833 
 KGrids3:  -0.47500  -0.42500  -0.37500  -0.32500  -0.27500  -0.22500  -0.17500  -0.12500  -0.07500  -0.02500   0.02500   0.07500   0.12500   0.17500   0.22500   0.27500   0.32500   0.37500   0.42500   0.47500 
<Band_DFT>  Eigen, time=0.792531
<Band_DFT>  DM, time=1.586139
    1   Sn  MulP   6.9999  6.9999 sum  13.9998
    2   Sn  MulP   7.0004  7.0004 sum  14.0007
    3   Sn  MulP   6.9999  6.9999 sum  13.9997
    4   Sn  MulP   6.9999  6.9999 sum  13.9997
 Sum of MulP: up   =    28.00000 down          =    28.00000
              total=    56.00000 ideal(neutral)=    56.00000
<DFT>  Total Spin Moment (muB) =  0.000000000000
<DFT>  Mixing_weight= 0.400000000000
<DFT>  Uele   =  -42.211655876670  dUele     =   0.000008206212
<DFT>  NormRD =    0.000206945435  Criterion =   0.000000100000

******************* MD=19  SCF= 3 *******************
<Poisson>  Poisson's equation using FFT...
<Set_Hamiltonian>  Hamiltonian matrix for VNA+dVH+Vxc...
<Band>  Solving the eigenvalue problem...
 KGrids1:  -0.45833  -0.37500  -0.29167  -0.20833  -0.12500  -0.04167   0.04167   0.12500   0.20833   0.29167   0.37500   0.45833 
 KGrids2:  -0.45833  -0.37500  -0.29167  -0.20833  -0.12500  -0.04167   0.04167   0.12500   0.20833   0.29167   0.37500   0.45833 
 KGrids3:  -0.47500  -0.42500  -0.37500  -0.32500  -0.27500  -0.22500  -0.17500  -0.12500  -0.07500  -0.02500   0.02500   0.07500   0.12500   0.17500   0.22500   0.27500   0.32500   0.37500   0.42500   0.47500 
<Band_DFT>  Eigen, time=0.728613
<Band_DFT>  DM, time=1.873429
    1   Sn  MulP   6.9999  6.9999 sum  13.9998
    2   Sn  MulP   7.0004  7.0004 sum  14.0007
    3   Sn  MulP   6.9999  6.9999 sum  13.9997
    4   Sn  MulP   6.9999  6.9999 sum  13.9997
 Sum of MulP: up   =    28.00000 down          =    28.00000
              total=    56.00000 ideal(neutral)=    56.00000
<DFT>  Total Spin Moment (muB) =  0.000000000000
<DFT>  Mixing_weight= 0.040000000000
<DFT>  Uele   =  -42.211650297854  dUele     =   0.000005578816
<DFT>  NormRD =    0.000141736949  Criterion =   0.000000100000

******************* MD=19  SCF= 4 *******************
<Poisson>  Poisson's equation using FFT...
<Set_Hamiltonian>  Hamiltonian matrix for VNA+dVH+Vxc...
<Band>  Solving the eigenvalue problem...
 KGrids1:  -0.45833  -0.37500  -0.29167  -0.20833  -0.12500  -0.04167   0.04167   0.12500   0.20833   0.29167   0.37500   0.45833 
 KGrids2:  -0.45833  -0.37500  -0.29167  -0.20833  -0.12500  -0.04167   0.04167   0.12500   0.20833   0.29167   0.37500   0.45833 
 KGrids3:  -0.47500  -0.42500  -0.37500  -0.32500  -0.27500  -0.22500  -0.17500  -0.12500  -0.07500  -0.02500   0.02500   0.07500   0.12500   0.17500   0.22500   0.27500   0.32500   0.37500   0.42500   0.47500 
<Band_DFT>  Eigen, time=0.730440
<Band_DFT>  DM, time=2.031041
    1   Sn  MulP   6.9999  6.9999 sum  13.9998
    2   Sn  MulP   7.0004  7.0004 sum  14.0007
    3   Sn  MulP   6.9999  6.9999 sum  13.9997
    4   Sn  MulP   6.9999  6.9999 sum  13.9997
 Sum of MulP: up   =    28.00000 down          =    28.00000
              total=    56.00000 ideal(neutral)=    56.00000
<DFT>  Total Spin Moment (muB) =  0.000000000000
<DFT>  Mixing_weight= 0.040000000000
<DFT>  Uele   =  -42.211635445360  dUele     =   0.000014852494
<DFT>  NormRD =    0.000010495708  Criterion =   0.000000100000

******************* MD=19  SCF= 5 *******************
<Poisson>  Poisson's equation using FFT...
<Set_Hamiltonian>  Hamiltonian matrix for VNA+dVH+Vxc...
<Band>  Solving the eigenvalue problem...
 KGrids1:  -0.45833  -0.37500  -0.29167  -0.20833  -0.12500  -0.04167   0.04167   0.12500   0.20833   0.29167   0.37500   0.45833 
 KGrids2:  -0.45833  -0.37500  -0.29167  -0.20833  -0.12500  -0.04167   0.04167   0.12500   0.20833   0.29167   0.37500   0.45833 
 KGrids3:  -0.47500  -0.42500  -0.37500  -0.32500  -0.27500  -0.22500  -0.17500  -0.12500  -0.07500  -0.02500   0.02500   0.07500   0.12500   0.17500   0.22500   0.27500   0.32500   0.37500   0.42500   0.47500 
<Band_DFT>  Eigen, time=0.742944
<Band_DFT>  DM, time=1.695980
    1   Sn  MulP   6.9999  6.9999 sum  13.9998
    2   Sn  MulP   7.0004  7.0004 sum  14.0007
    3   Sn  MulP   6.9999  6.9999 sum  13.9997
    4   Sn  MulP   6.9999  6.9999 sum  13.9997
 Sum of MulP: up   =    28.00000 down          =    28.00000
              total=    56.00000 ideal(neutral)=    56.00000
<DFT>  Total Spin Moment (muB) =  0.000000000000
<DFT>  Mixing_weight= 0.040000000000
<DFT>  Uele   =  -42.211638126428  dUele     =   0.000002681067
<DFT>  NormRD =    0.000005771751  Criterion =   0.000000100000

******************* MD=19  SCF= 6 *******************
<Poisson>  Poisson's equation using FFT...
<Set_Hamiltonian>  Hamiltonian matrix for VNA+dVH+Vxc...
<Band>  Solving the eigenvalue problem...
 KGrids1:  -0.45833  -0.37500  -0.29167  -0.20833  -0.12500  -0.04167   0.04167   0.12500   0.20833   0.29167   0.37500   0.45833 
 KGrids2:  -0.45833  -0.37500  -0.29167  -0.20833  -0.12500  -0.04167   0.04167   0.12500   0.20833   0.29167   0.37500   0.45833 
 KGrids3:  -0.47500  -0.42500  -0.37500  -0.32500  -0.27500  -0.22500  -0.17500  -0.12500  -0.07500  -0.02500   0.02500   0.07500   0.12500   0.17500   0.22500   0.27500   0.32500   0.37500   0.42500   0.47500 
<Band_DFT>  Eigen, time=0.745136
<Band_DFT>  DM, time=2.040285
    1   Sn  MulP   6.9999  6.9999 sum  13.9998
    2   Sn  MulP   7.0004  7.0004 sum  14.0007
    3   Sn  MulP   6.9999  6.9999 sum  13.9997
    4   Sn  MulP   6.9999  6.9999 sum  13.9997
 Sum of MulP: up   =    28.00000 down          =    28.00000
              total=    56.00000 ideal(neutral)=    56.00000
<DFT>  Total Spin Moment (muB) =  0.000000000000
<DFT>  Mixing_weight= 0.040000000000
<DFT>  Uele   =  -42.211637673638  dUele     =   0.000000452789
<DFT>  NormRD =    0.000005047642  Criterion =   0.000000100000

******************* MD=19  SCF= 7 *******************
<Poisson>  Poisson's equation using FFT...
<Set_Hamiltonian>  Hamiltonian matrix for VNA+dVH+Vxc...
<Band>  Solving the eigenvalue problem...
 KGrids1:  -0.45833  -0.37500  -0.29167  -0.20833  -0.12500  -0.04167   0.04167   0.12500   0.20833   0.29167   0.37500   0.45833 
 KGrids2:  -0.45833  -0.37500  -0.29167  -0.20833  -0.12500  -0.04167   0.04167   0.12500   0.20833   0.29167   0.37500   0.45833 
 KGrids3:  -0.47500  -0.42500  -0.37500  -0.32500  -0.27500  -0.22500  -0.17500  -0.12500  -0.07500  -0.02500   0.02500   0.07500   0.12500   0.17500   0.22500   0.27500   0.32500   0.37500   0.42500   0.47500 
<Band_DFT>  Eigen, time=0.749589
<Band_DFT>  DM, time=2.030715
    1   Sn  MulP   6.9999  6.9999 sum  13.9998
    2   Sn  MulP   7.0004  7.0004 sum  14.0007
    3   Sn  MulP   6.9999  6.9999 sum  13.9997
    4   Sn  MulP   6.9999  6.9999 sum  13.9997
 Sum of MulP: up   =    28.00000 down          =    28.00000
              total=    56.00000 ideal(neutral)=    56.00000
<DFT>  Total Spin Moment (muB) =  0.000000000000
<DFT>  Mixing_weight= 0.040000000000
<DFT>  Uele   =  -42.211637452697  dUele     =   0.000000220942
<DFT>  NormRD =    0.000000622704  Criterion =   0.000000100000

******************* MD=19  SCF= 8 *******************
<Poisson>  Poisson's equation using FFT...
<Set_Hamiltonian>  Hamiltonian matrix for VNA+dVH+Vxc...
<Band>  Solving the eigenvalue problem...
 KGrids1:  -0.45833  -0.37500  -0.29167  -0.20833  -0.12500  -0.04167   0.04167   0.12500   0.20833   0.29167   0.37500   0.45833 
 KGrids2:  -0.45833  -0.37500  -0.29167  -0.20833  -0.12500  -0.04167   0.04167   0.12500   0.20833   0.29167   0.37500   0.45833 
 KGrids3:  -0.47500  -0.42500  -0.37500  -0.32500  -0.27500  -0.22500  -0.17500  -0.12500  -0.07500  -0.02500   0.02500   0.07500   0.12500   0.17500   0.22500   0.27500   0.32500   0.37500   0.42500   0.47500 
<Band_DFT>  Eigen, time=0.749868
<Band_DFT>  DM, time=2.041970
    1   Sn  MulP   6.9999  6.9999 sum  13.9998
    2   Sn  MulP   7.0004  7.0004 sum  14.0007
    3   Sn  MulP   6.9999  6.9999 sum  13.9997
    4   Sn  MulP   6.9999  6.9999 sum  13.9997
 Sum of MulP: up   =    28.00000 down          =    28.00000
              total=    56.00000 ideal(neutral)=    56.00000
<DFT>  Total Spin Moment (muB) =  0.000000000000
<DFT>  Mixing_weight= 0.040000000000
<DFT>  Uele   =  -42.211637423951  dUele     =   0.000000028746
<DFT>  NormRD =    0.000000648986  Criterion =   0.000000100000
<MD=19>  Force calculation
  Force calculation #1
  Force calculation #2
  Force calculation #3
  Force calculation #4
  Force calculation #5
  Stress calculation #1
  Stress calculation #2
  Stress calculation #3
  Stress calculation #4
  Stress calculation #5
<MD=19>  Total Energy
  Force calculation #6
  Force calculation #7

*******************************************************
                  Dipole moment (Debye)                 
*******************************************************

 Absolute D      519.69804338

                      Dx                Dy                Dz
 Total           -360.59922595     -362.13760127      -94.39603958
 Core             403.20667716      401.43911513      325.01068161
 Electron        -763.80590310     -763.57671639     -419.40672119
 Back ground       -0.00000000       -0.00000000       -0.00000000

*******************************************************
               Stress tensor (Hartree/bohr^3)            
*******************************************************

      -0.00000005       -0.00000000        0.00000363 
      -0.00000000       -0.00000140       -0.00000000 
       0.00000363       -0.00000000        0.00000095 

*******************************************************
                Total Energy (Hartree) at MD =19        
*******************************************************

  Uele  =     -42.211637423951

  Ukin  =     203.438477758317
  UH0   =   -2703.963427103575
  UH1   =       0.004898293099
  Una   =    -149.420954949660
  Unl   =     -47.913205674817
  Uxc0  =     -25.237138715237
  Uxc1  =     -25.237138715237
  Ucore =    2464.171174827655
  Uhub  =       0.000000000000
  Ucs   =       0.000000000000
  Uzs   =       0.000000000000
  Uzo   =       0.000000000000
  Uef   =       0.000000000000
  UvdW  =       0.000000000000
  Uch   =       0.000000000000
  Utot  =    -284.157314279455

  UpV   =       0.000000000000
  Enpy  =    -284.157314279455
  Note:

  Uele:   band energy
  Ukin:   kinetic energy
  UH0:    electric part of screened Coulomb energy
  UH1:    difference electron-electron Coulomb energy
  Una:    neutral atom potential energy
  Unl:    non-local potential energy
  Uxc0:   exchange-correlation energy for alpha spin
  Uxc1:   exchange-correlation energy for beta spin
  Ucore:  core-core Coulomb energy
  Uhub:   LDA+U energy
  Ucs:    constraint energy for spin orientation
  Uzs:    Zeeman term for spin magnetic moment
  Uzo:    Zeeman term for orbital magnetic moment
  Uef:    electric energy by electric field
  UvdW:   semi-empirical vdW energy 
  Uch:    penalty term to create a core hole
  UpV:    pressure times volume
  Enpy:   Enthalpy = Utot + UpV
  (see also PRB 72, 045121(2005) for the energy contributions)


*******************************************************
           Computational times (s) at MD =19            
*******************************************************

  DFT in total      =   34.23103

  Set_OLP_Kin       =    0.88346
  Set_Nonlocal      =    1.46898
  Set_ProExpn_VNA   =    2.84995
  Set_Hamiltonian   =    2.01635
  Poisson           =    0.00131
  diagonalization   =   21.68719
  Mixing_DM         =    0.00614
  Force             =    2.09965
  Total_Energy      =    0.40814
  Set_Aden_Grid     =    0.02127
  Set_Orbitals_Grid =    0.09906
  Set_Density_Grid  =    0.79162
  RestartFileDFT    =    0.03587
  Mulliken_Charge   =    0.00124
  FFT(2D)_Density   =    0.00214

The SCF was achieved at MD=  19

*******************************************************
             MD or geometry opt. at MD =19              
*******************************************************

<BFGS>  |Maximum force| (Hartree/Bohr) = 0.000588209765
<BFGS>  Criterion       (Hartree/Bohr) = 0.000100000000

     atom=   1, XYZ(ang) Fxyz(a.u.)=  -0.0002    0.0000   -0.0003     0.0004    0.0000   -0.0000
     atom=   2, XYZ(ang) Fxyz(a.u.)=   2.9887    2.9849    1.6166     0.0005    0.0000   -0.0004
     atom=   3, XYZ(ang) Fxyz(a.u.)=   0.0037    2.9849    0.8210     0.0002   -0.0000   -0.0006
     atom=   4, XYZ(ang) Fxyz(a.u.)=   2.9936   -0.0000    2.4011     0.0004   -0.0000   -0.0001

*******************************************************
        Analysis of neighbors and setting of grids        
*******************************************************


*******************************************************
  Allocation of atoms to processors at MD_iter=   20     
*******************************************************

 proc =   0  # of atoms=   1  estimated weight=         1.00000
 proc =   1  # of atoms=   1  estimated weight=         1.00000
 proc =   2  # of atoms=   1  estimated weight=         1.00000
 proc =   3  # of atoms=   1  estimated weight=         1.00000
 proc =   4  # of atoms=   0  estimated weight=         0.00000
 proc =   5  # of atoms=   0  estimated weight=         0.00000
 proc =   6  # of atoms=   0  estimated weight=         0.00000
 proc =   7  # of atoms=   0  estimated weight=         0.00000
 proc =   8  # of atoms=   0  estimated weight=         0.00000
 proc =   9  # of atoms=   0  estimated weight=         0.00000
 proc =  10  # of atoms=   0  estimated weight=         0.00000
 proc =  11  # of atoms=   0  estimated weight=         0.00000
 proc =  12  # of atoms=   0  estimated weight=         0.00000
 proc =  13  # of atoms=   0  estimated weight=         0.00000
 proc =  14  # of atoms=   0  estimated weight=         0.00000
 proc =  15  # of atoms=   0  estimated weight=         0.00000



TFNAN=     256   Average FNAN=  64.00000
TSNAN=       0   Average SNAN=   0.00000
<truncation> CpyCell= 3 ct_AN=   1 FNAN SNAN  64   0
<truncation> CpyCell= 3 ct_AN=   2 FNAN SNAN  64   0
<truncation> CpyCell= 3 ct_AN=   3 FNAN SNAN  64   0
<truncation> CpyCell= 3 ct_AN=   4 FNAN SNAN  64   0
<UCell_Box> Info. of cutoff energy and num. of grids
lattice vectors (bohr)
A  = 11.281295655248,  0.000000000000,  0.028203239138
B  =  0.000000000000, 11.281295655248,  0.000000000000
C  =  0.015204829790,  0.000000000000,  6.081931916162
reciprocal lattice vectors (bohr^-1)
RA =  0.556959481370,  0.000000000000, -0.001392398703
RB =  0.000000000000,  0.556956000374,  0.000000000000
RC = -0.002582742073,  0.000000000000,  1.033096829091
Required cutoff energy (Ryd) for 3D-grids = 200.0000
    Used cutoff energy (Ryd) for 3D-grids = 193.8786, 193.8750, 194.5146
Num. of grids of a-, b-, and c-axes = 50, 50, 27
Cell_Volume =    774.028233187484 (Bohr^3)
GridVol     =      0.011467084936 (Bohr^3)
Cell vectors (bohr) of the grid cell (gtv)
  gtv_a =  0.225625913105,  0.000000000000,  0.000564064783
  gtv_b =  0.000000000000,  0.225625913105,  0.000000000000
  gtv_c =  0.000563141844,  0.000000000000,  0.225256737636
  |gtv_a| =  0.225626618185
  |gtv_b| =  0.225625913105
  |gtv_c| =  0.225257441562
Num. of grids overlapping with atom    1 = 125057
Num. of grids overlapping with atom    2 = 125312
Num. of grids overlapping with atom    3 = 125141
Num. of grids overlapping with atom    4 = 125169

*******************************************************
             SCF calculation at MD =20                
*******************************************************

<MD=20>  Calculation of the overlap matrix
<MD=20>  Calculation of the nonlocal matrix
<MD=20>  Calculation of the VNA projector matrix

******************* MD=20  SCF= 1 *******************
<Restart>  Found restart files
<Poisson>  Poisson's equation using FFT...
<Band>  Solving the eigenvalue problem...
 KGrids1:  -0.45833  -0.37500  -0.29167  -0.20833  -0.12500  -0.04167   0.04167   0.12500   0.20833   0.29167   0.37500   0.45833 
 KGrids2:  -0.45833  -0.37500  -0.29167  -0.20833  -0.12500  -0.04167   0.04167   0.12500   0.20833   0.29167   0.37500   0.45833 
 KGrids3:  -0.47500  -0.42500  -0.37500  -0.32500  -0.27500  -0.22500  -0.17500  -0.12500  -0.07500  -0.02500   0.02500   0.07500   0.12500   0.17500   0.22500   0.27500   0.32500   0.37500   0.42500   0.47500 
<Band_DFT>  Eigen, time=0.779682
<Band_DFT>  DM, time=2.013600
    1   Sn  MulP   6.9999  6.9999 sum  13.9998
    2   Sn  MulP   7.0003  7.0003 sum  14.0007
    3   Sn  MulP   6.9999  6.9999 sum  13.9997
    4   Sn  MulP   6.9999  6.9999 sum  13.9998
 Sum of MulP: up   =    28.00000 down          =    28.00000
              total=    56.00000 ideal(neutral)=    56.00000
<DFT>  Total Spin Moment (muB) =  0.000000000000
<DFT>  Mixing_weight= 0.400000000000
<DFT>  Uele   =  -42.211610312576  dUele     =   1.000000000000
<DFT>  NormRD =    1.000000000000  Criterion =   0.000000100000

******************* MD=20  SCF= 2 *******************
<Poisson>  Poisson's equation using FFT...
<Set_Hamiltonian>  Hamiltonian matrix for VNA+dVH+Vxc...
<Band>  Solving the eigenvalue problem...
 KGrids1:  -0.45833  -0.37500  -0.29167  -0.20833  -0.12500  -0.04167   0.04167   0.12500   0.20833   0.29167   0.37500   0.45833 
 KGrids2:  -0.45833  -0.37500  -0.29167  -0.20833  -0.12500  -0.04167   0.04167   0.12500   0.20833   0.29167   0.37500   0.45833 
 KGrids3:  -0.47500  -0.42500  -0.37500  -0.32500  -0.27500  -0.22500  -0.17500  -0.12500  -0.07500  -0.02500   0.02500   0.07500   0.12500   0.17500   0.22500   0.27500   0.32500   0.37500   0.42500   0.47500 
<Band_DFT>  Eigen, time=0.799748
<Band_DFT>  DM, time=1.993975
    1   Sn  MulP   6.9999  6.9999 sum  13.9998
    2   Sn  MulP   7.0003  7.0003 sum  14.0007
    3   Sn  MulP   6.9999  6.9999 sum  13.9997
    4   Sn  MulP   6.9999  6.9999 sum  13.9998
 Sum of MulP: up   =    28.00000 down          =    28.00000
              total=    56.00000 ideal(neutral)=    56.00000
<DFT>  Total Spin Moment (muB) =  0.000000000000
<DFT>  Mixing_weight= 0.400000000000
<DFT>  Uele   =  -42.211615287706  dUele     =   0.000004975130
<DFT>  NormRD =    0.000128031865  Criterion =   0.000000100000

******************* MD=20  SCF= 3 *******************
<Poisson>  Poisson's equation using FFT...
<Set_Hamiltonian>  Hamiltonian matrix for VNA+dVH+Vxc...
<Band>  Solving the eigenvalue problem...
 KGrids1:  -0.45833  -0.37500  -0.29167  -0.20833  -0.12500  -0.04167   0.04167   0.12500   0.20833   0.29167   0.37500   0.45833 
 KGrids2:  -0.45833  -0.37500  -0.29167  -0.20833  -0.12500  -0.04167   0.04167   0.12500   0.20833   0.29167   0.37500   0.45833 
 KGrids3:  -0.47500  -0.42500  -0.37500  -0.32500  -0.27500  -0.22500  -0.17500  -0.12500  -0.07500  -0.02500   0.02500   0.07500   0.12500   0.17500   0.22500   0.27500   0.32500   0.37500   0.42500   0.47500 
<Band_DFT>  Eigen, time=0.743871
<Band_DFT>  DM, time=2.012095
    1   Sn  MulP   6.9999  6.9999 sum  13.9998
    2   Sn  MulP   7.0003  7.0003 sum  14.0007
    3   Sn  MulP   6.9999  6.9999 sum  13.9998
    4   Sn  MulP   6.9999  6.9999 sum  13.9998
 Sum of MulP: up   =    28.00000 down          =    28.00000
              total=    56.00000 ideal(neutral)=    56.00000
<DFT>  Total Spin Moment (muB) =  0.000000000000
<DFT>  Mixing_weight= 0.040000000000
<DFT>  Uele   =  -42.211618565151  dUele     =   0.000003277445
<DFT>  NormRD =    0.000088175235  Criterion =   0.000000100000

******************* MD=20  SCF= 4 *******************
<Poisson>  Poisson's equation using FFT...
<Set_Hamiltonian>  Hamiltonian matrix for VNA+dVH+Vxc...
<Band>  Solving the eigenvalue problem...
 KGrids1:  -0.45833  -0.37500  -0.29167  -0.20833  -0.12500  -0.04167   0.04167   0.12500   0.20833   0.29167   0.37500   0.45833 
 KGrids2:  -0.45833  -0.37500  -0.29167  -0.20833  -0.12500  -0.04167   0.04167   0.12500   0.20833   0.29167   0.37500   0.45833 
 KGrids3:  -0.47500  -0.42500  -0.37500  -0.32500  -0.27500  -0.22500  -0.17500  -0.12500  -0.07500  -0.02500   0.02500   0.07500   0.12500   0.17500   0.22500   0.27500   0.32500   0.37500   0.42500   0.47500 
<Band_DFT>  Eigen, time=0.790001
<Band_DFT>  DM, time=1.987501
    1   Sn  MulP   6.9999  6.9999 sum  13.9998
    2   Sn  MulP   7.0003  7.0003 sum  14.0007
    3   Sn  MulP   6.9999  6.9999 sum  13.9998
    4   Sn  MulP   6.9999  6.9999 sum  13.9998
 Sum of MulP: up   =    28.00000 down          =    28.00000
              total=    56.00000 ideal(neutral)=    56.00000
<DFT>  Total Spin Moment (muB) =  0.000000000000
<DFT>  Mixing_weight= 0.040000000000
<DFT>  Uele   =  -42.211626545152  dUele     =   0.000007980002
<DFT>  NormRD =    0.000008127560  Criterion =   0.000000100000

******************* MD=20  SCF= 5 *******************
<Poisson>  Poisson's equation using FFT...
<Set_Hamiltonian>  Hamiltonian matrix for VNA+dVH+Vxc...
<Band>  Solving the eigenvalue problem...
 KGrids1:  -0.45833  -0.37500  -0.29167  -0.20833  -0.12500  -0.04167   0.04167   0.12500   0.20833   0.29167   0.37500   0.45833 
 KGrids2:  -0.45833  -0.37500  -0.29167  -0.20833  -0.12500  -0.04167   0.04167   0.12500   0.20833   0.29167   0.37500   0.45833 
 KGrids3:  -0.47500  -0.42500  -0.37500  -0.32500  -0.27500  -0.22500  -0.17500  -0.12500  -0.07500  -0.02500   0.02500   0.07500   0.12500   0.17500   0.22500   0.27500   0.32500   0.37500   0.42500   0.47500 
<Band_DFT>  Eigen, time=0.740554
<Band_DFT>  DM, time=2.034310
    1   Sn  MulP   6.9999  6.9999 sum  13.9998
    2   Sn  MulP   7.0003  7.0003 sum  14.0007
    3   Sn  MulP   6.9999  6.9999 sum  13.9998
    4   Sn  MulP   6.9999  6.9999 sum  13.9998
 Sum of MulP: up   =    28.00000 down          =    28.00000
              total=    56.00000 ideal(neutral)=    56.00000
<DFT>  Total Spin Moment (muB) =  0.000000000000
<DFT>  Mixing_weight= 0.040000000000
<DFT>  Uele   =  -42.211625321749  dUele     =   0.000001223403
<DFT>  NormRD =    0.000007454261  Criterion =   0.000000100000

******************* MD=20  SCF= 6 *******************
<Poisson>  Poisson's equation using FFT...
<Set_Hamiltonian>  Hamiltonian matrix for VNA+dVH+Vxc...
<Band>  Solving the eigenvalue problem...
 KGrids1:  -0.45833  -0.37500  -0.29167  -0.20833  -0.12500  -0.04167   0.04167   0.12500   0.20833   0.29167   0.37500   0.45833 
 KGrids2:  -0.45833  -0.37500  -0.29167  -0.20833  -0.12500  -0.04167   0.04167   0.12500   0.20833   0.29167   0.37500   0.45833 
 KGrids3:  -0.47500  -0.42500  -0.37500  -0.32500  -0.27500  -0.22500  -0.17500  -0.12500  -0.07500  -0.02500   0.02500   0.07500   0.12500   0.17500   0.22500   0.27500   0.32500   0.37500   0.42500   0.47500 
<Band_DFT>  Eigen, time=0.735088
<Band_DFT>  DM, time=2.032085
    1   Sn  MulP   6.9999  6.9999 sum  13.9998
    2   Sn  MulP   7.0003  7.0003 sum  14.0007
    3   Sn  MulP   6.9999  6.9999 sum  13.9998
    4   Sn  MulP   6.9999  6.9999 sum  13.9998
 Sum of MulP: up   =    28.00000 down          =    28.00000
              total=    56.00000 ideal(neutral)=    56.00000
<DFT>  Total Spin Moment (muB) =  0.000000000000
<DFT>  Mixing_weight= 0.040000000000
<DFT>  Uele   =  -42.211625369680  dUele     =   0.000000047930
<DFT>  NormRD =    0.000003547939  Criterion =   0.000000100000
<MD=20>  Force calculation
  Force calculation #1
  Force calculation #2
  Force calculation #3
  Force calculation #4
  Force calculation #5
  Stress calculation #1
  Stress calculation #2
  Stress calculation #3
  Stress calculation #4
  Stress calculation #5
<MD=20>  Total Energy
  Force calculation #6
  Force calculation #7

*******************************************************
                  Dipole moment (Debye)                 
*******************************************************

 Absolute D      520.57247087

                      Dx                Dy                Dz
 Total           -361.90556657     -362.13821980      -94.21235627
 Core             402.51379969      401.43895215      325.35962378
 Electron        -764.41936626     -763.57717196     -419.57198005
 Back ground       -0.00000000       -0.00000000       -0.00000000

*******************************************************
               Stress tensor (Hartree/bohr^3)            
*******************************************************

       0.00000013        0.00000000        0.00000352 
       0.00000000       -0.00000008       -0.00000000 
       0.00000352       -0.00000000        0.00000129 

*******************************************************
                Total Energy (Hartree) at MD =20        
*******************************************************

  Uele  =     -42.211625369680

  Ukin  =     203.438433663977
  UH0   =   -2703.964473306441
  UH1   =       0.004898377285
  Una   =    -149.420924345854
  Unl   =     -47.913190667243
  Uxc0  =     -25.237137585460
  Uxc1  =     -25.237137585460
  Ucore =    2464.172212865605
  Uhub  =       0.000000000000
  Ucs   =       0.000000000000
  Uzs   =       0.000000000000
  Uzo   =       0.000000000000
  Uef   =       0.000000000000
  UvdW  =       0.000000000000
  Uch   =       0.000000000000
  Utot  =    -284.157318583592

  UpV   =       0.000000000000
  Enpy  =    -284.157318583592
  Note:

  Uele:   band energy
  Ukin:   kinetic energy
  UH0:    electric part of screened Coulomb energy
  UH1:    difference electron-electron Coulomb energy
  Una:    neutral atom potential energy
  Unl:    non-local potential energy
  Uxc0:   exchange-correlation energy for alpha spin
  Uxc1:   exchange-correlation energy for beta spin
  Ucore:  core-core Coulomb energy
  Uhub:   LDA+U energy
  Ucs:    constraint energy for spin orientation
  Uzs:    Zeeman term for spin magnetic moment
  Uzo:    Zeeman term for orbital magnetic moment
  Uef:    electric energy by electric field
  UvdW:   semi-empirical vdW energy 
  Uch:    penalty term to create a core hole
  UpV:    pressure times volume
  Enpy:   Enthalpy = Utot + UpV
  (see also PRB 72, 045121(2005) for the energy contributions)


*******************************************************
           Computational times (s) at MD =20            
*******************************************************

  DFT in total      =   28.93539

  Set_OLP_Kin       =    0.80464
  Set_Nonlocal      =    1.35640
  Set_ProExpn_VNA   =    2.80154
  Set_Hamiltonian   =    1.40202
  Poisson           =    0.00089
  diagonalization   =   17.01089
  Mixing_DM         =    0.00469
  Force             =    2.50760
  Total_Energy      =    0.40779
  Set_Aden_Grid     =    0.02916
  Set_Orbitals_Grid =    0.09967
  Set_Density_Grid  =    0.51272
  RestartFileDFT    =    0.03884
  Mulliken_Charge   =    0.00098
  FFT(2D)_Density   =    0.00180

The SCF was achieved at MD=  20

*******************************************************
             MD or geometry opt. at MD =20              
*******************************************************

<BFGS>  |Maximum force| (Hartree/Bohr) = 0.000275086136
<BFGS>  Criterion       (Hartree/Bohr) = 0.000100000000

     atom=   1, XYZ(ang) Fxyz(a.u.)=   0.0001    0.0000   -0.0003    -0.0001    0.0000   -0.0000
     atom=   2, XYZ(ang) Fxyz(a.u.)=   2.9892    2.9849    1.6164     0.0000    0.0000    0.0001
     atom=   3, XYZ(ang) Fxyz(a.u.)=   0.0042    2.9849    0.8214     0.0002   -0.0000   -0.0001
     atom=   4, XYZ(ang) Fxyz(a.u.)=   2.9939   -0.0000    2.3998    -0.0001    0.0000    0.0003

*******************************************************
        Analysis of neighbors and setting of grids        
*******************************************************


*******************************************************
  Allocation of atoms to processors at MD_iter=   21     
*******************************************************

 proc =   0  # of atoms=   1  estimated weight=         1.00000
 proc =   1  # of atoms=   1  estimated weight=         1.00000
 proc =   2  # of atoms=   1  estimated weight=         1.00000
 proc =   3  # of atoms=   1  estimated weight=         1.00000
 proc =   4  # of atoms=   0  estimated weight=         0.00000
 proc =   5  # of atoms=   0  estimated weight=         0.00000
 proc =   6  # of atoms=   0  estimated weight=         0.00000
 proc =   7  # of atoms=   0  estimated weight=         0.00000
 proc =   8  # of atoms=   0  estimated weight=         0.00000
 proc =   9  # of atoms=   0  estimated weight=         0.00000
 proc =  10  # of atoms=   0  estimated weight=         0.00000
 proc =  11  # of atoms=   0  estimated weight=         0.00000
 proc =  12  # of atoms=   0  estimated weight=         0.00000
 proc =  13  # of atoms=   0  estimated weight=         0.00000
 proc =  14  # of atoms=   0  estimated weight=         0.00000
 proc =  15  # of atoms=   0  estimated weight=         0.00000



TFNAN=     256   Average FNAN=  64.00000
TSNAN=       0   Average SNAN=   0.00000
<truncation> CpyCell= 3 ct_AN=   1 FNAN SNAN  64   0
<truncation> CpyCell= 3 ct_AN=   2 FNAN SNAN  64   0
<truncation> CpyCell= 3 ct_AN=   3 FNAN SNAN  64   0
<truncation> CpyCell= 3 ct_AN=   4 FNAN SNAN  64   0
<UCell_Box> Info. of cutoff energy and num. of grids
lattice vectors (bohr)
A  = 11.281295655248,  0.000000000000,  0.028203239138
B  =  0.000000000000, 11.281295655248,  0.000000000000
C  =  0.015204829790,  0.000000000000,  6.081931916162
reciprocal lattice vectors (bohr^-1)
RA =  0.556959481370,  0.000000000000, -0.001392398703
RB =  0.000000000000,  0.556956000374,  0.000000000000
RC = -0.002582742073,  0.000000000000,  1.033096829091
Required cutoff energy (Ryd) for 3D-grids = 200.0000
    Used cutoff energy (Ryd) for 3D-grids = 193.8786, 193.8750, 194.5146
Num. of grids of a-, b-, and c-axes = 50, 50, 27
Cell_Volume =    774.028233187484 (Bohr^3)
GridVol     =      0.011467084936 (Bohr^3)
Cell vectors (bohr) of the grid cell (gtv)
  gtv_a =  0.225625913105,  0.000000000000,  0.000564064783
  gtv_b =  0.000000000000,  0.225625913105,  0.000000000000
  gtv_c =  0.000563141844,  0.000000000000,  0.225256737636
  |gtv_a| =  0.225626618185
  |gtv_b| =  0.225625913105
  |gtv_c| =  0.225257441562
Num. of grids overlapping with atom    1 = 125063
Num. of grids overlapping with atom    2 = 125302
Num. of grids overlapping with atom    3 = 125139
Num. of grids overlapping with atom    4 = 125153

*******************************************************
             SCF calculation at MD =21                
*******************************************************

<MD=21>  Calculation of the overlap matrix
<MD=21>  Calculation of the nonlocal matrix
<MD=21>  Calculation of the VNA projector matrix

******************* MD=21  SCF= 1 *******************
<Restart>  Found restart files
<Poisson>  Poisson's equation using FFT...
<Band>  Solving the eigenvalue problem...
 KGrids1:  -0.45833  -0.37500  -0.29167  -0.20833  -0.12500  -0.04167   0.04167   0.12500   0.20833   0.29167   0.37500   0.45833 
 KGrids2:  -0.45833  -0.37500  -0.29167  -0.20833  -0.12500  -0.04167   0.04167   0.12500   0.20833   0.29167   0.37500   0.45833 
 KGrids3:  -0.47500  -0.42500  -0.37500  -0.32500  -0.27500  -0.22500  -0.17500  -0.12500  -0.07500  -0.02500   0.02500   0.07500   0.12500   0.17500   0.22500   0.27500   0.32500   0.37500   0.42500   0.47500 
<Band_DFT>  Eigen, time=0.740219
<Band_DFT>  DM, time=2.043316
    1   Sn  MulP   6.9999  6.9999 sum  13.9998
    2   Sn  MulP   7.0004  7.0004 sum  14.0007
    3   Sn  MulP   6.9999  6.9999 sum  13.9998
    4   Sn  MulP   6.9999  6.9999 sum  13.9997
 Sum of MulP: up   =    28.00000 down          =    28.00000
              total=    56.00000 ideal(neutral)=    56.00000
<DFT>  Total Spin Moment (muB) =  0.000000000000
<DFT>  Mixing_weight= 0.400000000000
<DFT>  Uele   =  -42.211616507514  dUele     =   1.000000000000
<DFT>  NormRD =    1.000000000000  Criterion =   0.000000100000

******************* MD=21  SCF= 2 *******************
<Poisson>  Poisson's equation using FFT...
<Set_Hamiltonian>  Hamiltonian matrix for VNA+dVH+Vxc...
<Band>  Solving the eigenvalue problem...
 KGrids1:  -0.45833  -0.37500  -0.29167  -0.20833  -0.12500  -0.04167   0.04167   0.12500   0.20833   0.29167   0.37500   0.45833 
 KGrids2:  -0.45833  -0.37500  -0.29167  -0.20833  -0.12500  -0.04167   0.04167   0.12500   0.20833   0.29167   0.37500   0.45833 
 KGrids3:  -0.47500  -0.42500  -0.37500  -0.32500  -0.27500  -0.22500  -0.17500  -0.12500  -0.07500  -0.02500   0.02500   0.07500   0.12500   0.17500   0.22500   0.27500   0.32500   0.37500   0.42500   0.47500 
<Band_DFT>  Eigen, time=0.789719
<Band_DFT>  DM, time=2.001893
    1   Sn  MulP   6.9999  6.9999 sum  13.9998
    2   Sn  MulP   7.0004  7.0004 sum  14.0007
    3   Sn  MulP   6.9999  6.9999 sum  13.9997
    4   Sn  MulP   6.9999  6.9999 sum  13.9997
 Sum of MulP: up   =    28.00000 down          =    28.00000
              total=    56.00000 ideal(neutral)=    56.00000
<DFT>  Total Spin Moment (muB) =  0.000000000000
<DFT>  Mixing_weight= 0.400000000000
<DFT>  Uele   =  -42.211616845924  dUele     =   0.000000338409
<DFT>  NormRD =    0.000121904259  Criterion =   0.000000100000

******************* MD=21  SCF= 3 *******************
<Poisson>  Poisson's equation using FFT...
<Set_Hamiltonian>  Hamiltonian matrix for VNA+dVH+Vxc...
<Band>  Solving the eigenvalue problem...
 KGrids1:  -0.45833  -0.37500  -0.29167  -0.20833  -0.12500  -0.04167   0.04167   0.12500   0.20833   0.29167   0.37500   0.45833 
 KGrids2:  -0.45833  -0.37500  -0.29167  -0.20833  -0.12500  -0.04167   0.04167   0.12500   0.20833   0.29167   0.37500   0.45833 
 KGrids3:  -0.47500  -0.42500  -0.37500  -0.32500  -0.27500  -0.22500  -0.17500  -0.12500  -0.07500  -0.02500   0.02500   0.07500   0.12500   0.17500   0.22500   0.27500   0.32500   0.37500   0.42500   0.47500 
<Band_DFT>  Eigen, time=0.741124
<Band_DFT>  DM, time=2.040056
    1   Sn  MulP   6.9999  6.9999 sum  13.9998
    2   Sn  MulP   7.0004  7.0004 sum  14.0007
    3   Sn  MulP   6.9999  6.9999 sum  13.9997
    4   Sn  MulP   6.9999  6.9999 sum  13.9997
 Sum of MulP: up   =    28.00000 down          =    28.00000
              total=    56.00000 ideal(neutral)=    56.00000
<DFT>  Total Spin Moment (muB) =  0.000000000000
<DFT>  Mixing_weight= 0.040000000000
<DFT>  Uele   =  -42.211617118568  dUele     =   0.000000272644
<DFT>  NormRD =    0.000083321817  Criterion =   0.000000100000

******************* MD=21  SCF= 4 *******************
<Poisson>  Poisson's equation using FFT...
<Set_Hamiltonian>  Hamiltonian matrix for VNA+dVH+Vxc...
<Band>  Solving the eigenvalue problem...
 KGrids1:  -0.45833  -0.37500  -0.29167  -0.20833  -0.12500  -0.04167   0.04167   0.12500   0.20833   0.29167   0.37500   0.45833 
 KGrids2:  -0.45833  -0.37500  -0.29167  -0.20833  -0.12500  -0.04167   0.04167   0.12500   0.20833   0.29167   0.37500   0.45833 
 KGrids3:  -0.47500  -0.42500  -0.37500  -0.32500  -0.27500  -0.22500  -0.17500  -0.12500  -0.07500  -0.02500   0.02500   0.07500   0.12500   0.17500   0.22500   0.27500   0.32500   0.37500   0.42500   0.47500 
<Band_DFT>  Eigen, time=0.742579
<Band_DFT>  DM, time=2.044741
    1   Sn  MulP   6.9999  6.9999 sum  13.9998
    2   Sn  MulP   7.0004  7.0004 sum  14.0007
    3   Sn  MulP   6.9999  6.9999 sum  13.9997
    4   Sn  MulP   6.9999  6.9999 sum  13.9997
 Sum of MulP: up   =    28.00000 down          =    28.00000
              total=    56.00000 ideal(neutral)=    56.00000
<DFT>  Total Spin Moment (muB) =  0.000000000000
<DFT>  Mixing_weight= 0.040000000000
<DFT>  Uele   =  -42.211618273749  dUele     =   0.000001155181
<DFT>  NormRD =    0.000011770983  Criterion =   0.000000100000

******************* MD=21  SCF= 5 *******************
<Poisson>  Poisson's equation using FFT...
<Set_Hamiltonian>  Hamiltonian matrix for VNA+dVH+Vxc...
<Band>  Solving the eigenvalue problem...
 KGrids1:  -0.45833  -0.37500  -0.29167  -0.20833  -0.12500  -0.04167   0.04167   0.12500   0.20833   0.29167   0.37500   0.45833 
 KGrids2:  -0.45833  -0.37500  -0.29167  -0.20833  -0.12500  -0.04167   0.04167   0.12500   0.20833   0.29167   0.37500   0.45833 
 KGrids3:  -0.47500  -0.42500  -0.37500  -0.32500  -0.27500  -0.22500  -0.17500  -0.12500  -0.07500  -0.02500   0.02500   0.07500   0.12500   0.17500   0.22500   0.27500   0.32500   0.37500   0.42500   0.47500 
<Band_DFT>  Eigen, time=0.747418
<Band_DFT>  DM, time=2.047932
    1   Sn  MulP   6.9999  6.9999 sum  13.9998
    2   Sn  MulP   7.0004  7.0004 sum  14.0007
    3   Sn  MulP   6.9999  6.9999 sum  13.9997
    4   Sn  MulP   6.9999  6.9999 sum  13.9997
 Sum of MulP: up   =    28.00000 down          =    28.00000
              total=    56.00000 ideal(neutral)=    56.00000
<DFT>  Total Spin Moment (muB) =  0.000000000000
<DFT>  Mixing_weight= 0.040000000000
<DFT>  Uele   =  -42.211617999246  dUele     =   0.000000274503
<DFT>  NormRD =    0.000010638873  Criterion =   0.000000100000

******************* MD=21  SCF= 6 *******************
<Poisson>  Poisson's equation using FFT...
<Set_Hamiltonian>  Hamiltonian matrix for VNA+dVH+Vxc...
<Band>  Solving the eigenvalue problem...
 KGrids1:  -0.45833  -0.37500  -0.29167  -0.20833  -0.12500  -0.04167   0.04167   0.12500   0.20833   0.29167   0.37500   0.45833 
 KGrids2:  -0.45833  -0.37500  -0.29167  -0.20833  -0.12500  -0.04167   0.04167   0.12500   0.20833   0.29167   0.37500   0.45833 
 KGrids3:  -0.47500  -0.42500  -0.37500  -0.32500  -0.27500  -0.22500  -0.17500  -0.12500  -0.07500  -0.02500   0.02500   0.07500   0.12500   0.17500   0.22500   0.27500   0.32500   0.37500   0.42500   0.47500 
<Band_DFT>  Eigen, time=0.743160
<Band_DFT>  DM, time=2.043566
    1   Sn  MulP   6.9999  6.9999 sum  13.9998
    2   Sn  MulP   7.0004  7.0004 sum  14.0007
    3   Sn  MulP   6.9999  6.9999 sum  13.9997
    4   Sn  MulP   6.9999  6.9999 sum  13.9997
 Sum of MulP: up   =    28.00000 down          =    28.00000
              total=    56.00000 ideal(neutral)=    56.00000
<DFT>  Total Spin Moment (muB) =  0.000000000000
<DFT>  Mixing_weight= 0.040000000000
<DFT>  Uele   =  -42.211617981113  dUele     =   0.000000018133
<DFT>  NormRD =    0.000001628492  Criterion =   0.000000100000
<MD=21>  Force calculation
  Force calculation #1
  Force calculation #2
  Force calculation #3
  Force calculation #4
  Force calculation #5
  Stress calculation #1
  Stress calculation #2
  Stress calculation #3
  Stress calculation #4
  Stress calculation #5
<MD=21>  Total Energy
  Force calculation #6
  Force calculation #7

*******************************************************
                  Dipole moment (Debye)                 
*******************************************************

 Absolute D      520.37965249

                      Dx                Dy                Dz
 Total           -361.61917942     -362.13808913      -94.24731401
 Core             402.62281750      401.43898092      325.29131123
 Electron        -764.24199692     -763.57707006     -419.53862524
 Back ground       -0.00000000       -0.00000000       -0.00000000

*******************************************************
               Stress tensor (Hartree/bohr^3)            
*******************************************************

      -0.00000001        0.00000000        0.00000345 
       0.00000000       -0.00000028       -0.00000000 
       0.00000345       -0.00000000        0.00000126 

*******************************************************
                Total Energy (Hartree) at MD =21        
*******************************************************

  Uele  =     -42.211617981113

  Ukin  =     203.438474514901
  UH0   =   -2703.963957380973
  UH1   =       0.004898301935
  Una   =    -149.420943981610
  Unl   =     -47.913208871436
  Uxc0  =     -25.237139593545
  Uxc1  =     -25.237139593545
  Ucore =    2464.171697450371
  Uhub  =       0.000000000000
  Ucs   =       0.000000000000
  Uzs   =       0.000000000000
  Uzo   =       0.000000000000
  Uef   =       0.000000000000
  UvdW  =       0.000000000000
  Uch   =       0.000000000000
  Utot  =    -284.157319153901

  UpV   =       0.000000000000
  Enpy  =    -284.157319153901
  Note:

  Uele:   band energy
  Ukin:   kinetic energy
  UH0:    electric part of screened Coulomb energy
  UH1:    difference electron-electron Coulomb energy
  Una:    neutral atom potential energy
  Unl:    non-local potential energy
  Uxc0:   exchange-correlation energy for alpha spin
  Uxc1:   exchange-correlation energy for beta spin
  Ucore:  core-core Coulomb energy
  Uhub:   LDA+U energy
  Ucs:    constraint energy for spin orientation
  Uzs:    Zeeman term for spin magnetic moment
  Uzo:    Zeeman term for orbital magnetic moment
  Uef:    electric energy by electric field
  UvdW:   semi-empirical vdW energy 
  Uch:    penalty term to create a core hole
  UpV:    pressure times volume
  Enpy:   Enthalpy = Utot + UpV
  (see also PRB 72, 045121(2005) for the energy contributions)


*******************************************************
           Computational times (s) at MD =21            
*******************************************************

  DFT in total      =   28.53209

  Set_OLP_Kin       =    0.69518
  Set_Nonlocal      =    1.47633
  Set_ProExpn_VNA   =    2.89125
  Set_Hamiltonian   =    1.46879
  Poisson           =    0.00106
  diagonalization   =   17.08608
  Mixing_DM         =    0.00467
  Force             =    1.97385
  Total_Energy      =    0.42045
  Set_Aden_Grid     =    0.00898
  Set_Orbitals_Grid =    0.10017
  Set_Density_Grid  =    0.53597
  RestartFileDFT    =    0.00290
  Mulliken_Charge   =    0.00101
  FFT(2D)_Density   =    0.00179

The SCF was achieved at MD=  21

*******************************************************
             MD or geometry opt. at MD =21              
*******************************************************

<BFGS>  |Maximum force| (Hartree/Bohr) = 0.000431979122
<BFGS>  Criterion       (Hartree/Bohr) = 0.000100000000

     atom=   1, XYZ(ang) Fxyz(a.u.)=  -0.0032   -0.0000   -0.0004     0.0000    0.0000   -0.0000
     atom=   2, XYZ(ang) Fxyz(a.u.)=   2.9855    2.9849    1.6190     0.0002    0.0000   -0.0000
     atom=   3, XYZ(ang) Fxyz(a.u.)=  -0.0004    2.9849    0.8165     0.0003   -0.0000   -0.0000
     atom=   4, XYZ(ang) Fxyz(a.u.)=   2.9918    0.0000    2.4103    -0.0001   -0.0000    0.0004

*******************************************************
        Analysis of neighbors and setting of grids        
*******************************************************


*******************************************************
  Allocation of atoms to processors at MD_iter=   22     
*******************************************************

 proc =   0  # of atoms=   1  estimated weight=         1.00000
 proc =   1  # of atoms=   1  estimated weight=         1.00000
 proc =   2  # of atoms=   1  estimated weight=         1.00000
 proc =   3  # of atoms=   1  estimated weight=         1.00000
 proc =   4  # of atoms=   0  estimated weight=         0.00000
 proc =   5  # of atoms=   0  estimated weight=         0.00000
 proc =   6  # of atoms=   0  estimated weight=         0.00000
 proc =   7  # of atoms=   0  estimated weight=         0.00000
 proc =   8  # of atoms=   0  estimated weight=         0.00000
 proc =   9  # of atoms=   0  estimated weight=         0.00000
 proc =  10  # of atoms=   0  estimated weight=         0.00000
 proc =  11  # of atoms=   0  estimated weight=         0.00000
 proc =  12  # of atoms=   0  estimated weight=         0.00000
 proc =  13  # of atoms=   0  estimated weight=         0.00000
 proc =  14  # of atoms=   0  estimated weight=         0.00000
 proc =  15  # of atoms=   0  estimated weight=         0.00000



TFNAN=     256   Average FNAN=  64.00000
TSNAN=       0   Average SNAN=   0.00000
<truncation> CpyCell= 3 ct_AN=   1 FNAN SNAN  64   0
<truncation> CpyCell= 3 ct_AN=   2 FNAN SNAN  64   0
<truncation> CpyCell= 3 ct_AN=   3 FNAN SNAN  64   0
<truncation> CpyCell= 3 ct_AN=   4 FNAN SNAN  64   0
<UCell_Box> Info. of cutoff energy and num. of grids
lattice vectors (bohr)
A  = 11.281295655248,  0.000000000000,  0.028203239138
B  =  0.000000000000, 11.281295655248,  0.000000000000
C  =  0.015204829790,  0.000000000000,  6.081931916162
reciprocal lattice vectors (bohr^-1)
RA =  0.556959481370,  0.000000000000, -0.001392398703
RB =  0.000000000000,  0.556956000374,  0.000000000000
RC = -0.002582742073,  0.000000000000,  1.033096829091
Required cutoff energy (Ryd) for 3D-grids = 200.0000
    Used cutoff energy (Ryd) for 3D-grids = 193.8786, 193.8750, 194.5146
Num. of grids of a-, b-, and c-axes = 50, 50, 27
Cell_Volume =    774.028233187484 (Bohr^3)
GridVol     =      0.011467084936 (Bohr^3)
Cell vectors (bohr) of the grid cell (gtv)
  gtv_a =  0.225625913105,  0.000000000000,  0.000564064783
  gtv_b =  0.000000000000,  0.225625913105,  0.000000000000
  gtv_c =  0.000563141844,  0.000000000000,  0.225256737636
  |gtv_a| =  0.225626618185
  |gtv_b| =  0.225625913105
  |gtv_c| =  0.225257441562
Num. of grids overlapping with atom    1 = 125093
Num. of grids overlapping with atom    2 = 125296
Num. of grids overlapping with atom    3 = 125184
Num. of grids overlapping with atom    4 = 125178

*******************************************************
             SCF calculation at MD =22                
*******************************************************

<MD=22>  Calculation of the overlap matrix
<MD=22>  Calculation of the nonlocal matrix
<MD=22>  Calculation of the VNA projector matrix

******************* MD=22  SCF= 1 *******************
<Restart>  Found restart files
<Poisson>  Poisson's equation using FFT...
<Band>  Solving the eigenvalue problem...
 KGrids1:  -0.45833  -0.37500  -0.29167  -0.20833  -0.12500  -0.04167   0.04167   0.12500   0.20833   0.29167   0.37500   0.45833 
 KGrids2:  -0.45833  -0.37500  -0.29167  -0.20833  -0.12500  -0.04167   0.04167   0.12500   0.20833   0.29167   0.37500   0.45833 
 KGrids3:  -0.47500  -0.42500  -0.37500  -0.32500  -0.27500  -0.22500  -0.17500  -0.12500  -0.07500  -0.02500   0.02500   0.07500   0.12500   0.17500   0.22500   0.27500   0.32500   0.37500   0.42500   0.47500 
<Band_DFT>  Eigen, time=0.739822
<Band_DFT>  DM, time=2.034841
    1   Sn  MulP   6.9999  6.9999 sum  13.9999
    2   Sn  MulP   7.0002  7.0002 sum  14.0004
    3   Sn  MulP   6.9999  6.9999 sum  13.9998
    4   Sn  MulP   7.0000  7.0000 sum  13.9999
 Sum of MulP: up   =    28.00000 down          =    28.00000
              total=    56.00000 ideal(neutral)=    56.00000
<DFT>  Total Spin Moment (muB) =  0.000000000000
<DFT>  Mixing_weight= 0.400000000000
<DFT>  Uele   =  -42.211686093394  dUele     =   1.000000000000
<DFT>  NormRD =    1.000000000000  Criterion =   0.000000100000

******************* MD=22  SCF= 2 *******************
<Poisson>  Poisson's equation using FFT...
<Set_Hamiltonian>  Hamiltonian matrix for VNA+dVH+Vxc...
<Band>  Solving the eigenvalue problem...
 KGrids1:  -0.45833  -0.37500  -0.29167  -0.20833  -0.12500  -0.04167   0.04167   0.12500   0.20833   0.29167   0.37500   0.45833 
 KGrids2:  -0.45833  -0.37500  -0.29167  -0.20833  -0.12500  -0.04167   0.04167   0.12500   0.20833   0.29167   0.37500   0.45833 
 KGrids3:  -0.47500  -0.42500  -0.37500  -0.32500  -0.27500  -0.22500  -0.17500  -0.12500  -0.07500  -0.02500   0.02500   0.07500   0.12500   0.17500   0.22500   0.27500   0.32500   0.37500   0.42500   0.47500 
<Band_DFT>  Eigen, time=0.745373
<Band_DFT>  DM, time=2.037361
    1   Sn  MulP   6.9999  6.9999 sum  13.9999
    2   Sn  MulP   7.0002  7.0002 sum  14.0004
    3   Sn  MulP   6.9999  6.9999 sum  13.9998
    4   Sn  MulP   6.9999  6.9999 sum  13.9999
 Sum of MulP: up   =    28.00000 down          =    28.00000
              total=    56.00000 ideal(neutral)=    56.00000
<DFT>  Total Spin Moment (muB) =  0.000000000000
<DFT>  Mixing_weight= 0.400000000000
<DFT>  Uele   =  -42.211699737536  dUele     =   0.000013644142
<DFT>  NormRD =    0.000302830100  Criterion =   0.000000100000

******************* MD=22  SCF= 3 *******************
<Poisson>  Poisson's equation using FFT...
<Set_Hamiltonian>  Hamiltonian matrix for VNA+dVH+Vxc...
<Band>  Solving the eigenvalue problem...
 KGrids1:  -0.45833  -0.37500  -0.29167  -0.20833  -0.12500  -0.04167   0.04167   0.12500   0.20833   0.29167   0.37500   0.45833 
 KGrids2:  -0.45833  -0.37500  -0.29167  -0.20833  -0.12500  -0.04167   0.04167   0.12500   0.20833   0.29167   0.37500   0.45833 
 KGrids3:  -0.47500  -0.42500  -0.37500  -0.32500  -0.27500  -0.22500  -0.17500  -0.12500  -0.07500  -0.02500   0.02500   0.07500   0.12500   0.17500   0.22500   0.27500   0.32500   0.37500   0.42500   0.47500 
<Band_DFT>  Eigen, time=0.743006
<Band_DFT>  DM, time=1.770689
    1   Sn  MulP   6.9999  6.9999 sum  13.9999
    2   Sn  MulP   7.0002  7.0002 sum  14.0004
    3   Sn  MulP   6.9999  6.9999 sum  13.9998
    4   Sn  MulP   6.9999  6.9999 sum  13.9999
 Sum of MulP: up   =    28.00000 down          =    28.00000
              total=    56.00000 ideal(neutral)=    56.00000
<DFT>  Total Spin Moment (muB) =  0.000000000000
<DFT>  Mixing_weight= 0.040000000000
<DFT>  Uele   =  -42.211708505910  dUele     =   0.000008768375
<DFT>  NormRD =    0.000201775135  Criterion =   0.000000100000

******************* MD=22  SCF= 4 *******************
<Poisson>  Poisson's equation using FFT...
<Set_Hamiltonian>  Hamiltonian matrix for VNA+dVH+Vxc...
<Band>  Solving the eigenvalue problem...
 KGrids1:  -0.45833  -0.37500  -0.29167  -0.20833  -0.12500  -0.04167   0.04167   0.12500   0.20833   0.29167   0.37500   0.45833 
 KGrids2:  -0.45833  -0.37500  -0.29167  -0.20833  -0.12500  -0.04167   0.04167   0.12500   0.20833   0.29167   0.37500   0.45833 
 KGrids3:  -0.47500  -0.42500  -0.37500  -0.32500  -0.27500  -0.22500  -0.17500  -0.12500  -0.07500  -0.02500   0.02500   0.07500   0.12500   0.17500   0.22500   0.27500   0.32500   0.37500   0.42500   0.47500 
<Band_DFT>  Eigen, time=0.513159
<Band_DFT>  DM, time=1.389179
    1   Sn  MulP   6.9999  6.9999 sum  13.9999
    2   Sn  MulP   7.0002  7.0002 sum  14.0004
    3   Sn  MulP   6.9999  6.9999 sum  13.9998
    4   Sn  MulP   6.9999  6.9999 sum  13.9999
 Sum of MulP: up   =    28.00000 down          =    28.00000
              total=    56.00000 ideal(neutral)=    56.00000
<DFT>  Total Spin Moment (muB) =  0.000000000000
<DFT>  Mixing_weight= 0.040000000000
<DFT>  Uele   =  -42.211727064454  dUele     =   0.000018558544
<DFT>  NormRD =    0.000017133260  Criterion =   0.000000100000

******************* MD=22  SCF= 5 *******************
<Poisson>  Poisson's equation using FFT...
<Set_Hamiltonian>  Hamiltonian matrix for VNA+dVH+Vxc...
<Band>  Solving the eigenvalue problem...
 KGrids1:  -0.45833  -0.37500  -0.29167  -0.20833  -0.12500  -0.04167   0.04167   0.12500   0.20833   0.29167   0.37500   0.45833 
 KGrids2:  -0.45833  -0.37500  -0.29167  -0.20833  -0.12500  -0.04167   0.04167   0.12500   0.20833   0.29167   0.37500   0.45833 
 KGrids3:  -0.47500  -0.42500  -0.37500  -0.32500  -0.27500  -0.22500  -0.17500  -0.12500  -0.07500  -0.02500   0.02500   0.07500   0.12500   0.17500   0.22500   0.27500   0.32500   0.37500   0.42500   0.47500 
<Band_DFT>  Eigen, time=0.515962
<Band_DFT>  DM, time=1.391252
    1   Sn  MulP   6.9999  6.9999 sum  13.9999
    2   Sn  MulP   7.0002  7.0002 sum  14.0004
    3   Sn  MulP   6.9999  6.9999 sum  13.9998
    4   Sn  MulP   6.9999  6.9999 sum  13.9999
 Sum of MulP: up   =    28.00000 down          =    28.00000
              total=    56.00000 ideal(neutral)=    56.00000
<DFT>  Total Spin Moment (muB) =  0.000000000000
<DFT>  Mixing_weight= 0.040000000000
<DFT>  Uele   =  -42.211724831505  dUele     =   0.000002232949
<DFT>  NormRD =    0.000011016237  Criterion =   0.000000100000

******************* MD=22  SCF= 6 *******************
<Poisson>  Poisson's equation using FFT...
<Set_Hamiltonian>  Hamiltonian matrix for VNA+dVH+Vxc...
<Band>  Solving the eigenvalue problem...
 KGrids1:  -0.45833  -0.37500  -0.29167  -0.20833  -0.12500  -0.04167   0.04167   0.12500   0.20833   0.29167   0.37500   0.45833 
 KGrids2:  -0.45833  -0.37500  -0.29167  -0.20833  -0.12500  -0.04167   0.04167   0.12500   0.20833   0.29167   0.37500   0.45833 
 KGrids3:  -0.47500  -0.42500  -0.37500  -0.32500  -0.27500  -0.22500  -0.17500  -0.12500  -0.07500  -0.02500   0.02500   0.07500   0.12500   0.17500   0.22500   0.27500   0.32500   0.37500   0.42500   0.47500 
<Band_DFT>  Eigen, time=0.513774
<Band_DFT>  DM, time=1.387012
    1   Sn  MulP   6.9999  6.9999 sum  13.9999
    2   Sn  MulP   7.0002  7.0002 sum  14.0004
    3   Sn  MulP   6.9999  6.9999 sum  13.9998
    4   Sn  MulP   6.9999  6.9999 sum  13.9999
 Sum of MulP: up   =    28.00000 down          =    28.00000
              total=    56.00000 ideal(neutral)=    56.00000
<DFT>  Total Spin Moment (muB) =  0.000000000000
<DFT>  Mixing_weight= 0.040000000000
<DFT>  Uele   =  -42.211724852202  dUele     =   0.000000020697
<DFT>  NormRD =    0.000009237764  Criterion =   0.000000100000
<MD=22>  Force calculation
  Force calculation #1
  Force calculation #2
  Force calculation #3
  Force calculation #4
  Force calculation #5
  Stress calculation #1
  Stress calculation #2
  Stress calculation #3
  Stress calculation #4
  Stress calculation #5
<MD=22>  Total Energy
  Force calculation #6
  Force calculation #7

*******************************************************
                  Dipole moment (Debye)                 
*******************************************************

 Absolute D      522.13692529

                      Dx                Dy                Dz
 Total           -364.20946518     -362.13924595      -93.98723728
 Core             401.70364273      401.43874634      325.82798710
 Electron        -765.91310791     -763.57799229     -419.81522438
 Back ground       -0.00000000       -0.00000000       -0.00000000

*******************************************************
               Stress tensor (Hartree/bohr^3)            
*******************************************************

      -0.00000120       -0.00000000        0.00000346 
      -0.00000000       -0.00000074        0.00000000 
       0.00000346        0.00000000       -0.00000139 

*******************************************************
                Total Energy (Hartree) at MD =22        
*******************************************************

  Uele  =     -42.211724852202

  Ukin  =     203.438026553277
  UH0   =   -2703.967595899090
  UH1   =       0.004899122272
  Una   =    -149.420729693125
  Unl   =     -47.913007904024
  Uxc0  =     -25.237115171802
  Uxc1  =     -25.237115171802
  Ucore =    2464.175333723207
  Uhub  =       0.000000000000
  Ucs   =       0.000000000000
  Uzs   =       0.000000000000
  Uzo   =       0.000000000000
  Uef   =       0.000000000000
  UvdW  =       0.000000000000
  Uch   =       0.000000000000
  Utot  =    -284.157304441089

  UpV   =       0.000000000000
  Enpy  =    -284.157304441089
  Note:

  Uele:   band energy
  Ukin:   kinetic energy
  UH0:    electric part of screened Coulomb energy
  UH1:    difference electron-electron Coulomb energy
  Una:    neutral atom potential energy
  Unl:    non-local potential energy
  Uxc0:   exchange-correlation energy for alpha spin
  Uxc1:   exchange-correlation energy for beta spin
  Ucore:  core-core Coulomb energy
  Uhub:   LDA+U energy
  Ucs:    constraint energy for spin orientation
  Uzs:    Zeeman term for spin magnetic moment
  Uzo:    Zeeman term for orbital magnetic moment
  Uef:    electric energy by electric field
  UvdW:   semi-empirical vdW energy 
  Uch:    penalty term to create a core hole
  UpV:    pressure times volume
  Enpy:   Enthalpy = Utot + UpV
  (see also PRB 72, 045121(2005) for the energy contributions)


*******************************************************
           Computational times (s) at MD =22            
*******************************************************

  DFT in total      =   25.61986

  Set_OLP_Kin       =    0.79871
  Set_Nonlocal      =    1.41586
  Set_ProExpn_VNA   =    2.90340
  Set_Hamiltonian   =    1.46301
  Poisson           =    0.00103
  diagonalization   =   14.11096
  Mixing_DM         =    0.00409
  Force             =    2.14912
  Total_Energy      =    0.29737
  Set_Aden_Grid     =    0.16239
  Set_Orbitals_Grid =    0.09816
  Set_Density_Grid  =    0.55287
  RestartFileDFT    =    0.03845
  Mulliken_Charge   =    0.00104
  FFT(2D)_Density   =    0.00159

The SCF was achieved at MD=  22

*******************************************************
             MD or geometry opt. at MD =22              
*******************************************************

<BFGS>  |Maximum force| (Hartree/Bohr) = 0.000928072337
<BFGS>  Criterion       (Hartree/Bohr) = 0.000100000000

     atom=   1, XYZ(ang) Fxyz(a.u.)=   0.0001    0.0000   -0.0002    -0.0003   -0.0000   -0.0000
     atom=   2, XYZ(ang) Fxyz(a.u.)=   2.9891    2.9849    1.6164    -0.0004   -0.0000    0.0003
     atom=   3, XYZ(ang) Fxyz(a.u.)=   0.0039    2.9849    0.8212    -0.0002    0.0000   -0.0009
     atom=   4, XYZ(ang) Fxyz(a.u.)=   2.9938   -0.0000    2.4005    -0.0000    0.0000    0.0009

*******************************************************
        Analysis of neighbors and setting of grids        
*******************************************************


*******************************************************
  Allocation of atoms to processors at MD_iter=   23     
*******************************************************

 proc =   0  # of atoms=   1  estimated weight=         1.00000
 proc =   1  # of atoms=   1  estimated weight=         1.00000
 proc =   2  # of atoms=   1  estimated weight=         1.00000
 proc =   3  # of atoms=   1  estimated weight=         1.00000
 proc =   4  # of atoms=   0  estimated weight=         0.00000
 proc =   5  # of atoms=   0  estimated weight=         0.00000
 proc =   6  # of atoms=   0  estimated weight=         0.00000
 proc =   7  # of atoms=   0  estimated weight=         0.00000
 proc =   8  # of atoms=   0  estimated weight=         0.00000
 proc =   9  # of atoms=   0  estimated weight=         0.00000
 proc =  10  # of atoms=   0  estimated weight=         0.00000
 proc =  11  # of atoms=   0  estimated weight=         0.00000
 proc =  12  # of atoms=   0  estimated weight=         0.00000
 proc =  13  # of atoms=   0  estimated weight=         0.00000
 proc =  14  # of atoms=   0  estimated weight=         0.00000
 proc =  15  # of atoms=   0  estimated weight=         0.00000



TFNAN=     256   Average FNAN=  64.00000
TSNAN=       0   Average SNAN=   0.00000
<truncation> CpyCell= 3 ct_AN=   1 FNAN SNAN  64   0
<truncation> CpyCell= 3 ct_AN=   2 FNAN SNAN  64   0
<truncation> CpyCell= 3 ct_AN=   3 FNAN SNAN  64   0
<truncation> CpyCell= 3 ct_AN=   4 FNAN SNAN  64   0
<UCell_Box> Info. of cutoff energy and num. of grids
lattice vectors (bohr)
A  = 11.281295655248,  0.000000000000,  0.028203239138
B  =  0.000000000000, 11.281295655248,  0.000000000000
C  =  0.015204829790,  0.000000000000,  6.081931916162
reciprocal lattice vectors (bohr^-1)
RA =  0.556959481370,  0.000000000000, -0.001392398703
RB =  0.000000000000,  0.556956000374,  0.000000000000
RC = -0.002582742073,  0.000000000000,  1.033096829091
Required cutoff energy (Ryd) for 3D-grids = 200.0000
    Used cutoff energy (Ryd) for 3D-grids = 193.8786, 193.8750, 194.5146
Num. of grids of a-, b-, and c-axes = 50, 50, 27
Cell_Volume =    774.028233187484 (Bohr^3)
GridVol     =      0.011467084936 (Bohr^3)
Cell vectors (bohr) of the grid cell (gtv)
  gtv_a =  0.225625913105,  0.000000000000,  0.000564064783
  gtv_b =  0.000000000000,  0.225625913105,  0.000000000000
  gtv_c =  0.000563141844,  0.000000000000,  0.225256737636
  |gtv_a| =  0.225626618185
  |gtv_b| =  0.225625913105
  |gtv_c| =  0.225257441562
Num. of grids overlapping with atom    1 = 125067
Num. of grids overlapping with atom    2 = 125304
Num. of grids overlapping with atom    3 = 125143
Num. of grids overlapping with atom    4 = 125152

*******************************************************
             SCF calculation at MD =23                
*******************************************************

<MD=23>  Calculation of the overlap matrix
<MD=23>  Calculation of the nonlocal matrix
<MD=23>  Calculation of the VNA projector matrix

******************* MD=23  SCF= 1 *******************
<Restart>  Found restart files
<Poisson>  Poisson's equation using FFT...
<Band>  Solving the eigenvalue problem...
 KGrids1:  -0.45833  -0.37500  -0.29167  -0.20833  -0.12500  -0.04167   0.04167   0.12500   0.20833   0.29167   0.37500   0.45833 
 KGrids2:  -0.45833  -0.37500  -0.29167  -0.20833  -0.12500  -0.04167   0.04167   0.12500   0.20833   0.29167   0.37500   0.45833 
 KGrids3:  -0.47500  -0.42500  -0.37500  -0.32500  -0.27500  -0.22500  -0.17500  -0.12500  -0.07500  -0.02500   0.02500   0.07500   0.12500   0.17500   0.22500   0.27500   0.32500   0.37500   0.42500   0.47500 
<Band_DFT>  Eigen, time=0.735464
<Band_DFT>  DM, time=1.979266
    1   Sn  MulP   6.9999  6.9999 sum  13.9998
    2   Sn  MulP   7.0003  7.0003 sum  14.0007
    3   Sn  MulP   6.9999  6.9999 sum  13.9998
    4   Sn  MulP   6.9999  6.9999 sum  13.9997
 Sum of MulP: up   =    28.00000 down          =    28.00000
              total=    56.00000 ideal(neutral)=    56.00000
<DFT>  Total Spin Moment (muB) =  0.000000000000
<DFT>  Mixing_weight= 0.400000000000
<DFT>  Uele   =  -42.211629240037  dUele     =   1.000000000000
<DFT>  NormRD =    1.000000000000  Criterion =   0.000000100000

******************* MD=23  SCF= 2 *******************
<Poisson>  Poisson's equation using FFT...
<Set_Hamiltonian>  Hamiltonian matrix for VNA+dVH+Vxc...
<Band>  Solving the eigenvalue problem...
 KGrids1:  -0.45833  -0.37500  -0.29167  -0.20833  -0.12500  -0.04167   0.04167   0.12500   0.20833   0.29167   0.37500   0.45833 
 KGrids2:  -0.45833  -0.37500  -0.29167  -0.20833  -0.12500  -0.04167   0.04167   0.12500   0.20833   0.29167   0.37500   0.45833 
 KGrids3:  -0.47500  -0.42500  -0.37500  -0.32500  -0.27500  -0.22500  -0.17500  -0.12500  -0.07500  -0.02500   0.02500   0.07500   0.12500   0.17500   0.22500   0.27500   0.32500   0.37500   0.42500   0.47500 
<Band_DFT>  Eigen, time=0.734298
<Band_DFT>  DM, time=2.029583
    1   Sn  MulP   6.9999  6.9999 sum  13.9998
    2   Sn  MulP   7.0003  7.0003 sum  14.0007
    3   Sn  MulP   6.9999  6.9999 sum  13.9998
    4   Sn  MulP   6.9999  6.9999 sum  13.9998
 Sum of MulP: up   =    28.00000 down          =    28.00000
              total=    56.00000 ideal(neutral)=    56.00000
<DFT>  Total Spin Moment (muB) =  0.000000000000
<DFT>  Mixing_weight= 0.400000000000
<DFT>  Uele   =  -42.211626958421  dUele     =   0.000002281615
<DFT>  NormRD =    0.000076578049  Criterion =   0.000000100000

******************* MD=23  SCF= 3 *******************
<Poisson>  Poisson's equation using FFT...
<Set_Hamiltonian>  Hamiltonian matrix for VNA+dVH+Vxc...
<Band>  Solving the eigenvalue problem...
 KGrids1:  -0.45833  -0.37500  -0.29167  -0.20833  -0.12500  -0.04167   0.04167   0.12500   0.20833   0.29167   0.37500   0.45833 
 KGrids2:  -0.45833  -0.37500  -0.29167  -0.20833  -0.12500  -0.04167   0.04167   0.12500   0.20833   0.29167   0.37500   0.45833 
 KGrids3:  -0.47500  -0.42500  -0.37500  -0.32500  -0.27500  -0.22500  -0.17500  -0.12500  -0.07500  -0.02500   0.02500   0.07500   0.12500   0.17500   0.22500   0.27500   0.32500   0.37500   0.42500   0.47500 
<Band_DFT>  Eigen, time=0.734916
<Band_DFT>  DM, time=2.030049
    1   Sn  MulP   6.9999  6.9999 sum  13.9998
    2   Sn  MulP   7.0003  7.0003 sum  14.0007
    3   Sn  MulP   6.9999  6.9999 sum  13.9997
    4   Sn  MulP   6.9999  6.9999 sum  13.9998
 Sum of MulP: up   =    28.00000 down          =    28.00000
              total=    56.00000 ideal(neutral)=    56.00000
<DFT>  Total Spin Moment (muB) =  0.000000000000
<DFT>  Mixing_weight= 0.040000000000
<DFT>  Uele   =  -42.211625441613  dUele     =   0.000001516808
<DFT>  NormRD =    0.000052428723  Criterion =   0.000000100000

******************* MD=23  SCF= 4 *******************
<Poisson>  Poisson's equation using FFT...
<Set_Hamiltonian>  Hamiltonian matrix for VNA+dVH+Vxc...
<Band>  Solving the eigenvalue problem...
 KGrids1:  -0.45833  -0.37500  -0.29167  -0.20833  -0.12500  -0.04167   0.04167   0.12500   0.20833   0.29167   0.37500   0.45833 
 KGrids2:  -0.45833  -0.37500  -0.29167  -0.20833  -0.12500  -0.04167   0.04167   0.12500   0.20833   0.29167   0.37500   0.45833 
 KGrids3:  -0.47500  -0.42500  -0.37500  -0.32500  -0.27500  -0.22500  -0.17500  -0.12500  -0.07500  -0.02500   0.02500   0.07500   0.12500   0.17500   0.22500   0.27500   0.32500   0.37500   0.42500   0.47500 
<Band_DFT>  Eigen, time=0.734663
<Band_DFT>  DM, time=2.050348
    1   Sn  MulP   6.9999  6.9999 sum  13.9998
    2   Sn  MulP   7.0003  7.0003 sum  14.0007
    3   Sn  MulP   6.9999  6.9999 sum  13.9997
    4   Sn  MulP   6.9999  6.9999 sum  13.9998
 Sum of MulP: up   =    28.00000 down          =    28.00000
              total=    56.00000 ideal(neutral)=    56.00000
<DFT>  Total Spin Moment (muB) =  0.000000000000
<DFT>  Mixing_weight= 0.040000000000
<DFT>  Uele   =  -42.211621608983  dUele     =   0.000003832630
<DFT>  NormRD =    0.000005798078  Criterion =   0.000000100000

******************* MD=23  SCF= 5 *******************
<Poisson>  Poisson's equation using FFT...
<Set_Hamiltonian>  Hamiltonian matrix for VNA+dVH+Vxc...
<Band>  Solving the eigenvalue problem...
 KGrids1:  -0.45833  -0.37500  -0.29167  -0.20833  -0.12500  -0.04167   0.04167   0.12500   0.20833   0.29167   0.37500   0.45833 
 KGrids2:  -0.45833  -0.37500  -0.29167  -0.20833  -0.12500  -0.04167   0.04167   0.12500   0.20833   0.29167   0.37500   0.45833 
 KGrids3:  -0.47500  -0.42500  -0.37500  -0.32500  -0.27500  -0.22500  -0.17500  -0.12500  -0.07500  -0.02500   0.02500   0.07500   0.12500   0.17500   0.22500   0.27500   0.32500   0.37500   0.42500   0.47500 
<Band_DFT>  Eigen, time=0.792636
<Band_DFT>  DM, time=1.989998
    1   Sn  MulP   6.9999  6.9999 sum  13.9998
    2   Sn  MulP   7.0003  7.0003 sum  14.0007
    3   Sn  MulP   6.9999  6.9999 sum  13.9997
    4   Sn  MulP   6.9999  6.9999 sum  13.9998
 Sum of MulP: up   =    28.00000 down          =    28.00000
              total=    56.00000 ideal(neutral)=    56.00000
<DFT>  Total Spin Moment (muB) =  0.000000000000
<DFT>  Mixing_weight= 0.040000000000
<DFT>  Uele   =  -42.211622258638  dUele     =   0.000000649654
<DFT>  NormRD =    0.000007163697  Criterion =   0.000000100000

******************* MD=23  SCF= 6 *******************
<Poisson>  Poisson's equation using FFT...
<Set_Hamiltonian>  Hamiltonian matrix for VNA+dVH+Vxc...
<Band>  Solving the eigenvalue problem...
 KGrids1:  -0.45833  -0.37500  -0.29167  -0.20833  -0.12500  -0.04167   0.04167   0.12500   0.20833   0.29167   0.37500   0.45833 
 KGrids2:  -0.45833  -0.37500  -0.29167  -0.20833  -0.12500  -0.04167   0.04167   0.12500   0.20833   0.29167   0.37500   0.45833 
 KGrids3:  -0.47500  -0.42500  -0.37500  -0.32500  -0.27500  -0.22500  -0.17500  -0.12500  -0.07500  -0.02500   0.02500   0.07500   0.12500   0.17500   0.22500   0.27500   0.32500   0.37500   0.42500   0.47500 
<Band_DFT>  Eigen, time=0.747544
<Band_DFT>  DM, time=2.046295
    1   Sn  MulP   6.9999  6.9999 sum  13.9998
    2   Sn  MulP   7.0003  7.0003 sum  14.0007
    3   Sn  MulP   6.9999  6.9999 sum  13.9997
    4   Sn  MulP   6.9999  6.9999 sum  13.9998
 Sum of MulP: up   =    28.00000 down          =    28.00000
              total=    56.00000 ideal(neutral)=    56.00000
<DFT>  Total Spin Moment (muB) =  0.000000000000
<DFT>  Mixing_weight= 0.040000000000
<DFT>  Uele   =  -42.211622243061  dUele     =   0.000000015576
<DFT>  NormRD =    0.000000917538  Criterion =   0.000000100000
<MD=23>  Force calculation
  Force calculation #1
  Force calculation #2
  Force calculation #3
  Force calculation #4
  Force calculation #5
  Stress calculation #1
  Stress calculation #2
  Stress calculation #3
  Stress calculation #4
  Stress calculation #5
<MD=23>  Total Energy
  Force calculation #6
  Force calculation #7

*******************************************************
                  Dipole moment (Debye)                 
*******************************************************

 Absolute D      520.46240760

                      Dx                Dy                Dz
 Total           -361.74344463     -362.13823960      -94.22681894
 Core             402.58434548      401.43896387      325.32059528
 Electron        -764.32779011     -763.57720347     -419.54741422
 Back ground       -0.00000000       -0.00000000       -0.00000000

*******************************************************
               Stress tensor (Hartree/bohr^3)            
*******************************************************

       0.00000006        0.00000000        0.00000352 
       0.00000000       -0.00000019       -0.00000000 
       0.00000352       -0.00000000        0.00000130 

*******************************************************
                Total Energy (Hartree) at MD =23        
*******************************************************

  Uele  =     -42.211622243061

  Ukin  =     203.438456169586
  UH0   =   -2703.964211371527
  UH1   =       0.004898336089
  Una   =    -149.420935816537
  Unl   =     -47.913200432861
  Uxc0  =     -25.237138710350
  Uxc1  =     -25.237138710350
  Ucore =    2464.171951657153
  Uhub  =       0.000000000000
  Ucs   =       0.000000000000
  Uzs   =       0.000000000000
  Uzo   =       0.000000000000
  Uef   =       0.000000000000
  UvdW  =       0.000000000000
  Uch   =       0.000000000000
  Utot  =    -284.157318878797

  UpV   =       0.000000000000
  Enpy  =    -284.157318878797
  Note:

  Uele:   band energy
  Ukin:   kinetic energy
  UH0:    electric part of screened Coulomb energy
  UH1:    difference electron-electron Coulomb energy
  Una:    neutral atom potential energy
  Unl:    non-local potential energy
  Uxc0:   exchange-correlation energy for alpha spin
  Uxc1:   exchange-correlation energy for beta spin
  Ucore:  core-core Coulomb energy
  Uhub:   LDA+U energy
  Ucs:    constraint energy for spin orientation
  Uzs:    Zeeman term for spin magnetic moment
  Uzo:    Zeeman term for orbital magnetic moment
  Uef:    electric energy by electric field
  UvdW:   semi-empirical vdW energy 
  Uch:    penalty term to create a core hole
  UpV:    pressure times volume
  Enpy:   Enthalpy = Utot + UpV
  (see also PRB 72, 045121(2005) for the energy contributions)


*******************************************************
           Computational times (s) at MD =23            
*******************************************************

  DFT in total      =   28.04103

  Set_OLP_Kin       =    0.84469
  Set_Nonlocal      =    0.93515
  Set_ProExpn_VNA   =    2.66211
  Set_Hamiltonian   =    1.46300
  Poisson           =    0.00119
  diagonalization   =   16.95221
  Mixing_DM         =    0.00468
  Force             =    2.06896
  Total_Energy      =    0.32030
  Set_Aden_Grid     =    0.16673
  Set_Orbitals_Grid =    0.10328
  Set_Density_Grid  =    0.55993
  RestartFileDFT    =    0.02674
  Mulliken_Charge   =    0.00099
  FFT(2D)_Density   =    0.00175

The SCF was achieved at MD=  23

*******************************************************
             MD or geometry opt. at MD =23              
*******************************************************

<BFGS>  |Maximum force| (Hartree/Bohr) = 0.000435998829
<BFGS>  Criterion       (Hartree/Bohr) = 0.000100000000

     atom=   1, XYZ(ang) Fxyz(a.u.)=   0.0008    0.0000   -0.0002     0.0000    0.0000   -0.0000
     atom=   2, XYZ(ang) Fxyz(a.u.)=   2.9900    2.9849    1.6157     0.0002    0.0000   -0.0000
     atom=   3, XYZ(ang) Fxyz(a.u.)=   0.0047    2.9849    0.8222     0.0002   -0.0000   -0.0000
     atom=   4, XYZ(ang) Fxyz(a.u.)=   2.9942   -0.0000    2.3986    -0.0001    0.0000    0.0004

*******************************************************
        Analysis of neighbors and setting of grids        
*******************************************************


*******************************************************
  Allocation of atoms to processors at MD_iter=   24     
*******************************************************

 proc =   0  # of atoms=   1  estimated weight=         1.00000
 proc =   1  # of atoms=   1  estimated weight=         1.00000
 proc =   2  # of atoms=   1  estimated weight=         1.00000
 proc =   3  # of atoms=   1  estimated weight=         1.00000
 proc =   4  # of atoms=   0  estimated weight=         0.00000
 proc =   5  # of atoms=   0  estimated weight=         0.00000
 proc =   6  # of atoms=   0  estimated weight=         0.00000
 proc =   7  # of atoms=   0  estimated weight=         0.00000
 proc =   8  # of atoms=   0  estimated weight=         0.00000
 proc =   9  # of atoms=   0  estimated weight=         0.00000
 proc =  10  # of atoms=   0  estimated weight=         0.00000
 proc =  11  # of atoms=   0  estimated weight=         0.00000
 proc =  12  # of atoms=   0  estimated weight=         0.00000
 proc =  13  # of atoms=   0  estimated weight=         0.00000
 proc =  14  # of atoms=   0  estimated weight=         0.00000
 proc =  15  # of atoms=   0  estimated weight=         0.00000



TFNAN=     256   Average FNAN=  64.00000
TSNAN=       0   Average SNAN=   0.00000
<truncation> CpyCell= 3 ct_AN=   1 FNAN SNAN  64   0
<truncation> CpyCell= 3 ct_AN=   2 FNAN SNAN  64   0
<truncation> CpyCell= 3 ct_AN=   3 FNAN SNAN  64   0
<truncation> CpyCell= 3 ct_AN=   4 FNAN SNAN  64   0
<UCell_Box> Info. of cutoff energy and num. of grids
lattice vectors (bohr)
A  = 11.281295655248,  0.000000000000,  0.028203239138
B  =  0.000000000000, 11.281295655248,  0.000000000000
C  =  0.015204829790,  0.000000000000,  6.081931916162
reciprocal lattice vectors (bohr^-1)
RA =  0.556959481370,  0.000000000000, -0.001392398703
RB =  0.000000000000,  0.556956000374,  0.000000000000
RC = -0.002582742073,  0.000000000000,  1.033096829091
Required cutoff energy (Ryd) for 3D-grids = 200.0000
    Used cutoff energy (Ryd) for 3D-grids = 193.8786, 193.8750, 194.5146
Num. of grids of a-, b-, and c-axes = 50, 50, 27
Cell_Volume =    774.028233187484 (Bohr^3)
GridVol     =      0.011467084936 (Bohr^3)
Cell vectors (bohr) of the grid cell (gtv)
  gtv_a =  0.225625913105,  0.000000000000,  0.000564064783
  gtv_b =  0.000000000000,  0.225625913105,  0.000000000000
  gtv_c =  0.000563141844,  0.000000000000,  0.225256737636
  |gtv_a| =  0.225626618185
  |gtv_b| =  0.225625913105
  |gtv_c| =  0.225257441562
Num. of grids overlapping with atom    1 = 125069
Num. of grids overlapping with atom    2 = 125294
Num. of grids overlapping with atom    3 = 125125
Num. of grids overlapping with atom    4 = 125136

*******************************************************
             SCF calculation at MD =24                
*******************************************************

<MD=24>  Calculation of the overlap matrix
<MD=24>  Calculation of the nonlocal matrix
<MD=24>  Calculation of the VNA projector matrix

******************* MD=24  SCF= 1 *******************
<Restart>  Found restart files
<Poisson>  Poisson's equation using FFT...
<Band>  Solving the eigenvalue problem...
 KGrids1:  -0.45833  -0.37500  -0.29167  -0.20833  -0.12500  -0.04167   0.04167   0.12500   0.20833   0.29167   0.37500   0.45833 
 KGrids2:  -0.45833  -0.37500  -0.29167  -0.20833  -0.12500  -0.04167   0.04167   0.12500   0.20833   0.29167   0.37500   0.45833 
 KGrids3:  -0.47500  -0.42500  -0.37500  -0.32500  -0.27500  -0.22500  -0.17500  -0.12500  -0.07500  -0.02500   0.02500   0.07500   0.12500   0.17500   0.22500   0.27500   0.32500   0.37500   0.42500   0.47500 
<Band_DFT>  Eigen, time=0.796915
<Band_DFT>  DM, time=1.983583
    1   Sn  MulP   6.9999  6.9999 sum  13.9998
    2   Sn  MulP   7.0004  7.0004 sum  14.0008
    3   Sn  MulP   6.9999  6.9999 sum  13.9997
    4   Sn  MulP   6.9999  6.9999 sum  13.9997
 Sum of MulP: up   =    28.00000 down          =    28.00000
              total=    56.00000 ideal(neutral)=    56.00000
<DFT>  Total Spin Moment (muB) =  0.000000000000
<DFT>  Mixing_weight= 0.400000000000
<DFT>  Uele   =  -42.211613055882  dUele     =   1.000000000000
<DFT>  NormRD =    1.000000000000  Criterion =   0.000000100000

******************* MD=24  SCF= 2 *******************
<Poisson>  Poisson's equation using FFT...
<Set_Hamiltonian>  Hamiltonian matrix for VNA+dVH+Vxc...
<Band>  Solving the eigenvalue problem...
 KGrids1:  -0.45833  -0.37500  -0.29167  -0.20833  -0.12500  -0.04167   0.04167   0.12500   0.20833   0.29167   0.37500   0.45833 
 KGrids2:  -0.45833  -0.37500  -0.29167  -0.20833  -0.12500  -0.04167   0.04167   0.12500   0.20833   0.29167   0.37500   0.45833 
 KGrids3:  -0.47500  -0.42500  -0.37500  -0.32500  -0.27500  -0.22500  -0.17500  -0.12500  -0.07500  -0.02500   0.02500   0.07500   0.12500   0.17500   0.22500   0.27500   0.32500   0.37500   0.42500   0.47500 
<Band_DFT>  Eigen, time=0.793700
<Band_DFT>  DM, time=1.857069
    1   Sn  MulP   6.9999  6.9999 sum  13.9998
    2   Sn  MulP   7.0004  7.0004 sum  14.0008
    3   Sn  MulP   6.9999  6.9999 sum  13.9997
    4   Sn  MulP   6.9999  6.9999 sum  13.9997
 Sum of MulP: up   =    28.00000 down          =    28.00000
              total=    56.00000 ideal(neutral)=    56.00000
<DFT>  Total Spin Moment (muB) =  0.000000000000
<DFT>  Mixing_weight= 0.400000000000
<DFT>  Uele   =  -42.211613694615  dUele     =   0.000000638733
<DFT>  NormRD =    0.000042951506  Criterion =   0.000000100000

******************* MD=24  SCF= 3 *******************
<Poisson>  Poisson's equation using FFT...
<Set_Hamiltonian>  Hamiltonian matrix for VNA+dVH+Vxc...
<Band>  Solving the eigenvalue problem...
 KGrids1:  -0.45833  -0.37500  -0.29167  -0.20833  -0.12500  -0.04167   0.04167   0.12500   0.20833   0.29167   0.37500   0.45833 
 KGrids2:  -0.45833  -0.37500  -0.29167  -0.20833  -0.12500  -0.04167   0.04167   0.12500   0.20833   0.29167   0.37500   0.45833 
 KGrids3:  -0.47500  -0.42500  -0.37500  -0.32500  -0.27500  -0.22500  -0.17500  -0.12500  -0.07500  -0.02500   0.02500   0.07500   0.12500   0.17500   0.22500   0.27500   0.32500   0.37500   0.42500   0.47500 
<Band_DFT>  Eigen, time=0.797185
<Band_DFT>  DM, time=1.992141
    1   Sn  MulP   6.9999  6.9999 sum  13.9998
    2   Sn  MulP   7.0004  7.0004 sum  14.0008
    3   Sn  MulP   6.9999  6.9999 sum  13.9997
    4   Sn  MulP   6.9999  6.9999 sum  13.9997
 Sum of MulP: up   =    28.00000 down          =    28.00000
              total=    56.00000 ideal(neutral)=    56.00000
<DFT>  Total Spin Moment (muB) =  0.000000000000
<DFT>  Mixing_weight= 0.040000000000
<DFT>  Uele   =  -42.211614008313  dUele     =   0.000000313698
<DFT>  NormRD =    0.000027209688  Criterion =   0.000000100000

******************* MD=24  SCF= 4 *******************
<Poisson>  Poisson's equation using FFT...
<Set_Hamiltonian>  Hamiltonian matrix for VNA+dVH+Vxc...
<Band>  Solving the eigenvalue problem...
 KGrids1:  -0.45833  -0.37500  -0.29167  -0.20833  -0.12500  -0.04167   0.04167   0.12500   0.20833   0.29167   0.37500   0.45833 
 KGrids2:  -0.45833  -0.37500  -0.29167  -0.20833  -0.12500  -0.04167   0.04167   0.12500   0.20833   0.29167   0.37500   0.45833 
 KGrids3:  -0.47500  -0.42500  -0.37500  -0.32500  -0.27500  -0.22500  -0.17500  -0.12500  -0.07500  -0.02500   0.02500   0.07500   0.12500   0.17500   0.22500   0.27500   0.32500   0.37500   0.42500   0.47500 
<Band_DFT>  Eigen, time=0.790439
<Band_DFT>  DM, time=1.857949
    1   Sn  MulP   6.9999  6.9999 sum  13.9998
    2   Sn  MulP   7.0004  7.0004 sum  14.0008
    3   Sn  MulP   6.9999  6.9999 sum  13.9997
    4   Sn  MulP   6.9999  6.9999 sum  13.9997
 Sum of MulP: up   =    28.00000 down          =    28.00000
              total=    56.00000 ideal(neutral)=    56.00000
<DFT>  Total Spin Moment (muB) =  0.000000000000
<DFT>  Mixing_weight= 0.040000000000
<DFT>  Uele   =  -42.211613620129  dUele     =   0.000000388185
<DFT>  NormRD =    0.000001771172  Criterion =   0.000000100000

******************* MD=24  SCF= 5 *******************
<Poisson>  Poisson's equation using FFT...
<Set_Hamiltonian>  Hamiltonian matrix for VNA+dVH+Vxc...
<Band>  Solving the eigenvalue problem...
 KGrids1:  -0.45833  -0.37500  -0.29167  -0.20833  -0.12500  -0.04167   0.04167   0.12500   0.20833   0.29167   0.37500   0.45833 
 KGrids2:  -0.45833  -0.37500  -0.29167  -0.20833  -0.12500  -0.04167   0.04167   0.12500   0.20833   0.29167   0.37500   0.45833 
 KGrids3:  -0.47500  -0.42500  -0.37500  -0.32500  -0.27500  -0.22500  -0.17500  -0.12500  -0.07500  -0.02500   0.02500   0.07500   0.12500   0.17500   0.22500   0.27500   0.32500   0.37500   0.42500   0.47500 
<Band_DFT>  Eigen, time=0.738646
<Band_DFT>  DM, time=2.039402
    1   Sn  MulP   6.9999  6.9999 sum  13.9998
    2   Sn  MulP   7.0004  7.0004 sum  14.0008
    3   Sn  MulP   6.9999  6.9999 sum  13.9997
    4   Sn  MulP   6.9999  6.9999 sum  13.9997
 Sum of MulP: up   =    28.00000 down          =    28.00000
              total=    56.00000 ideal(neutral)=    56.00000
<DFT>  Total Spin Moment (muB) =  0.000000000000
<DFT>  Mixing_weight= 0.040000000000
<DFT>  Uele   =  -42.211613942403  dUele     =   0.000000322275
<DFT>  NormRD =    0.000002210340  Criterion =   0.000000100000

******************* MD=24  SCF= 6 *******************
<Poisson>  Poisson's equation using FFT...
<Set_Hamiltonian>  Hamiltonian matrix for VNA+dVH+Vxc...
<Band>  Solving the eigenvalue problem...
 KGrids1:  -0.45833  -0.37500  -0.29167  -0.20833  -0.12500  -0.04167   0.04167   0.12500   0.20833   0.29167   0.37500   0.45833 
 KGrids2:  -0.45833  -0.37500  -0.29167  -0.20833  -0.12500  -0.04167   0.04167   0.12500   0.20833   0.29167   0.37500   0.45833 
 KGrids3:  -0.47500  -0.42500  -0.37500  -0.32500  -0.27500  -0.22500  -0.17500  -0.12500  -0.07500  -0.02500   0.02500   0.07500   0.12500   0.17500   0.22500   0.27500   0.32500   0.37500   0.42500   0.47500 
<Band_DFT>  Eigen, time=0.623457
<Band_DFT>  DM, time=1.822897
    1   Sn  MulP   6.9999  6.9999 sum  13.9998
    2   Sn  MulP   7.0004  7.0004 sum  14.0008
    3   Sn  MulP   6.9999  6.9999 sum  13.9997
    4   Sn  MulP   6.9999  6.9999 sum  13.9997
 Sum of MulP: up   =    28.00000 down          =    28.00000
              total=    56.00000 ideal(neutral)=    56.00000
<DFT>  Total Spin Moment (muB) =  0.000000000000
<DFT>  Mixing_weight= 0.040000000000
<DFT>  Uele   =  -42.211613916762  dUele     =   0.000000025641
<DFT>  NormRD =    0.000000977471  Criterion =   0.000000100000
<MD=24>  Force calculation
  Force calculation #1
  Force calculation #2
  Force calculation #3
  Force calculation #4
  Force calculation #5
  Stress calculation #1
  Stress calculation #2
  Stress calculation #3
  Stress calculation #4
  Stress calculation #5
<MD=24>  Total Energy
  Force calculation #6
  Force calculation #7

*******************************************************
                  Dipole moment (Debye)                 
*******************************************************

 Absolute D      520.11835991

                      Dx                Dy                Dz
 Total           -361.23830131     -362.13817002      -94.26528412
 Core             402.77268938      401.43900093      325.22102604
 Electron        -764.01099069     -763.57717096     -419.48631016
 Back ground       -0.00000000       -0.00000000       -0.00000000

*******************************************************
               Stress tensor (Hartree/bohr^3)            
*******************************************************

      -0.00000020       -0.00000000        0.00000352 
      -0.00000000       -0.00000047       -0.00000000 
       0.00000352       -0.00000000        0.00000108 

*******************************************************
                Total Energy (Hartree) at MD =24        
*******************************************************

  Uele  =     -42.211613916762

  Ukin  =     203.438522214936
  UH0   =   -2703.963369993763
  UH1   =       0.004898223879
  Una   =    -149.420968280733
  Unl   =     -47.913229519094
  Uxc0  =     -25.237141755155
  Uxc1  =     -25.237141755155
  Ucore =    2464.171111635682
  Uhub  =       0.000000000000
  Ucs   =       0.000000000000
  Uzs   =       0.000000000000
  Uzo   =       0.000000000000
  Uef   =       0.000000000000
  UvdW  =       0.000000000000
  Uch   =       0.000000000000
  Utot  =    -284.157319229404

  UpV   =       0.000000000000
  Enpy  =    -284.157319229404
  Note:

  Uele:   band energy
  Ukin:   kinetic energy
  UH0:    electric part of screened Coulomb energy
  UH1:    difference electron-electron Coulomb energy
  Una:    neutral atom potential energy
  Unl:    non-local potential energy
  Uxc0:   exchange-correlation energy for alpha spin
  Uxc1:   exchange-correlation energy for beta spin
  Ucore:  core-core Coulomb energy
  Uhub:   LDA+U energy
  Ucs:    constraint energy for spin orientation
  Uzs:    Zeeman term for spin magnetic moment
  Uzo:    Zeeman term for orbital magnetic moment
  Uef:    electric energy by electric field
  UvdW:   semi-empirical vdW energy 
  Uch:    penalty term to create a core hole
  UpV:    pressure times volume
  Enpy:   Enthalpy = Utot + UpV
  (see also PRB 72, 045121(2005) for the energy contributions)


*******************************************************
           Computational times (s) at MD =24            
*******************************************************

  DFT in total      =   27.06183

  Set_OLP_Kin       =    0.69823
  Set_Nonlocal      =    0.93847
  Set_ProExpn_VNA   =    2.46232
  Set_Hamiltonian   =    1.57525
  Poisson           =    0.00106
  diagonalization   =   16.49634
  Mixing_DM         =    0.00474
  Force             =    1.95689
  Total_Energy      =    0.40378
  Set_Aden_Grid     =    0.00738
  Set_Orbitals_Grid =    0.12561
  Set_Density_Grid  =    0.60036
  RestartFileDFT    =    0.00283
  Mulliken_Charge   =    0.00101
  FFT(2D)_Density   =    0.00179

The SCF was achieved at MD=  24

*******************************************************
             MD or geometry opt. at MD =24              
*******************************************************

<BFGS>  |Maximum force| (Hartree/Bohr) = 0.000444653372
<BFGS>  Criterion       (Hartree/Bohr) = 0.000100000000

     atom=   1, XYZ(ang) Fxyz(a.u.)=   0.0005    0.0000   -0.0002     0.0002    0.0000   -0.0000
     atom=   2, XYZ(ang) Fxyz(a.u.)=   2.9892    2.9849    1.6152     0.0004    0.0000   -0.0002
     atom=   3, XYZ(ang) Fxyz(a.u.)=   0.0048    2.9849    0.8230     0.0000   -0.0000    0.0001
     atom=   4, XYZ(ang) Fxyz(a.u.)=   2.9936   -0.0000    2.3990     0.0001   -0.0000    0.0003

*******************************************************
        Analysis of neighbors and setting of grids        
*******************************************************


*******************************************************
  Allocation of atoms to processors at MD_iter=   25     
*******************************************************

 proc =   0  # of atoms=   1  estimated weight=         1.00000
 proc =   1  # of atoms=   1  estimated weight=         1.00000
 proc =   2  # of atoms=   1  estimated weight=         1.00000
 proc =   3  # of atoms=   1  estimated weight=         1.00000
 proc =   4  # of atoms=   0  estimated weight=         0.00000
 proc =   5  # of atoms=   0  estimated weight=         0.00000
 proc =   6  # of atoms=   0  estimated weight=         0.00000
 proc =   7  # of atoms=   0  estimated weight=         0.00000
 proc =   8  # of atoms=   0  estimated weight=         0.00000
 proc =   9  # of atoms=   0  estimated weight=         0.00000
 proc =  10  # of atoms=   0  estimated weight=         0.00000
 proc =  11  # of atoms=   0  estimated weight=         0.00000
 proc =  12  # of atoms=   0  estimated weight=         0.00000
 proc =  13  # of atoms=   0  estimated weight=         0.00000
 proc =  14  # of atoms=   0  estimated weight=         0.00000
 proc =  15  # of atoms=   0  estimated weight=         0.00000



TFNAN=     256   Average FNAN=  64.00000
TSNAN=       0   Average SNAN=   0.00000
<truncation> CpyCell= 3 ct_AN=   1 FNAN SNAN  64   0
<truncation> CpyCell= 3 ct_AN=   2 FNAN SNAN  64   0
<truncation> CpyCell= 3 ct_AN=   3 FNAN SNAN  64   0
<truncation> CpyCell= 3 ct_AN=   4 FNAN SNAN  64   0
<UCell_Box> Info. of cutoff energy and num. of grids
lattice vectors (bohr)
A  = 11.281295655248,  0.000000000000,  0.028203239138
B  =  0.000000000000, 11.281295655248,  0.000000000000
C  =  0.015204829790,  0.000000000000,  6.081931916162
reciprocal lattice vectors (bohr^-1)
RA =  0.556959481370,  0.000000000000, -0.001392398703
RB =  0.000000000000,  0.556956000374,  0.000000000000
RC = -0.002582742073,  0.000000000000,  1.033096829091
Required cutoff energy (Ryd) for 3D-grids = 200.0000
    Used cutoff energy (Ryd) for 3D-grids = 193.8786, 193.8750, 194.5146
Num. of grids of a-, b-, and c-axes = 50, 50, 27
Cell_Volume =    774.028233187484 (Bohr^3)
GridVol     =      0.011467084936 (Bohr^3)
Cell vectors (bohr) of the grid cell (gtv)
  gtv_a =  0.225625913105,  0.000000000000,  0.000564064783
  gtv_b =  0.000000000000,  0.225625913105,  0.000000000000
  gtv_c =  0.000563141844,  0.000000000000,  0.225256737636
  |gtv_a| =  0.225626618185
  |gtv_b| =  0.225625913105
  |gtv_c| =  0.225257441562
Num. of grids overlapping with atom    1 = 125073
Num. of grids overlapping with atom    2 = 125314
Num. of grids overlapping with atom    3 = 125125
Num. of grids overlapping with atom    4 = 125133

*******************************************************
             SCF calculation at MD =25                
*******************************************************

<MD=25>  Calculation of the overlap matrix
<MD=25>  Calculation of the nonlocal matrix
<MD=25>  Calculation of the VNA projector matrix

******************* MD=25  SCF= 1 *******************
<Restart>  Found restart files
<Poisson>  Poisson's equation using FFT...
<Band>  Solving the eigenvalue problem...
 KGrids1:  -0.45833  -0.37500  -0.29167  -0.20833  -0.12500  -0.04167   0.04167   0.12500   0.20833   0.29167   0.37500   0.45833 
 KGrids2:  -0.45833  -0.37500  -0.29167  -0.20833  -0.12500  -0.04167   0.04167   0.12500   0.20833   0.29167   0.37500   0.45833 
 KGrids3:  -0.47500  -0.42500  -0.37500  -0.32500  -0.27500  -0.22500  -0.17500  -0.12500  -0.07500  -0.02500   0.02500   0.07500   0.12500   0.17500   0.22500   0.27500   0.32500   0.37500   0.42500   0.47500 
<Band_DFT>  Eigen, time=0.685058
<Band_DFT>  DM, time=2.041344
    1   Sn  MulP   6.9999  6.9999 sum  13.9998
    2   Sn  MulP   7.0004  7.0004 sum  14.0008
    3   Sn  MulP   6.9999  6.9999 sum  13.9998
    4   Sn  MulP   6.9999  6.9999 sum  13.9997
 Sum of MulP: up   =    28.00000 down          =    28.00000
              total=    56.00000 ideal(neutral)=    56.00000
<DFT>  Total Spin Moment (muB) =  0.000000000000
<DFT>  Mixing_weight= 0.400000000000
<DFT>  Uele   =  -42.211544020033  dUele     =   1.000000000000
<DFT>  NormRD =    1.000000000000  Criterion =   0.000000100000

******************* MD=25  SCF= 2 *******************
<Poisson>  Poisson's equation using FFT...
<Set_Hamiltonian>  Hamiltonian matrix for VNA+dVH+Vxc...
<Band>  Solving the eigenvalue problem...
 KGrids1:  -0.45833  -0.37500  -0.29167  -0.20833  -0.12500  -0.04167   0.04167   0.12500   0.20833   0.29167   0.37500   0.45833 
 KGrids2:  -0.45833  -0.37500  -0.29167  -0.20833  -0.12500  -0.04167   0.04167   0.12500   0.20833   0.29167   0.37500   0.45833 
 KGrids3:  -0.47500  -0.42500  -0.37500  -0.32500  -0.27500  -0.22500  -0.17500  -0.12500  -0.07500  -0.02500   0.02500   0.07500   0.12500   0.17500   0.22500   0.27500   0.32500   0.37500   0.42500   0.47500 
<Band_DFT>  Eigen, time=0.786339
<Band_DFT>  DM, time=1.986392
    1   Sn  MulP   6.9999  6.9999 sum  13.9998
    2   Sn  MulP   7.0004  7.0004 sum  14.0008
    3   Sn  MulP   6.9999  6.9999 sum  13.9997
    4   Sn  MulP   6.9999  6.9999 sum  13.9997
 Sum of MulP: up   =    28.00000 down          =    28.00000
              total=    56.00000 ideal(neutral)=    56.00000
<DFT>  Total Spin Moment (muB) =  0.000000000000
<DFT>  Mixing_weight= 0.400000000000
<DFT>  Uele   =  -42.211565058015  dUele     =   0.000021037982
<DFT>  NormRD =    0.000433781022  Criterion =   0.000000100000

******************* MD=25  SCF= 3 *******************
<Poisson>  Poisson's equation using FFT...
<Set_Hamiltonian>  Hamiltonian matrix for VNA+dVH+Vxc...
<Band>  Solving the eigenvalue problem...
 KGrids1:  -0.45833  -0.37500  -0.29167  -0.20833  -0.12500  -0.04167   0.04167   0.12500   0.20833   0.29167   0.37500   0.45833 
 KGrids2:  -0.45833  -0.37500  -0.29167  -0.20833  -0.12500  -0.04167   0.04167   0.12500   0.20833   0.29167   0.37500   0.45833 
 KGrids3:  -0.47500  -0.42500  -0.37500  -0.32500  -0.27500  -0.22500  -0.17500  -0.12500  -0.07500  -0.02500   0.02500   0.07500   0.12500   0.17500   0.22500   0.27500   0.32500   0.37500   0.42500   0.47500 
<Band_DFT>  Eigen, time=0.796470
<Band_DFT>  DM, time=1.991615
    1   Sn  MulP   6.9999  6.9999 sum  13.9998
    2   Sn  MulP   7.0004  7.0004 sum  14.0008
    3   Sn  MulP   6.9999  6.9999 sum  13.9997
    4   Sn  MulP   6.9999  6.9999 sum  13.9997
 Sum of MulP: up   =    28.00000 down          =    28.00000
              total=    56.00000 ideal(neutral)=    56.00000
<DFT>  Total Spin Moment (muB) =  0.000000000000
<DFT>  Mixing_weight= 0.040000000000
<DFT>  Uele   =  -42.211579050613  dUele     =   0.000013992598
<DFT>  NormRD =    0.000294183634  Criterion =   0.000000100000

******************* MD=25  SCF= 4 *******************
<Poisson>  Poisson's equation using FFT...
<Set_Hamiltonian>  Hamiltonian matrix for VNA+dVH+Vxc...
<Band>  Solving the eigenvalue problem...
 KGrids1:  -0.45833  -0.37500  -0.29167  -0.20833  -0.12500  -0.04167   0.04167   0.12500   0.20833   0.29167   0.37500   0.45833 
 KGrids2:  -0.45833  -0.37500  -0.29167  -0.20833  -0.12500  -0.04167   0.04167   0.12500   0.20833   0.29167   0.37500   0.45833 
 KGrids3:  -0.47500  -0.42500  -0.37500  -0.32500  -0.27500  -0.22500  -0.17500  -0.12500  -0.07500  -0.02500   0.02500   0.07500   0.12500   0.17500   0.22500   0.27500   0.32500   0.37500   0.42500   0.47500 
<Band_DFT>  Eigen, time=0.786010
<Band_DFT>  DM, time=1.903508
    1   Sn  MulP   6.9999  6.9999 sum  13.9998
    2   Sn  MulP   7.0004  7.0004 sum  14.0008
    3   Sn  MulP   6.9999  6.9999 sum  13.9997
    4   Sn  MulP   6.9999  6.9999 sum  13.9997
 Sum of MulP: up   =    28.00000 down          =    28.00000
              total=    56.00000 ideal(neutral)=    56.00000
<DFT>  Total Spin Moment (muB) =  0.000000000000
<DFT>  Mixing_weight= 0.040000000000
<DFT>  Uele   =  -42.211613797631  dUele     =   0.000034747018
<DFT>  NormRD =    0.000031503963  Criterion =   0.000000100000

******************* MD=25  SCF= 5 *******************
<Poisson>  Poisson's equation using FFT...
<Set_Hamiltonian>  Hamiltonian matrix for VNA+dVH+Vxc...
<Band>  Solving the eigenvalue problem...
 KGrids1:  -0.45833  -0.37500  -0.29167  -0.20833  -0.12500  -0.04167   0.04167   0.12500   0.20833   0.29167   0.37500   0.45833 
 KGrids2:  -0.45833  -0.37500  -0.29167  -0.20833  -0.12500  -0.04167   0.04167   0.12500   0.20833   0.29167   0.37500   0.45833 
 KGrids3:  -0.47500  -0.42500  -0.37500  -0.32500  -0.27500  -0.22500  -0.17500  -0.12500  -0.07500  -0.02500   0.02500   0.07500   0.12500   0.17500   0.22500   0.27500   0.32500   0.37500   0.42500   0.47500 
<Band_DFT>  Eigen, time=0.792541
<Band_DFT>  DM, time=1.990139
    1   Sn  MulP   6.9999  6.9999 sum  13.9998
    2   Sn  MulP   7.0004  7.0004 sum  14.0008
    3   Sn  MulP   6.9999  6.9999 sum  13.9997
    4   Sn  MulP   6.9999  6.9999 sum  13.9997
 Sum of MulP: up   =    28.00000 down          =    28.00000
              total=    56.00000 ideal(neutral)=    56.00000
<DFT>  Total Spin Moment (muB) =  0.000000000000
<DFT>  Mixing_weight= 0.040000000000
<DFT>  Uele   =  -42.211609120664  dUele     =   0.000004676967
<DFT>  NormRD =    0.000028965850  Criterion =   0.000000100000

******************* MD=25  SCF= 6 *******************
<Poisson>  Poisson's equation using FFT...
<Set_Hamiltonian>  Hamiltonian matrix for VNA+dVH+Vxc...
<Band>  Solving the eigenvalue problem...
 KGrids1:  -0.45833  -0.37500  -0.29167  -0.20833  -0.12500  -0.04167   0.04167   0.12500   0.20833   0.29167   0.37500   0.45833 
 KGrids2:  -0.45833  -0.37500  -0.29167  -0.20833  -0.12500  -0.04167   0.04167   0.12500   0.20833   0.29167   0.37500   0.45833 
 KGrids3:  -0.47500  -0.42500  -0.37500  -0.32500  -0.27500  -0.22500  -0.17500  -0.12500  -0.07500  -0.02500   0.02500   0.07500   0.12500   0.17500   0.22500   0.27500   0.32500   0.37500   0.42500   0.47500 
<Band_DFT>  Eigen, time=0.742712
<Band_DFT>  DM, time=2.043368
    1   Sn  MulP   6.9999  6.9999 sum  13.9998
    2   Sn  MulP   7.0004  7.0004 sum  14.0008
    3   Sn  MulP   6.9999  6.9999 sum  13.9997
    4   Sn  MulP   6.9999  6.9999 sum  13.9997
 Sum of MulP: up   =    28.00000 down          =    28.00000
              total=    56.00000 ideal(neutral)=    56.00000
<DFT>  Total Spin Moment (muB) =  0.000000000000
<DFT>  Mixing_weight= 0.040000000000
<DFT>  Uele   =  -42.211608821914  dUele     =   0.000000298750
<DFT>  NormRD =    0.000009303593  Criterion =   0.000000100000

******************* MD=25  SCF= 7 *******************
<Poisson>  Poisson's equation using FFT...
<Set_Hamiltonian>  Hamiltonian matrix for VNA+dVH+Vxc...
<Band>  Solving the eigenvalue problem...
 KGrids1:  -0.45833  -0.37500  -0.29167  -0.20833  -0.12500  -0.04167   0.04167   0.12500   0.20833   0.29167   0.37500   0.45833 
 KGrids2:  -0.45833  -0.37500  -0.29167  -0.20833  -0.12500  -0.04167   0.04167   0.12500   0.20833   0.29167   0.37500   0.45833 
 KGrids3:  -0.47500  -0.42500  -0.37500  -0.32500  -0.27500  -0.22500  -0.17500  -0.12500  -0.07500  -0.02500   0.02500   0.07500   0.12500   0.17500   0.22500   0.27500   0.32500   0.37500   0.42500   0.47500 
<Band_DFT>  Eigen, time=0.794162
<Band_DFT>  DM, time=1.988663
    1   Sn  MulP   6.9999  6.9999 sum  13.9998
    2   Sn  MulP   7.0004  7.0004 sum  14.0008
    3   Sn  MulP   6.9999  6.9999 sum  13.9997
    4   Sn  MulP   6.9999  6.9999 sum  13.9997
 Sum of MulP: up   =    28.00000 down          =    28.00000
              total=    56.00000 ideal(neutral)=    56.00000
<DFT>  Total Spin Moment (muB) =  0.000000000000
<DFT>  Mixing_weight= 0.040000000000
<DFT>  Uele   =  -42.211609305275  dUele     =   0.000000483361
<DFT>  NormRD =    0.000004051931  Criterion =   0.000000100000

******************* MD=25  SCF= 8 *******************
<Poisson>  Poisson's equation using FFT...
<Set_Hamiltonian>  Hamiltonian matrix for VNA+dVH+Vxc...
<Band>  Solving the eigenvalue problem...
 KGrids1:  -0.45833  -0.37500  -0.29167  -0.20833  -0.12500  -0.04167   0.04167   0.12500   0.20833   0.29167   0.37500   0.45833 
 KGrids2:  -0.45833  -0.37500  -0.29167  -0.20833  -0.12500  -0.04167   0.04167   0.12500   0.20833   0.29167   0.37500   0.45833 
 KGrids3:  -0.47500  -0.42500  -0.37500  -0.32500  -0.27500  -0.22500  -0.17500  -0.12500  -0.07500  -0.02500   0.02500   0.07500   0.12500   0.17500   0.22500   0.27500   0.32500   0.37500   0.42500   0.47500 
<Band_DFT>  Eigen, time=0.793853
<Band_DFT>  DM, time=1.989103
    1   Sn  MulP   6.9999  6.9999 sum  13.9998
    2   Sn  MulP   7.0004  7.0004 sum  14.0008
    3   Sn  MulP   6.9999  6.9999 sum  13.9997
    4   Sn  MulP   6.9999  6.9999 sum  13.9997
 Sum of MulP: up   =    28.00000 down          =    28.00000
              total=    56.00000 ideal(neutral)=    56.00000
<DFT>  Total Spin Moment (muB) =  0.000000000000
<DFT>  Mixing_weight= 0.040000000000
<DFT>  Uele   =  -42.211609354074  dUele     =   0.000000048799
<DFT>  NormRD =    0.000001066507  Criterion =   0.000000100000
<MD=25>  Force calculation
  Force calculation #1
  Force calculation #2
  Force calculation #3
  Force calculation #4
  Force calculation #5
  Stress calculation #1
  Stress calculation #2
  Stress calculation #3
  Stress calculation #4
  Stress calculation #5
<MD=25>  Total Energy
  Force calculation #6
  Force calculation #7

*******************************************************
                  Dipole moment (Debye)                 
*******************************************************

 Absolute D      520.16211999

                      Dx                Dy                Dz
 Total           -361.31016447     -362.13829010      -94.23085996
 Core             402.66757481      401.43897779      325.26688931
 Electron        -763.97773928     -763.57726789     -419.49774928
 Back ground       -0.00000000       -0.00000000       -0.00000000

*******************************************************
               Stress tensor (Hartree/bohr^3)            
*******************************************************

      -0.00000038       -0.00000000        0.00000343 
      -0.00000000       -0.00000038       -0.00000000 
       0.00000343       -0.00000000        0.00000095 

*******************************************************
                Total Energy (Hartree) at MD =25        
*******************************************************

  Uele  =     -42.211609354074

  Ukin  =     203.438541537767
  UH0   =   -2703.963225866047
  UH1   =       0.004898207085
  Una   =    -149.420976366090
  Unl   =     -47.913238339978
  Uxc0  =     -25.237142469489
  Uxc1  =     -25.237142469489
  Ucore =    2464.170966475046
  Uhub  =       0.000000000000
  Ucs   =       0.000000000000
  Uzs   =       0.000000000000
  Uzo   =       0.000000000000
  Uef   =       0.000000000000
  UvdW  =       0.000000000000
  Uch   =       0.000000000000
  Utot  =    -284.157319291195

  UpV   =       0.000000000000
  Enpy  =    -284.157319291195
  Note:

  Uele:   band energy
  Ukin:   kinetic energy
  UH0:    electric part of screened Coulomb energy
  UH1:    difference electron-electron Coulomb energy
  Una:    neutral atom potential energy
  Unl:    non-local potential energy
  Uxc0:   exchange-correlation energy for alpha spin
  Uxc1:   exchange-correlation energy for beta spin
  Ucore:  core-core Coulomb energy
  Uhub:   LDA+U energy
  Ucs:    constraint energy for spin orientation
  Uzs:    Zeeman term for spin magnetic moment
  Uzo:    Zeeman term for orbital magnetic moment
  Uef:    electric energy by electric field
  UvdW:   semi-empirical vdW energy 
  Uch:    penalty term to create a core hole
  UpV:    pressure times volume
  Enpy:   Enthalpy = Utot + UpV
  (see also PRB 72, 045121(2005) for the energy contributions)


*******************************************************
           Computational times (s) at MD =25            
*******************************************************

  DFT in total      =   34.29820

  Set_OLP_Kin       =    0.85583
  Set_Nonlocal      =    1.14805
  Set_ProExpn_VNA   =    2.45529
  Set_Hamiltonian   =    1.91323
  Poisson           =    0.00129
  diagonalization   =   22.70021
  Mixing_DM         =    0.00622
  Force             =    2.04426
  Total_Energy      =    0.40386
  Set_Aden_Grid     =    0.00708
  Set_Orbitals_Grid =    0.09844
  Set_Density_Grid  =    0.84104
  RestartFileDFT    =    0.00314
  Mulliken_Charge   =    0.00142
  FFT(2D)_Density   =    0.00221

The SCF was achieved at MD=  25

*******************************************************
             MD or geometry opt. at MD =25              
*******************************************************

<BFGS>  |Maximum force| (Hartree/Bohr) = 0.000412626268
<BFGS>  Criterion       (Hartree/Bohr) = 0.000100000000

     atom=   1, XYZ(ang) Fxyz(a.u.)=  -0.0031   -0.0000    0.0000     0.0001    0.0000   -0.0000
     atom=   2, XYZ(ang) Fxyz(a.u.)=   2.9822    2.9849    1.6111     0.0004    0.0000   -0.0001
     atom=   3, XYZ(ang) Fxyz(a.u.)=   0.0059    2.9849    0.8297    -0.0001   -0.0000   -0.0000
     atom=   4, XYZ(ang) Fxyz(a.u.)=   2.9883    0.0000    2.4029     0.0000   -0.0000    0.0004

*******************************************************
        Analysis of neighbors and setting of grids        
*******************************************************


*******************************************************
  Allocation of atoms to processors at MD_iter=   26     
*******************************************************

 proc =   0  # of atoms=   1  estimated weight=         1.00000
 proc =   1  # of atoms=   1  estimated weight=         1.00000
 proc =   2  # of atoms=   1  estimated weight=         1.00000
 proc =   3  # of atoms=   1  estimated weight=         1.00000
 proc =   4  # of atoms=   0  estimated weight=         0.00000
 proc =   5  # of atoms=   0  estimated weight=         0.00000
 proc =   6  # of atoms=   0  estimated weight=         0.00000
 proc =   7  # of atoms=   0  estimated weight=         0.00000
 proc =   8  # of atoms=   0  estimated weight=         0.00000
 proc =   9  # of atoms=   0  estimated weight=         0.00000
 proc =  10  # of atoms=   0  estimated weight=         0.00000
 proc =  11  # of atoms=   0  estimated weight=         0.00000
 proc =  12  # of atoms=   0  estimated weight=         0.00000
 proc =  13  # of atoms=   0  estimated weight=         0.00000
 proc =  14  # of atoms=   0  estimated weight=         0.00000
 proc =  15  # of atoms=   0  estimated weight=         0.00000



TFNAN=     256   Average FNAN=  64.00000
TSNAN=       0   Average SNAN=   0.00000
<truncation> CpyCell= 3 ct_AN=   1 FNAN SNAN  64   0
<truncation> CpyCell= 3 ct_AN=   2 FNAN SNAN  64   0
<truncation> CpyCell= 3 ct_AN=   3 FNAN SNAN  64   0
<truncation> CpyCell= 3 ct_AN=   4 FNAN SNAN  64   0
<UCell_Box> Info. of cutoff energy and num. of grids
lattice vectors (bohr)
A  = 11.281295655248,  0.000000000000,  0.028203239138
B  =  0.000000000000, 11.281295655248,  0.000000000000
C  =  0.015204829790,  0.000000000000,  6.081931916162
reciprocal lattice vectors (bohr^-1)
RA =  0.556959481370,  0.000000000000, -0.001392398703
RB =  0.000000000000,  0.556956000374,  0.000000000000
RC = -0.002582742073,  0.000000000000,  1.033096829091
Required cutoff energy (Ryd) for 3D-grids = 200.0000
    Used cutoff energy (Ryd) for 3D-grids = 193.8786, 193.8750, 194.5146
Num. of grids of a-, b-, and c-axes = 50, 50, 27
Cell_Volume =    774.028233187484 (Bohr^3)
GridVol     =      0.011467084936 (Bohr^3)
Cell vectors (bohr) of the grid cell (gtv)
  gtv_a =  0.225625913105,  0.000000000000,  0.000564064783
  gtv_b =  0.000000000000,  0.225625913105,  0.000000000000
  gtv_c =  0.000563141844,  0.000000000000,  0.225256737636
  |gtv_a| =  0.225626618185
  |gtv_b| =  0.225625913105
  |gtv_c| =  0.225257441562
Num. of grids overlapping with atom    1 = 125088
Num. of grids overlapping with atom    2 = 125299
Num. of grids overlapping with atom    3 = 125076
Num. of grids overlapping with atom    4 = 125125

*******************************************************
             SCF calculation at MD =26                
*******************************************************

<MD=26>  Calculation of the overlap matrix
<MD=26>  Calculation of the nonlocal matrix
<MD=26>  Calculation of the VNA projector matrix

******************* MD=26  SCF= 1 *******************
<Restart>  Found restart files
<Poisson>  Poisson's equation using FFT...
<Band>  Solving the eigenvalue problem...
 KGrids1:  -0.45833  -0.37500  -0.29167  -0.20833  -0.12500  -0.04167   0.04167   0.12500   0.20833   0.29167   0.37500   0.45833 
 KGrids2:  -0.45833  -0.37500  -0.29167  -0.20833  -0.12500  -0.04167   0.04167   0.12500   0.20833   0.29167   0.37500   0.45833 
 KGrids3:  -0.47500  -0.42500  -0.37500  -0.32500  -0.27500  -0.22500  -0.17500  -0.12500  -0.07500  -0.02500   0.02500   0.07500   0.12500   0.17500   0.22500   0.27500   0.32500   0.37500   0.42500   0.47500 
<Band_DFT>  Eigen, time=0.750586
<Band_DFT>  DM, time=1.929879
    1   Sn  MulP   6.9998  6.9998 sum  13.9997
    2   Sn  MulP   7.0004  7.0004 sum  14.0009
    3   Sn  MulP   6.9999  6.9999 sum  13.9997
    4   Sn  MulP   6.9999  6.9999 sum  13.9997
 Sum of MulP: up   =    28.00000 down          =    28.00000
              total=    56.00000 ideal(neutral)=    56.00000
<DFT>  Total Spin Moment (muB) =  0.000000000000
<DFT>  Mixing_weight= 0.400000000000
<DFT>  Uele   =  -42.211652748498  dUele     =   1.000000000000
<DFT>  NormRD =    1.000000000000  Criterion =   0.000000100000

******************* MD=26  SCF= 2 *******************
<Poisson>  Poisson's equation using FFT...
<Set_Hamiltonian>  Hamiltonian matrix for VNA+dVH+Vxc...
<Band>  Solving the eigenvalue problem...
 KGrids1:  -0.45833  -0.37500  -0.29167  -0.20833  -0.12500  -0.04167   0.04167   0.12500   0.20833   0.29167   0.37500   0.45833 
 KGrids2:  -0.45833  -0.37500  -0.29167  -0.20833  -0.12500  -0.04167   0.04167   0.12500   0.20833   0.29167   0.37500   0.45833 
 KGrids3:  -0.47500  -0.42500  -0.37500  -0.32500  -0.27500  -0.22500  -0.17500  -0.12500  -0.07500  -0.02500   0.02500   0.07500   0.12500   0.17500   0.22500   0.27500   0.32500   0.37500   0.42500   0.47500 
<Band_DFT>  Eigen, time=0.746709
<Band_DFT>  DM, time=1.933100
    1   Sn  MulP   6.9999  6.9999 sum  13.9997
    2   Sn  MulP   7.0004  7.0004 sum  14.0009
    3   Sn  MulP   6.9999  6.9999 sum  13.9997
    4   Sn  MulP   6.9999  6.9999 sum  13.9997
 Sum of MulP: up   =    28.00000 down          =    28.00000
              total=    56.00000 ideal(neutral)=    56.00000
<DFT>  Total Spin Moment (muB) =  0.000000000000
<DFT>  Mixing_weight= 0.400000000000
<DFT>  Uele   =  -42.211645098396  dUele     =   0.000007650102
<DFT>  NormRD =    0.000135125444  Criterion =   0.000000100000

******************* MD=26  SCF= 3 *******************
<Poisson>  Poisson's equation using FFT...
<Set_Hamiltonian>  Hamiltonian matrix for VNA+dVH+Vxc...
<Band>  Solving the eigenvalue problem...
 KGrids1:  -0.45833  -0.37500  -0.29167  -0.20833  -0.12500  -0.04167   0.04167   0.12500   0.20833   0.29167   0.37500   0.45833 
 KGrids2:  -0.45833  -0.37500  -0.29167  -0.20833  -0.12500  -0.04167   0.04167   0.12500   0.20833   0.29167   0.37500   0.45833 
 KGrids3:  -0.47500  -0.42500  -0.37500  -0.32500  -0.27500  -0.22500  -0.17500  -0.12500  -0.07500  -0.02500   0.02500   0.07500   0.12500   0.17500   0.22500   0.27500   0.32500   0.37500   0.42500   0.47500 
<Band_DFT>  Eigen, time=0.746591
<Band_DFT>  DM, time=1.800406
    1   Sn  MulP   6.9999  6.9999 sum  13.9997
    2   Sn  MulP   7.0004  7.0004 sum  14.0009
    3   Sn  MulP   6.9999  6.9999 sum  13.9997
    4   Sn  MulP   6.9999  6.9999 sum  13.9997
 Sum of MulP: up   =    28.00000 down          =    28.00000
              total=    56.00000 ideal(neutral)=    56.00000
<DFT>  Total Spin Moment (muB) =  0.000000000000
<DFT>  Mixing_weight= 0.040000000000
<DFT>  Uele   =  -42.211640071262  dUele     =   0.000005027134
<DFT>  NormRD =    0.000084434621  Criterion =   0.000000100000

******************* MD=26  SCF= 4 *******************
<Poisson>  Poisson's equation using FFT...
<Set_Hamiltonian>  Hamiltonian matrix for VNA+dVH+Vxc...
<Band>  Solving the eigenvalue problem...
 KGrids1:  -0.45833  -0.37500  -0.29167  -0.20833  -0.12500  -0.04167   0.04167   0.12500   0.20833   0.29167   0.37500   0.45833 
 KGrids2:  -0.45833  -0.37500  -0.29167  -0.20833  -0.12500  -0.04167   0.04167   0.12500   0.20833   0.29167   0.37500   0.45833 
 KGrids3:  -0.47500  -0.42500  -0.37500  -0.32500  -0.27500  -0.22500  -0.17500  -0.12500  -0.07500  -0.02500   0.02500   0.07500   0.12500   0.17500   0.22500   0.27500   0.32500   0.37500   0.42500   0.47500 
<Band_DFT>  Eigen, time=0.747218
<Band_DFT>  DM, time=1.890540
    1   Sn  MulP   6.9999  6.9999 sum  13.9997
    2   Sn  MulP   7.0004  7.0004 sum  14.0009
    3   Sn  MulP   6.9999  6.9999 sum  13.9997
    4   Sn  MulP   6.9999  6.9999 sum  13.9997
 Sum of MulP: up   =    28.00000 down          =    28.00000
              total=    56.00000 ideal(neutral)=    56.00000
<DFT>  Total Spin Moment (muB) =  0.000000000000
<DFT>  Mixing_weight= 0.040000000000
<DFT>  Uele   =  -42.211626967212  dUele     =   0.000013104050
<DFT>  NormRD =    0.000005437734  Criterion =   0.000000100000

******************* MD=26  SCF= 5 *******************
<Poisson>  Poisson's equation using FFT...
<Set_Hamiltonian>  Hamiltonian matrix for VNA+dVH+Vxc...
<Band>  Solving the eigenvalue problem...
 KGrids1:  -0.45833  -0.37500  -0.29167  -0.20833  -0.12500  -0.04167   0.04167   0.12500   0.20833   0.29167   0.37500   0.45833 
 KGrids2:  -0.45833  -0.37500  -0.29167  -0.20833  -0.12500  -0.04167   0.04167   0.12500   0.20833   0.29167   0.37500   0.45833 
 KGrids3:  -0.47500  -0.42500  -0.37500  -0.32500  -0.27500  -0.22500  -0.17500  -0.12500  -0.07500  -0.02500   0.02500   0.07500   0.12500   0.17500   0.22500   0.27500   0.32500   0.37500   0.42500   0.47500 
<Band_DFT>  Eigen, time=0.751510
<Band_DFT>  DM, time=1.394252
    1   Sn  MulP   6.9999  6.9999 sum  13.9997
    2   Sn  MulP   7.0004  7.0004 sum  14.0009
    3   Sn  MulP   6.9999  6.9999 sum  13.9997
    4   Sn  MulP   6.9999  6.9999 sum  13.9997
 Sum of MulP: up   =    28.00000 down          =    28.00000
              total=    56.00000 ideal(neutral)=    56.00000
<DFT>  Total Spin Moment (muB) =  0.000000000000
<DFT>  Mixing_weight= 0.040000000000
<DFT>  Uele   =  -42.211629627998  dUele     =   0.000002660786
<DFT>  NormRD =    0.000009603868  Criterion =   0.000000100000

******************* MD=26  SCF= 6 *******************
<Poisson>  Poisson's equation using FFT...
<Set_Hamiltonian>  Hamiltonian matrix for VNA+dVH+Vxc...
<Band>  Solving the eigenvalue problem...
 KGrids1:  -0.45833  -0.37500  -0.29167  -0.20833  -0.12500  -0.04167   0.04167   0.12500   0.20833   0.29167   0.37500   0.45833 
 KGrids2:  -0.45833  -0.37500  -0.29167  -0.20833  -0.12500  -0.04167   0.04167   0.12500   0.20833   0.29167   0.37500   0.45833 
 KGrids3:  -0.47500  -0.42500  -0.37500  -0.32500  -0.27500  -0.22500  -0.17500  -0.12500  -0.07500  -0.02500   0.02500   0.07500   0.12500   0.17500   0.22500   0.27500   0.32500   0.37500   0.42500   0.47500 
<Band_DFT>  Eigen, time=0.512688
<Band_DFT>  DM, time=1.384360
    1   Sn  MulP   6.9999  6.9999 sum  13.9997
    2   Sn  MulP   7.0004  7.0004 sum  14.0009
    3   Sn  MulP   6.9999  6.9999 sum  13.9997
    4   Sn  MulP   6.9999  6.9999 sum  13.9997
 Sum of MulP: up   =    28.00000 down          =    28.00000
              total=    56.00000 ideal(neutral)=    56.00000
<DFT>  Total Spin Moment (muB) =  0.000000000000
<DFT>  Mixing_weight= 0.040000000000
<DFT>  Uele   =  -42.211629703385  dUele     =   0.000000075387
<DFT>  NormRD =    0.000001529341  Criterion =   0.000000100000
<MD=26>  Force calculation
  Force calculation #1
  Force calculation #2
  Force calculation #3
  Force calculation #4
  Force calculation #5
  Stress calculation #1
  Stress calculation #2
  Stress calculation #3
  Stress calculation #4
  Stress calculation #5
<MD=26>  Total Energy
  Force calculation #6
  Force calculation #7

*******************************************************
                  Dipole moment (Debye)                 
*******************************************************

 Absolute D      520.69548408

                      Dx                Dy                Dz
 Total           -362.15925364     -362.13946717      -93.91202510
 Core             401.67008832      401.43875944      325.71220248
 Electron        -763.82934197     -763.57822660     -419.62422759
 Back ground       -0.00000000       -0.00000000       -0.00000000

*******************************************************
               Stress tensor (Hartree/bohr^3)            
*******************************************************

      -0.00000254        0.00000000        0.00000265 
       0.00000000        0.00000066        0.00000000 
       0.00000265        0.00000000        0.00000024 

*******************************************************
                Total Energy (Hartree) at MD =26        
*******************************************************

  Uele  =     -42.211629703385

  Ukin  =     203.438627081115
  UH0   =   -2703.962151230540
  UH1   =       0.004898381148
  Una   =    -149.421053079913
  Unl   =     -47.913250548458
  Uxc0  =     -25.237147426474
  Uxc1  =     -25.237147426474
  Ucore =    2464.169915455365
  Uhub  =       0.000000000000
  Ucs   =       0.000000000000
  Uzs   =       0.000000000000
  Uzo   =       0.000000000000
  Uef   =       0.000000000000
  UvdW  =       0.000000000000
  Uch   =       0.000000000000
  Utot  =    -284.157308794232

  UpV   =       0.000000000000
  Enpy  =    -284.157308794232
  Note:

  Uele:   band energy
  Ukin:   kinetic energy
  UH0:    electric part of screened Coulomb energy
  UH1:    difference electron-electron Coulomb energy
  Una:    neutral atom potential energy
  Unl:    non-local potential energy
  Uxc0:   exchange-correlation energy for alpha spin
  Uxc1:   exchange-correlation energy for beta spin
  Ucore:  core-core Coulomb energy
  Uhub:   LDA+U energy
  Ucs:    constraint energy for spin orientation
  Uzs:    Zeeman term for spin magnetic moment
  Uzo:    Zeeman term for orbital magnetic moment
  Uef:    electric energy by electric field
  UvdW:   semi-empirical vdW energy 
  Uch:    penalty term to create a core hole
  UpV:    pressure times volume
  Enpy:   Enthalpy = Utot + UpV
  (see also PRB 72, 045121(2005) for the energy contributions)


*******************************************************
           Computational times (s) at MD =26            
*******************************************************

  DFT in total      =   26.08854

  Set_OLP_Kin       =    0.69817
  Set_Nonlocal      =    1.37129
  Set_ProExpn_VNA   =    2.88558
  Set_Hamiltonian   =    1.47267
  Poisson           =    0.00091
  diagonalization   =   14.91513
  Mixing_DM         =    0.00437
  Force             =    2.08218
  Total_Energy      =    0.29191
  Set_Aden_Grid     =    0.00711
  Set_Orbitals_Grid =    0.10048
  Set_Density_Grid  =    0.55128
  RestartFileDFT    =    0.00297
  Mulliken_Charge   =    0.00095
  FFT(2D)_Density   =    0.00173

The SCF was achieved at MD=  26

*******************************************************
             MD or geometry opt. at MD =26              
*******************************************************

<BFGS>  |Maximum force| (Hartree/Bohr) = 0.000912807132
<BFGS>  Criterion       (Hartree/Bohr) = 0.000100000000

     atom=   1, XYZ(ang) Fxyz(a.u.)=   0.0027    0.0000   -0.0000    -0.0001   -0.0000    0.0001
     atom=   2, XYZ(ang) Fxyz(a.u.)=   2.9915    2.9849    1.6131    -0.0009   -0.0000    0.0001
     atom=   3, XYZ(ang) Fxyz(a.u.)=   0.0076    2.9849    0.8262     0.0004    0.0000    0.0005
     atom=   4, XYZ(ang) Fxyz(a.u.)=   2.9948   -0.0000    2.3929    -0.0001    0.0000    0.0000

*******************************************************
        Analysis of neighbors and setting of grids        
*******************************************************


*******************************************************
  Allocation of atoms to processors at MD_iter=   27     
*******************************************************

 proc =   0  # of atoms=   1  estimated weight=         1.00000
 proc =   1  # of atoms=   1  estimated weight=         1.00000
 proc =   2  # of atoms=   1  estimated weight=         1.00000
 proc =   3  # of atoms=   1  estimated weight=         1.00000
 proc =   4  # of atoms=   0  estimated weight=         0.00000
 proc =   5  # of atoms=   0  estimated weight=         0.00000
 proc =   6  # of atoms=   0  estimated weight=         0.00000
 proc =   7  # of atoms=   0  estimated weight=         0.00000
 proc =   8  # of atoms=   0  estimated weight=         0.00000
 proc =   9  # of atoms=   0  estimated weight=         0.00000
 proc =  10  # of atoms=   0  estimated weight=         0.00000
 proc =  11  # of atoms=   0  estimated weight=         0.00000
 proc =  12  # of atoms=   0  estimated weight=         0.00000
 proc =  13  # of atoms=   0  estimated weight=         0.00000
 proc =  14  # of atoms=   0  estimated weight=         0.00000
 proc =  15  # of atoms=   0  estimated weight=         0.00000



TFNAN=     256   Average FNAN=  64.00000
TSNAN=       0   Average SNAN=   0.00000
<truncation> CpyCell= 3 ct_AN=   1 FNAN SNAN  64   0
<truncation> CpyCell= 3 ct_AN=   2 FNAN SNAN  64   0
<truncation> CpyCell= 3 ct_AN=   3 FNAN SNAN  64   0
<truncation> CpyCell= 3 ct_AN=   4 FNAN SNAN  64   0
<UCell_Box> Info. of cutoff energy and num. of grids
lattice vectors (bohr)
A  = 11.281295655248,  0.000000000000,  0.028203239138
B  =  0.000000000000, 11.281295655248,  0.000000000000
C  =  0.015204829790,  0.000000000000,  6.081931916162
reciprocal lattice vectors (bohr^-1)
RA =  0.556959481370,  0.000000000000, -0.001392398703
RB =  0.000000000000,  0.556956000374,  0.000000000000
RC = -0.002582742073,  0.000000000000,  1.033096829091
Required cutoff energy (Ryd) for 3D-grids = 200.0000
    Used cutoff energy (Ryd) for 3D-grids = 193.8786, 193.8750, 194.5146
Num. of grids of a-, b-, and c-axes = 50, 50, 27
Cell_Volume =    774.028233187484 (Bohr^3)
GridVol     =      0.011467084936 (Bohr^3)
Cell vectors (bohr) of the grid cell (gtv)
  gtv_a =  0.225625913105,  0.000000000000,  0.000564064783
  gtv_b =  0.000000000000,  0.225625913105,  0.000000000000
  gtv_c =  0.000563141844,  0.000000000000,  0.225256737636
  |gtv_a| =  0.225626618185
  |gtv_b| =  0.225625913105
  |gtv_c| =  0.225257441562
Num. of grids overlapping with atom    1 = 125085
Num. of grids overlapping with atom    2 = 125298
Num. of grids overlapping with atom    3 = 125070
Num. of grids overlapping with atom    4 = 125123

*******************************************************
             SCF calculation at MD =27                
*******************************************************

<MD=27>  Calculation of the overlap matrix
<MD=27>  Calculation of the nonlocal matrix
<MD=27>  Calculation of the VNA projector matrix

******************* MD=27  SCF= 1 *******************
<Restart>  Found restart files
<Poisson>  Poisson's equation using FFT...
<Band>  Solving the eigenvalue problem...
 KGrids1:  -0.45833  -0.37500  -0.29167  -0.20833  -0.12500  -0.04167   0.04167   0.12500   0.20833   0.29167   0.37500   0.45833 
 KGrids2:  -0.45833  -0.37500  -0.29167  -0.20833  -0.12500  -0.04167   0.04167   0.12500   0.20833   0.29167   0.37500   0.45833 
 KGrids3:  -0.47500  -0.42500  -0.37500  -0.32500  -0.27500  -0.22500  -0.17500  -0.12500  -0.07500  -0.02500   0.02500   0.07500   0.12500   0.17500   0.22500   0.27500   0.32500   0.37500   0.42500   0.47500 
<Band_DFT>  Eigen, time=0.739204
<Band_DFT>  DM, time=1.737002
    1   Sn  MulP   6.9998  6.9998 sum  13.9996
    2   Sn  MulP   7.0005  7.0005 sum  14.0011
    3   Sn  MulP   6.9998  6.9998 sum  13.9996
    4   Sn  MulP   6.9998  6.9998 sum  13.9997
 Sum of MulP: up   =    28.00000 down          =    28.00000
              total=    56.00000 ideal(neutral)=    56.00000
<DFT>  Total Spin Moment (muB) =  0.000000000000
<DFT>  Mixing_weight= 0.400000000000
<DFT>  Uele   =  -42.211529848560  dUele     =   1.000000000000
<DFT>  NormRD =    1.000000000000  Criterion =   0.000000100000

******************* MD=27  SCF= 2 *******************
<Poisson>  Poisson's equation using FFT...
<Set_Hamiltonian>  Hamiltonian matrix for VNA+dVH+Vxc...
<Band>  Solving the eigenvalue problem...
 KGrids1:  -0.45833  -0.37500  -0.29167  -0.20833  -0.12500  -0.04167   0.04167   0.12500   0.20833   0.29167   0.37500   0.45833 
 KGrids2:  -0.45833  -0.37500  -0.29167  -0.20833  -0.12500  -0.04167   0.04167   0.12500   0.20833   0.29167   0.37500   0.45833 
 KGrids3:  -0.47500  -0.42500  -0.37500  -0.32500  -0.27500  -0.22500  -0.17500  -0.12500  -0.07500  -0.02500   0.02500   0.07500   0.12500   0.17500   0.22500   0.27500   0.32500   0.37500   0.42500   0.47500 
<Band_DFT>  Eigen, time=0.514232
<Band_DFT>  DM, time=1.388113
    1   Sn  MulP   6.9998  6.9998 sum  13.9996
    2   Sn  MulP   7.0005  7.0005 sum  14.0010
    3   Sn  MulP   6.9998  6.9998 sum  13.9997
    4   Sn  MulP   6.9998  6.9998 sum  13.9997
 Sum of MulP: up   =    28.00000 down          =    28.00000
              total=    56.00000 ideal(neutral)=    56.00000
<DFT>  Total Spin Moment (muB) =  0.000000000000
<DFT>  Mixing_weight= 0.400000000000
<DFT>  Uele   =  -42.211551175130  dUele     =   0.000021326570
<DFT>  NormRD =    0.004927188108  Criterion =   0.000000100000

******************* MD=27  SCF= 3 *******************
<Poisson>  Poisson's equation using FFT...
<Set_Hamiltonian>  Hamiltonian matrix for VNA+dVH+Vxc...
<Band>  Solving the eigenvalue problem...
 KGrids1:  -0.45833  -0.37500  -0.29167  -0.20833  -0.12500  -0.04167   0.04167   0.12500   0.20833   0.29167   0.37500   0.45833 
 KGrids2:  -0.45833  -0.37500  -0.29167  -0.20833  -0.12500  -0.04167   0.04167   0.12500   0.20833   0.29167   0.37500   0.45833 
 KGrids3:  -0.47500  -0.42500  -0.37500  -0.32500  -0.27500  -0.22500  -0.17500  -0.12500  -0.07500  -0.02500   0.02500   0.07500   0.12500   0.17500   0.22500   0.27500   0.32500   0.37500   0.42500   0.47500 
<Band_DFT>  Eigen, time=0.512780
<Band_DFT>  DM, time=1.524583
    1   Sn  MulP   6.9998  6.9998 sum  13.9997
    2   Sn  MulP   7.0005  7.0005 sum  14.0010
    3   Sn  MulP   6.9998  6.9998 sum  13.9997
    4   Sn  MulP   6.9998  6.9998 sum  13.9997
 Sum of MulP: up   =    28.00000 down          =    28.00000
              total=    56.00000 ideal(neutral)=    56.00000
<DFT>  Total Spin Moment (muB) =  0.000000000000
<DFT>  Mixing_weight= 0.040000000000
<DFT>  Uele   =  -42.211565632786  dUele     =   0.000014457656
<DFT>  NormRD =    0.003368919446  Criterion =   0.000000100000

******************* MD=27  SCF= 4 *******************
<Poisson>  Poisson's equation using FFT...
<Set_Hamiltonian>  Hamiltonian matrix for VNA+dVH+Vxc...
<Band>  Solving the eigenvalue problem...
 KGrids1:  -0.45833  -0.37500  -0.29167  -0.20833  -0.12500  -0.04167   0.04167   0.12500   0.20833   0.29167   0.37500   0.45833 
 KGrids2:  -0.45833  -0.37500  -0.29167  -0.20833  -0.12500  -0.04167   0.04167   0.12500   0.20833   0.29167   0.37500   0.45833 
 KGrids3:  -0.47500  -0.42500  -0.37500  -0.32500  -0.27500  -0.22500  -0.17500  -0.12500  -0.07500  -0.02500   0.02500   0.07500   0.12500   0.17500   0.22500   0.27500   0.32500   0.37500   0.42500   0.47500 
<Band_DFT>  Eigen, time=0.751359
<Band_DFT>  DM, time=1.678421
    1   Sn  MulP   6.9999  6.9999 sum  13.9997
    2   Sn  MulP   7.0005  7.0005 sum  14.0010
    3   Sn  MulP   6.9999  6.9999 sum  13.9997
    4   Sn  MulP   6.9998  6.9998 sum  13.9996
 Sum of MulP: up   =    28.00000 down          =    28.00000
              total=    56.00000 ideal(neutral)=    56.00000
<DFT>  Total Spin Moment (muB) =  0.000000000000
<DFT>  Mixing_weight= 0.040000000000
<DFT>  Uele   =  -42.211604112819  dUele     =   0.000038480033
<DFT>  NormRD =    0.000316454261  Criterion =   0.000000100000

******************* MD=27  SCF= 5 *******************
<Poisson>  Poisson's equation using FFT...
<Set_Hamiltonian>  Hamiltonian matrix for VNA+dVH+Vxc...
<Band>  Solving the eigenvalue problem...
 KGrids1:  -0.45833  -0.37500  -0.29167  -0.20833  -0.12500  -0.04167   0.04167   0.12500   0.20833   0.29167   0.37500   0.45833 
 KGrids2:  -0.45833  -0.37500  -0.29167  -0.20833  -0.12500  -0.04167   0.04167   0.12500   0.20833   0.29167   0.37500   0.45833 
 KGrids3:  -0.47500  -0.42500  -0.37500  -0.32500  -0.27500  -0.22500  -0.17500  -0.12500  -0.07500  -0.02500   0.02500   0.07500   0.12500   0.17500   0.22500   0.27500   0.32500   0.37500   0.42500   0.47500 
<Band_DFT>  Eigen, time=0.513941
<Band_DFT>  DM, time=1.486438
    1   Sn  MulP   6.9999  6.9999 sum  13.9997
    2   Sn  MulP   7.0005  7.0005 sum  14.0010
    3   Sn  MulP   6.9998  6.9998 sum  13.9997
    4   Sn  MulP   6.9998  6.9998 sum  13.9996
 Sum of MulP: up   =    28.00000 down          =    28.00000
              total=    56.00000 ideal(neutral)=    56.00000
<DFT>  Total Spin Moment (muB) =  0.000000000000
<DFT>  Mixing_weight= 0.040000000000
<DFT>  Uele   =  -42.211599130372  dUele     =   0.000004982447
<DFT>  NormRD =    0.000210438638  Criterion =   0.000000100000

******************* MD=27  SCF= 6 *******************
<Poisson>  Poisson's equation using FFT...
<Set_Hamiltonian>  Hamiltonian matrix for VNA+dVH+Vxc...
<Band>  Solving the eigenvalue problem...
 KGrids1:  -0.45833  -0.37500  -0.29167  -0.20833  -0.12500  -0.04167   0.04167   0.12500   0.20833   0.29167   0.37500   0.45833 
 KGrids2:  -0.45833  -0.37500  -0.29167  -0.20833  -0.12500  -0.04167   0.04167   0.12500   0.20833   0.29167   0.37500   0.45833 
 KGrids3:  -0.47500  -0.42500  -0.37500  -0.32500  -0.27500  -0.22500  -0.17500  -0.12500  -0.07500  -0.02500   0.02500   0.07500   0.12500   0.17500   0.22500   0.27500   0.32500   0.37500   0.42500   0.47500 
<Band_DFT>  Eigen, time=0.741799
<Band_DFT>  DM, time=2.042468
    1   Sn  MulP   6.9999  6.9999 sum  13.9997
    2   Sn  MulP   7.0005  7.0005 sum  14.0010
    3   Sn  MulP   6.9999  6.9999 sum  13.9997
    4   Sn  MulP   6.9998  6.9998 sum  13.9996
 Sum of MulP: up   =    28.00000 down          =    28.00000
              total=    56.00000 ideal(neutral)=    56.00000
<DFT>  Total Spin Moment (muB) =  0.000000000000
<DFT>  Mixing_weight= 0.040000000000
<DFT>  Uele   =  -42.211599393672  dUele     =   0.000000263300
<DFT>  NormRD =    0.000122802113  Criterion =   0.000000100000

******************* MD=27  SCF= 7 *******************
<Poisson>  Poisson's equation using FFT...
<Set_Hamiltonian>  Hamiltonian matrix for VNA+dVH+Vxc...
<Band>  Solving the eigenvalue problem...
 KGrids1:  -0.45833  -0.37500  -0.29167  -0.20833  -0.12500  -0.04167   0.04167   0.12500   0.20833   0.29167   0.37500   0.45833 
 KGrids2:  -0.45833  -0.37500  -0.29167  -0.20833  -0.12500  -0.04167   0.04167   0.12500   0.20833   0.29167   0.37500   0.45833 
 KGrids3:  -0.47500  -0.42500  -0.37500  -0.32500  -0.27500  -0.22500  -0.17500  -0.12500  -0.07500  -0.02500   0.02500   0.07500   0.12500   0.17500   0.22500   0.27500   0.32500   0.37500   0.42500   0.47500 
<Band_DFT>  Eigen, time=0.740933
<Band_DFT>  DM, time=2.038034
    1   Sn  MulP   6.9999  6.9999 sum  13.9997
    2   Sn  MulP   7.0005  7.0005 sum  14.0010
    3   Sn  MulP   6.9998  6.9998 sum  13.9997
    4   Sn  MulP   6.9998  6.9998 sum  13.9996
 Sum of MulP: up   =    28.00000 down          =    28.00000
              total=    56.00000 ideal(neutral)=    56.00000
<DFT>  Total Spin Moment (muB) =  0.000000000000
<DFT>  Mixing_weight= 0.040000000000
<DFT>  Uele   =  -42.211599968473  dUele     =   0.000000574801
<DFT>  NormRD =    0.000020431076  Criterion =   0.000000100000

******************* MD=27  SCF= 8 *******************
<Poisson>  Poisson's equation using FFT...
<Set_Hamiltonian>  Hamiltonian matrix for VNA+dVH+Vxc...
<Band>  Solving the eigenvalue problem...
 KGrids1:  -0.45833  -0.37500  -0.29167  -0.20833  -0.12500  -0.04167   0.04167   0.12500   0.20833   0.29167   0.37500   0.45833 
 KGrids2:  -0.45833  -0.37500  -0.29167  -0.20833  -0.12500  -0.04167   0.04167   0.12500   0.20833   0.29167   0.37500   0.45833 
 KGrids3:  -0.47500  -0.42500  -0.37500  -0.32500  -0.27500  -0.22500  -0.17500  -0.12500  -0.07500  -0.02500   0.02500   0.07500   0.12500   0.17500   0.22500   0.27500   0.32500   0.37500   0.42500   0.47500 
<Band_DFT>  Eigen, time=0.744091
<Band_DFT>  DM, time=2.041277
    1   Sn  MulP   6.9999  6.9999 sum  13.9997
    2   Sn  MulP   7.0005  7.0005 sum  14.0010
    3   Sn  MulP   6.9999  6.9999 sum  13.9997
    4   Sn  MulP   6.9998  6.9998 sum  13.9996
 Sum of MulP: up   =    28.00000 down          =    28.00000
              total=    56.00000 ideal(neutral)=    56.00000
<DFT>  Total Spin Moment (muB) =  0.000000000000
<DFT>  Mixing_weight= 0.040000000000
<DFT>  Uele   =  -42.211600047885  dUele     =   0.000000079412
<DFT>  NormRD =    0.000017059649  Criterion =   0.000000100000
<MD=27>  Force calculation
  Force calculation #1
  Force calculation #2
  Force calculation #3
  Force calculation #4
  Force calculation #5
  Stress calculation #1
  Stress calculation #2
  Stress calculation #3
  Stress calculation #4
  Stress calculation #5
<MD=27>  Total Energy
  Force calculation #6
  Force calculation #7

*******************************************************
                  Dipole moment (Debye)                 
*******************************************************

 Absolute D      519.03759346

                      Dx                Dy                Dz
 Total           -359.65538802     -362.13791050      -94.36185178
 Core             403.24299955      401.43909226      324.94107941
 Electron        -762.89838757     -763.57700276     -419.30293118
 Back ground       -0.00000000       -0.00000000       -0.00000000

*******************************************************
               Stress tensor (Hartree/bohr^3)            
*******************************************************

      -0.00000060       -0.00000000        0.00000360 
      -0.00000000       -0.00000143       -0.00000000 
       0.00000360       -0.00000000       -0.00000002 

*******************************************************
                Total Energy (Hartree) at MD =27        
*******************************************************

  Uele  =     -42.211600047885

  Ukin  =     203.438703509120
  UH0   =   -2703.959921079270
  UH1   =       0.004897980763
  Una   =    -149.421056099578
  Unl   =     -47.913308383267
  Uxc0  =     -25.237148062035
  Uxc1  =     -25.237148062035
  Ucore =    2464.167666118943
  Uhub  =       0.000000000000
  Ucs   =       0.000000000000
  Uzs   =       0.000000000000
  Uzo   =       0.000000000000
  Uef   =       0.000000000000
  UvdW  =       0.000000000000
  Uch   =       0.000000000000
  Utot  =    -284.157314077358

  UpV   =       0.000000000000
  Enpy  =    -284.157314077358
  Note:

  Uele:   band energy
  Ukin:   kinetic energy
  UH0:    electric part of screened Coulomb energy
  UH1:    difference electron-electron Coulomb energy
  Una:    neutral atom potential energy
  Unl:    non-local potential energy
  Uxc0:   exchange-correlation energy for alpha spin
  Uxc1:   exchange-correlation energy for beta spin
  Ucore:  core-core Coulomb energy
  Uhub:   LDA+U energy
  Ucs:    constraint energy for spin orientation
  Uzs:    Zeeman term for spin magnetic moment
  Uzo:    Zeeman term for orbital magnetic moment
  Uef:    electric energy by electric field
  UvdW:   semi-empirical vdW energy 
  Uch:    penalty term to create a core hole
  UpV:    pressure times volume
  Enpy:   Enthalpy = Utot + UpV
  (see also PRB 72, 045121(2005) for the energy contributions)


*******************************************************
           Computational times (s) at MD =27            
*******************************************************

  DFT in total      =   32.39572

  Set_OLP_Kin       =    0.69704
  Set_Nonlocal      =    1.10009
  Set_ProExpn_VNA   =    2.45975
  Set_Hamiltonian   =    2.28369
  Poisson           =    0.00106
  diagonalization   =   19.63205
  Mixing_DM         =    0.00570
  Force             =    2.61106
  Total_Energy      =    0.46064
  Set_Aden_Grid     =    0.00736
  Set_Orbitals_Grid =    0.09965
  Set_Density_Grid  =    0.87710
  RestartFileDFT    =    0.02978
  Mulliken_Charge   =    0.00126
  FFT(2D)_Density   =    0.00216

The SCF was achieved at MD=  27

*******************************************************
             MD or geometry opt. at MD =27              
*******************************************************

<BFGS>  |Maximum force| (Hartree/Bohr) = 0.000589705436
<BFGS>  Criterion       (Hartree/Bohr) = 0.000100000000

     atom=   1, XYZ(ang) Fxyz(a.u.)=  -0.0003    0.0000   -0.0001     0.0005    0.0000   -0.0000
     atom=   2, XYZ(ang) Fxyz(a.u.)=   2.9879    2.9849    1.6145     0.0006    0.0000    0.0001
     atom=   3, XYZ(ang) Fxyz(a.u.)=   0.0049    2.9849    0.8241     0.0005   -0.0000   -0.0002
     atom=   4, XYZ(ang) Fxyz(a.u.)=   2.9925    0.0000    2.4000    -0.0000   -0.0000   -0.0004

*******************************************************
        Analysis of neighbors and setting of grids        
*******************************************************


*******************************************************
  Allocation of atoms to processors at MD_iter=   28     
*******************************************************

 proc =   0  # of atoms=   1  estimated weight=         1.00000
 proc =   1  # of atoms=   1  estimated weight=         1.00000
 proc =   2  # of atoms=   1  estimated weight=         1.00000
 proc =   3  # of atoms=   1  estimated weight=         1.00000
 proc =   4  # of atoms=   0  estimated weight=         0.00000
 proc =   5  # of atoms=   0  estimated weight=         0.00000
 proc =   6  # of atoms=   0  estimated weight=         0.00000
 proc =   7  # of atoms=   0  estimated weight=         0.00000
 proc =   8  # of atoms=   0  estimated weight=         0.00000
 proc =   9  # of atoms=   0  estimated weight=         0.00000
 proc =  10  # of atoms=   0  estimated weight=         0.00000
 proc =  11  # of atoms=   0  estimated weight=         0.00000
 proc =  12  # of atoms=   0  estimated weight=         0.00000
 proc =  13  # of atoms=   0  estimated weight=         0.00000
 proc =  14  # of atoms=   0  estimated weight=         0.00000
 proc =  15  # of atoms=   0  estimated weight=         0.00000



TFNAN=     256   Average FNAN=  64.00000
TSNAN=       0   Average SNAN=   0.00000
<truncation> CpyCell= 3 ct_AN=   1 FNAN SNAN  64   0
<truncation> CpyCell= 3 ct_AN=   2 FNAN SNAN  64   0
<truncation> CpyCell= 3 ct_AN=   3 FNAN SNAN  64   0
<truncation> CpyCell= 3 ct_AN=   4 FNAN SNAN  64   0
<UCell_Box> Info. of cutoff energy and num. of grids
lattice vectors (bohr)
A  = 11.281295655248,  0.000000000000,  0.028203239138
B  =  0.000000000000, 11.281295655248,  0.000000000000
C  =  0.015204829790,  0.000000000000,  6.081931916162
reciprocal lattice vectors (bohr^-1)
RA =  0.556959481370,  0.000000000000, -0.001392398703
RB =  0.000000000000,  0.556956000374,  0.000000000000
RC = -0.002582742073,  0.000000000000,  1.033096829091
Required cutoff energy (Ryd) for 3D-grids = 200.0000
    Used cutoff energy (Ryd) for 3D-grids = 193.8786, 193.8750, 194.5146
Num. of grids of a-, b-, and c-axes = 50, 50, 27
Cell_Volume =    774.028233187484 (Bohr^3)
GridVol     =      0.011467084936 (Bohr^3)
Cell vectors (bohr) of the grid cell (gtv)
  gtv_a =  0.225625913105,  0.000000000000,  0.000564064783
  gtv_b =  0.000000000000,  0.225625913105,  0.000000000000
  gtv_c =  0.000563141844,  0.000000000000,  0.225256737636
  |gtv_a| =  0.225626618185
  |gtv_b| =  0.225625913105
  |gtv_c| =  0.225257441562
Num. of grids overlapping with atom    1 = 125063
Num. of grids overlapping with atom    2 = 125299
Num. of grids overlapping with atom    3 = 125116
Num. of grids overlapping with atom    4 = 125146

*******************************************************
             SCF calculation at MD =28                
*******************************************************

<MD=28>  Calculation of the overlap matrix
<MD=28>  Calculation of the nonlocal matrix
<MD=28>  Calculation of the VNA projector matrix

******************* MD=28  SCF= 1 *******************
<Restart>  Found restart files
<Poisson>  Poisson's equation using FFT...
<Band>  Solving the eigenvalue problem...
 KGrids1:  -0.45833  -0.37500  -0.29167  -0.20833  -0.12500  -0.04167   0.04167   0.12500   0.20833   0.29167   0.37500   0.45833 
 KGrids2:  -0.45833  -0.37500  -0.29167  -0.20833  -0.12500  -0.04167   0.04167   0.12500   0.20833   0.29167   0.37500   0.45833 
 KGrids3:  -0.47500  -0.42500  -0.37500  -0.32500  -0.27500  -0.22500  -0.17500  -0.12500  -0.07500  -0.02500   0.02500   0.07500   0.12500   0.17500   0.22500   0.27500   0.32500   0.37500   0.42500   0.47500 
<Band_DFT>  Eigen, time=0.792571
<Band_DFT>  DM, time=1.987823
    1   Sn  MulP   6.9999  6.9999 sum  13.9998
    2   Sn  MulP   7.0004  7.0004 sum  14.0008
    3   Sn  MulP   6.9999  6.9999 sum  13.9997
    4   Sn  MulP   6.9999  6.9999 sum  13.9997
 Sum of MulP: up   =    28.00000 down          =    28.00000
              total=    56.00000 ideal(neutral)=    56.00000
<DFT>  Total Spin Moment (muB) =  0.000000000000
<DFT>  Mixing_weight= 0.400000000000
<DFT>  Uele   =  -42.211607084413  dUele     =   1.000000000000
<DFT>  NormRD =    1.000000000000  Criterion =   0.000000100000

******************* MD=28  SCF= 2 *******************
<Poisson>  Poisson's equation using FFT...
<Set_Hamiltonian>  Hamiltonian matrix for VNA+dVH+Vxc...
<Band>  Solving the eigenvalue problem...
 KGrids1:  -0.45833  -0.37500  -0.29167  -0.20833  -0.12500  -0.04167   0.04167   0.12500   0.20833   0.29167   0.37500   0.45833 
 KGrids2:  -0.45833  -0.37500  -0.29167  -0.20833  -0.12500  -0.04167   0.04167   0.12500   0.20833   0.29167   0.37500   0.45833 
 KGrids3:  -0.47500  -0.42500  -0.37500  -0.32500  -0.27500  -0.22500  -0.17500  -0.12500  -0.07500  -0.02500   0.02500   0.07500   0.12500   0.17500   0.22500   0.27500   0.32500   0.37500   0.42500   0.47500 
<Band_DFT>  Eigen, time=0.779294
<Band_DFT>  DM, time=1.890830
    1   Sn  MulP   6.9999  6.9999 sum  13.9998
    2   Sn  MulP   7.0004  7.0004 sum  14.0008
    3   Sn  MulP   6.9999  6.9999 sum  13.9997
    4   Sn  MulP   6.9999  6.9999 sum  13.9997
 Sum of MulP: up   =    28.00000 down          =    28.00000
              total=    56.00000 ideal(neutral)=    56.00000
<DFT>  Total Spin Moment (muB) =  0.000000000000
<DFT>  Mixing_weight= 0.400000000000
<DFT>  Uele   =  -42.211607015808  dUele     =   0.000000068604
<DFT>  NormRD =    0.000043828432  Criterion =   0.000000100000

******************* MD=28  SCF= 3 *******************
<Poisson>  Poisson's equation using FFT...
<Set_Hamiltonian>  Hamiltonian matrix for VNA+dVH+Vxc...
<Band>  Solving the eigenvalue problem...
 KGrids1:  -0.45833  -0.37500  -0.29167  -0.20833  -0.12500  -0.04167   0.04167   0.12500   0.20833   0.29167   0.37500   0.45833 
 KGrids2:  -0.45833  -0.37500  -0.29167  -0.20833  -0.12500  -0.04167   0.04167   0.12500   0.20833   0.29167   0.37500   0.45833 
 KGrids3:  -0.47500  -0.42500  -0.37500  -0.32500  -0.27500  -0.22500  -0.17500  -0.12500  -0.07500  -0.02500   0.02500   0.07500   0.12500   0.17500   0.22500   0.27500   0.32500   0.37500   0.42500   0.47500 
<Band_DFT>  Eigen, time=0.743865
<Band_DFT>  DM, time=1.932324
    1   Sn  MulP   6.9999  6.9999 sum  13.9998
    2   Sn  MulP   7.0004  7.0004 sum  14.0008
    3   Sn  MulP   6.9999  6.9999 sum  13.9997
    4   Sn  MulP   6.9999  6.9999 sum  13.9997
 Sum of MulP: up   =    28.00000 down          =    28.00000
              total=    56.00000 ideal(neutral)=    56.00000
<DFT>  Total Spin Moment (muB) =  0.000000000000
<DFT>  Mixing_weight= 0.040000000000
<DFT>  Uele   =  -42.211606967372  dUele     =   0.000000048436
<DFT>  NormRD =    0.000028968786  Criterion =   0.000000100000
<MD=28>  Force calculation
  Force calculation #1
  Force calculation #2
  Force calculation #3
  Force calculation #4
  Force calculation #5
  Stress calculation #1
  Stress calculation #2
  Stress calculation #3
  Stress calculation #4
  Stress calculation #5
<MD=28>  Total Energy
  Force calculation #6
  Force calculation #7

*******************************************************
                  Dipole moment (Debye)                 
*******************************************************

 Absolute D      520.32035121

                      Dx                Dy                Dz
 Total           -361.55477312     -362.13854347      -94.16522317
 Core             402.45812609      401.43892670      325.35999603
 Electron        -764.01289921     -763.57747017     -419.52521920
 Back ground       -0.00000000       -0.00000000       -0.00000000

*******************************************************
               Stress tensor (Hartree/bohr^3)            
*******************************************************

      -0.00000101        0.00000000        0.00000302 
       0.00000000       -0.00000027       -0.00000000 
       0.00000302       -0.00000000        0.00000070 

*******************************************************
                Total Energy (Hartree) at MD =28        
*******************************************************

  Uele  =     -42.211606967372

  Ukin  =     203.438556879693
  UH0   =   -2703.963182820436
  UH1   =       0.004898206950
  Una   =    -149.420983752701
  Unl   =     -47.913244477141
  Uxc0  =     -25.237143382716
  Uxc1  =     -25.237143382716
  Ucore =    2464.170923095075
  Uhub  =       0.000000000000
  Ucs   =       0.000000000000
  Uzs   =       0.000000000000
  Uzo   =       0.000000000000
  Uef   =       0.000000000000
  UvdW  =       0.000000000000
  Uch   =       0.000000000000
  Utot  =    -284.157319633993

  UpV   =       0.000000000000
  Enpy  =    -284.157319633993
  Note:

  Uele:   band energy
  Ukin:   kinetic energy
  UH0:    electric part of screened Coulomb energy
  UH1:    difference electron-electron Coulomb energy
  Una:    neutral atom potential energy
  Unl:    non-local potential energy
  Uxc0:   exchange-correlation energy for alpha spin
  Uxc1:   exchange-correlation energy for beta spin
  Ucore:  core-core Coulomb energy
  Uhub:   LDA+U energy
  Ucs:    constraint energy for spin orientation
  Uzs:    Zeeman term for spin magnetic moment
  Uzo:    Zeeman term for orbital magnetic moment
  Uef:    electric energy by electric field
  UvdW:   semi-empirical vdW energy 
  Uch:    penalty term to create a core hole
  UpV:    pressure times volume
  Enpy:   Enthalpy = Utot + UpV
  (see also PRB 72, 045121(2005) for the energy contributions)


*******************************************************
           Computational times (s) at MD =28            
*******************************************************

  DFT in total      =   18.00151

  Set_OLP_Kin       =    0.69706
  Set_Nonlocal      =    1.29064
  Set_ProExpn_VNA   =    2.53153
  Set_Hamiltonian   =    0.76740
  Poisson           =    0.00050
  diagonalization   =    8.28992
  Mixing_DM         =    0.00253
  Force             =    1.84710
  Total_Energy      =    0.40852
  Set_Aden_Grid     =    0.00703
  Set_Orbitals_Grid =    0.09981
  Set_Density_Grid  =    0.27121
  RestartFileDFT    =    0.00288
  Mulliken_Charge   =    0.00064
  FFT(2D)_Density   =    0.00117

The SCF was achieved at MD=  28

*******************************************************
             MD or geometry opt. at MD =28              
*******************************************************

<BFGS>  |Maximum force| (Hartree/Bohr) = 0.000458909422
<BFGS>  Criterion       (Hartree/Bohr) = 0.000100000000

     atom=   1, XYZ(ang) Fxyz(a.u.)=  -0.0001    0.0000   -0.0001     0.0000    0.0000   -0.0000
     atom=   2, XYZ(ang) Fxyz(a.u.)=   2.9876    2.9849    1.6129     0.0001   -0.0000    0.0002
     atom=   3, XYZ(ang) Fxyz(a.u.)=   0.0061    2.9849    0.8266    -0.0001   -0.0000   -0.0001
     atom=   4, XYZ(ang) Fxyz(a.u.)=   2.9921    0.0000    2.3982    -0.0000   -0.0000    0.0005

*******************************************************
        Analysis of neighbors and setting of grids        
*******************************************************


*******************************************************
  Allocation of atoms to processors at MD_iter=   29     
*******************************************************

 proc =   0  # of atoms=   1  estimated weight=         1.00000
 proc =   1  # of atoms=   1  estimated weight=         1.00000
 proc =   2  # of atoms=   1  estimated weight=         1.00000
 proc =   3  # of atoms=   1  estimated weight=         1.00000
 proc =   4  # of atoms=   0  estimated weight=         0.00000
 proc =   5  # of atoms=   0  estimated weight=         0.00000
 proc =   6  # of atoms=   0  estimated weight=         0.00000
 proc =   7  # of atoms=   0  estimated weight=         0.00000
 proc =   8  # of atoms=   0  estimated weight=         0.00000
 proc =   9  # of atoms=   0  estimated weight=         0.00000
 proc =  10  # of atoms=   0  estimated weight=         0.00000
 proc =  11  # of atoms=   0  estimated weight=         0.00000
 proc =  12  # of atoms=   0  estimated weight=         0.00000
 proc =  13  # of atoms=   0  estimated weight=         0.00000
 proc =  14  # of atoms=   0  estimated weight=         0.00000
 proc =  15  # of atoms=   0  estimated weight=         0.00000



TFNAN=     256   Average FNAN=  64.00000
TSNAN=       0   Average SNAN=   0.00000
<truncation> CpyCell= 3 ct_AN=   1 FNAN SNAN  64   0
<truncation> CpyCell= 3 ct_AN=   2 FNAN SNAN  64   0
<truncation> CpyCell= 3 ct_AN=   3 FNAN SNAN  64   0
<truncation> CpyCell= 3 ct_AN=   4 FNAN SNAN  64   0
<UCell_Box> Info. of cutoff energy and num. of grids
lattice vectors (bohr)
A  = 11.281295655248,  0.000000000000,  0.028203239138
B  =  0.000000000000, 11.281295655248,  0.000000000000
C  =  0.015204829790,  0.000000000000,  6.081931916162
reciprocal lattice vectors (bohr^-1)
RA =  0.556959481370,  0.000000000000, -0.001392398703
RB =  0.000000000000,  0.556956000374,  0.000000000000
RC = -0.002582742073,  0.000000000000,  1.033096829091
Required cutoff energy (Ryd) for 3D-grids = 200.0000
    Used cutoff energy (Ryd) for 3D-grids = 193.8786, 193.8750, 194.5146
Num. of grids of a-, b-, and c-axes = 50, 50, 27
Cell_Volume =    774.028233187484 (Bohr^3)
GridVol     =      0.011467084936 (Bohr^3)
Cell vectors (bohr) of the grid cell (gtv)
  gtv_a =  0.225625913105,  0.000000000000,  0.000564064783
  gtv_b =  0.000000000000,  0.225625913105,  0.000000000000
  gtv_c =  0.000563141844,  0.000000000000,  0.225256737636
  |gtv_a| =  0.225626618185
  |gtv_b| =  0.225625913105
  |gtv_c| =  0.225257441562
Num. of grids overlapping with atom    1 = 125067
Num. of grids overlapping with atom    2 = 125311
Num. of grids overlapping with atom    3 = 125067
Num. of grids overlapping with atom    4 = 125115

*******************************************************
             SCF calculation at MD =29                
*******************************************************

<MD=29>  Calculation of the overlap matrix
<MD=29>  Calculation of the nonlocal matrix
<MD=29>  Calculation of the VNA projector matrix

******************* MD=29  SCF= 1 *******************
<Restart>  Found restart files
<Poisson>  Poisson's equation using FFT...
<Band>  Solving the eigenvalue problem...
 KGrids1:  -0.45833  -0.37500  -0.29167  -0.20833  -0.12500  -0.04167   0.04167   0.12500   0.20833   0.29167   0.37500   0.45833 
 KGrids2:  -0.45833  -0.37500  -0.29167  -0.20833  -0.12500  -0.04167   0.04167   0.12500   0.20833   0.29167   0.37500   0.45833 
 KGrids3:  -0.47500  -0.42500  -0.37500  -0.32500  -0.27500  -0.22500  -0.17500  -0.12500  -0.07500  -0.02500   0.02500   0.07500   0.12500   0.17500   0.22500   0.27500   0.32500   0.37500   0.42500   0.47500 
<Band_DFT>  Eigen, time=0.742110
<Band_DFT>  DM, time=1.824267
    1   Sn  MulP   6.9999  6.9999 sum  13.9997
    2   Sn  MulP   7.0004  7.0004 sum  14.0009
    3   Sn  MulP   6.9999  6.9999 sum  13.9997
    4   Sn  MulP   6.9998  6.9998 sum  13.9997
 Sum of MulP: up   =    28.00000 down          =    28.00000
              total=    56.00000 ideal(neutral)=    56.00000
<DFT>  Total Spin Moment (muB) =  0.000000000000
<DFT>  Mixing_weight= 0.400000000000
<DFT>  Uele   =  -42.211598520106  dUele     =   1.000000000000
<DFT>  NormRD =    1.000000000000  Criterion =   0.000000100000

******************* MD=29  SCF= 2 *******************
<Poisson>  Poisson's equation using FFT...
<Set_Hamiltonian>  Hamiltonian matrix for VNA+dVH+Vxc...
<Band>  Solving the eigenvalue problem...
 KGrids1:  -0.45833  -0.37500  -0.29167  -0.20833  -0.12500  -0.04167   0.04167   0.12500   0.20833   0.29167   0.37500   0.45833 
 KGrids2:  -0.45833  -0.37500  -0.29167  -0.20833  -0.12500  -0.04167   0.04167   0.12500   0.20833   0.29167   0.37500   0.45833 
 KGrids3:  -0.47500  -0.42500  -0.37500  -0.32500  -0.27500  -0.22500  -0.17500  -0.12500  -0.07500  -0.02500   0.02500   0.07500   0.12500   0.17500   0.22500   0.27500   0.32500   0.37500   0.42500   0.47500 
<Band_DFT>  Eigen, time=0.736658
<Band_DFT>  DM, time=1.825915
    1   Sn  MulP   6.9999  6.9999 sum  13.9997
    2   Sn  MulP   7.0004  7.0004 sum  14.0009
    3   Sn  MulP   6.9999  6.9999 sum  13.9997
    4   Sn  MulP   6.9998  6.9998 sum  13.9997
 Sum of MulP: up   =    28.00000 down          =    28.00000
              total=    56.00000 ideal(neutral)=    56.00000
<DFT>  Total Spin Moment (muB) =  0.000000000000
<DFT>  Mixing_weight= 0.400000000000
<DFT>  Uele   =  -42.211594867608  dUele     =   0.000003652498
<DFT>  NormRD =    0.000058982991  Criterion =   0.000000100000

******************* MD=29  SCF= 3 *******************
<Poisson>  Poisson's equation using FFT...
<Set_Hamiltonian>  Hamiltonian matrix for VNA+dVH+Vxc...
<Band>  Solving the eigenvalue problem...
 KGrids1:  -0.45833  -0.37500  -0.29167  -0.20833  -0.12500  -0.04167   0.04167   0.12500   0.20833   0.29167   0.37500   0.45833 
 KGrids2:  -0.45833  -0.37500  -0.29167  -0.20833  -0.12500  -0.04167   0.04167   0.12500   0.20833   0.29167   0.37500   0.45833 
 KGrids3:  -0.47500  -0.42500  -0.37500  -0.32500  -0.27500  -0.22500  -0.17500  -0.12500  -0.07500  -0.02500   0.02500   0.07500   0.12500   0.17500   0.22500   0.27500   0.32500   0.37500   0.42500   0.47500 
<Band_DFT>  Eigen, time=0.746823
<Band_DFT>  DM, time=2.027070
    1   Sn  MulP   6.9999  6.9999 sum  13.9997
    2   Sn  MulP   7.0004  7.0004 sum  14.0009
    3   Sn  MulP   6.9999  6.9999 sum  13.9997
    4   Sn  MulP   6.9998  6.9998 sum  13.9997
 Sum of MulP: up   =    28.00000 down          =    28.00000
              total=    56.00000 ideal(neutral)=    56.00000
<DFT>  Total Spin Moment (muB) =  0.000000000000
<DFT>  Mixing_weight= 0.040000000000
<DFT>  Uele   =  -42.211592699994  dUele     =   0.000002167614
<DFT>  NormRD =    0.000038260133  Criterion =   0.000000100000

******************* MD=29  SCF= 4 *******************
<Poisson>  Poisson's equation using FFT...
<Set_Hamiltonian>  Hamiltonian matrix for VNA+dVH+Vxc...
<Band>  Solving the eigenvalue problem...
 KGrids1:  -0.45833  -0.37500  -0.29167  -0.20833  -0.12500  -0.04167   0.04167   0.12500   0.20833   0.29167   0.37500   0.45833 
 KGrids2:  -0.45833  -0.37500  -0.29167  -0.20833  -0.12500  -0.04167   0.04167   0.12500   0.20833   0.29167   0.37500   0.45833 
 KGrids3:  -0.47500  -0.42500  -0.37500  -0.32500  -0.27500  -0.22500  -0.17500  -0.12500  -0.07500  -0.02500   0.02500   0.07500   0.12500   0.17500   0.22500   0.27500   0.32500   0.37500   0.42500   0.47500 
<Band_DFT>  Eigen, time=0.754274
<Band_DFT>  DM, time=1.815402
    1   Sn  MulP   6.9999  6.9999 sum  13.9997
    2   Sn  MulP   7.0004  7.0004 sum  14.0009
    3   Sn  MulP   6.9999  6.9999 sum  13.9997
    4   Sn  MulP   6.9998  6.9998 sum  13.9997
 Sum of MulP: up   =    28.00000 down          =    28.00000
              total=    56.00000 ideal(neutral)=    56.00000
<DFT>  Total Spin Moment (muB) =  0.000000000000
<DFT>  Mixing_weight= 0.040000000000
<DFT>  Uele   =  -42.211589455565  dUele     =   0.000003244429
<DFT>  NormRD =    0.000003167929  Criterion =   0.000000100000

******************* MD=29  SCF= 5 *******************
<Poisson>  Poisson's equation using FFT...
<Set_Hamiltonian>  Hamiltonian matrix for VNA+dVH+Vxc...
<Band>  Solving the eigenvalue problem...
 KGrids1:  -0.45833  -0.37500  -0.29167  -0.20833  -0.12500  -0.04167   0.04167   0.12500   0.20833   0.29167   0.37500   0.45833 
 KGrids2:  -0.45833  -0.37500  -0.29167  -0.20833  -0.12500  -0.04167   0.04167   0.12500   0.20833   0.29167   0.37500   0.45833 
 KGrids3:  -0.47500  -0.42500  -0.37500  -0.32500  -0.27500  -0.22500  -0.17500  -0.12500  -0.07500  -0.02500   0.02500   0.07500   0.12500   0.17500   0.22500   0.27500   0.32500   0.37500   0.42500   0.47500 
<Band_DFT>  Eigen, time=0.745991
<Band_DFT>  DM, time=2.054272
    1   Sn  MulP   6.9999  6.9999 sum  13.9997
    2   Sn  MulP   7.0004  7.0004 sum  14.0009
    3   Sn  MulP   6.9999  6.9999 sum  13.9997
    4   Sn  MulP   6.9998  6.9998 sum  13.9997
 Sum of MulP: up   =    28.00000 down          =    28.00000
              total=    56.00000 ideal(neutral)=    56.00000
<DFT>  Total Spin Moment (muB) =  0.000000000000
<DFT>  Mixing_weight= 0.040000000000
<DFT>  Uele   =  -42.211589547895  dUele     =   0.000000092331
<DFT>  NormRD =    0.000002247136  Criterion =   0.000000100000
<MD=29>  Force calculation
  Force calculation #1
  Force calculation #2
  Force calculation #3
  Force calculation #4
  Force calculation #5
  Stress calculation #1
  Stress calculation #2
  Stress calculation #3
  Stress calculation #4
  Stress calculation #5
<MD=29>  Total Energy
  Force calculation #6
  Force calculation #7

*******************************************************
                  Dipole moment (Debye)                 
*******************************************************

 Absolute D      519.99065341

                      Dx                Dy                Dz
 Total           -361.07961080     -362.13860471      -94.16700737
 Core             402.50726883      401.43893431      325.30154507
 Electron        -763.58687963     -763.57753902     -419.46855244
 Back ground       -0.00000000       -0.00000000       -0.00000000

*******************************************************
               Stress tensor (Hartree/bohr^3)            
*******************************************************

      -0.00000160        0.00000000        0.00000302 
       0.00000000       -0.00000061       -0.00000000 
       0.00000302       -0.00000000        0.00000019 

*******************************************************
                Total Energy (Hartree) at MD =29        
*******************************************************

  Uele  =     -42.211589547895

  Ukin  =     203.438653428019
  UH0   =   -2703.961749582476
  UH1   =       0.004898037137
  Una   =    -149.421033294639
  Unl   =     -47.913285149299
  Uxc0  =     -25.237149490414
  Uxc1  =     -25.237149490414
  Ucore =    2464.169493456820
  Uhub  =       0.000000000000
  Ucs   =       0.000000000000
  Uzs   =       0.000000000000
  Uzo   =       0.000000000000
  Uef   =       0.000000000000
  UvdW  =       0.000000000000
  Uch   =       0.000000000000
  Utot  =    -284.157322085267

  UpV   =       0.000000000000
  Enpy  =    -284.157322085267
  Note:

  Uele:   band energy
  Ukin:   kinetic energy
  UH0:    electric part of screened Coulomb energy
  UH1:    difference electron-electron Coulomb energy
  Una:    neutral atom potential energy
  Unl:    non-local potential energy
  Uxc0:   exchange-correlation energy for alpha spin
  Uxc1:   exchange-correlation energy for beta spin
  Ucore:  core-core Coulomb energy
  Uhub:   LDA+U energy
  Ucs:    constraint energy for spin orientation
  Uzs:    Zeeman term for spin magnetic moment
  Uzo:    Zeeman term for orbital magnetic moment
  Uef:    electric energy by electric field
  UvdW:   semi-empirical vdW energy 
  Uch:    penalty term to create a core hole
  UpV:    pressure times volume
  Enpy:   Enthalpy = Utot + UpV
  (see also PRB 72, 045121(2005) for the energy contributions)


*******************************************************
           Computational times (s) at MD =29            
*******************************************************

  DFT in total      =   24.06651

  Set_OLP_Kin       =    0.70290
  Set_Nonlocal      =    1.34585
  Set_ProExpn_VNA   =    2.46175
  Set_Hamiltonian   =    1.13889
  Poisson           =    0.00089
  diagonalization   =   13.54792
  Mixing_DM         =    0.00397
  Force             =    2.00575
  Total_Energy      =    0.40748
  Set_Aden_Grid     =    0.00734
  Set_Orbitals_Grid =    0.09895
  Set_Density_Grid  =    0.48761
  RestartFileDFT    =    0.03225
  Mulliken_Charge   =    0.00095
  FFT(2D)_Density   =    0.00157

The SCF was achieved at MD=  29

*******************************************************
             MD or geometry opt. at MD =29              
*******************************************************

<BFGS>  |Maximum force| (Hartree/Bohr) = 0.000398949562
<BFGS>  Criterion       (Hartree/Bohr) = 0.000100000000

     atom=   1, XYZ(ang) Fxyz(a.u.)=   0.0004    0.0000   -0.0001     0.0001    0.0000    0.0000
     atom=   2, XYZ(ang) Fxyz(a.u.)=   2.9886    2.9849    1.6130    -0.0002   -0.0000   -0.0003
     atom=   3, XYZ(ang) Fxyz(a.u.)=   0.0062    2.9849    0.8265     0.0004   -0.0000   -0.0002
     atom=   4, XYZ(ang) Fxyz(a.u.)=   2.9928   -0.0000    2.3971    -0.0002    0.0000    0.0002

*******************************************************
        Analysis of neighbors and setting of grids        
*******************************************************


*******************************************************
  Allocation of atoms to processors at MD_iter=   30     
*******************************************************

 proc =   0  # of atoms=   1  estimated weight=         1.00000
 proc =   1  # of atoms=   1  estimated weight=         1.00000
 proc =   2  # of atoms=   1  estimated weight=         1.00000
 proc =   3  # of atoms=   1  estimated weight=         1.00000
 proc =   4  # of atoms=   0  estimated weight=         0.00000
 proc =   5  # of atoms=   0  estimated weight=         0.00000
 proc =   6  # of atoms=   0  estimated weight=         0.00000
 proc =   7  # of atoms=   0  estimated weight=         0.00000
 proc =   8  # of atoms=   0  estimated weight=         0.00000
 proc =   9  # of atoms=   0  estimated weight=         0.00000
 proc =  10  # of atoms=   0  estimated weight=         0.00000
 proc =  11  # of atoms=   0  estimated weight=         0.00000
 proc =  12  # of atoms=   0  estimated weight=         0.00000
 proc =  13  # of atoms=   0  estimated weight=         0.00000
 proc =  14  # of atoms=   0  estimated weight=         0.00000
 proc =  15  # of atoms=   0  estimated weight=         0.00000



TFNAN=     256   Average FNAN=  64.00000
TSNAN=       0   Average SNAN=   0.00000
<truncation> CpyCell= 3 ct_AN=   1 FNAN SNAN  64   0
<truncation> CpyCell= 3 ct_AN=   2 FNAN SNAN  64   0
<truncation> CpyCell= 3 ct_AN=   3 FNAN SNAN  64   0
<truncation> CpyCell= 3 ct_AN=   4 FNAN SNAN  64   0
<UCell_Box> Info. of cutoff energy and num. of grids
lattice vectors (bohr)
A  = 11.281295655248,  0.000000000000,  0.028203239138
B  =  0.000000000000, 11.281295655248,  0.000000000000
C  =  0.015204829790,  0.000000000000,  6.081931916162
reciprocal lattice vectors (bohr^-1)
RA =  0.556959481370,  0.000000000000, -0.001392398703
RB =  0.000000000000,  0.556956000374,  0.000000000000
RC = -0.002582742073,  0.000000000000,  1.033096829091
Required cutoff energy (Ryd) for 3D-grids = 200.0000
    Used cutoff energy (Ryd) for 3D-grids = 193.8786, 193.8750, 194.5146
Num. of grids of a-, b-, and c-axes = 50, 50, 27
Cell_Volume =    774.028233187484 (Bohr^3)
GridVol     =      0.011467084936 (Bohr^3)
Cell vectors (bohr) of the grid cell (gtv)
  gtv_a =  0.225625913105,  0.000000000000,  0.000564064783
  gtv_b =  0.000000000000,  0.225625913105,  0.000000000000
  gtv_c =  0.000563141844,  0.000000000000,  0.225256737636
  |gtv_a| =  0.225626618185
  |gtv_b| =  0.225625913105
  |gtv_c| =  0.225257441562
Num. of grids overlapping with atom    1 = 125066
Num. of grids overlapping with atom    2 = 125305
Num. of grids overlapping with atom    3 = 125067
Num. of grids overlapping with atom    4 = 125118

*******************************************************
             SCF calculation at MD =30                
*******************************************************

<MD=30>  Calculation of the overlap matrix
<MD=30>  Calculation of the nonlocal matrix
<MD=30>  Calculation of the VNA projector matrix

******************* MD=30  SCF= 1 *******************
<Restart>  Found restart files
<Poisson>  Poisson's equation using FFT...
<Band>  Solving the eigenvalue problem...
 KGrids1:  -0.45833  -0.37500  -0.29167  -0.20833  -0.12500  -0.04167   0.04167   0.12500   0.20833   0.29167   0.37500   0.45833 
 KGrids2:  -0.45833  -0.37500  -0.29167  -0.20833  -0.12500  -0.04167   0.04167   0.12500   0.20833   0.29167   0.37500   0.45833 
 KGrids3:  -0.47500  -0.42500  -0.37500  -0.32500  -0.27500  -0.22500  -0.17500  -0.12500  -0.07500  -0.02500   0.02500   0.07500   0.12500   0.17500   0.22500   0.27500   0.32500   0.37500   0.42500   0.47500 
<Band_DFT>  Eigen, time=0.742088
<Band_DFT>  DM, time=1.396463
    1   Sn  MulP   6.9999  6.9999 sum  13.9997
    2   Sn  MulP   7.0004  7.0004 sum  14.0009
    3   Sn  MulP   6.9999  6.9999 sum  13.9997
    4   Sn  MulP   6.9998  6.9998 sum  13.9997
 Sum of MulP: up   =    28.00000 down          =    28.00000
              total=    56.00000 ideal(neutral)=    56.00000
<DFT>  Total Spin Moment (muB) =  0.000000000000
<DFT>  Mixing_weight= 0.400000000000
<DFT>  Uele   =  -42.211605691585  dUele     =   1.000000000000
<DFT>  NormRD =    1.000000000000  Criterion =   0.000000100000

******************* MD=30  SCF= 2 *******************
<Poisson>  Poisson's equation using FFT...
<Set_Hamiltonian>  Hamiltonian matrix for VNA+dVH+Vxc...
<Band>  Solving the eigenvalue problem...
 KGrids1:  -0.45833  -0.37500  -0.29167  -0.20833  -0.12500  -0.04167   0.04167   0.12500   0.20833   0.29167   0.37500   0.45833 
 KGrids2:  -0.45833  -0.37500  -0.29167  -0.20833  -0.12500  -0.04167   0.04167   0.12500   0.20833   0.29167   0.37500   0.45833 
 KGrids3:  -0.47500  -0.42500  -0.37500  -0.32500  -0.27500  -0.22500  -0.17500  -0.12500  -0.07500  -0.02500   0.02500   0.07500   0.12500   0.17500   0.22500   0.27500   0.32500   0.37500   0.42500   0.47500 
<Band_DFT>  Eigen, time=0.516237
<Band_DFT>  DM, time=1.388696
    1   Sn  MulP   6.9999  6.9999 sum  13.9997
    2   Sn  MulP   7.0004  7.0004 sum  14.0009
    3   Sn  MulP   6.9999  6.9999 sum  13.9997
    4   Sn  MulP   6.9998  6.9998 sum  13.9997
 Sum of MulP: up   =    28.00000 down          =    28.00000
              total=    56.00000 ideal(neutral)=    56.00000
<DFT>  Total Spin Moment (muB) =  0.000000000000
<DFT>  Mixing_weight= 0.400000000000
<DFT>  Uele   =  -42.211599213210  dUele     =   0.000006478375
<DFT>  NormRD =    0.000095252582  Criterion =   0.000000100000

******************* MD=30  SCF= 3 *******************
<Poisson>  Poisson's equation using FFT...
<Set_Hamiltonian>  Hamiltonian matrix for VNA+dVH+Vxc...
<Band>  Solving the eigenvalue problem...
 KGrids1:  -0.45833  -0.37500  -0.29167  -0.20833  -0.12500  -0.04167   0.04167   0.12500   0.20833   0.29167   0.37500   0.45833 
 KGrids2:  -0.45833  -0.37500  -0.29167  -0.20833  -0.12500  -0.04167   0.04167   0.12500   0.20833   0.29167   0.37500   0.45833 
 KGrids3:  -0.47500  -0.42500  -0.37500  -0.32500  -0.27500  -0.22500  -0.17500  -0.12500  -0.07500  -0.02500   0.02500   0.07500   0.12500   0.17500   0.22500   0.27500   0.32500   0.37500   0.42500   0.47500 
<Band_DFT>  Eigen, time=0.532960
<Band_DFT>  DM, time=1.372349
    1   Sn  MulP   6.9999  6.9999 sum  13.9997
    2   Sn  MulP   7.0004  7.0004 sum  14.0009
    3   Sn  MulP   6.9999  6.9999 sum  13.9997
    4   Sn  MulP   6.9998  6.9998 sum  13.9997
 Sum of MulP: up   =    28.00000 down          =    28.00000
              total=    56.00000 ideal(neutral)=    56.00000
<DFT>  Total Spin Moment (muB) =  0.000000000000
<DFT>  Mixing_weight= 0.040000000000
<DFT>  Uele   =  -42.211595047266  dUele     =   0.000004165943
<DFT>  NormRD =    0.000062673075  Criterion =   0.000000100000

******************* MD=30  SCF= 4 *******************
<Poisson>  Poisson's equation using FFT...
<Set_Hamiltonian>  Hamiltonian matrix for VNA+dVH+Vxc...
<Band>  Solving the eigenvalue problem...
 KGrids1:  -0.45833  -0.37500  -0.29167  -0.20833  -0.12500  -0.04167   0.04167   0.12500   0.20833   0.29167   0.37500   0.45833 
 KGrids2:  -0.45833  -0.37500  -0.29167  -0.20833  -0.12500  -0.04167   0.04167   0.12500   0.20833   0.29167   0.37500   0.45833 
 KGrids3:  -0.47500  -0.42500  -0.37500  -0.32500  -0.27500  -0.22500  -0.17500  -0.12500  -0.07500  -0.02500   0.02500   0.07500   0.12500   0.17500   0.22500   0.27500   0.32500   0.37500   0.42500   0.47500 
<Band_DFT>  Eigen, time=0.514797
<Band_DFT>  DM, time=1.386403
    1   Sn  MulP   6.9999  6.9999 sum  13.9997
    2   Sn  MulP   7.0004  7.0004 sum  14.0009
    3   Sn  MulP   6.9999  6.9999 sum  13.9997
    4   Sn  MulP   6.9998  6.9998 sum  13.9997
 Sum of MulP: up   =    28.00000 down          =    28.00000
              total=    56.00000 ideal(neutral)=    56.00000
<DFT>  Total Spin Moment (muB) =  0.000000000000
<DFT>  Mixing_weight= 0.040000000000
<DFT>  Uele   =  -42.211585634965  dUele     =   0.000009412302
<DFT>  NormRD =    0.000006236705  Criterion =   0.000000100000

******************* MD=30  SCF= 5 *******************
<Poisson>  Poisson's equation using FFT...
<Set_Hamiltonian>  Hamiltonian matrix for VNA+dVH+Vxc...
<Band>  Solving the eigenvalue problem...
 KGrids1:  -0.45833  -0.37500  -0.29167  -0.20833  -0.12500  -0.04167   0.04167   0.12500   0.20833   0.29167   0.37500   0.45833 
 KGrids2:  -0.45833  -0.37500  -0.29167  -0.20833  -0.12500  -0.04167   0.04167   0.12500   0.20833   0.29167   0.37500   0.45833 
 KGrids3:  -0.47500  -0.42500  -0.37500  -0.32500  -0.27500  -0.22500  -0.17500  -0.12500  -0.07500  -0.02500   0.02500   0.07500   0.12500   0.17500   0.22500   0.27500   0.32500   0.37500   0.42500   0.47500 
<Band_DFT>  Eigen, time=0.513953
<Band_DFT>  DM, time=1.386321
    1   Sn  MulP   6.9999  6.9999 sum  13.9997
    2   Sn  MulP   7.0004  7.0004 sum  14.0009
    3   Sn  MulP   6.9999  6.9999 sum  13.9997
    4   Sn  MulP   6.9998  6.9998 sum  13.9997
 Sum of MulP: up   =    28.00000 down          =    28.00000
              total=    56.00000 ideal(neutral)=    56.00000
<DFT>  Total Spin Moment (muB) =  0.000000000000
<DFT>  Mixing_weight= 0.040000000000
<DFT>  Uele   =  -42.211587202870  dUele     =   0.000001567906
<DFT>  NormRD =    0.000005541682  Criterion =   0.000000100000

******************* MD=30  SCF= 6 *******************
<Poisson>  Poisson's equation using FFT...
<Set_Hamiltonian>  Hamiltonian matrix for VNA+dVH+Vxc...
<Band>  Solving the eigenvalue problem...
 KGrids1:  -0.45833  -0.37500  -0.29167  -0.20833  -0.12500  -0.04167   0.04167   0.12500   0.20833   0.29167   0.37500   0.45833 
 KGrids2:  -0.45833  -0.37500  -0.29167  -0.20833  -0.12500  -0.04167   0.04167   0.12500   0.20833   0.29167   0.37500   0.45833 
 KGrids3:  -0.47500  -0.42500  -0.37500  -0.32500  -0.27500  -0.22500  -0.17500  -0.12500  -0.07500  -0.02500   0.02500   0.07500   0.12500   0.17500   0.22500   0.27500   0.32500   0.37500   0.42500   0.47500 
<Band_DFT>  Eigen, time=0.515319
<Band_DFT>  DM, time=1.392037
    1   Sn  MulP   6.9999  6.9999 sum  13.9997
    2   Sn  MulP   7.0004  7.0004 sum  14.0009
    3   Sn  MulP   6.9999  6.9999 sum  13.9997
    4   Sn  MulP   6.9998  6.9998 sum  13.9997
 Sum of MulP: up   =    28.00000 down          =    28.00000
              total=    56.00000 ideal(neutral)=    56.00000
<DFT>  Total Spin Moment (muB) =  0.000000000000
<DFT>  Mixing_weight= 0.040000000000
<DFT>  Uele   =  -42.211587069398  dUele     =   0.000000133472
<DFT>  NormRD =    0.000001361775  Criterion =   0.000000100000

******************* MD=30  SCF= 7 *******************
<Poisson>  Poisson's equation using FFT...
<Set_Hamiltonian>  Hamiltonian matrix for VNA+dVH+Vxc...
<Band>  Solving the eigenvalue problem...
 KGrids1:  -0.45833  -0.37500  -0.29167  -0.20833  -0.12500  -0.04167   0.04167   0.12500   0.20833   0.29167   0.37500   0.45833 
 KGrids2:  -0.45833  -0.37500  -0.29167  -0.20833  -0.12500  -0.04167   0.04167   0.12500   0.20833   0.29167   0.37500   0.45833 
 KGrids3:  -0.47500  -0.42500  -0.37500  -0.32500  -0.27500  -0.22500  -0.17500  -0.12500  -0.07500  -0.02500   0.02500   0.07500   0.12500   0.17500   0.22500   0.27500   0.32500   0.37500   0.42500   0.47500 
<Band_DFT>  Eigen, time=0.516104
<Band_DFT>  DM, time=1.391656
    1   Sn  MulP   6.9999  6.9999 sum  13.9997
    2   Sn  MulP   7.0004  7.0004 sum  14.0009
    3   Sn  MulP   6.9999  6.9999 sum  13.9997
    4   Sn  MulP   6.9998  6.9998 sum  13.9997
 Sum of MulP: up   =    28.00000 down          =    28.00000
              total=    56.00000 ideal(neutral)=    56.00000
<DFT>  Total Spin Moment (muB) =  0.000000000000
<DFT>  Mixing_weight= 0.040000000000
<DFT>  Uele   =  -42.211586947151  dUele     =   0.000000122247
<DFT>  NormRD =    0.000001469866  Criterion =   0.000000100000

******************* MD=30  SCF= 8 *******************
<Poisson>  Poisson's equation using FFT...
<Set_Hamiltonian>  Hamiltonian matrix for VNA+dVH+Vxc...
<Band>  Solving the eigenvalue problem...
 KGrids1:  -0.45833  -0.37500  -0.29167  -0.20833  -0.12500  -0.04167   0.04167   0.12500   0.20833   0.29167   0.37500   0.45833 
 KGrids2:  -0.45833  -0.37500  -0.29167  -0.20833  -0.12500  -0.04167   0.04167   0.12500   0.20833   0.29167   0.37500   0.45833 
 KGrids3:  -0.47500  -0.42500  -0.37500  -0.32500  -0.27500  -0.22500  -0.17500  -0.12500  -0.07500  -0.02500   0.02500   0.07500   0.12500   0.17500   0.22500   0.27500   0.32500   0.37500   0.42500   0.47500 
<Band_DFT>  Eigen, time=0.779631
<Band_DFT>  DM, time=1.994984
    1   Sn  MulP   6.9999  6.9999 sum  13.9997
    2   Sn  MulP   7.0004  7.0004 sum  14.0009
    3   Sn  MulP   6.9999  6.9999 sum  13.9997
    4   Sn  MulP   6.9998  6.9998 sum  13.9997
 Sum of MulP: up   =    28.00000 down          =    28.00000
              total=    56.00000 ideal(neutral)=    56.00000
<DFT>  Total Spin Moment (muB) =  0.000000000000
<DFT>  Mixing_weight= 0.040000000000
<DFT>  Uele   =  -42.211586940559  dUele     =   0.000000006592
<DFT>  NormRD =    0.000000211816  Criterion =   0.000000100000
<MD=30>  Force calculation
  Force calculation #1
  Force calculation #2
  Force calculation #3
  Force calculation #4
  Force calculation #5
  Stress calculation #1
  Stress calculation #2
  Stress calculation #3
  Stress calculation #4
  Stress calculation #5
<MD=30>  Total Energy
  Force calculation #6
  Force calculation #7

*******************************************************
                  Dipole moment (Debye)                 
*******************************************************

 Absolute D      519.84213541

                      Dx                Dy                Dz
 Total           -360.85431881     -362.13844830      -94.21120217
 Core             402.66676863      401.43896902      325.23322953
 Electron        -763.52108744     -763.57741732     -419.44443170
 Back ground       -0.00000000       -0.00000000       -0.00000000

*******************************************************
               Stress tensor (Hartree/bohr^3)            
*******************************************************

      -0.00000127        0.00000000        0.00000314 
       0.00000000       -0.00000073       -0.00000000 
       0.00000314       -0.00000000        0.00000024 

*******************************************************
                Total Energy (Hartree) at MD =30        
*******************************************************

  Uele  =     -42.211586940559

  Ukin  =     203.438667362674
  UH0   =   -2703.961375389080
  UH1   =       0.004897985526
  Una   =    -149.421037910370
  Unl   =     -47.913292961057
  Uxc0  =     -25.237149559917
  Uxc1  =     -25.237149559917
  Ucore =    2464.169118428030
  Uhub  =       0.000000000000
  Ucs   =       0.000000000000
  Uzs   =       0.000000000000
  Uzo   =       0.000000000000
  Uef   =       0.000000000000
  UvdW  =       0.000000000000
  Uch   =       0.000000000000
  Utot  =    -284.157321604111

  UpV   =       0.000000000000
  Enpy  =    -284.157321604111
  Note:

  Uele:   band energy
  Ukin:   kinetic energy
  UH0:    electric part of screened Coulomb energy
  UH1:    difference electron-electron Coulomb energy
  Una:    neutral atom potential energy
  Unl:    non-local potential energy
  Uxc0:   exchange-correlation energy for alpha spin
  Uxc1:   exchange-correlation energy for beta spin
  Ucore:  core-core Coulomb energy
  Uhub:   LDA+U energy
  Ucs:    constraint energy for spin orientation
  Uzs:    Zeeman term for spin magnetic moment
  Uzo:    Zeeman term for orbital magnetic moment
  Uef:    electric energy by electric field
  UvdW:   semi-empirical vdW energy 
  Uch:    penalty term to create a core hole
  UpV:    pressure times volume
  Enpy:   Enthalpy = Utot + UpV
  (see also PRB 72, 045121(2005) for the energy contributions)


*******************************************************
           Computational times (s) at MD =30            
*******************************************************

  DFT in total      =   29.07603

  Set_OLP_Kin       =    0.70455
  Set_Nonlocal      =    1.50295
  Set_ProExpn_VNA   =    2.93841
  Set_Hamiltonian   =    1.97211
  Poisson           =    0.00109
  diagonalization   =   16.80909
  Mixing_DM         =    0.00550
  Force             =    1.91008
  Total_Energy      =    0.40797
  Set_Aden_Grid     =    0.15021
  Set_Orbitals_Grid =    0.09758
  Set_Density_Grid  =    0.67960
  RestartFileDFT    =    0.04145
  Mulliken_Charge   =    0.00124
  FFT(2D)_Density   =    0.00198

The SCF was achieved at MD=  30

*******************************************************
             MD or geometry opt. at MD =30              
*******************************************************

<BFGS>  |Maximum force| (Hartree/Bohr) = 0.000362228807
<BFGS>  Criterion       (Hartree/Bohr) = 0.000100000000

     atom=   1, XYZ(ang) Fxyz(a.u.)=   0.0002    0.0000   -0.0001     0.0002    0.0000   -0.0000
     atom=   2, XYZ(ang) Fxyz(a.u.)=   2.9883    2.9849    1.6128     0.0002    0.0000   -0.0000
     atom=   3, XYZ(ang) Fxyz(a.u.)=   0.0062    2.9849    0.8271     0.0004   -0.0000   -0.0002
     atom=   4, XYZ(ang) Fxyz(a.u.)=   2.9925    0.0000    2.3973    -0.0000   -0.0000   -0.0000

*******************************************************
        Analysis of neighbors and setting of grids        
*******************************************************


*******************************************************
  Allocation of atoms to processors at MD_iter=   31     
*******************************************************

 proc =   0  # of atoms=   1  estimated weight=         1.00000
 proc =   1  # of atoms=   1  estimated weight=         1.00000
 proc =   2  # of atoms=   1  estimated weight=         1.00000
 proc =   3  # of atoms=   1  estimated weight=         1.00000
 proc =   4  # of atoms=   0  estimated weight=         0.00000
 proc =   5  # of atoms=   0  estimated weight=         0.00000
 proc =   6  # of atoms=   0  estimated weight=         0.00000
 proc =   7  # of atoms=   0  estimated weight=         0.00000
 proc =   8  # of atoms=   0  estimated weight=         0.00000
 proc =   9  # of atoms=   0  estimated weight=         0.00000
 proc =  10  # of atoms=   0  estimated weight=         0.00000
 proc =  11  # of atoms=   0  estimated weight=         0.00000
 proc =  12  # of atoms=   0  estimated weight=         0.00000
 proc =  13  # of atoms=   0  estimated weight=         0.00000
 proc =  14  # of atoms=   0  estimated weight=         0.00000
 proc =  15  # of atoms=   0  estimated weight=         0.00000



TFNAN=     256   Average FNAN=  64.00000
TSNAN=       0   Average SNAN=   0.00000
<truncation> CpyCell= 3 ct_AN=   1 FNAN SNAN  64   0
<truncation> CpyCell= 3 ct_AN=   2 FNAN SNAN  64   0
<truncation> CpyCell= 3 ct_AN=   3 FNAN SNAN  64   0
<truncation> CpyCell= 3 ct_AN=   4 FNAN SNAN  64   0
<UCell_Box> Info. of cutoff energy and num. of grids
lattice vectors (bohr)
A  = 11.281295655248,  0.000000000000,  0.028203239138
B  =  0.000000000000, 11.281295655248,  0.000000000000
C  =  0.015204829790,  0.000000000000,  6.081931916162
reciprocal lattice vectors (bohr^-1)
RA =  0.556959481370,  0.000000000000, -0.001392398703
RB =  0.000000000000,  0.556956000374,  0.000000000000
RC = -0.002582742073,  0.000000000000,  1.033096829091
Required cutoff energy (Ryd) for 3D-grids = 200.0000
    Used cutoff energy (Ryd) for 3D-grids = 193.8786, 193.8750, 194.5146
Num. of grids of a-, b-, and c-axes = 50, 50, 27
Cell_Volume =    774.028233187484 (Bohr^3)
GridVol     =      0.011467084936 (Bohr^3)
Cell vectors (bohr) of the grid cell (gtv)
  gtv_a =  0.225625913105,  0.000000000000,  0.000564064783
  gtv_b =  0.000000000000,  0.225625913105,  0.000000000000
  gtv_c =  0.000563141844,  0.000000000000,  0.225256737636
  |gtv_a| =  0.225626618185
  |gtv_b| =  0.225625913105
  |gtv_c| =  0.225257441562
Num. of grids overlapping with atom    1 = 125069
Num. of grids overlapping with atom    2 = 125320
Num. of grids overlapping with atom    3 = 125074
Num. of grids overlapping with atom    4 = 125111

*******************************************************
             SCF calculation at MD =31                
*******************************************************

<MD=31>  Calculation of the overlap matrix
<MD=31>  Calculation of the nonlocal matrix
<MD=31>  Calculation of the VNA projector matrix

******************* MD=31  SCF= 1 *******************
<Restart>  Found restart files
<Poisson>  Poisson's equation using FFT...
<Band>  Solving the eigenvalue problem...
 KGrids1:  -0.45833  -0.37500  -0.29167  -0.20833  -0.12500  -0.04167   0.04167   0.12500   0.20833   0.29167   0.37500   0.45833 
 KGrids2:  -0.45833  -0.37500  -0.29167  -0.20833  -0.12500  -0.04167   0.04167   0.12500   0.20833   0.29167   0.37500   0.45833 
 KGrids3:  -0.47500  -0.42500  -0.37500  -0.32500  -0.27500  -0.22500  -0.17500  -0.12500  -0.07500  -0.02500   0.02500   0.07500   0.12500   0.17500   0.22500   0.27500   0.32500   0.37500   0.42500   0.47500 
<Band_DFT>  Eigen, time=0.794261
<Band_DFT>  DM, time=1.342160
    1   Sn  MulP   6.9999  6.9999 sum  13.9997
    2   Sn  MulP   7.0004  7.0004 sum  14.0009
    3   Sn  MulP   6.9999  6.9999 sum  13.9997
    4   Sn  MulP   6.9998  6.9998 sum  13.9997
 Sum of MulP: up   =    28.00000 down          =    28.00000
              total=    56.00000 ideal(neutral)=    56.00000
<DFT>  Total Spin Moment (muB) =  0.000000000000
<DFT>  Mixing_weight= 0.400000000000
<DFT>  Uele   =  -42.211601069963  dUele     =   1.000000000000
<DFT>  NormRD =    1.000000000000  Criterion =   0.000000100000

******************* MD=31  SCF= 2 *******************
<Poisson>  Poisson's equation using FFT...
<Set_Hamiltonian>  Hamiltonian matrix for VNA+dVH+Vxc...
<Band>  Solving the eigenvalue problem...
 KGrids1:  -0.45833  -0.37500  -0.29167  -0.20833  -0.12500  -0.04167   0.04167   0.12500   0.20833   0.29167   0.37500   0.45833 
 KGrids2:  -0.45833  -0.37500  -0.29167  -0.20833  -0.12500  -0.04167   0.04167   0.12500   0.20833   0.29167   0.37500   0.45833 
 KGrids3:  -0.47500  -0.42500  -0.37500  -0.32500  -0.27500  -0.22500  -0.17500  -0.12500  -0.07500  -0.02500   0.02500   0.07500   0.12500   0.17500   0.22500   0.27500   0.32500   0.37500   0.42500   0.47500 
<Band_DFT>  Eigen, time=0.679593
<Band_DFT>  DM, time=1.878809
    1   Sn  MulP   6.9999  6.9999 sum  13.9997
    2   Sn  MulP   7.0004  7.0004 sum  14.0009
    3   Sn  MulP   6.9999  6.9999 sum  13.9997
    4   Sn  MulP   6.9998  6.9998 sum  13.9997
 Sum of MulP: up   =    28.00000 down          =    28.00000
              total=    56.00000 ideal(neutral)=    56.00000
<DFT>  Total Spin Moment (muB) =  0.000000000000
<DFT>  Mixing_weight= 0.400000000000
<DFT>  Uele   =  -42.211595681272  dUele     =   0.000005388691
<DFT>  NormRD =    0.000114252669  Criterion =   0.000000100000

******************* MD=31  SCF= 3 *******************
<Poisson>  Poisson's equation using FFT...
<Set_Hamiltonian>  Hamiltonian matrix for VNA+dVH+Vxc...
<Band>  Solving the eigenvalue problem...
 KGrids1:  -0.45833  -0.37500  -0.29167  -0.20833  -0.12500  -0.04167   0.04167   0.12500   0.20833   0.29167   0.37500   0.45833 
 KGrids2:  -0.45833  -0.37500  -0.29167  -0.20833  -0.12500  -0.04167   0.04167   0.12500   0.20833   0.29167   0.37500   0.45833 
 KGrids3:  -0.47500  -0.42500  -0.37500  -0.32500  -0.27500  -0.22500  -0.17500  -0.12500  -0.07500  -0.02500   0.02500   0.07500   0.12500   0.17500   0.22500   0.27500   0.32500   0.37500   0.42500   0.47500 
<Band_DFT>  Eigen, time=0.650522
<Band_DFT>  DM, time=2.037836
    1   Sn  MulP   6.9999  6.9999 sum  13.9997
    2   Sn  MulP   7.0004  7.0004 sum  14.0009
    3   Sn  MulP   6.9999  6.9999 sum  13.9997
    4   Sn  MulP   6.9998  6.9998 sum  13.9997
 Sum of MulP: up   =    28.00000 down          =    28.00000
              total=    56.00000 ideal(neutral)=    56.00000
<DFT>  Total Spin Moment (muB) =  0.000000000000
<DFT>  Mixing_weight= 0.040000000000
<DFT>  Uele   =  -42.211592158519  dUele     =   0.000003522753
<DFT>  NormRD =    0.000075921641  Criterion =   0.000000100000

******************* MD=31  SCF= 4 *******************
<Poisson>  Poisson's equation using FFT...
<Set_Hamiltonian>  Hamiltonian matrix for VNA+dVH+Vxc...
<Band>  Solving the eigenvalue problem...
 KGrids1:  -0.45833  -0.37500  -0.29167  -0.20833  -0.12500  -0.04167   0.04167   0.12500   0.20833   0.29167   0.37500   0.45833 
 KGrids2:  -0.45833  -0.37500  -0.29167  -0.20833  -0.12500  -0.04167   0.04167   0.12500   0.20833   0.29167   0.37500   0.45833 
 KGrids3:  -0.47500  -0.42500  -0.37500  -0.32500  -0.27500  -0.22500  -0.17500  -0.12500  -0.07500  -0.02500   0.02500   0.07500   0.12500   0.17500   0.22500   0.27500   0.32500   0.37500   0.42500   0.47500 
<Band_DFT>  Eigen, time=0.734627
<Band_DFT>  DM, time=2.032455
    1   Sn  MulP   6.9999  6.9999 sum  13.9997
    2   Sn  MulP   7.0004  7.0004 sum  14.0009
    3   Sn  MulP   6.9999  6.9999 sum  13.9997
    4   Sn  MulP   6.9998  6.9998 sum  13.9997
 Sum of MulP: up   =    28.00000 down          =    28.00000
              total=    56.00000 ideal(neutral)=    56.00000
<DFT>  Total Spin Moment (muB) =  0.000000000000
<DFT>  Mixing_weight= 0.040000000000
<DFT>  Uele   =  -42.211583729928  dUele     =   0.000008428591
<DFT>  NormRD =    0.000008943108  Criterion =   0.000000100000

******************* MD=31  SCF= 5 *******************
<Poisson>  Poisson's equation using FFT...
<Set_Hamiltonian>  Hamiltonian matrix for VNA+dVH+Vxc...
<Band>  Solving the eigenvalue problem...
 KGrids1:  -0.45833  -0.37500  -0.29167  -0.20833  -0.12500  -0.04167   0.04167   0.12500   0.20833   0.29167   0.37500   0.45833 
 KGrids2:  -0.45833  -0.37500  -0.29167  -0.20833  -0.12500  -0.04167   0.04167   0.12500   0.20833   0.29167   0.37500   0.45833 
 KGrids3:  -0.47500  -0.42500  -0.37500  -0.32500  -0.27500  -0.22500  -0.17500  -0.12500  -0.07500  -0.02500   0.02500   0.07500   0.12500   0.17500   0.22500   0.27500   0.32500   0.37500   0.42500   0.47500 
<Band_DFT>  Eigen, time=0.738110
<Band_DFT>  DM, time=2.038793
    1   Sn  MulP   6.9999  6.9999 sum  13.9997
    2   Sn  MulP   7.0004  7.0004 sum  14.0009
    3   Sn  MulP   6.9999  6.9999 sum  13.9997
    4   Sn  MulP   6.9998  6.9998 sum  13.9997
 Sum of MulP: up   =    28.00000 down          =    28.00000
              total=    56.00000 ideal(neutral)=    56.00000
<DFT>  Total Spin Moment (muB) =  0.000000000000
<DFT>  Mixing_weight= 0.040000000000
<DFT>  Uele   =  -42.211585161031  dUele     =   0.000001431102
<DFT>  NormRD =    0.000008582202  Criterion =   0.000000100000

******************* MD=31  SCF= 6 *******************
<Poisson>  Poisson's equation using FFT...
<Set_Hamiltonian>  Hamiltonian matrix for VNA+dVH+Vxc...
<Band>  Solving the eigenvalue problem...
 KGrids1:  -0.45833  -0.37500  -0.29167  -0.20833  -0.12500  -0.04167   0.04167   0.12500   0.20833   0.29167   0.37500   0.45833 
 KGrids2:  -0.45833  -0.37500  -0.29167  -0.20833  -0.12500  -0.04167   0.04167   0.12500   0.20833   0.29167   0.37500   0.45833 
 KGrids3:  -0.47500  -0.42500  -0.37500  -0.32500  -0.27500  -0.22500  -0.17500  -0.12500  -0.07500  -0.02500   0.02500   0.07500   0.12500   0.17500   0.22500   0.27500   0.32500   0.37500   0.42500   0.47500 
<Band_DFT>  Eigen, time=0.737832
<Band_DFT>  DM, time=2.037504
    1   Sn  MulP   6.9999  6.9999 sum  13.9997
    2   Sn  MulP   7.0004  7.0004 sum  14.0009
    3   Sn  MulP   6.9999  6.9999 sum  13.9997
    4   Sn  MulP   6.9998  6.9998 sum  13.9997
 Sum of MulP: up   =    28.00000 down          =    28.00000
              total=    56.00000 ideal(neutral)=    56.00000
<DFT>  Total Spin Moment (muB) =  0.000000000000
<DFT>  Mixing_weight= 0.040000000000
<DFT>  Uele   =  -42.211585107503  dUele     =   0.000000053527
<DFT>  NormRD =    0.000001559745  Criterion =   0.000000100000
<MD=31>  Force calculation
  Force calculation #1
  Force calculation #2
  Force calculation #3
  Force calculation #4
  Force calculation #5
  Stress calculation #1
  Stress calculation #2
  Stress calculation #3
  Stress calculation #4
  Stress calculation #5
<MD=31>  Total Energy
  Force calculation #6
  Force calculation #7

*******************************************************
                  Dipole moment (Debye)                 
*******************************************************

 Absolute D      519.91977960

                      Dx                Dy                Dz
 Total           -360.97111938     -362.13850321      -94.19199901
 Core             402.60136045      401.43895549      325.26906942
 Electron        -763.57247983     -763.57745870     -419.46106843
 Back ground       -0.00000000       -0.00000000       -0.00000000

*******************************************************
               Stress tensor (Hartree/bohr^3)            
*******************************************************

      -0.00000152        0.00000000        0.00000308 
       0.00000000       -0.00000069       -0.00000000 
       0.00000308       -0.00000000        0.00000018 

*******************************************************
                Total Energy (Hartree) at MD =31        
*******************************************************

  Uele  =     -42.211585107503

  Ukin  =     203.438677076392
  UH0   =   -2703.961236374676
  UH1   =       0.004897969478
  Una   =    -149.421043014058
  Unl   =     -47.913296847693
  Uxc0  =     -25.237150269311
  Uxc1  =     -25.237150269311
  Ucore =    2464.168979736014
  Uhub  =       0.000000000000
  Ucs   =       0.000000000000
  Uzs   =       0.000000000000
  Uzo   =       0.000000000000
  Uef   =       0.000000000000
  UvdW  =       0.000000000000
  Uch   =       0.000000000000
  Utot  =    -284.157321993165

  UpV   =       0.000000000000
  Enpy  =    -284.157321993165
  Note:

  Uele:   band energy
  Ukin:   kinetic energy
  UH0:    electric part of screened Coulomb energy
  UH1:    difference electron-electron Coulomb energy
  Una:    neutral atom potential energy
  Unl:    non-local potential energy
  Uxc0:   exchange-correlation energy for alpha spin
  Uxc1:   exchange-correlation energy for beta spin
  Ucore:  core-core Coulomb energy
  Uhub:   LDA+U energy
  Ucs:    constraint energy for spin orientation
  Uzs:    Zeeman term for spin magnetic moment
  Uzo:    Zeeman term for orbital magnetic moment
  Uef:    electric energy by electric field
  UvdW:   semi-empirical vdW energy 
  Uch:    penalty term to create a core hole
  UpV:    pressure times volume
  Enpy:   Enthalpy = Utot + UpV
  (see also PRB 72, 045121(2005) for the energy contributions)


*******************************************************
           Computational times (s) at MD =31            
*******************************************************

  DFT in total      =   27.63698

  Set_OLP_Kin       =    0.69958
  Set_Nonlocal      =    1.47960
  Set_ProExpn_VNA   =    3.16650
  Set_Hamiltonian   =    1.62674
  Poisson           =    0.00085
  diagonalization   =   16.04754
  Mixing_DM         =    0.00465
  Force             =    1.78725
  Total_Energy      =    0.29380
  Set_Aden_Grid     =    0.00723
  Set_Orbitals_Grid =    0.10044
  Set_Density_Grid  =    0.57905
  RestartFileDFT    =    0.00283
  Mulliken_Charge   =    0.00104
  FFT(2D)_Density   =    0.00172

The SCF was achieved at MD=  31

*******************************************************
             MD or geometry opt. at MD =31              
*******************************************************

<BFGS>  |Maximum force| (Hartree/Bohr) = 0.000346745598
<BFGS>  Criterion       (Hartree/Bohr) = 0.000100000000

     atom=   1, XYZ(ang) Fxyz(a.u.)=  -0.0002    0.0000   -0.0001     0.0001    0.0000   -0.0000
     atom=   2, XYZ(ang) Fxyz(a.u.)=   2.9882    2.9849    1.6132     0.0000    0.0000   -0.0001
     atom=   3, XYZ(ang) Fxyz(a.u.)=   0.0054    2.9849    0.8267     0.0003   -0.0000   -0.0001
     atom=   4, XYZ(ang) Fxyz(a.u.)=   2.9924    0.0000    2.3982    -0.0001    0.0000    0.0001

*******************************************************
        Analysis of neighbors and setting of grids        
*******************************************************


*******************************************************
  Allocation of atoms to processors at MD_iter=   32     
*******************************************************

 proc =   0  # of atoms=   1  estimated weight=         1.00000
 proc =   1  # of atoms=   1  estimated weight=         1.00000
 proc =   2  # of atoms=   1  estimated weight=         1.00000
 proc =   3  # of atoms=   1  estimated weight=         1.00000
 proc =   4  # of atoms=   0  estimated weight=         0.00000
 proc =   5  # of atoms=   0  estimated weight=         0.00000
 proc =   6  # of atoms=   0  estimated weight=         0.00000
 proc =   7  # of atoms=   0  estimated weight=         0.00000
 proc =   8  # of atoms=   0  estimated weight=         0.00000
 proc =   9  # of atoms=   0  estimated weight=         0.00000
 proc =  10  # of atoms=   0  estimated weight=         0.00000
 proc =  11  # of atoms=   0  estimated weight=         0.00000
 proc =  12  # of atoms=   0  estimated weight=         0.00000
 proc =  13  # of atoms=   0  estimated weight=         0.00000
 proc =  14  # of atoms=   0  estimated weight=         0.00000
 proc =  15  # of atoms=   0  estimated weight=         0.00000



TFNAN=     256   Average FNAN=  64.00000
TSNAN=       0   Average SNAN=   0.00000
<truncation> CpyCell= 3 ct_AN=   1 FNAN SNAN  64   0
<truncation> CpyCell= 3 ct_AN=   2 FNAN SNAN  64   0
<truncation> CpyCell= 3 ct_AN=   3 FNAN SNAN  64   0
<truncation> CpyCell= 3 ct_AN=   4 FNAN SNAN  64   0
<UCell_Box> Info. of cutoff energy and num. of grids
lattice vectors (bohr)
A  = 11.281295655248,  0.000000000000,  0.028203239138
B  =  0.000000000000, 11.281295655248,  0.000000000000
C  =  0.015204829790,  0.000000000000,  6.081931916162
reciprocal lattice vectors (bohr^-1)
RA =  0.556959481370,  0.000000000000, -0.001392398703
RB =  0.000000000000,  0.556956000374,  0.000000000000
RC = -0.002582742073,  0.000000000000,  1.033096829091
Required cutoff energy (Ryd) for 3D-grids = 200.0000
    Used cutoff energy (Ryd) for 3D-grids = 193.8786, 193.8750, 194.5146
Num. of grids of a-, b-, and c-axes = 50, 50, 27
Cell_Volume =    774.028233187484 (Bohr^3)
GridVol     =      0.011467084936 (Bohr^3)
Cell vectors (bohr) of the grid cell (gtv)
  gtv_a =  0.225625913105,  0.000000000000,  0.000564064783
  gtv_b =  0.000000000000,  0.225625913105,  0.000000000000
  gtv_c =  0.000563141844,  0.000000000000,  0.225256737636
  |gtv_a| =  0.225626618185
  |gtv_b| =  0.225625913105
  |gtv_c| =  0.225257441562
Num. of grids overlapping with atom    1 = 125062
Num. of grids overlapping with atom    2 = 125317
Num. of grids overlapping with atom    3 = 125073
Num. of grids overlapping with atom    4 = 125125

*******************************************************
             SCF calculation at MD =32                
*******************************************************

<MD=32>  Calculation of the overlap matrix
<MD=32>  Calculation of the nonlocal matrix
<MD=32>  Calculation of the VNA projector matrix

******************* MD=32  SCF= 1 *******************
<Restart>  Found restart files
<Poisson>  Poisson's equation using FFT...
<Band>  Solving the eigenvalue problem...
 KGrids1:  -0.45833  -0.37500  -0.29167  -0.20833  -0.12500  -0.04167   0.04167   0.12500   0.20833   0.29167   0.37500   0.45833 
 KGrids2:  -0.45833  -0.37500  -0.29167  -0.20833  -0.12500  -0.04167   0.04167   0.12500   0.20833   0.29167   0.37500   0.45833 
 KGrids3:  -0.47500  -0.42500  -0.37500  -0.32500  -0.27500  -0.22500  -0.17500  -0.12500  -0.07500  -0.02500   0.02500   0.07500   0.12500   0.17500   0.22500   0.27500   0.32500   0.37500   0.42500   0.47500 
<Band_DFT>  Eigen, time=0.742255
<Band_DFT>  DM, time=2.040996
    1   Sn  MulP   6.9999  6.9999 sum  13.9997
    2   Sn  MulP   7.0004  7.0004 sum  14.0009
    3   Sn  MulP   6.9998  6.9998 sum  13.9997
    4   Sn  MulP   6.9998  6.9998 sum  13.9997
 Sum of MulP: up   =    28.00000 down          =    28.00000
              total=    56.00000 ideal(neutral)=    56.00000
<DFT>  Total Spin Moment (muB) =  0.000000000000
<DFT>  Mixing_weight= 0.400000000000
<DFT>  Uele   =  -42.211648850806  dUele     =   1.000000000000
<DFT>  NormRD =    1.000000000000  Criterion =   0.000000100000

******************* MD=32  SCF= 2 *******************
<Poisson>  Poisson's equation using FFT...
<Set_Hamiltonian>  Hamiltonian matrix for VNA+dVH+Vxc...
<Band>  Solving the eigenvalue problem...
 KGrids1:  -0.45833  -0.37500  -0.29167  -0.20833  -0.12500  -0.04167   0.04167   0.12500   0.20833   0.29167   0.37500   0.45833 
 KGrids2:  -0.45833  -0.37500  -0.29167  -0.20833  -0.12500  -0.04167   0.04167   0.12500   0.20833   0.29167   0.37500   0.45833 
 KGrids3:  -0.47500  -0.42500  -0.37500  -0.32500  -0.27500  -0.22500  -0.17500  -0.12500  -0.07500  -0.02500   0.02500   0.07500   0.12500   0.17500   0.22500   0.27500   0.32500   0.37500   0.42500   0.47500 
<Band_DFT>  Eigen, time=0.739023
<Band_DFT>  DM, time=2.033285
    1   Sn  MulP   6.9999  6.9999 sum  13.9997
    2   Sn  MulP   7.0004  7.0004 sum  14.0009
    3   Sn  MulP   6.9999  6.9999 sum  13.9997
    4   Sn  MulP   6.9998  6.9998 sum  13.9997
 Sum of MulP: up   =    28.00000 down          =    28.00000
              total=    56.00000 ideal(neutral)=    56.00000
<DFT>  Total Spin Moment (muB) =  0.000000000000
<DFT>  Mixing_weight= 0.400000000000
<DFT>  Uele   =  -42.211628780046  dUele     =   0.000020070759
<DFT>  NormRD =    0.000351703265  Criterion =   0.000000100000

******************* MD=32  SCF= 3 *******************
<Poisson>  Poisson's equation using FFT...
<Set_Hamiltonian>  Hamiltonian matrix for VNA+dVH+Vxc...
<Band>  Solving the eigenvalue problem...
 KGrids1:  -0.45833  -0.37500  -0.29167  -0.20833  -0.12500  -0.04167   0.04167   0.12500   0.20833   0.29167   0.37500   0.45833 
 KGrids2:  -0.45833  -0.37500  -0.29167  -0.20833  -0.12500  -0.04167   0.04167   0.12500   0.20833   0.29167   0.37500   0.45833 
 KGrids3:  -0.47500  -0.42500  -0.37500  -0.32500  -0.27500  -0.22500  -0.17500  -0.12500  -0.07500  -0.02500   0.02500   0.07500   0.12500   0.17500   0.22500   0.27500   0.32500   0.37500   0.42500   0.47500 
<Band_DFT>  Eigen, time=0.743931
<Band_DFT>  DM, time=2.039854
    1   Sn  MulP   6.9999  6.9999 sum  13.9997
    2   Sn  MulP   7.0004  7.0004 sum  14.0009
    3   Sn  MulP   6.9999  6.9999 sum  13.9997
    4   Sn  MulP   6.9998  6.9998 sum  13.9997
 Sum of MulP: up   =    28.00000 down          =    28.00000
              total=    56.00000 ideal(neutral)=    56.00000
<DFT>  Total Spin Moment (muB) =  0.000000000000
<DFT>  Mixing_weight= 0.040000000000
<DFT>  Uele   =  -42.211615566164  dUele     =   0.000013213883
<DFT>  NormRD =    0.000232851586  Criterion =   0.000000100000

******************* MD=32  SCF= 4 *******************
<Poisson>  Poisson's equation using FFT...
<Set_Hamiltonian>  Hamiltonian matrix for VNA+dVH+Vxc...
<Band>  Solving the eigenvalue problem...
 KGrids1:  -0.45833  -0.37500  -0.29167  -0.20833  -0.12500  -0.04167   0.04167   0.12500   0.20833   0.29167   0.37500   0.45833 
 KGrids2:  -0.45833  -0.37500  -0.29167  -0.20833  -0.12500  -0.04167   0.04167   0.12500   0.20833   0.29167   0.37500   0.45833 
 KGrids3:  -0.47500  -0.42500  -0.37500  -0.32500  -0.27500  -0.22500  -0.17500  -0.12500  -0.07500  -0.02500   0.02500   0.07500   0.12500   0.17500   0.22500   0.27500   0.32500   0.37500   0.42500   0.47500 
<Band_DFT>  Eigen, time=0.741049
<Band_DFT>  DM, time=1.399853
    1   Sn  MulP   6.9999  6.9999 sum  13.9997
    2   Sn  MulP   7.0004  7.0004 sum  14.0009
    3   Sn  MulP   6.9999  6.9999 sum  13.9997
    4   Sn  MulP   6.9998  6.9998 sum  13.9997
 Sum of MulP: up   =    28.00000 down          =    28.00000
              total=    56.00000 ideal(neutral)=    56.00000
<DFT>  Total Spin Moment (muB) =  0.000000000000
<DFT>  Mixing_weight= 0.040000000000
<DFT>  Uele   =  -42.211583880717  dUele     =   0.000031685447
<DFT>  NormRD =    0.000016894744  Criterion =   0.000000100000

******************* MD=32  SCF= 5 *******************
<Poisson>  Poisson's equation using FFT...
<Set_Hamiltonian>  Hamiltonian matrix for VNA+dVH+Vxc...
<Band>  Solving the eigenvalue problem...
 KGrids1:  -0.45833  -0.37500  -0.29167  -0.20833  -0.12500  -0.04167   0.04167   0.12500   0.20833   0.29167   0.37500   0.45833 
 KGrids2:  -0.45833  -0.37500  -0.29167  -0.20833  -0.12500  -0.04167   0.04167   0.12500   0.20833   0.29167   0.37500   0.45833 
 KGrids3:  -0.47500  -0.42500  -0.37500  -0.32500  -0.27500  -0.22500  -0.17500  -0.12500  -0.07500  -0.02500   0.02500   0.07500   0.12500   0.17500   0.22500   0.27500   0.32500   0.37500   0.42500   0.47500 
<Band_DFT>  Eigen, time=0.799403
<Band_DFT>  DM, time=1.996502
    1   Sn  MulP   6.9999  6.9999 sum  13.9997
    2   Sn  MulP   7.0004  7.0004 sum  14.0009
    3   Sn  MulP   6.9999  6.9999 sum  13.9997
    4   Sn  MulP   6.9998  6.9998 sum  13.9997
 Sum of MulP: up   =    28.00000 down          =    28.00000
              total=    56.00000 ideal(neutral)=    56.00000
<DFT>  Total Spin Moment (muB) =  0.000000000000
<DFT>  Mixing_weight= 0.040000000000
<DFT>  Uele   =  -42.211588849250  dUele     =   0.000004968533
<DFT>  NormRD =    0.000014425684  Criterion =   0.000000100000

******************* MD=32  SCF= 6 *******************
<Poisson>  Poisson's equation using FFT...
<Set_Hamiltonian>  Hamiltonian matrix for VNA+dVH+Vxc...
<Band>  Solving the eigenvalue problem...
 KGrids1:  -0.45833  -0.37500  -0.29167  -0.20833  -0.12500  -0.04167   0.04167   0.12500   0.20833   0.29167   0.37500   0.45833 
 KGrids2:  -0.45833  -0.37500  -0.29167  -0.20833  -0.12500  -0.04167   0.04167   0.12500   0.20833   0.29167   0.37500   0.45833 
 KGrids3:  -0.47500  -0.42500  -0.37500  -0.32500  -0.27500  -0.22500  -0.17500  -0.12500  -0.07500  -0.02500   0.02500   0.07500   0.12500   0.17500   0.22500   0.27500   0.32500   0.37500   0.42500   0.47500 
<Band_DFT>  Eigen, time=0.746846
<Band_DFT>  DM, time=2.042888
    1   Sn  MulP   6.9999  6.9999 sum  13.9997
    2   Sn  MulP   7.0004  7.0004 sum  14.0009
    3   Sn  MulP   6.9999  6.9999 sum  13.9997
    4   Sn  MulP   6.9998  6.9998 sum  13.9997
 Sum of MulP: up   =    28.00000 down          =    28.00000
              total=    56.00000 ideal(neutral)=    56.00000
<DFT>  Total Spin Moment (muB) =  0.000000000000
<DFT>  Mixing_weight= 0.040000000000
<DFT>  Uele   =  -42.211588358197  dUele     =   0.000000491053
<DFT>  NormRD =    0.000007319087  Criterion =   0.000000100000

******************* MD=32  SCF= 7 *******************
<Poisson>  Poisson's equation using FFT...
<Set_Hamiltonian>  Hamiltonian matrix for VNA+dVH+Vxc...
<Band>  Solving the eigenvalue problem...
 KGrids1:  -0.45833  -0.37500  -0.29167  -0.20833  -0.12500  -0.04167   0.04167   0.12500   0.20833   0.29167   0.37500   0.45833 
 KGrids2:  -0.45833  -0.37500  -0.29167  -0.20833  -0.12500  -0.04167   0.04167   0.12500   0.20833   0.29167   0.37500   0.45833 
 KGrids3:  -0.47500  -0.42500  -0.37500  -0.32500  -0.27500  -0.22500  -0.17500  -0.12500  -0.07500  -0.02500   0.02500   0.07500   0.12500   0.17500   0.22500   0.27500   0.32500   0.37500   0.42500   0.47500 
<Band_DFT>  Eigen, time=0.743778
<Band_DFT>  DM, time=2.043670
    1   Sn  MulP   6.9999  6.9999 sum  13.9997
    2   Sn  MulP   7.0004  7.0004 sum  14.0009
    3   Sn  MulP   6.9999  6.9999 sum  13.9997
    4   Sn  MulP   6.9998  6.9998 sum  13.9997
 Sum of MulP: up   =    28.00000 down          =    28.00000
              total=    56.00000 ideal(neutral)=    56.00000
<DFT>  Total Spin Moment (muB) =  0.000000000000
<DFT>  Mixing_weight= 0.040000000000
<DFT>  Uele   =  -42.211587947495  dUele     =   0.000000410701
<DFT>  NormRD =    0.000004527513  Criterion =   0.000000100000

******************* MD=32  SCF= 8 *******************
<Poisson>  Poisson's equation using FFT...
<Set_Hamiltonian>  Hamiltonian matrix for VNA+dVH+Vxc...
<Band>  Solving the eigenvalue problem...
 KGrids1:  -0.45833  -0.37500  -0.29167  -0.20833  -0.12500  -0.04167   0.04167   0.12500   0.20833   0.29167   0.37500   0.45833 
 KGrids2:  -0.45833  -0.37500  -0.29167  -0.20833  -0.12500  -0.04167   0.04167   0.12500   0.20833   0.29167   0.37500   0.45833 
 KGrids3:  -0.47500  -0.42500  -0.37500  -0.32500  -0.27500  -0.22500  -0.17500  -0.12500  -0.07500  -0.02500   0.02500   0.07500   0.12500   0.17500   0.22500   0.27500   0.32500   0.37500   0.42500   0.47500 
<Band_DFT>  Eigen, time=0.745515
<Band_DFT>  DM, time=2.045482
    1   Sn  MulP   6.9999  6.9999 sum  13.9997
    2   Sn  MulP   7.0004  7.0004 sum  14.0009
    3   Sn  MulP   6.9999  6.9999 sum  13.9997
    4   Sn  MulP   6.9998  6.9998 sum  13.9997
 Sum of MulP: up   =    28.00000 down          =    28.00000
              total=    56.00000 ideal(neutral)=    56.00000
<DFT>  Total Spin Moment (muB) =  0.000000000000
<DFT>  Mixing_weight= 0.040000000000
<DFT>  Uele   =  -42.211587815110  dUele     =   0.000000132385
<DFT>  NormRD =    0.000000823749  Criterion =   0.000000100000

******************* MD=32  SCF= 9 *******************
<Poisson>  Poisson's equation using FFT...
<Set_Hamiltonian>  Hamiltonian matrix for VNA+dVH+Vxc...
<Band>  Solving the eigenvalue problem...
 KGrids1:  -0.45833  -0.37500  -0.29167  -0.20833  -0.12500  -0.04167   0.04167   0.12500   0.20833   0.29167   0.37500   0.45833 
 KGrids2:  -0.45833  -0.37500  -0.29167  -0.20833  -0.12500  -0.04167   0.04167   0.12500   0.20833   0.29167   0.37500   0.45833 
 KGrids3:  -0.47500  -0.42500  -0.37500  -0.32500  -0.27500  -0.22500  -0.17500  -0.12500  -0.07500  -0.02500   0.02500   0.07500   0.12500   0.17500   0.22500   0.27500   0.32500   0.37500   0.42500   0.47500 
<Band_DFT>  Eigen, time=0.747146
<Band_DFT>  DM, time=2.045603
    1   Sn  MulP   6.9999  6.9999 sum  13.9997
    2   Sn  MulP   7.0004  7.0004 sum  14.0009
    3   Sn  MulP   6.9999  6.9999 sum  13.9997
    4   Sn  MulP   6.9998  6.9998 sum  13.9997
 Sum of MulP: up   =    28.00000 down          =    28.00000
              total=    56.00000 ideal(neutral)=    56.00000
<DFT>  Total Spin Moment (muB) =  0.000000000000
<DFT>  Mixing_weight= 0.040000000000
<DFT>  Uele   =  -42.211587897154  dUele     =   0.000000082044
<DFT>  NormRD =    0.000000170401  Criterion =   0.000000100000
<MD=32>  Force calculation
  Force calculation #1
  Force calculation #2
  Force calculation #3
  Force calculation #4
  Force calculation #5
  Stress calculation #1
  Stress calculation #2
  Stress calculation #3
  Stress calculation #4
  Stress calculation #5
<MD=32>  Total Energy
  Force calculation #6
  Force calculation #7

*******************************************************
                  Dipole moment (Debye)                 
*******************************************************

 Absolute D      520.16716780

                      Dx                Dy                Dz
 Total           -361.33278353     -362.13855118      -94.17097084
 Core             402.51765933      401.43893564      325.33278642
 Electron        -763.85044286     -763.57748682     -419.50375726
 Back ground       -0.00000000       -0.00000000       -0.00000000

*******************************************************
               Stress tensor (Hartree/bohr^3)            
*******************************************************

      -0.00000149        0.00000000        0.00000318 
       0.00000000       -0.00000061       -0.00000000 
       0.00000318       -0.00000000        0.00000031 

*******************************************************
                Total Energy (Hartree) at MD =32        
*******************************************************

  Uele  =     -42.211587897154

  Ukin  =     203.438652683838
  UH0   =   -2703.961685170750
  UH1   =       0.004898006250
  Una   =    -149.421029936278
  Unl   =     -47.913286971032
  Uxc0  =     -25.237148894500
  Uxc1  =     -25.237148894500
  Ucore =    2464.169427113155
  Uhub  =       0.000000000000
  Ucs   =       0.000000000000
  Uzs   =       0.000000000000
  Uzo   =       0.000000000000
  Uef   =       0.000000000000
  UvdW  =       0.000000000000
  Uch   =       0.000000000000
  Utot  =    -284.157322063817

  UpV   =       0.000000000000
  Enpy  =    -284.157322063817
  Note:

  Uele:   band energy
  Ukin:   kinetic energy
  UH0:    electric part of screened Coulomb energy
  UH1:    difference electron-electron Coulomb energy
  Una:    neutral atom potential energy
  Unl:    non-local potential energy
  Uxc0:   exchange-correlation energy for alpha spin
  Uxc1:   exchange-correlation energy for beta spin
  Ucore:  core-core Coulomb energy
  Uhub:   LDA+U energy
  Ucs:    constraint energy for spin orientation
  Uzs:    Zeeman term for spin magnetic moment
  Uzo:    Zeeman term for orbital magnetic moment
  Uef:    electric energy by electric field
  UvdW:   semi-empirical vdW energy 
  Uch:    penalty term to create a core hole
  UpV:    pressure times volume
  Enpy:   Enthalpy = Utot + UpV
  (see also PRB 72, 045121(2005) for the energy contributions)


*******************************************************
           Computational times (s) at MD =32            
*******************************************************

  DFT in total      =   36.93650

  Set_OLP_Kin       =    0.70298
  Set_Nonlocal      =    0.93957
  Set_ProExpn_VNA   =    2.47821
  Set_Hamiltonian   =    2.80289
  Poisson           =    0.00153
  diagonalization   =   24.96933
  Mixing_DM         =    0.00679
  Force             =    1.86901
  Total_Energy      =    0.35270
  Set_Aden_Grid     =    0.00733
  Set_Orbitals_Grid =    0.09889
  Set_Density_Grid  =    1.04034
  RestartFileDFT    =    0.03084
  Mulliken_Charge   =    0.00150
  FFT(2D)_Density   =    0.00235

The SCF was achieved at MD=  32

*******************************************************
             MD or geometry opt. at MD =32              
*******************************************************

<BFGS>  |Maximum force| (Hartree/Bohr) = 0.000213663014
<BFGS>  Criterion       (Hartree/Bohr) = 0.000100000000

     atom=   1, XYZ(ang) Fxyz(a.u.)=  -0.0002    0.0000   -0.0001     0.0000    0.0000   -0.0000
     atom=   2, XYZ(ang) Fxyz(a.u.)=   2.9883    2.9849    1.6130     0.0001   -0.0000   -0.0000
     atom=   3, XYZ(ang) Fxyz(a.u.)=   0.0054    2.9849    0.8274     0.0001   -0.0000   -0.0002
     atom=   4, XYZ(ang) Fxyz(a.u.)=   2.9925   -0.0000    2.3978    -0.0001    0.0000    0.0002

*******************************************************
        Analysis of neighbors and setting of grids        
*******************************************************


*******************************************************
  Allocation of atoms to processors at MD_iter=   33     
*******************************************************

 proc =   0  # of atoms=   1  estimated weight=         1.00000
 proc =   1  # of atoms=   1  estimated weight=         1.00000
 proc =   2  # of atoms=   1  estimated weight=         1.00000
 proc =   3  # of atoms=   1  estimated weight=         1.00000
 proc =   4  # of atoms=   0  estimated weight=         0.00000
 proc =   5  # of atoms=   0  estimated weight=         0.00000
 proc =   6  # of atoms=   0  estimated weight=         0.00000
 proc =   7  # of atoms=   0  estimated weight=         0.00000
 proc =   8  # of atoms=   0  estimated weight=         0.00000
 proc =   9  # of atoms=   0  estimated weight=         0.00000
 proc =  10  # of atoms=   0  estimated weight=         0.00000
 proc =  11  # of atoms=   0  estimated weight=         0.00000
 proc =  12  # of atoms=   0  estimated weight=         0.00000
 proc =  13  # of atoms=   0  estimated weight=         0.00000
 proc =  14  # of atoms=   0  estimated weight=         0.00000
 proc =  15  # of atoms=   0  estimated weight=         0.00000



TFNAN=     256   Average FNAN=  64.00000
TSNAN=       0   Average SNAN=   0.00000
<truncation> CpyCell= 3 ct_AN=   1 FNAN SNAN  64   0
<truncation> CpyCell= 3 ct_AN=   2 FNAN SNAN  64   0
<truncation> CpyCell= 3 ct_AN=   3 FNAN SNAN  64   0
<truncation> CpyCell= 3 ct_AN=   4 FNAN SNAN  64   0
<UCell_Box> Info. of cutoff energy and num. of grids
lattice vectors (bohr)
A  = 11.281295655248,  0.000000000000,  0.028203239138
B  =  0.000000000000, 11.281295655248,  0.000000000000
C  =  0.015204829790,  0.000000000000,  6.081931916162
reciprocal lattice vectors (bohr^-1)
RA =  0.556959481370,  0.000000000000, -0.001392398703
RB =  0.000000000000,  0.556956000374,  0.000000000000
RC = -0.002582742073,  0.000000000000,  1.033096829091
Required cutoff energy (Ryd) for 3D-grids = 200.0000
    Used cutoff energy (Ryd) for 3D-grids = 193.8786, 193.8750, 194.5146
Num. of grids of a-, b-, and c-axes = 50, 50, 27
Cell_Volume =    774.028233187484 (Bohr^3)
GridVol     =      0.011467084936 (Bohr^3)
Cell vectors (bohr) of the grid cell (gtv)
  gtv_a =  0.225625913105,  0.000000000000,  0.000564064783
  gtv_b =  0.000000000000,  0.225625913105,  0.000000000000
  gtv_c =  0.000563141844,  0.000000000000,  0.225256737636
  |gtv_a| =  0.225626618185
  |gtv_b| =  0.225625913105
  |gtv_c| =  0.225257441562
Num. of grids overlapping with atom    1 = 125063
Num. of grids overlapping with atom    2 = 125318
Num. of grids overlapping with atom    3 = 125077
Num. of grids overlapping with atom    4 = 125117

*******************************************************
             SCF calculation at MD =33                
*******************************************************

<MD=33>  Calculation of the overlap matrix
<MD=33>  Calculation of the nonlocal matrix
<MD=33>  Calculation of the VNA projector matrix

******************* MD=33  SCF= 1 *******************
<Restart>  Found restart files
<Poisson>  Poisson's equation using FFT...
<Band>  Solving the eigenvalue problem...
 KGrids1:  -0.45833  -0.37500  -0.29167  -0.20833  -0.12500  -0.04167   0.04167   0.12500   0.20833   0.29167   0.37500   0.45833 
 KGrids2:  -0.45833  -0.37500  -0.29167  -0.20833  -0.12500  -0.04167   0.04167   0.12500   0.20833   0.29167   0.37500   0.45833 
 KGrids3:  -0.47500  -0.42500  -0.37500  -0.32500  -0.27500  -0.22500  -0.17500  -0.12500  -0.07500  -0.02500   0.02500   0.07500   0.12500   0.17500   0.22500   0.27500   0.32500   0.37500   0.42500   0.47500 
<Band_DFT>  Eigen, time=0.631680
<Band_DFT>  DM, time=1.804759
    1   Sn  MulP   6.9999  6.9999 sum  13.9997
    2   Sn  MulP   7.0004  7.0004 sum  14.0009
    3   Sn  MulP   6.9999  6.9999 sum  13.9997
    4   Sn  MulP   6.9998  6.9998 sum  13.9997
 Sum of MulP: up   =    28.00000 down          =    28.00000
              total=    56.00000 ideal(neutral)=    56.00000
<DFT>  Total Spin Moment (muB) =  0.000000000000
<DFT>  Mixing_weight= 0.400000000000
<DFT>  Uele   =  -42.211614931175  dUele     =   1.000000000000
<DFT>  NormRD =    1.000000000000  Criterion =   0.000000100000

******************* MD=33  SCF= 2 *******************
<Poisson>  Poisson's equation using FFT...
<Set_Hamiltonian>  Hamiltonian matrix for VNA+dVH+Vxc...
<Band>  Solving the eigenvalue problem...
 KGrids1:  -0.45833  -0.37500  -0.29167  -0.20833  -0.12500  -0.04167   0.04167   0.12500   0.20833   0.29167   0.37500   0.45833 
 KGrids2:  -0.45833  -0.37500  -0.29167  -0.20833  -0.12500  -0.04167   0.04167   0.12500   0.20833   0.29167   0.37500   0.45833 
 KGrids3:  -0.47500  -0.42500  -0.37500  -0.32500  -0.27500  -0.22500  -0.17500  -0.12500  -0.07500  -0.02500   0.02500   0.07500   0.12500   0.17500   0.22500   0.27500   0.32500   0.37500   0.42500   0.47500 
<Band_DFT>  Eigen, time=0.640212
<Band_DFT>  DM, time=1.800763
    1   Sn  MulP   6.9999  6.9999 sum  13.9997
    2   Sn  MulP   7.0004  7.0004 sum  14.0009
    3   Sn  MulP   6.9999  6.9999 sum  13.9997
    4   Sn  MulP   6.9998  6.9998 sum  13.9997
 Sum of MulP: up   =    28.00000 down          =    28.00000
              total=    56.00000 ideal(neutral)=    56.00000
<DFT>  Total Spin Moment (muB) =  0.000000000000
<DFT>  Mixing_weight= 0.400000000000
<DFT>  Uele   =  -42.211604949997  dUele     =   0.000009981178
<DFT>  NormRD =    0.000172326152  Criterion =   0.000000100000

******************* MD=33  SCF= 3 *******************
<Poisson>  Poisson's equation using FFT...
<Set_Hamiltonian>  Hamiltonian matrix for VNA+dVH+Vxc...
<Band>  Solving the eigenvalue problem...
 KGrids1:  -0.45833  -0.37500  -0.29167  -0.20833  -0.12500  -0.04167   0.04167   0.12500   0.20833   0.29167   0.37500   0.45833 
 KGrids2:  -0.45833  -0.37500  -0.29167  -0.20833  -0.12500  -0.04167   0.04167   0.12500   0.20833   0.29167   0.37500   0.45833 
 KGrids3:  -0.47500  -0.42500  -0.37500  -0.32500  -0.27500  -0.22500  -0.17500  -0.12500  -0.07500  -0.02500   0.02500   0.07500   0.12500   0.17500   0.22500   0.27500   0.32500   0.37500   0.42500   0.47500 
<Band_DFT>  Eigen, time=0.789496
<Band_DFT>  DM, time=1.758805
    1   Sn  MulP   6.9999  6.9999 sum  13.9997
    2   Sn  MulP   7.0004  7.0004 sum  14.0009
    3   Sn  MulP   6.9999  6.9999 sum  13.9997
    4   Sn  MulP   6.9998  6.9998 sum  13.9997
 Sum of MulP: up   =    28.00000 down          =    28.00000
              total=    56.00000 ideal(neutral)=    56.00000
<DFT>  Total Spin Moment (muB) =  0.000000000000
<DFT>  Mixing_weight= 0.040000000000
<DFT>  Uele   =  -42.211598422935  dUele     =   0.000006527062
<DFT>  NormRD =    0.000114062236  Criterion =   0.000000100000

******************* MD=33  SCF= 4 *******************
<Poisson>  Poisson's equation using FFT...
<Set_Hamiltonian>  Hamiltonian matrix for VNA+dVH+Vxc...
<Band>  Solving the eigenvalue problem...
 KGrids1:  -0.45833  -0.37500  -0.29167  -0.20833  -0.12500  -0.04167   0.04167   0.12500   0.20833   0.29167   0.37500   0.45833 
 KGrids2:  -0.45833  -0.37500  -0.29167  -0.20833  -0.12500  -0.04167   0.04167   0.12500   0.20833   0.29167   0.37500   0.45833 
 KGrids3:  -0.47500  -0.42500  -0.37500  -0.32500  -0.27500  -0.22500  -0.17500  -0.12500  -0.07500  -0.02500   0.02500   0.07500   0.12500   0.17500   0.22500   0.27500   0.32500   0.37500   0.42500   0.47500 
<Band_DFT>  Eigen, time=0.740700
<Band_DFT>  DM, time=1.618437
    1   Sn  MulP   6.9999  6.9999 sum  13.9997
    2   Sn  MulP   7.0004  7.0004 sum  14.0009
    3   Sn  MulP   6.9999  6.9999 sum  13.9997
    4   Sn  MulP   6.9998  6.9998 sum  13.9997
 Sum of MulP: up   =    28.00000 down          =    28.00000
              total=    56.00000 ideal(neutral)=    56.00000
<DFT>  Total Spin Moment (muB) =  0.000000000000
<DFT>  Mixing_weight= 0.040000000000
<DFT>  Uele   =  -42.211583200204  dUele     =   0.000015222731
<DFT>  NormRD =    0.000008390532  Criterion =   0.000000100000

******************* MD=33  SCF= 5 *******************
<Poisson>  Poisson's equation using FFT...
<Set_Hamiltonian>  Hamiltonian matrix for VNA+dVH+Vxc...
<Band>  Solving the eigenvalue problem...
 KGrids1:  -0.45833  -0.37500  -0.29167  -0.20833  -0.12500  -0.04167   0.04167   0.12500   0.20833   0.29167   0.37500   0.45833 
 KGrids2:  -0.45833  -0.37500  -0.29167  -0.20833  -0.12500  -0.04167   0.04167   0.12500   0.20833   0.29167   0.37500   0.45833 
 KGrids3:  -0.47500  -0.42500  -0.37500  -0.32500  -0.27500  -0.22500  -0.17500  -0.12500  -0.07500  -0.02500   0.02500   0.07500   0.12500   0.17500   0.22500   0.27500   0.32500   0.37500   0.42500   0.47500 
<Band_DFT>  Eigen, time=0.734036
<Band_DFT>  DM, time=1.764119
    1   Sn  MulP   6.9999  6.9999 sum  13.9997
    2   Sn  MulP   7.0004  7.0004 sum  14.0009
    3   Sn  MulP   6.9999  6.9999 sum  13.9997
    4   Sn  MulP   6.9998  6.9998 sum  13.9997
 Sum of MulP: up   =    28.00000 down          =    28.00000
              total=    56.00000 ideal(neutral)=    56.00000
<DFT>  Total Spin Moment (muB) =  0.000000000000
<DFT>  Mixing_weight= 0.040000000000
<DFT>  Uele   =  -42.211585764186  dUele     =   0.000002563983
<DFT>  NormRD =    0.000008147817  Criterion =   0.000000100000

******************* MD=33  SCF= 6 *******************
<Poisson>  Poisson's equation using FFT...
<Set_Hamiltonian>  Hamiltonian matrix for VNA+dVH+Vxc...
<Band>  Solving the eigenvalue problem...
 KGrids1:  -0.45833  -0.37500  -0.29167  -0.20833  -0.12500  -0.04167   0.04167   0.12500   0.20833   0.29167   0.37500   0.45833 
 KGrids2:  -0.45833  -0.37500  -0.29167  -0.20833  -0.12500  -0.04167   0.04167   0.12500   0.20833   0.29167   0.37500   0.45833 
 KGrids3:  -0.47500  -0.42500  -0.37500  -0.32500  -0.27500  -0.22500  -0.17500  -0.12500  -0.07500  -0.02500   0.02500   0.07500   0.12500   0.17500   0.22500   0.27500   0.32500   0.37500   0.42500   0.47500 
<Band_DFT>  Eigen, time=0.515647
<Band_DFT>  DM, time=1.393920
    1   Sn  MulP   6.9999  6.9999 sum  13.9997
    2   Sn  MulP   7.0004  7.0004 sum  14.0009
    3   Sn  MulP   6.9999  6.9999 sum  13.9997
    4   Sn  MulP   6.9998  6.9998 sum  13.9997
 Sum of MulP: up   =    28.00000 down          =    28.00000
              total=    56.00000 ideal(neutral)=    56.00000
<DFT>  Total Spin Moment (muB) =  0.000000000000
<DFT>  Mixing_weight= 0.040000000000
<DFT>  Uele   =  -42.211585365572  dUele     =   0.000000398615
<DFT>  NormRD =    0.000003488584  Criterion =   0.000000100000

******************* MD=33  SCF= 7 *******************
<Poisson>  Poisson's equation using FFT...
<Set_Hamiltonian>  Hamiltonian matrix for VNA+dVH+Vxc...
<Band>  Solving the eigenvalue problem...
 KGrids1:  -0.45833  -0.37500  -0.29167  -0.20833  -0.12500  -0.04167   0.04167   0.12500   0.20833   0.29167   0.37500   0.45833 
 KGrids2:  -0.45833  -0.37500  -0.29167  -0.20833  -0.12500  -0.04167   0.04167   0.12500   0.20833   0.29167   0.37500   0.45833 
 KGrids3:  -0.47500  -0.42500  -0.37500  -0.32500  -0.27500  -0.22500  -0.17500  -0.12500  -0.07500  -0.02500   0.02500   0.07500   0.12500   0.17500   0.22500   0.27500   0.32500   0.37500   0.42500   0.47500 
<Band_DFT>  Eigen, time=0.646775
<Band_DFT>  DM, time=1.874315
    1   Sn  MulP   6.9999  6.9999 sum  13.9997
    2   Sn  MulP   7.0004  7.0004 sum  14.0009
    3   Sn  MulP   6.9999  6.9999 sum  13.9997
    4   Sn  MulP   6.9998  6.9998 sum  13.9997
 Sum of MulP: up   =    28.00000 down          =    28.00000
              total=    56.00000 ideal(neutral)=    56.00000
<DFT>  Total Spin Moment (muB) =  0.000000000000
<DFT>  Mixing_weight= 0.040000000000
<DFT>  Uele   =  -42.211585089950  dUele     =   0.000000275621
<DFT>  NormRD =    0.000002187726  Criterion =   0.000000100000

******************* MD=33  SCF= 8 *******************
<Poisson>  Poisson's equation using FFT...
<Set_Hamiltonian>  Hamiltonian matrix for VNA+dVH+Vxc...
<Band>  Solving the eigenvalue problem...
 KGrids1:  -0.45833  -0.37500  -0.29167  -0.20833  -0.12500  -0.04167   0.04167   0.12500   0.20833   0.29167   0.37500   0.45833 
 KGrids2:  -0.45833  -0.37500  -0.29167  -0.20833  -0.12500  -0.04167   0.04167   0.12500   0.20833   0.29167   0.37500   0.45833 
 KGrids3:  -0.47500  -0.42500  -0.37500  -0.32500  -0.27500  -0.22500  -0.17500  -0.12500  -0.07500  -0.02500   0.02500   0.07500   0.12500   0.17500   0.22500   0.27500   0.32500   0.37500   0.42500   0.47500 
<Band_DFT>  Eigen, time=0.738527
<Band_DFT>  DM, time=1.926241
    1   Sn  MulP   6.9999  6.9999 sum  13.9997
    2   Sn  MulP   7.0004  7.0004 sum  14.0009
    3   Sn  MulP   6.9999  6.9999 sum  13.9997
    4   Sn  MulP   6.9998  6.9998 sum  13.9997
 Sum of MulP: up   =    28.00000 down          =    28.00000
              total=    56.00000 ideal(neutral)=    56.00000
<DFT>  Total Spin Moment (muB) =  0.000000000000
<DFT>  Mixing_weight= 0.040000000000
<DFT>  Uele   =  -42.211585045241  dUele     =   0.000000044709
<DFT>  NormRD =    0.000000409976  Criterion =   0.000000100000
<MD=33>  Force calculation
  Force calculation #1
  Force calculation #2
  Force calculation #3
  Force calculation #4
  Force calculation #5
  Stress calculation #1
  Stress calculation #2
  Stress calculation #3
  Stress calculation #4
  Stress calculation #5
<MD=33>  Total Energy
  Force calculation #6
  Force calculation #7

*******************************************************
                  Dipole moment (Debye)                 
*******************************************************

 Absolute D      520.15897505

                      Dx                Dy                Dz
 Total           -361.32077355     -362.13855096      -94.17179957
 Core             402.53321401      401.43893764      325.33457809
 Electron        -763.85398756     -763.57748860     -419.50637766
 Back ground       -0.00000000       -0.00000000       -0.00000000

*******************************************************
               Stress tensor (Hartree/bohr^3)            
*******************************************************

      -0.00000162        0.00000000        0.00000322 
       0.00000000       -0.00000066       -0.00000000 
       0.00000322       -0.00000000        0.00000023 

*******************************************************
                Total Energy (Hartree) at MD =33        
*******************************************************

  Uele  =     -42.211585045241

  Ukin  =     203.438672421437
  UH0   =   -2703.961316122161
  UH1   =       0.004897964295
  Una   =    -149.421039207316
  Unl   =     -47.913295861668
  Uxc0  =     -25.237149960974
  Uxc1  =     -25.237149960974
  Ucore =    2464.169058292890
  Uhub  =       0.000000000000
  Ucs   =       0.000000000000
  Uzs   =       0.000000000000
  Uzo   =       0.000000000000
  Uef   =       0.000000000000
  UvdW  =       0.000000000000
  Uch   =       0.000000000000
  Utot  =    -284.157322434473

  UpV   =       0.000000000000
  Enpy  =    -284.157322434473
  Note:

  Uele:   band energy
  Ukin:   kinetic energy
  UH0:    electric part of screened Coulomb energy
  UH1:    difference electron-electron Coulomb energy
  Una:    neutral atom potential energy
  Unl:    non-local potential energy
  Uxc0:   exchange-correlation energy for alpha spin
  Uxc1:   exchange-correlation energy for beta spin
  Ucore:  core-core Coulomb energy
  Uhub:   LDA+U energy
  Ucs:    constraint energy for spin orientation
  Uzs:    Zeeman term for spin magnetic moment
  Uzo:    Zeeman term for orbital magnetic moment
  Uef:    electric energy by electric field
  UvdW:   semi-empirical vdW energy 
  Uch:    penalty term to create a core hole
  UpV:    pressure times volume
  Enpy:   Enthalpy = Utot + UpV
  (see also PRB 72, 045121(2005) for the energy contributions)


*******************************************************
           Computational times (s) at MD =33            
*******************************************************

  DFT in total      =   31.53748

  Set_OLP_Kin       =    0.69925
  Set_Nonlocal      =    1.14675
  Set_ProExpn_VNA   =    2.84820
  Set_Hamiltonian   =    1.99457
  Poisson           =    0.00118
  diagonalization   =   19.85012
  Mixing_DM         =    0.00621
  Force             =    1.96901
  Total_Energy      =    0.40585
  Set_Aden_Grid     =    0.00705
  Set_Orbitals_Grid =    0.09916
  Set_Density_Grid  =    0.71711
  RestartFileDFT    =    0.00312
  Mulliken_Charge   =    0.00120
  FFT(2D)_Density   =    0.00208

The SCF was achieved at MD=  33

*******************************************************
             MD or geometry opt. at MD =33              
*******************************************************

<BFGS>  |Maximum force| (Hartree/Bohr) = 0.000149906284
<BFGS>  Criterion       (Hartree/Bohr) = 0.000100000000

     atom=   1, XYZ(ang) Fxyz(a.u.)=  -0.0001    0.0000   -0.0001     0.0000    0.0000   -0.0000
     atom=   2, XYZ(ang) Fxyz(a.u.)=   2.9884    2.9849    1.6130     0.0001    0.0000   -0.0001
     atom=   3, XYZ(ang) Fxyz(a.u.)=   0.0054    2.9849    0.8273     0.0001   -0.0000    0.0001
     atom=   4, XYZ(ang) Fxyz(a.u.)=   2.9926   -0.0000    2.3979    -0.0001   -0.0000    0.0001

*******************************************************
        Analysis of neighbors and setting of grids        
*******************************************************


*******************************************************
  Allocation of atoms to processors at MD_iter=   34     
*******************************************************

 proc =   0  # of atoms=   1  estimated weight=         1.00000
 proc =   1  # of atoms=   1  estimated weight=         1.00000
 proc =   2  # of atoms=   1  estimated weight=         1.00000
 proc =   3  # of atoms=   1  estimated weight=         1.00000
 proc =   4  # of atoms=   0  estimated weight=         0.00000
 proc =   5  # of atoms=   0  estimated weight=         0.00000
 proc =   6  # of atoms=   0  estimated weight=         0.00000
 proc =   7  # of atoms=   0  estimated weight=         0.00000
 proc =   8  # of atoms=   0  estimated weight=         0.00000
 proc =   9  # of atoms=   0  estimated weight=         0.00000
 proc =  10  # of atoms=   0  estimated weight=         0.00000
 proc =  11  # of atoms=   0  estimated weight=         0.00000
 proc =  12  # of atoms=   0  estimated weight=         0.00000
 proc =  13  # of atoms=   0  estimated weight=         0.00000
 proc =  14  # of atoms=   0  estimated weight=         0.00000
 proc =  15  # of atoms=   0  estimated weight=         0.00000



TFNAN=     256   Average FNAN=  64.00000
TSNAN=       0   Average SNAN=   0.00000
<truncation> CpyCell= 3 ct_AN=   1 FNAN SNAN  64   0
<truncation> CpyCell= 3 ct_AN=   2 FNAN SNAN  64   0
<truncation> CpyCell= 3 ct_AN=   3 FNAN SNAN  64   0
<truncation> CpyCell= 3 ct_AN=   4 FNAN SNAN  64   0
<UCell_Box> Info. of cutoff energy and num. of grids
lattice vectors (bohr)
A  = 11.281295655248,  0.000000000000,  0.028203239138
B  =  0.000000000000, 11.281295655248,  0.000000000000
C  =  0.015204829790,  0.000000000000,  6.081931916162
reciprocal lattice vectors (bohr^-1)
RA =  0.556959481370,  0.000000000000, -0.001392398703
RB =  0.000000000000,  0.556956000374,  0.000000000000
RC = -0.002582742073,  0.000000000000,  1.033096829091
Required cutoff energy (Ryd) for 3D-grids = 200.0000
    Used cutoff energy (Ryd) for 3D-grids = 193.8786, 193.8750, 194.5146
Num. of grids of a-, b-, and c-axes = 50, 50, 27
Cell_Volume =    774.028233187484 (Bohr^3)
GridVol     =      0.011467084936 (Bohr^3)
Cell vectors (bohr) of the grid cell (gtv)
  gtv_a =  0.225625913105,  0.000000000000,  0.000564064783
  gtv_b =  0.000000000000,  0.225625913105,  0.000000000000
  gtv_c =  0.000563141844,  0.000000000000,  0.225256737636
  |gtv_a| =  0.225626618185
  |gtv_b| =  0.225625913105
  |gtv_c| =  0.225257441562
Num. of grids overlapping with atom    1 = 125066
Num. of grids overlapping with atom    2 = 125314
Num. of grids overlapping with atom    3 = 125075
Num. of grids overlapping with atom    4 = 125113

*******************************************************
             SCF calculation at MD =34                
*******************************************************

<MD=34>  Calculation of the overlap matrix
<MD=34>  Calculation of the nonlocal matrix
<MD=34>  Calculation of the VNA projector matrix

******************* MD=34  SCF= 1 *******************
<Restart>  Found restart files
<Poisson>  Poisson's equation using FFT...
<Band>  Solving the eigenvalue problem...
 KGrids1:  -0.45833  -0.37500  -0.29167  -0.20833  -0.12500  -0.04167   0.04167   0.12500   0.20833   0.29167   0.37500   0.45833 
 KGrids2:  -0.45833  -0.37500  -0.29167  -0.20833  -0.12500  -0.04167   0.04167   0.12500   0.20833   0.29167   0.37500   0.45833 
 KGrids3:  -0.47500  -0.42500  -0.37500  -0.32500  -0.27500  -0.22500  -0.17500  -0.12500  -0.07500  -0.02500   0.02500   0.07500   0.12500   0.17500   0.22500   0.27500   0.32500   0.37500   0.42500   0.47500 
<Band_DFT>  Eigen, time=0.747351
<Band_DFT>  DM, time=2.041299
    1   Sn  MulP   6.9999  6.9999 sum  13.9997
    2   Sn  MulP   7.0004  7.0004 sum  14.0009
    3   Sn  MulP   6.9999  6.9999 sum  13.9997
    4   Sn  MulP   6.9998  6.9998 sum  13.9997
 Sum of MulP: up   =    28.00000 down          =    28.00000
              total=    56.00000 ideal(neutral)=    56.00000
<DFT>  Total Spin Moment (muB) =  0.000000000000
<DFT>  Mixing_weight= 0.400000000000
<DFT>  Uele   =  -42.211596806876  dUele     =   1.000000000000
<DFT>  NormRD =    1.000000000000  Criterion =   0.000000100000

******************* MD=34  SCF= 2 *******************
<Poisson>  Poisson's equation using FFT...
<Set_Hamiltonian>  Hamiltonian matrix for VNA+dVH+Vxc...
<Band>  Solving the eigenvalue problem...
 KGrids1:  -0.45833  -0.37500  -0.29167  -0.20833  -0.12500  -0.04167   0.04167   0.12500   0.20833   0.29167   0.37500   0.45833 
 KGrids2:  -0.45833  -0.37500  -0.29167  -0.20833  -0.12500  -0.04167   0.04167   0.12500   0.20833   0.29167   0.37500   0.45833 
 KGrids3:  -0.47500  -0.42500  -0.37500  -0.32500  -0.27500  -0.22500  -0.17500  -0.12500  -0.07500  -0.02500   0.02500   0.07500   0.12500   0.17500   0.22500   0.27500   0.32500   0.37500   0.42500   0.47500 
<Band_DFT>  Eigen, time=0.743142
<Band_DFT>  DM, time=1.679243
    1   Sn  MulP   6.9999  6.9999 sum  13.9997
    2   Sn  MulP   7.0004  7.0004 sum  14.0009
    3   Sn  MulP   6.9999  6.9999 sum  13.9997
    4   Sn  MulP   6.9998  6.9998 sum  13.9997
 Sum of MulP: up   =    28.00000 down          =    28.00000
              total=    56.00000 ideal(neutral)=    56.00000
<DFT>  Total Spin Moment (muB) =  0.000000000000
<DFT>  Mixing_weight= 0.400000000000
<DFT>  Uele   =  -42.211593092186  dUele     =   0.000003714690
<DFT>  NormRD =    0.000055323327  Criterion =   0.000000100000

******************* MD=34  SCF= 3 *******************
<Poisson>  Poisson's equation using FFT...
<Set_Hamiltonian>  Hamiltonian matrix for VNA+dVH+Vxc...
<Band>  Solving the eigenvalue problem...
 KGrids1:  -0.45833  -0.37500  -0.29167  -0.20833  -0.12500  -0.04167   0.04167   0.12500   0.20833   0.29167   0.37500   0.45833 
 KGrids2:  -0.45833  -0.37500  -0.29167  -0.20833  -0.12500  -0.04167   0.04167   0.12500   0.20833   0.29167   0.37500   0.45833 
 KGrids3:  -0.47500  -0.42500  -0.37500  -0.32500  -0.27500  -0.22500  -0.17500  -0.12500  -0.07500  -0.02500   0.02500   0.07500   0.12500   0.17500   0.22500   0.27500   0.32500   0.37500   0.42500   0.47500 
<Band_DFT>  Eigen, time=0.738628
<Band_DFT>  DM, time=2.035235
    1   Sn  MulP   6.9999  6.9999 sum  13.9997
    2   Sn  MulP   7.0004  7.0004 sum  14.0009
    3   Sn  MulP   6.9999  6.9999 sum  13.9997
    4   Sn  MulP   6.9998  6.9998 sum  13.9997
 Sum of MulP: up   =    28.00000 down          =    28.00000
              total=    56.00000 ideal(neutral)=    56.00000
<DFT>  Total Spin Moment (muB) =  0.000000000000
<DFT>  Mixing_weight= 0.040000000000
<DFT>  Uele   =  -42.211590645571  dUele     =   0.000002446615
<DFT>  NormRD =    0.000037138735  Criterion =   0.000000100000

******************* MD=34  SCF= 4 *******************
<Poisson>  Poisson's equation using FFT...
<Set_Hamiltonian>  Hamiltonian matrix for VNA+dVH+Vxc...
<Band>  Solving the eigenvalue problem...
 KGrids1:  -0.45833  -0.37500  -0.29167  -0.20833  -0.12500  -0.04167   0.04167   0.12500   0.20833   0.29167   0.37500   0.45833 
 KGrids2:  -0.45833  -0.37500  -0.29167  -0.20833  -0.12500  -0.04167   0.04167   0.12500   0.20833   0.29167   0.37500   0.45833 
 KGrids3:  -0.47500  -0.42500  -0.37500  -0.32500  -0.27500  -0.22500  -0.17500  -0.12500  -0.07500  -0.02500   0.02500   0.07500   0.12500   0.17500   0.22500   0.27500   0.32500   0.37500   0.42500   0.47500 
<Band_DFT>  Eigen, time=0.743368
<Band_DFT>  DM, time=2.042247
    1   Sn  MulP   6.9999  6.9999 sum  13.9997
    2   Sn  MulP   7.0004  7.0004 sum  14.0009
    3   Sn  MulP   6.9999  6.9999 sum  13.9997
    4   Sn  MulP   6.9998  6.9998 sum  13.9997
 Sum of MulP: up   =    28.00000 down          =    28.00000
              total=    56.00000 ideal(neutral)=    56.00000
<DFT>  Total Spin Moment (muB) =  0.000000000000
<DFT>  Mixing_weight= 0.040000000000
<DFT>  Uele   =  -42.211584635173  dUele     =   0.000006010399
<DFT>  NormRD =    0.000005003704  Criterion =   0.000000100000

******************* MD=34  SCF= 5 *******************
<Poisson>  Poisson's equation using FFT...
<Set_Hamiltonian>  Hamiltonian matrix for VNA+dVH+Vxc...
<Band>  Solving the eigenvalue problem...
 KGrids1:  -0.45833  -0.37500  -0.29167  -0.20833  -0.12500  -0.04167   0.04167   0.12500   0.20833   0.29167   0.37500   0.45833 
 KGrids2:  -0.45833  -0.37500  -0.29167  -0.20833  -0.12500  -0.04167   0.04167   0.12500   0.20833   0.29167   0.37500   0.45833 
 KGrids3:  -0.47500  -0.42500  -0.37500  -0.32500  -0.27500  -0.22500  -0.17500  -0.12500  -0.07500  -0.02500   0.02500   0.07500   0.12500   0.17500   0.22500   0.27500   0.32500   0.37500   0.42500   0.47500 
<Band_DFT>  Eigen, time=0.743288
<Band_DFT>  DM, time=1.961036
    1   Sn  MulP   6.9999  6.9999 sum  13.9997
    2   Sn  MulP   7.0004  7.0004 sum  14.0009
    3   Sn  MulP   6.9999  6.9999 sum  13.9997
    4   Sn  MulP   6.9998  6.9998 sum  13.9997
 Sum of MulP: up   =    28.00000 down          =    28.00000
              total=    56.00000 ideal(neutral)=    56.00000
<DFT>  Total Spin Moment (muB) =  0.000000000000
<DFT>  Mixing_weight= 0.040000000000
<DFT>  Uele   =  -42.211585590042  dUele     =   0.000000954869
<DFT>  NormRD =    0.000004865410  Criterion =   0.000000100000

******************* MD=34  SCF= 6 *******************
<Poisson>  Poisson's equation using FFT...
<Set_Hamiltonian>  Hamiltonian matrix for VNA+dVH+Vxc...
<Band>  Solving the eigenvalue problem...
 KGrids1:  -0.45833  -0.37500  -0.29167  -0.20833  -0.12500  -0.04167   0.04167   0.12500   0.20833   0.29167   0.37500   0.45833 
 KGrids2:  -0.45833  -0.37500  -0.29167  -0.20833  -0.12500  -0.04167   0.04167   0.12500   0.20833   0.29167   0.37500   0.45833 
 KGrids3:  -0.47500  -0.42500  -0.37500  -0.32500  -0.27500  -0.22500  -0.17500  -0.12500  -0.07500  -0.02500   0.02500   0.07500   0.12500   0.17500   0.22500   0.27500   0.32500   0.37500   0.42500   0.47500 
<Band_DFT>  Eigen, time=0.744578
<Band_DFT>  DM, time=2.042387
    1   Sn  MulP   6.9999  6.9999 sum  13.9997
    2   Sn  MulP   7.0004  7.0004 sum  14.0009
    3   Sn  MulP   6.9999  6.9999 sum  13.9997
    4   Sn  MulP   6.9998  6.9998 sum  13.9997
 Sum of MulP: up   =    28.00000 down          =    28.00000
              total=    56.00000 ideal(neutral)=    56.00000
<DFT>  Total Spin Moment (muB) =  0.000000000000
<DFT>  Mixing_weight= 0.040000000000
<DFT>  Uele   =  -42.211585613733  dUele     =   0.000000023691
<DFT>  NormRD =    0.000000686400  Criterion =   0.000000100000
<MD=34>  Force calculation
  Force calculation #1
  Force calculation #2
  Force calculation #3
  Force calculation #4
  Force calculation #5
  Stress calculation #1
  Stress calculation #2
  Stress calculation #3
  Stress calculation #4
  Stress calculation #5
<MD=34>  Total Energy
  Force calculation #6
  Force calculation #7

*******************************************************
                  Dipole moment (Debye)                 
*******************************************************

 Absolute D      520.15119689

                      Dx                Dy                Dz
 Total           -361.30898102     -362.13855746      -94.17405724
 Core             402.54720759      401.43894147      325.33028371
 Electron        -763.85618861     -763.57749893     -419.50434096
 Back ground       -0.00000000       -0.00000000       -0.00000000

*******************************************************
               Stress tensor (Hartree/bohr^3)            
*******************************************************

      -0.00000159       -0.00000000        0.00000325 
      -0.00000000       -0.00000066       -0.00000000 
       0.00000325       -0.00000000        0.00000024 

*******************************************************
                Total Energy (Hartree) at MD =34        
*******************************************************

  Uele  =     -42.211585613733

  Ukin  =     203.438670506370
  UH0   =   -2703.961359410241
  UH1   =       0.004897967129
  Una   =    -149.421038226238
  Unl   =     -47.913295099485
  Uxc0  =     -25.237149823032
  Uxc1  =     -25.237149823032
  Ucore =    2464.169101494503
  Uhub  =       0.000000000000
  Ucs   =       0.000000000000
  Uzs   =       0.000000000000
  Uzo   =       0.000000000000
  Uef   =       0.000000000000
  UvdW  =       0.000000000000
  Uch   =       0.000000000000
  Utot  =    -284.157322414026

  UpV   =       0.000000000000
  Enpy  =    -284.157322414026
  Note:

  Uele:   band energy
  Ukin:   kinetic energy
  UH0:    electric part of screened Coulomb energy
  UH1:    difference electron-electron Coulomb energy
  Una:    neutral atom potential energy
  Unl:    non-local potential energy
  Uxc0:   exchange-correlation energy for alpha spin
  Uxc1:   exchange-correlation energy for beta spin
  Ucore:  core-core Coulomb energy
  Uhub:   LDA+U energy
  Ucs:    constraint energy for spin orientation
  Uzs:    Zeeman term for spin magnetic moment
  Uzo:    Zeeman term for orbital magnetic moment
  Uef:    electric energy by electric field
  UvdW:   semi-empirical vdW energy 
  Uch:    penalty term to create a core hole
  UpV:    pressure times volume
  Enpy:   Enthalpy = Utot + UpV
  (see also PRB 72, 045121(2005) for the energy contributions)


*******************************************************
           Computational times (s) at MD =34            
*******************************************************

  DFT in total      =   28.18555

  Set_OLP_Kin       =    0.91256
  Set_Nonlocal      =    1.16460
  Set_ProExpn_VNA   =    2.93602
  Set_Hamiltonian   =    1.56927
  Poisson           =    0.00100
  diagonalization   =   16.61021
  Mixing_DM         =    0.00475
  Force             =    1.93801
  Total_Energy      =    0.40510
  Set_Aden_Grid     =    0.16332
  Set_Orbitals_Grid =    0.09824
  Set_Density_Grid  =    0.59495
  RestartFileDFT    =    0.03034
  Mulliken_Charge   =    0.00104
  FFT(2D)_Density   =    0.00177

The SCF was achieved at MD=  34

*******************************************************
             MD or geometry opt. at MD =34              
*******************************************************

<BFGS>  |Maximum force| (Hartree/Bohr) = 0.000179570077
<BFGS>  Criterion       (Hartree/Bohr) = 0.000100000000

     atom=   1, XYZ(ang) Fxyz(a.u.)=  -0.0002    0.0000   -0.0001     0.0000    0.0000   -0.0000
     atom=   2, XYZ(ang) Fxyz(a.u.)=   2.9884    2.9849    1.6130     0.0002    0.0000   -0.0001
     atom=   3, XYZ(ang) Fxyz(a.u.)=   0.0054    2.9849    0.8273     0.0001   -0.0000    0.0000
     atom=   4, XYZ(ang) Fxyz(a.u.)=   2.9925   -0.0000    2.3979    -0.0001    0.0000    0.0002

*******************************************************
        Analysis of neighbors and setting of grids        
*******************************************************


*******************************************************
  Allocation of atoms to processors at MD_iter=   35     
*******************************************************

 proc =   0  # of atoms=   1  estimated weight=         1.00000
 proc =   1  # of atoms=   1  estimated weight=         1.00000
 proc =   2  # of atoms=   1  estimated weight=         1.00000
 proc =   3  # of atoms=   1  estimated weight=         1.00000
 proc =   4  # of atoms=   0  estimated weight=         0.00000
 proc =   5  # of atoms=   0  estimated weight=         0.00000
 proc =   6  # of atoms=   0  estimated weight=         0.00000
 proc =   7  # of atoms=   0  estimated weight=         0.00000
 proc =   8  # of atoms=   0  estimated weight=         0.00000
 proc =   9  # of atoms=   0  estimated weight=         0.00000
 proc =  10  # of atoms=   0  estimated weight=         0.00000
 proc =  11  # of atoms=   0  estimated weight=         0.00000
 proc =  12  # of atoms=   0  estimated weight=         0.00000
 proc =  13  # of atoms=   0  estimated weight=         0.00000
 proc =  14  # of atoms=   0  estimated weight=         0.00000
 proc =  15  # of atoms=   0  estimated weight=         0.00000



TFNAN=     256   Average FNAN=  64.00000
TSNAN=       0   Average SNAN=   0.00000
<truncation> CpyCell= 3 ct_AN=   1 FNAN SNAN  64   0
<truncation> CpyCell= 3 ct_AN=   2 FNAN SNAN  64   0
<truncation> CpyCell= 3 ct_AN=   3 FNAN SNAN  64   0
<truncation> CpyCell= 3 ct_AN=   4 FNAN SNAN  64   0
<UCell_Box> Info. of cutoff energy and num. of grids
lattice vectors (bohr)
A  = 11.281295655248,  0.000000000000,  0.028203239138
B  =  0.000000000000, 11.281295655248,  0.000000000000
C  =  0.015204829790,  0.000000000000,  6.081931916162
reciprocal lattice vectors (bohr^-1)
RA =  0.556959481370,  0.000000000000, -0.001392398703
RB =  0.000000000000,  0.556956000374,  0.000000000000
RC = -0.002582742073,  0.000000000000,  1.033096829091
Required cutoff energy (Ryd) for 3D-grids = 200.0000
    Used cutoff energy (Ryd) for 3D-grids = 193.8786, 193.8750, 194.5146
Num. of grids of a-, b-, and c-axes = 50, 50, 27
Cell_Volume =    774.028233187484 (Bohr^3)
GridVol     =      0.011467084936 (Bohr^3)
Cell vectors (bohr) of the grid cell (gtv)
  gtv_a =  0.225625913105,  0.000000000000,  0.000564064783
  gtv_b =  0.000000000000,  0.225625913105,  0.000000000000
  gtv_c =  0.000563141844,  0.000000000000,  0.225256737636
  |gtv_a| =  0.225626618185
  |gtv_b| =  0.225625913105
  |gtv_c| =  0.225257441562
Num. of grids overlapping with atom    1 = 125061
Num. of grids overlapping with atom    2 = 125312
Num. of grids overlapping with atom    3 = 125077
Num. of grids overlapping with atom    4 = 125117

*******************************************************
             SCF calculation at MD =35                
*******************************************************

<MD=35>  Calculation of the overlap matrix
<MD=35>  Calculation of the nonlocal matrix
<MD=35>  Calculation of the VNA projector matrix

******************* MD=35  SCF= 1 *******************
<Restart>  Found restart files
<Poisson>  Poisson's equation using FFT...
<Band>  Solving the eigenvalue problem...
 KGrids1:  -0.45833  -0.37500  -0.29167  -0.20833  -0.12500  -0.04167   0.04167   0.12500   0.20833   0.29167   0.37500   0.45833 
 KGrids2:  -0.45833  -0.37500  -0.29167  -0.20833  -0.12500  -0.04167   0.04167   0.12500   0.20833   0.29167   0.37500   0.45833 
 KGrids3:  -0.47500  -0.42500  -0.37500  -0.32500  -0.27500  -0.22500  -0.17500  -0.12500  -0.07500  -0.02500   0.02500   0.07500   0.12500   0.17500   0.22500   0.27500   0.32500   0.37500   0.42500   0.47500 
<Band_DFT>  Eigen, time=0.696754
<Band_DFT>  DM, time=1.455908
    1   Sn  MulP   6.9999  6.9999 sum  13.9997
    2   Sn  MulP   7.0004  7.0004 sum  14.0009
    3   Sn  MulP   6.9999  6.9999 sum  13.9997
    4   Sn  MulP   6.9998  6.9998 sum  13.9997
 Sum of MulP: up   =    28.00000 down          =    28.00000
              total=    56.00000 ideal(neutral)=    56.00000
<DFT>  Total Spin Moment (muB) =  0.000000000000
<DFT>  Mixing_weight= 0.400000000000
<DFT>  Uele   =  -42.211585059627  dUele     =   1.000000000000
<DFT>  NormRD =    1.000000000000  Criterion =   0.000000100000

******************* MD=35  SCF= 2 *******************
<Poisson>  Poisson's equation using FFT...
<Set_Hamiltonian>  Hamiltonian matrix for VNA+dVH+Vxc...
<Band>  Solving the eigenvalue problem...
 KGrids1:  -0.45833  -0.37500  -0.29167  -0.20833  -0.12500  -0.04167   0.04167   0.12500   0.20833   0.29167   0.37500   0.45833 
 KGrids2:  -0.45833  -0.37500  -0.29167  -0.20833  -0.12500  -0.04167   0.04167   0.12500   0.20833   0.29167   0.37500   0.45833 
 KGrids3:  -0.47500  -0.42500  -0.37500  -0.32500  -0.27500  -0.22500  -0.17500  -0.12500  -0.07500  -0.02500   0.02500   0.07500   0.12500   0.17500   0.22500   0.27500   0.32500   0.37500   0.42500   0.47500 
<Band_DFT>  Eigen, time=0.739608
<Band_DFT>  DM, time=1.944049
    1   Sn  MulP   6.9999  6.9999 sum  13.9997
    2   Sn  MulP   7.0004  7.0004 sum  14.0009
    3   Sn  MulP   6.9999  6.9999 sum  13.9997
    4   Sn  MulP   6.9998  6.9998 sum  13.9997
 Sum of MulP: up   =    28.00000 down          =    28.00000
              total=    56.00000 ideal(neutral)=    56.00000
<DFT>  Total Spin Moment (muB) =  0.000000000000
<DFT>  Mixing_weight= 0.400000000000
<DFT>  Uele   =  -42.211585121863  dUele     =   0.000000062236
<DFT>  NormRD =    0.000002053171  Criterion =   0.000000100000

******************* MD=35  SCF= 3 *******************
<Poisson>  Poisson's equation using FFT...
<Set_Hamiltonian>  Hamiltonian matrix for VNA+dVH+Vxc...
<Band>  Solving the eigenvalue problem...
 KGrids1:  -0.45833  -0.37500  -0.29167  -0.20833  -0.12500  -0.04167   0.04167   0.12500   0.20833   0.29167   0.37500   0.45833 
 KGrids2:  -0.45833  -0.37500  -0.29167  -0.20833  -0.12500  -0.04167   0.04167   0.12500   0.20833   0.29167   0.37500   0.45833 
 KGrids3:  -0.47500  -0.42500  -0.37500  -0.32500  -0.27500  -0.22500  -0.17500  -0.12500  -0.07500  -0.02500   0.02500   0.07500   0.12500   0.17500   0.22500   0.27500   0.32500   0.37500   0.42500   0.47500 
<Band_DFT>  Eigen, time=0.743678
<Band_DFT>  DM, time=1.929003
    1   Sn  MulP   6.9999  6.9999 sum  13.9997
    2   Sn  MulP   7.0004  7.0004 sum  14.0009
    3   Sn  MulP   6.9999  6.9999 sum  13.9997
    4   Sn  MulP   6.9998  6.9998 sum  13.9997
 Sum of MulP: up   =    28.00000 down          =    28.00000
              total=    56.00000 ideal(neutral)=    56.00000
<DFT>  Total Spin Moment (muB) =  0.000000000000
<DFT>  Mixing_weight= 0.040000000000
<DFT>  Uele   =  -42.211585162373  dUele     =   0.000000040510
<DFT>  NormRD =    0.000001397672  Criterion =   0.000000100000
<MD=35>  Force calculation
  Force calculation #1
  Force calculation #2
  Force calculation #3
  Force calculation #4
  Force calculation #5
  Stress calculation #1
  Stress calculation #2
  Stress calculation #3
  Stress calculation #4
  Stress calculation #5
<MD=35>  Total Energy
  Force calculation #6
  Force calculation #7

*******************************************************
                  Dipole moment (Debye)                 
*******************************************************

 Absolute D      520.15720394

                      Dx                Dy                Dz
 Total           -361.31800368     -362.13855176      -94.17264125
 Core             402.53694099      401.43893904      325.33319671
 Electron        -763.85494467     -763.57749080     -419.50583796
 Back ground       -0.00000000       -0.00000000       -0.00000000

*******************************************************
               Stress tensor (Hartree/bohr^3)            
*******************************************************

      -0.00000161        0.00000000        0.00000323 
       0.00000000       -0.00000066       -0.00000000 
       0.00000323       -0.00000000        0.00000024 

*******************************************************
                Total Energy (Hartree) at MD =35        
*******************************************************

  Uele  =     -42.211585162373

  Ukin  =     203.438671688186
  UH0   =   -2703.961330099502
  UH1   =       0.004897965031
  Una   =    -149.421038839434
  Unl   =     -47.913295578443
  Uxc0  =     -25.237149912173
  Uxc1  =     -25.237149912173
  Ucore =    2464.169072242485
  Uhub  =       0.000000000000
  Ucs   =       0.000000000000
  Uzs   =       0.000000000000
  Uzo   =       0.000000000000
  Uef   =       0.000000000000
  UvdW  =       0.000000000000
  Uch   =       0.000000000000
  Utot  =    -284.157322446023

  UpV   =       0.000000000000
  Enpy  =    -284.157322446023
  Note:

  Uele:   band energy
  Ukin:   kinetic energy
  UH0:    electric part of screened Coulomb energy
  UH1:    difference electron-electron Coulomb energy
  Una:    neutral atom potential energy
  Unl:    non-local potential energy
  Uxc0:   exchange-correlation energy for alpha spin
  Uxc1:   exchange-correlation energy for beta spin
  Ucore:  core-core Coulomb energy
  Uhub:   LDA+U energy
  Ucs:    constraint energy for spin orientation
  Uzs:    Zeeman term for spin magnetic moment
  Uzo:    Zeeman term for orbital magnetic moment
  Uef:    electric energy by electric field
  UvdW:   semi-empirical vdW energy 
  Uch:    penalty term to create a core hole
  UpV:    pressure times volume
  Enpy:   Enthalpy = Utot + UpV
  (see also PRB 72, 045121(2005) for the energy contributions)


*******************************************************
           Computational times (s) at MD =35            
*******************************************************

  DFT in total      =   18.17950

  Set_OLP_Kin       =    0.84543
  Set_Nonlocal      =    1.20407
  Set_ProExpn_VNA   =    2.94743
  Set_Hamiltonian   =    0.68454
  Poisson           =    0.00049
  diagonalization   =    7.67388
  Mixing_DM         =    0.00257
  Force             =    2.01320
  Total_Energy      =    0.33543
  Set_Aden_Grid     =    0.00731
  Set_Orbitals_Grid =    0.13587
  Set_Density_Grid  =    0.32928
  RestartFileDFT    =    0.00294
  Mulliken_Charge   =    0.00062
  FFT(2D)_Density   =    0.00113

The SCF was achieved at MD=  35

*******************************************************
             MD or geometry opt. at MD =35              
*******************************************************

<BFGS>  |Maximum force| (Hartree/Bohr) = 0.000150075721
<BFGS>  Criterion       (Hartree/Bohr) = 0.000100000000

     atom=   1, XYZ(ang) Fxyz(a.u.)=  -0.0002    0.0000   -0.0002     0.0000    0.0000   -0.0000
     atom=   2, XYZ(ang) Fxyz(a.u.)=   2.9884    2.9849    1.6131     0.0002    0.0000   -0.0001
     atom=   3, XYZ(ang) Fxyz(a.u.)=   0.0054    2.9849    0.8273     0.0001   -0.0000    0.0000
     atom=   4, XYZ(ang) Fxyz(a.u.)=   2.9925    0.0000    2.3977    -0.0001   -0.0000    0.0002

*******************************************************
        Analysis of neighbors and setting of grids        
*******************************************************


*******************************************************
  Allocation of atoms to processors at MD_iter=   36     
*******************************************************

 proc =   0  # of atoms=   1  estimated weight=         1.00000
 proc =   1  # of atoms=   1  estimated weight=         1.00000
 proc =   2  # of atoms=   1  estimated weight=         1.00000
 proc =   3  # of atoms=   1  estimated weight=         1.00000
 proc =   4  # of atoms=   0  estimated weight=         0.00000
 proc =   5  # of atoms=   0  estimated weight=         0.00000
 proc =   6  # of atoms=   0  estimated weight=         0.00000
 proc =   7  # of atoms=   0  estimated weight=         0.00000
 proc =   8  # of atoms=   0  estimated weight=         0.00000
 proc =   9  # of atoms=   0  estimated weight=         0.00000
 proc =  10  # of atoms=   0  estimated weight=         0.00000
 proc =  11  # of atoms=   0  estimated weight=         0.00000
 proc =  12  # of atoms=   0  estimated weight=         0.00000
 proc =  13  # of atoms=   0  estimated weight=         0.00000
 proc =  14  # of atoms=   0  estimated weight=         0.00000
 proc =  15  # of atoms=   0  estimated weight=         0.00000



TFNAN=     256   Average FNAN=  64.00000
TSNAN=       0   Average SNAN=   0.00000
<truncation> CpyCell= 3 ct_AN=   1 FNAN SNAN  64   0
<truncation> CpyCell= 3 ct_AN=   2 FNAN SNAN  64   0
<truncation> CpyCell= 3 ct_AN=   3 FNAN SNAN  64   0
<truncation> CpyCell= 3 ct_AN=   4 FNAN SNAN  64   0
<UCell_Box> Info. of cutoff energy and num. of grids
lattice vectors (bohr)
A  = 11.281295655248,  0.000000000000,  0.028203239138
B  =  0.000000000000, 11.281295655248,  0.000000000000
C  =  0.015204829790,  0.000000000000,  6.081931916162
reciprocal lattice vectors (bohr^-1)
RA =  0.556959481370,  0.000000000000, -0.001392398703
RB =  0.000000000000,  0.556956000374,  0.000000000000
RC = -0.002582742073,  0.000000000000,  1.033096829091
Required cutoff energy (Ryd) for 3D-grids = 200.0000
    Used cutoff energy (Ryd) for 3D-grids = 193.8786, 193.8750, 194.5146
Num. of grids of a-, b-, and c-axes = 50, 50, 27
Cell_Volume =    774.028233187484 (Bohr^3)
GridVol     =      0.011467084936 (Bohr^3)
Cell vectors (bohr) of the grid cell (gtv)
  gtv_a =  0.225625913105,  0.000000000000,  0.000564064783
  gtv_b =  0.000000000000,  0.225625913105,  0.000000000000
  gtv_c =  0.000563141844,  0.000000000000,  0.225256737636
  |gtv_a| =  0.225626618185
  |gtv_b| =  0.225625913105
  |gtv_c| =  0.225257441562
Num. of grids overlapping with atom    1 = 125061
Num. of grids overlapping with atom    2 = 125312
Num. of grids overlapping with atom    3 = 125075
Num. of grids overlapping with atom    4 = 125115

*******************************************************
             SCF calculation at MD =36                
*******************************************************

<MD=36>  Calculation of the overlap matrix
<MD=36>  Calculation of the nonlocal matrix
<MD=36>  Calculation of the VNA projector matrix

******************* MD=36  SCF= 1 *******************
<Restart>  Found restart files
<Poisson>  Poisson's equation using FFT...
<Band>  Solving the eigenvalue problem...
 KGrids1:  -0.45833  -0.37500  -0.29167  -0.20833  -0.12500  -0.04167   0.04167   0.12500   0.20833   0.29167   0.37500   0.45833 
 KGrids2:  -0.45833  -0.37500  -0.29167  -0.20833  -0.12500  -0.04167   0.04167   0.12500   0.20833   0.29167   0.37500   0.45833 
 KGrids3:  -0.47500  -0.42500  -0.37500  -0.32500  -0.27500  -0.22500  -0.17500  -0.12500  -0.07500  -0.02500   0.02500   0.07500   0.12500   0.17500   0.22500   0.27500   0.32500   0.37500   0.42500   0.47500 
<Band_DFT>  Eigen, time=0.748111
<Band_DFT>  DM, time=2.051581
    1   Sn  MulP   6.9999  6.9999 sum  13.9997
    2   Sn  MulP   7.0004  7.0004 sum  14.0009
    3   Sn  MulP   6.9998  6.9998 sum  13.9997
    4   Sn  MulP   6.9998  6.9998 sum  13.9997
 Sum of MulP: up   =    28.00000 down          =    28.00000
              total=    56.00000 ideal(neutral)=    56.00000
<DFT>  Total Spin Moment (muB) =  0.000000000000
<DFT>  Mixing_weight= 0.400000000000
<DFT>  Uele   =  -42.211584627615  dUele     =   1.000000000000
<DFT>  NormRD =    1.000000000000  Criterion =   0.000000100000

******************* MD=36  SCF= 2 *******************
<Poisson>  Poisson's equation using FFT...
<Set_Hamiltonian>  Hamiltonian matrix for VNA+dVH+Vxc...
<Band>  Solving the eigenvalue problem...
 KGrids1:  -0.45833  -0.37500  -0.29167  -0.20833  -0.12500  -0.04167   0.04167   0.12500   0.20833   0.29167   0.37500   0.45833 
 KGrids2:  -0.45833  -0.37500  -0.29167  -0.20833  -0.12500  -0.04167   0.04167   0.12500   0.20833   0.29167   0.37500   0.45833 
 KGrids3:  -0.47500  -0.42500  -0.37500  -0.32500  -0.27500  -0.22500  -0.17500  -0.12500  -0.07500  -0.02500   0.02500   0.07500   0.12500   0.17500   0.22500   0.27500   0.32500   0.37500   0.42500   0.47500 
<Band_DFT>  Eigen, time=0.757300
<Band_DFT>  DM, time=2.005495
    1   Sn  MulP   6.9999  6.9999 sum  13.9997
    2   Sn  MulP   7.0004  7.0004 sum  14.0009
    3   Sn  MulP   6.9999  6.9999 sum  13.9997
    4   Sn  MulP   6.9998  6.9998 sum  13.9997
 Sum of MulP: up   =    28.00000 down          =    28.00000
              total=    56.00000 ideal(neutral)=    56.00000
<DFT>  Total Spin Moment (muB) =  0.000000000000
<DFT>  Mixing_weight= 0.400000000000
<DFT>  Uele   =  -42.211584638074  dUele     =   0.000000010459
<DFT>  NormRD =    0.000076912069  Criterion =   0.000000100000

******************* MD=36  SCF= 3 *******************
<Poisson>  Poisson's equation using FFT...
<Set_Hamiltonian>  Hamiltonian matrix for VNA+dVH+Vxc...
<Band>  Solving the eigenvalue problem...
 KGrids1:  -0.45833  -0.37500  -0.29167  -0.20833  -0.12500  -0.04167   0.04167   0.12500   0.20833   0.29167   0.37500   0.45833 
 KGrids2:  -0.45833  -0.37500  -0.29167  -0.20833  -0.12500  -0.04167   0.04167   0.12500   0.20833   0.29167   0.37500   0.45833 
 KGrids3:  -0.47500  -0.42500  -0.37500  -0.32500  -0.27500  -0.22500  -0.17500  -0.12500  -0.07500  -0.02500   0.02500   0.07500   0.12500   0.17500   0.22500   0.27500   0.32500   0.37500   0.42500   0.47500 
<Band_DFT>  Eigen, time=0.750588
<Band_DFT>  DM, time=2.043245
    1   Sn  MulP   6.9999  6.9999 sum  13.9997
    2   Sn  MulP   7.0004  7.0004 sum  14.0009
    3   Sn  MulP   6.9999  6.9999 sum  13.9997
    4   Sn  MulP   6.9998  6.9998 sum  13.9997
 Sum of MulP: up   =    28.00000 down          =    28.00000
              total=    56.00000 ideal(neutral)=    56.00000
<DFT>  Total Spin Moment (muB) =  0.000000000000
<DFT>  Mixing_weight= 0.040000000000
<DFT>  Uele   =  -42.211584653732  dUele     =   0.000000015658
<DFT>  NormRD =    0.000052210886  Criterion =   0.000000100000
<MD=36>  Force calculation
  Force calculation #1
  Force calculation #2
  Force calculation #3
  Force calculation #4
  Force calculation #5
  Stress calculation #1
  Stress calculation #2
  Stress calculation #3
  Stress calculation #4
  Stress calculation #5
<MD=36>  Total Energy
  Force calculation #6
  Force calculation #7

*******************************************************
                  Dipole moment (Debye)                 
*******************************************************

 Absolute D      520.18282184

                      Dx                Dy                Dz
 Total           -361.35288183     -362.13836068      -94.18105255
 Core             402.53551341      401.43900966      325.32818203
 Electron        -763.88839524     -763.57737034     -419.50923458
 Back ground       -0.00000000       -0.00000000       -0.00000000

*******************************************************
               Stress tensor (Hartree/bohr^3)            
*******************************************************

      -0.00000153        0.00000000        0.00000321 
       0.00000000       -0.00000069       -0.00000000 
       0.00000321       -0.00000000        0.00000032 

*******************************************************
                Total Energy (Hartree) at MD =36        
*******************************************************

  Uele  =     -42.211584653732

  Ukin  =     203.438672760990
  UH0   =   -2703.961279152735
  UH1   =       0.004897962318
  Una   =    -149.421038959428
  Unl   =     -47.913296364030
  Uxc0  =     -25.237149763120
  Uxc1  =     -25.237149763120
  Ucore =    2464.169021192030
  Uhub  =       0.000000000000
  Ucs   =       0.000000000000
  Uzs   =       0.000000000000
  Uzo   =       0.000000000000
  Uef   =       0.000000000000
  UvdW  =       0.000000000000
  Uch   =       0.000000000000
  Utot  =    -284.157322087094

  UpV   =       0.000000000000
  Enpy  =    -284.157322087094
  Note:

  Uele:   band energy
  Ukin:   kinetic energy
  UH0:    electric part of screened Coulomb energy
  UH1:    difference electron-electron Coulomb energy
  Una:    neutral atom potential energy
  Unl:    non-local potential energy
  Uxc0:   exchange-correlation energy for alpha spin
  Uxc1:   exchange-correlation energy for beta spin
  Ucore:  core-core Coulomb energy
  Uhub:   LDA+U energy
  Ucs:    constraint energy for spin orientation
  Uzs:    Zeeman term for spin magnetic moment
  Uzo:    Zeeman term for orbital magnetic moment
  Uef:    electric energy by electric field
  UvdW:   semi-empirical vdW energy 
  Uch:    penalty term to create a core hole
  UpV:    pressure times volume
  Enpy:   Enthalpy = Utot + UpV
  (see also PRB 72, 045121(2005) for the energy contributions)


*******************************************************
           Computational times (s) at MD =36            
*******************************************************

  DFT in total      =   17.50873

  Set_OLP_Kin       =    0.69938
  Set_Nonlocal      =    0.93724
  Set_ProExpn_VNA   =    2.46074
  Set_Hamiltonian   =    0.62853
  Poisson           =    0.00052
  diagonalization   =    8.52011
  Mixing_DM         =    0.00264
  Force             =    1.82131
  Total_Energy      =    0.29419
  Set_Aden_Grid     =    0.14358
  Set_Orbitals_Grid =    0.09861
  Set_Density_Grid  =    0.27312
  RestartFileDFT    =    0.00278
  Mulliken_Charge   =    0.00068
  FFT(2D)_Density   =    0.00126

The SCF was achieved at MD=  36

*******************************************************
             MD or geometry opt. at MD =36              
*******************************************************

<BFGS>  |Maximum force| (Hartree/Bohr) = 0.000216250514
<BFGS>  Criterion       (Hartree/Bohr) = 0.000100000000

     atom=   1, XYZ(ang) Fxyz(a.u.)=  -0.0005    0.0000   -0.0002     0.0000    0.0000   -0.0000
     atom=   2, XYZ(ang) Fxyz(a.u.)=   2.9883    2.9849    1.6134     0.0002    0.0000   -0.0000
     atom=   3, XYZ(ang) Fxyz(a.u.)=   0.0054    2.9849    0.8273     0.0001   -0.0000    0.0000
     atom=   4, XYZ(ang) Fxyz(a.u.)=   2.9923    0.0000    2.3973    -0.0001   -0.0000    0.0001

*******************************************************
        Analysis of neighbors and setting of grids        
*******************************************************


*******************************************************
  Allocation of atoms to processors at MD_iter=   37     
*******************************************************

 proc =   0  # of atoms=   1  estimated weight=         1.00000
 proc =   1  # of atoms=   1  estimated weight=         1.00000
 proc =   2  # of atoms=   1  estimated weight=         1.00000
 proc =   3  # of atoms=   1  estimated weight=         1.00000
 proc =   4  # of atoms=   0  estimated weight=         0.00000
 proc =   5  # of atoms=   0  estimated weight=         0.00000
 proc =   6  # of atoms=   0  estimated weight=         0.00000
 proc =   7  # of atoms=   0  estimated weight=         0.00000
 proc =   8  # of atoms=   0  estimated weight=         0.00000
 proc =   9  # of atoms=   0  estimated weight=         0.00000
 proc =  10  # of atoms=   0  estimated weight=         0.00000
 proc =  11  # of atoms=   0  estimated weight=         0.00000
 proc =  12  # of atoms=   0  estimated weight=         0.00000
 proc =  13  # of atoms=   0  estimated weight=         0.00000
 proc =  14  # of atoms=   0  estimated weight=         0.00000
 proc =  15  # of atoms=   0  estimated weight=         0.00000



TFNAN=     256   Average FNAN=  64.00000
TSNAN=       0   Average SNAN=   0.00000
<truncation> CpyCell= 3 ct_AN=   1 FNAN SNAN  64   0
<truncation> CpyCell= 3 ct_AN=   2 FNAN SNAN  64   0
<truncation> CpyCell= 3 ct_AN=   3 FNAN SNAN  64   0
<truncation> CpyCell= 3 ct_AN=   4 FNAN SNAN  64   0
<UCell_Box> Info. of cutoff energy and num. of grids
lattice vectors (bohr)
A  = 11.281295655248,  0.000000000000,  0.028203239138
B  =  0.000000000000, 11.281295655248,  0.000000000000
C  =  0.015204829790,  0.000000000000,  6.081931916162
reciprocal lattice vectors (bohr^-1)
RA =  0.556959481370,  0.000000000000, -0.001392398703
RB =  0.000000000000,  0.556956000374,  0.000000000000
RC = -0.002582742073,  0.000000000000,  1.033096829091
Required cutoff energy (Ryd) for 3D-grids = 200.0000
    Used cutoff energy (Ryd) for 3D-grids = 193.8786, 193.8750, 194.5146
Num. of grids of a-, b-, and c-axes = 50, 50, 27
Cell_Volume =    774.028233187484 (Bohr^3)
GridVol     =      0.011467084936 (Bohr^3)
Cell vectors (bohr) of the grid cell (gtv)
  gtv_a =  0.225625913105,  0.000000000000,  0.000564064783
  gtv_b =  0.000000000000,  0.225625913105,  0.000000000000
  gtv_c =  0.000563141844,  0.000000000000,  0.225256737636
  |gtv_a| =  0.225626618185
  |gtv_b| =  0.225625913105
  |gtv_c| =  0.225257441562
Num. of grids overlapping with atom    1 = 125066
Num. of grids overlapping with atom    2 = 125308
Num. of grids overlapping with atom    3 = 125075
Num. of grids overlapping with atom    4 = 125113

*******************************************************
             SCF calculation at MD =37                
*******************************************************

<MD=37>  Calculation of the overlap matrix
<MD=37>  Calculation of the nonlocal matrix
<MD=37>  Calculation of the VNA projector matrix

******************* MD=37  SCF= 1 *******************
<Restart>  Found restart files
<Poisson>  Poisson's equation using FFT...
<Band>  Solving the eigenvalue problem...
 KGrids1:  -0.45833  -0.37500  -0.29167  -0.20833  -0.12500  -0.04167   0.04167   0.12500   0.20833   0.29167   0.37500   0.45833 
 KGrids2:  -0.45833  -0.37500  -0.29167  -0.20833  -0.12500  -0.04167   0.04167   0.12500   0.20833   0.29167   0.37500   0.45833 
 KGrids3:  -0.47500  -0.42500  -0.37500  -0.32500  -0.27500  -0.22500  -0.17500  -0.12500  -0.07500  -0.02500   0.02500   0.07500   0.12500   0.17500   0.22500   0.27500   0.32500   0.37500   0.42500   0.47500 
<Band_DFT>  Eigen, time=0.737342
<Band_DFT>  DM, time=1.973336
    1   Sn  MulP   6.9999  6.9999 sum  13.9997
    2   Sn  MulP   7.0004  7.0004 sum  14.0009
    3   Sn  MulP   6.9999  6.9999 sum  13.9997
    4   Sn  MulP   6.9998  6.9998 sum  13.9997
 Sum of MulP: up   =    28.00000 down          =    28.00000
              total=    56.00000 ideal(neutral)=    56.00000
<DFT>  Total Spin Moment (muB) =  0.000000000000
<DFT>  Mixing_weight= 0.400000000000
<DFT>  Uele   =  -42.211575527580  dUele     =   1.000000000000
<DFT>  NormRD =    1.000000000000  Criterion =   0.000000100000

******************* MD=37  SCF= 2 *******************
<Poisson>  Poisson's equation using FFT...
<Set_Hamiltonian>  Hamiltonian matrix for VNA+dVH+Vxc...
<Band>  Solving the eigenvalue problem...
 KGrids1:  -0.45833  -0.37500  -0.29167  -0.20833  -0.12500  -0.04167   0.04167   0.12500   0.20833   0.29167   0.37500   0.45833 
 KGrids2:  -0.45833  -0.37500  -0.29167  -0.20833  -0.12500  -0.04167   0.04167   0.12500   0.20833   0.29167   0.37500   0.45833 
 KGrids3:  -0.47500  -0.42500  -0.37500  -0.32500  -0.27500  -0.22500  -0.17500  -0.12500  -0.07500  -0.02500   0.02500   0.07500   0.12500   0.17500   0.22500   0.27500   0.32500   0.37500   0.42500   0.47500 
<Band_DFT>  Eigen, time=0.734611
<Band_DFT>  DM, time=2.038654
    1   Sn  MulP   6.9999  6.9999 sum  13.9997
    2   Sn  MulP   7.0004  7.0004 sum  14.0009
    3   Sn  MulP   6.9999  6.9999 sum  13.9997
    4   Sn  MulP   6.9998  6.9998 sum  13.9997
 Sum of MulP: up   =    28.00000 down          =    28.00000
              total=    56.00000 ideal(neutral)=    56.00000
<DFT>  Total Spin Moment (muB) =  0.000000000000
<DFT>  Mixing_weight= 0.400000000000
<DFT>  Uele   =  -42.211578224636  dUele     =   0.000002697057
<DFT>  NormRD =    0.000042953728  Criterion =   0.000000100000

******************* MD=37  SCF= 3 *******************
<Poisson>  Poisson's equation using FFT...
<Set_Hamiltonian>  Hamiltonian matrix for VNA+dVH+Vxc...
<Band>  Solving the eigenvalue problem...
 KGrids1:  -0.45833  -0.37500  -0.29167  -0.20833  -0.12500  -0.04167   0.04167   0.12500   0.20833   0.29167   0.37500   0.45833 
 KGrids2:  -0.45833  -0.37500  -0.29167  -0.20833  -0.12500  -0.04167   0.04167   0.12500   0.20833   0.29167   0.37500   0.45833 
 KGrids3:  -0.47500  -0.42500  -0.37500  -0.32500  -0.27500  -0.22500  -0.17500  -0.12500  -0.07500  -0.02500   0.02500   0.07500   0.12500   0.17500   0.22500   0.27500   0.32500   0.37500   0.42500   0.47500 
<Band_DFT>  Eigen, time=0.735531
<Band_DFT>  DM, time=2.036900
    1   Sn  MulP   6.9999  6.9999 sum  13.9997
    2   Sn  MulP   7.0004  7.0004 sum  14.0009
    3   Sn  MulP   6.9999  6.9999 sum  13.9997
    4   Sn  MulP   6.9998  6.9998 sum  13.9997
 Sum of MulP: up   =    28.00000 down          =    28.00000
              total=    56.00000 ideal(neutral)=    56.00000
<DFT>  Total Spin Moment (muB) =  0.000000000000
<DFT>  Mixing_weight= 0.040000000000
<DFT>  Uele   =  -42.211579984009  dUele     =   0.000001759373
<DFT>  NormRD =    0.000029511885  Criterion =   0.000000100000

******************* MD=37  SCF= 4 *******************
<Poisson>  Poisson's equation using FFT...
<Set_Hamiltonian>  Hamiltonian matrix for VNA+dVH+Vxc...
<Band>  Solving the eigenvalue problem...
 KGrids1:  -0.45833  -0.37500  -0.29167  -0.20833  -0.12500  -0.04167   0.04167   0.12500   0.20833   0.29167   0.37500   0.45833 
 KGrids2:  -0.45833  -0.37500  -0.29167  -0.20833  -0.12500  -0.04167   0.04167   0.12500   0.20833   0.29167   0.37500   0.45833 
 KGrids3:  -0.47500  -0.42500  -0.37500  -0.32500  -0.27500  -0.22500  -0.17500  -0.12500  -0.07500  -0.02500   0.02500   0.07500   0.12500   0.17500   0.22500   0.27500   0.32500   0.37500   0.42500   0.47500 
<Band_DFT>  Eigen, time=0.678293
<Band_DFT>  DM, time=2.036464
    1   Sn  MulP   6.9999  6.9999 sum  13.9997
    2   Sn  MulP   7.0004  7.0004 sum  14.0009
    3   Sn  MulP   6.9999  6.9999 sum  13.9997
    4   Sn  MulP   6.9998  6.9998 sum  13.9997
 Sum of MulP: up   =    28.00000 down          =    28.00000
              total=    56.00000 ideal(neutral)=    56.00000
<DFT>  Total Spin Moment (muB) =  0.000000000000
<DFT>  Mixing_weight= 0.040000000000
<DFT>  Uele   =  -42.211584035470  dUele     =   0.000004051462
<DFT>  NormRD =    0.000004007288  Criterion =   0.000000100000

******************* MD=37  SCF= 5 *******************
<Poisson>  Poisson's equation using FFT...
<Set_Hamiltonian>  Hamiltonian matrix for VNA+dVH+Vxc...
<Band>  Solving the eigenvalue problem...
 KGrids1:  -0.45833  -0.37500  -0.29167  -0.20833  -0.12500  -0.04167   0.04167   0.12500   0.20833   0.29167   0.37500   0.45833 
 KGrids2:  -0.45833  -0.37500  -0.29167  -0.20833  -0.12500  -0.04167   0.04167   0.12500   0.20833   0.29167   0.37500   0.45833 
 KGrids3:  -0.47500  -0.42500  -0.37500  -0.32500  -0.27500  -0.22500  -0.17500  -0.12500  -0.07500  -0.02500   0.02500   0.07500   0.12500   0.17500   0.22500   0.27500   0.32500   0.37500   0.42500   0.47500 
<Band_DFT>  Eigen, time=0.738953
<Band_DFT>  DM, time=2.039231
    1   Sn  MulP   6.9999  6.9999 sum  13.9997
    2   Sn  MulP   7.0004  7.0004 sum  14.0009
    3   Sn  MulP   6.9999  6.9999 sum  13.9997
    4   Sn  MulP   6.9998  6.9998 sum  13.9997
 Sum of MulP: up   =    28.00000 down          =    28.00000
              total=    56.00000 ideal(neutral)=    56.00000
<DFT>  Total Spin Moment (muB) =  0.000000000000
<DFT>  Mixing_weight= 0.040000000000
<DFT>  Uele   =  -42.211583527443  dUele     =   0.000000508027
<DFT>  NormRD =    0.000004948693  Criterion =   0.000000100000

******************* MD=37  SCF= 6 *******************
<Poisson>  Poisson's equation using FFT...
<Set_Hamiltonian>  Hamiltonian matrix for VNA+dVH+Vxc...
<Band>  Solving the eigenvalue problem...
 KGrids1:  -0.45833  -0.37500  -0.29167  -0.20833  -0.12500  -0.04167   0.04167   0.12500   0.20833   0.29167   0.37500   0.45833 
 KGrids2:  -0.45833  -0.37500  -0.29167  -0.20833  -0.12500  -0.04167   0.04167   0.12500   0.20833   0.29167   0.37500   0.45833 
 KGrids3:  -0.47500  -0.42500  -0.37500  -0.32500  -0.27500  -0.22500  -0.17500  -0.12500  -0.07500  -0.02500   0.02500   0.07500   0.12500   0.17500   0.22500   0.27500   0.32500   0.37500   0.42500   0.47500 
<Band_DFT>  Eigen, time=0.740218
<Band_DFT>  DM, time=2.042461
    1   Sn  MulP   6.9999  6.9999 sum  13.9997
    2   Sn  MulP   7.0004  7.0004 sum  14.0009
    3   Sn  MulP   6.9999  6.9999 sum  13.9997
    4   Sn  MulP   6.9998  6.9998 sum  13.9997
 Sum of MulP: up   =    28.00000 down          =    28.00000
              total=    56.00000 ideal(neutral)=    56.00000
<DFT>  Total Spin Moment (muB) =  0.000000000000
<DFT>  Mixing_weight= 0.040000000000
<DFT>  Uele   =  -42.211583472412  dUele     =   0.000000055032
<DFT>  NormRD =    0.000000604065  Criterion =   0.000000100000
<MD=37>  Force calculation
  Force calculation #1
  Force calculation #2
  Force calculation #3
  Force calculation #4
  Force calculation #5
  Stress calculation #1
  Stress calculation #2
  Stress calculation #3
  Stress calculation #4
  Stress calculation #5
<MD=37>  Total Energy
  Force calculation #6
  Force calculation #7

*******************************************************
                  Dipole moment (Debye)                 
*******************************************************

 Absolute D      520.24369613

                      Dx                Dy                Dz
 Total           -361.43776317     -362.13800647      -94.19294550
 Core             402.49932643      401.43914023      325.32269807
 Electron        -763.93708960     -763.57714670     -419.51564357
 Back ground       -0.00000000       -0.00000000       -0.00000000

*******************************************************
               Stress tensor (Hartree/bohr^3)            
*******************************************************

      -0.00000147        0.00000000        0.00000311 
       0.00000000       -0.00000075        0.00000000 
       0.00000311        0.00000000        0.00000042 

*******************************************************
                Total Energy (Hartree) at MD =37        
*******************************************************

  Uele  =     -42.211583472412

  Ukin  =     203.438675021276
  UH0   =   -2703.961180584887
  UH1   =       0.004897956168
  Una   =    -149.421039909716
  Unl   =     -47.913297334899
  Uxc0  =     -25.237150034769
  Uxc1  =     -25.237150034769
  Ucore =    2464.168922577945
  Uhub  =       0.000000000000
  Ucs   =       0.000000000000
  Uzs   =       0.000000000000
  Uzo   =       0.000000000000
  Uef   =       0.000000000000
  UvdW  =       0.000000000000
  Uch   =       0.000000000000
  Utot  =    -284.157322343652

  UpV   =       0.000000000000
  Enpy  =    -284.157322343652
  Note:

  Uele:   band energy
  Ukin:   kinetic energy
  UH0:    electric part of screened Coulomb energy
  UH1:    difference electron-electron Coulomb energy
  Una:    neutral atom potential energy
  Unl:    non-local potential energy
  Uxc0:   exchange-correlation energy for alpha spin
  Uxc1:   exchange-correlation energy for beta spin
  Ucore:  core-core Coulomb energy
  Uhub:   LDA+U energy
  Ucs:    constraint energy for spin orientation
  Uzs:    Zeeman term for spin magnetic moment
  Uzo:    Zeeman term for orbital magnetic moment
  Uef:    electric energy by electric field
  UvdW:   semi-empirical vdW energy 
  Uch:    penalty term to create a core hole
  UpV:    pressure times volume
  Enpy:   Enthalpy = Utot + UpV
  (see also PRB 72, 045121(2005) for the energy contributions)


*******************************************************
           Computational times (s) at MD =37            
*******************************************************

  DFT in total      =   27.81085

  Set_OLP_Kin       =    0.89526
  Set_Nonlocal      =    1.10009
  Set_ProExpn_VNA   =    2.90901
  Set_Hamiltonian   =    1.51105
  Poisson           =    0.00090
  diagonalization   =   16.85990
  Mixing_DM         =    0.00456
  Force             =    1.78593
  Total_Energy      =    0.37213
  Set_Aden_Grid     =    0.17087
  Set_Orbitals_Grid =    0.09853
  Set_Density_Grid  =    0.51244
  RestartFileDFT    =    0.03177
  Mulliken_Charge   =    0.00096
  FFT(2D)_Density   =    0.00173

The SCF was achieved at MD=  37

*******************************************************
             MD or geometry opt. at MD =37              
*******************************************************

<BFGS>  |Maximum force| (Hartree/Bohr) = 0.000213089936
<BFGS>  Criterion       (Hartree/Bohr) = 0.000100000000

     atom=   1, XYZ(ang) Fxyz(a.u.)=  -0.0005    0.0000   -0.0002    -0.0000    0.0000   -0.0000
     atom=   2, XYZ(ang) Fxyz(a.u.)=   2.9882    2.9849    1.6134     0.0002    0.0000    0.0000
     atom=   3, XYZ(ang) Fxyz(a.u.)=   0.0053    2.9849    0.8272     0.0001   -0.0000    0.0000
     atom=   4, XYZ(ang) Fxyz(a.u.)=   2.9923    0.0000    2.3974    -0.0001   -0.0000    0.0001

*******************************************************
        Analysis of neighbors and setting of grids        
*******************************************************


*******************************************************
  Allocation of atoms to processors at MD_iter=   38     
*******************************************************

 proc =   0  # of atoms=   1  estimated weight=         1.00000
 proc =   1  # of atoms=   1  estimated weight=         1.00000
 proc =   2  # of atoms=   1  estimated weight=         1.00000
 proc =   3  # of atoms=   1  estimated weight=         1.00000
 proc =   4  # of atoms=   0  estimated weight=         0.00000
 proc =   5  # of atoms=   0  estimated weight=         0.00000
 proc =   6  # of atoms=   0  estimated weight=         0.00000
 proc =   7  # of atoms=   0  estimated weight=         0.00000
 proc =   8  # of atoms=   0  estimated weight=         0.00000
 proc =   9  # of atoms=   0  estimated weight=         0.00000
 proc =  10  # of atoms=   0  estimated weight=         0.00000
 proc =  11  # of atoms=   0  estimated weight=         0.00000
 proc =  12  # of atoms=   0  estimated weight=         0.00000
 proc =  13  # of atoms=   0  estimated weight=         0.00000
 proc =  14  # of atoms=   0  estimated weight=         0.00000
 proc =  15  # of atoms=   0  estimated weight=         0.00000



TFNAN=     256   Average FNAN=  64.00000
TSNAN=       0   Average SNAN=   0.00000
<truncation> CpyCell= 3 ct_AN=   1 FNAN SNAN  64   0
<truncation> CpyCell= 3 ct_AN=   2 FNAN SNAN  64   0
<truncation> CpyCell= 3 ct_AN=   3 FNAN SNAN  64   0
<truncation> CpyCell= 3 ct_AN=   4 FNAN SNAN  64   0
<UCell_Box> Info. of cutoff energy and num. of grids
lattice vectors (bohr)
A  = 11.281295655248,  0.000000000000,  0.028203239138
B  =  0.000000000000, 11.281295655248,  0.000000000000
C  =  0.015204829790,  0.000000000000,  6.081931916162
reciprocal lattice vectors (bohr^-1)
RA =  0.556959481370,  0.000000000000, -0.001392398703
RB =  0.000000000000,  0.556956000374,  0.000000000000
RC = -0.002582742073,  0.000000000000,  1.033096829091
Required cutoff energy (Ryd) for 3D-grids = 200.0000
    Used cutoff energy (Ryd) for 3D-grids = 193.8786, 193.8750, 194.5146
Num. of grids of a-, b-, and c-axes = 50, 50, 27
Cell_Volume =    774.028233187484 (Bohr^3)
GridVol     =      0.011467084936 (Bohr^3)
Cell vectors (bohr) of the grid cell (gtv)
  gtv_a =  0.225625913105,  0.000000000000,  0.000564064783
  gtv_b =  0.000000000000,  0.225625913105,  0.000000000000
  gtv_c =  0.000563141844,  0.000000000000,  0.225256737636
  |gtv_a| =  0.225626618185
  |gtv_b| =  0.225625913105
  |gtv_c| =  0.225257441562
Num. of grids overlapping with atom    1 = 125066
Num. of grids overlapping with atom    2 = 125311
Num. of grids overlapping with atom    3 = 125075
Num. of grids overlapping with atom    4 = 125121

*******************************************************
             SCF calculation at MD =38                
*******************************************************

<MD=38>  Calculation of the overlap matrix
<MD=38>  Calculation of the nonlocal matrix
<MD=38>  Calculation of the VNA projector matrix

******************* MD=38  SCF= 1 *******************
<Restart>  Found restart files
<Poisson>  Poisson's equation using FFT...
<Band>  Solving the eigenvalue problem...
 KGrids1:  -0.45833  -0.37500  -0.29167  -0.20833  -0.12500  -0.04167   0.04167   0.12500   0.20833   0.29167   0.37500   0.45833 
 KGrids2:  -0.45833  -0.37500  -0.29167  -0.20833  -0.12500  -0.04167   0.04167   0.12500   0.20833   0.29167   0.37500   0.45833 
 KGrids3:  -0.47500  -0.42500  -0.37500  -0.32500  -0.27500  -0.22500  -0.17500  -0.12500  -0.07500  -0.02500   0.02500   0.07500   0.12500   0.17500   0.22500   0.27500   0.32500   0.37500   0.42500   0.47500 
<Band_DFT>  Eigen, time=0.646557
<Band_DFT>  DM, time=1.513728
    1   Sn  MulP   6.9999  6.9999 sum  13.9997
    2   Sn  MulP   7.0004  7.0004 sum  14.0009
    3   Sn  MulP   6.9999  6.9999 sum  13.9997
    4   Sn  MulP   6.9998  6.9998 sum  13.9997
 Sum of MulP: up   =    28.00000 down          =    28.00000
              total=    56.00000 ideal(neutral)=    56.00000
<DFT>  Total Spin Moment (muB) =  0.000000000000
<DFT>  Mixing_weight= 0.400000000000
<DFT>  Uele   =  -42.211583098332  dUele     =   1.000000000000
<DFT>  NormRD =    1.000000000000  Criterion =   0.000000100000

******************* MD=38  SCF= 2 *******************
<Poisson>  Poisson's equation using FFT...
<Set_Hamiltonian>  Hamiltonian matrix for VNA+dVH+Vxc...
<Band>  Solving the eigenvalue problem...
 KGrids1:  -0.45833  -0.37500  -0.29167  -0.20833  -0.12500  -0.04167   0.04167   0.12500   0.20833   0.29167   0.37500   0.45833 
 KGrids2:  -0.45833  -0.37500  -0.29167  -0.20833  -0.12500  -0.04167   0.04167   0.12500   0.20833   0.29167   0.37500   0.45833 
 KGrids3:  -0.47500  -0.42500  -0.37500  -0.32500  -0.27500  -0.22500  -0.17500  -0.12500  -0.07500  -0.02500   0.02500   0.07500   0.12500   0.17500   0.22500   0.27500   0.32500   0.37500   0.42500   0.47500 
<Band_DFT>  Eigen, time=0.739823
<Band_DFT>  DM, time=1.371066
    1   Sn  MulP   6.9999  6.9999 sum  13.9997
    2   Sn  MulP   7.0004  7.0004 sum  14.0009
    3   Sn  MulP   6.9999  6.9999 sum  13.9997
    4   Sn  MulP   6.9998  6.9998 sum  13.9997
 Sum of MulP: up   =    28.00000 down          =    28.00000
              total=    56.00000 ideal(neutral)=    56.00000
<DFT>  Total Spin Moment (muB) =  0.000000000000
<DFT>  Mixing_weight= 0.400000000000
<DFT>  Uele   =  -42.211583383482  dUele     =   0.000000285150
<DFT>  NormRD =    0.000051630243  Criterion =   0.000000100000

******************* MD=38  SCF= 3 *******************
<Poisson>  Poisson's equation using FFT...
<Set_Hamiltonian>  Hamiltonian matrix for VNA+dVH+Vxc...
<Band>  Solving the eigenvalue problem...
 KGrids1:  -0.45833  -0.37500  -0.29167  -0.20833  -0.12500  -0.04167   0.04167   0.12500   0.20833   0.29167   0.37500   0.45833 
 KGrids2:  -0.45833  -0.37500  -0.29167  -0.20833  -0.12500  -0.04167   0.04167   0.12500   0.20833   0.29167   0.37500   0.45833 
 KGrids3:  -0.47500  -0.42500  -0.37500  -0.32500  -0.27500  -0.22500  -0.17500  -0.12500  -0.07500  -0.02500   0.02500   0.07500   0.12500   0.17500   0.22500   0.27500   0.32500   0.37500   0.42500   0.47500 
<Band_DFT>  Eigen, time=0.553112
<Band_DFT>  DM, time=1.918332
    1   Sn  MulP   6.9999  6.9999 sum  13.9997
    2   Sn  MulP   7.0004  7.0004 sum  14.0009
    3   Sn  MulP   6.9999  6.9999 sum  13.9997
    4   Sn  MulP   6.9998  6.9998 sum  13.9997
 Sum of MulP: up   =    28.00000 down          =    28.00000
              total=    56.00000 ideal(neutral)=    56.00000
<DFT>  Total Spin Moment (muB) =  0.000000000000
<DFT>  Mixing_weight= 0.040000000000
<DFT>  Uele   =  -42.211583549410  dUele     =   0.000000165928
<DFT>  NormRD =    0.000035274914  Criterion =   0.000000100000

******************* MD=38  SCF= 4 *******************
<Poisson>  Poisson's equation using FFT...
<Set_Hamiltonian>  Hamiltonian matrix for VNA+dVH+Vxc...
<Band>  Solving the eigenvalue problem...
 KGrids1:  -0.45833  -0.37500  -0.29167  -0.20833  -0.12500  -0.04167   0.04167   0.12500   0.20833   0.29167   0.37500   0.45833 
 KGrids2:  -0.45833  -0.37500  -0.29167  -0.20833  -0.12500  -0.04167   0.04167   0.12500   0.20833   0.29167   0.37500   0.45833 
 KGrids3:  -0.47500  -0.42500  -0.37500  -0.32500  -0.27500  -0.22500  -0.17500  -0.12500  -0.07500  -0.02500   0.02500   0.07500   0.12500   0.17500   0.22500   0.27500   0.32500   0.37500   0.42500   0.47500 
<Band_DFT>  Eigen, time=0.739243
<Band_DFT>  DM, time=2.042164
    1   Sn  MulP   6.9999  6.9999 sum  13.9997
    2   Sn  MulP   7.0004  7.0004 sum  14.0009
    3   Sn  MulP   6.9999  6.9999 sum  13.9997
    4   Sn  MulP   6.9998  6.9998 sum  13.9997
 Sum of MulP: up   =    28.00000 down          =    28.00000
              total=    56.00000 ideal(neutral)=    56.00000
<DFT>  Total Spin Moment (muB) =  0.000000000000
<DFT>  Mixing_weight= 0.040000000000
<DFT>  Uele   =  -42.211583709696  dUele     =   0.000000160285
<DFT>  NormRD =    0.000004654151  Criterion =   0.000000100000

******************* MD=38  SCF= 5 *******************
<Poisson>  Poisson's equation using FFT...
<Set_Hamiltonian>  Hamiltonian matrix for VNA+dVH+Vxc...
<Band>  Solving the eigenvalue problem...
 KGrids1:  -0.45833  -0.37500  -0.29167  -0.20833  -0.12500  -0.04167   0.04167   0.12500   0.20833   0.29167   0.37500   0.45833 
 KGrids2:  -0.45833  -0.37500  -0.29167  -0.20833  -0.12500  -0.04167   0.04167   0.12500   0.20833   0.29167   0.37500   0.45833 
 KGrids3:  -0.47500  -0.42500  -0.37500  -0.32500  -0.27500  -0.22500  -0.17500  -0.12500  -0.07500  -0.02500   0.02500   0.07500   0.12500   0.17500   0.22500   0.27500   0.32500   0.37500   0.42500   0.47500 
<Band_DFT>  Eigen, time=0.742531
<Band_DFT>  DM, time=2.040395
    1   Sn  MulP   6.9999  6.9999 sum  13.9997
    2   Sn  MulP   7.0004  7.0004 sum  14.0009
    3   Sn  MulP   6.9999  6.9999 sum  13.9997
    4   Sn  MulP   6.9998  6.9998 sum  13.9997
 Sum of MulP: up   =    28.00000 down          =    28.00000
              total=    56.00000 ideal(neutral)=    56.00000
<DFT>  Total Spin Moment (muB) =  0.000000000000
<DFT>  Mixing_weight= 0.040000000000
<DFT>  Uele   =  -42.211583740346  dUele     =   0.000000030650
<DFT>  NormRD =    0.000005012604  Criterion =   0.000000100000
<MD=38>  Force calculation
  Force calculation #1
  Force calculation #2
  Force calculation #3
  Force calculation #4
  Force calculation #5
  Stress calculation #1
  Stress calculation #2
  Stress calculation #3
  Stress calculation #4
  Stress calculation #5
<MD=38>  Total Energy
  Force calculation #6
  Force calculation #7

*******************************************************
                  Dipole moment (Debye)                 
*******************************************************

 Absolute D      520.27788233

                      Dx                Dy                Dz
 Total           -361.48704457     -362.13792657      -94.19295935
 Core             402.47573942      401.43917576      325.32239907
 Electron        -763.96278399     -763.57710232     -419.51535842
 Back ground       -0.00000000       -0.00000000       -0.00000000

*******************************************************
               Stress tensor (Hartree/bohr^3)            
*******************************************************

      -0.00000150        0.00000000        0.00000308 
       0.00000000       -0.00000077        0.00000000 
       0.00000308        0.00000000        0.00000042 

*******************************************************
                Total Energy (Hartree) at MD =38        
*******************************************************

  Uele  =     -42.211583740346

  Ukin  =     203.438672490229
  UH0   =   -2703.961239397636
  UH1   =       0.004897962126
  Una   =    -149.421038639676
  Unl   =     -47.913296239876
  Uxc0  =     -25.237149963901
  Uxc1  =     -25.237149963901
  Ucore =    2464.168981329002
  Uhub  =       0.000000000000
  Ucs   =       0.000000000000
  Uzs   =       0.000000000000
  Uzo   =       0.000000000000
  Uef   =       0.000000000000
  UvdW  =       0.000000000000
  Uch   =       0.000000000000
  Utot  =    -284.157322423634

  UpV   =       0.000000000000
  Enpy  =    -284.157322423634
  Note:

  Uele:   band energy
  Ukin:   kinetic energy
  UH0:    electric part of screened Coulomb energy
  UH1:    difference electron-electron Coulomb energy
  Una:    neutral atom potential energy
  Unl:    non-local potential energy
  Uxc0:   exchange-correlation energy for alpha spin
  Uxc1:   exchange-correlation energy for beta spin
  Ucore:  core-core Coulomb energy
  Uhub:   LDA+U energy
  Ucs:    constraint energy for spin orientation
  Uzs:    Zeeman term for spin magnetic moment
  Uzo:    Zeeman term for orbital magnetic moment
  Uef:    electric energy by electric field
  UvdW:   semi-empirical vdW energy 
  Uch:    penalty term to create a core hole
  UpV:    pressure times volume
  Enpy:   Enthalpy = Utot + UpV
  (see also PRB 72, 045121(2005) for the energy contributions)


*******************************************************
           Computational times (s) at MD =38            
*******************************************************

  DFT in total      =   24.60809

  Set_OLP_Kin       =    0.74841
  Set_Nonlocal      =    1.63859
  Set_ProExpn_VNA   =    3.29645
  Set_Hamiltonian   =    1.28563
  Poisson           =    0.00074
  diagonalization   =   12.60076
  Mixing_DM         =    0.00388
  Force             =    2.00547
  Total_Energy      =    0.40612
  Set_Aden_Grid     =    0.00701
  Set_Orbitals_Grid =    0.09935
  Set_Density_Grid  =    0.49932
  RestartFileDFT    =    0.00301
  Mulliken_Charge   =    0.00091
  FFT(2D)_Density   =    0.00155

The SCF was achieved at MD=  38

*******************************************************
             MD or geometry opt. at MD =38              
*******************************************************

<BFGS>  |Maximum force| (Hartree/Bohr) = 0.000151969543
<BFGS>  Criterion       (Hartree/Bohr) = 0.000100000000

     atom=   1, XYZ(ang) Fxyz(a.u.)=  -0.0006    0.0000   -0.0002    -0.0000    0.0000   -0.0000
     atom=   2, XYZ(ang) Fxyz(a.u.)=   2.9878    2.9849    1.6134     0.0002    0.0000    0.0000
     atom=   3, XYZ(ang) Fxyz(a.u.)=   0.0051    2.9849    0.8271     0.0001    0.0000   -0.0000
     atom=   4, XYZ(ang) Fxyz(a.u.)=   2.9923    0.0000    2.3972    -0.0001   -0.0000    0.0001

*******************************************************
        Analysis of neighbors and setting of grids        
*******************************************************


*******************************************************
  Allocation of atoms to processors at MD_iter=   39     
*******************************************************

 proc =   0  # of atoms=   1  estimated weight=         1.00000
 proc =   1  # of atoms=   1  estimated weight=         1.00000
 proc =   2  # of atoms=   1  estimated weight=         1.00000
 proc =   3  # of atoms=   1  estimated weight=         1.00000
 proc =   4  # of atoms=   0  estimated weight=         0.00000
 proc =   5  # of atoms=   0  estimated weight=         0.00000
 proc =   6  # of atoms=   0  estimated weight=         0.00000
 proc =   7  # of atoms=   0  estimated weight=         0.00000
 proc =   8  # of atoms=   0  estimated weight=         0.00000
 proc =   9  # of atoms=   0  estimated weight=         0.00000
 proc =  10  # of atoms=   0  estimated weight=         0.00000
 proc =  11  # of atoms=   0  estimated weight=         0.00000
 proc =  12  # of atoms=   0  estimated weight=         0.00000
 proc =  13  # of atoms=   0  estimated weight=         0.00000
 proc =  14  # of atoms=   0  estimated weight=         0.00000
 proc =  15  # of atoms=   0  estimated weight=         0.00000



TFNAN=     256   Average FNAN=  64.00000
TSNAN=       0   Average SNAN=   0.00000
<truncation> CpyCell= 3 ct_AN=   1 FNAN SNAN  64   0
<truncation> CpyCell= 3 ct_AN=   2 FNAN SNAN  64   0
<truncation> CpyCell= 3 ct_AN=   3 FNAN SNAN  64   0
<truncation> CpyCell= 3 ct_AN=   4 FNAN SNAN  64   0
<UCell_Box> Info. of cutoff energy and num. of grids
lattice vectors (bohr)
A  = 11.281295655248,  0.000000000000,  0.028203239138
B  =  0.000000000000, 11.281295655248,  0.000000000000
C  =  0.015204829790,  0.000000000000,  6.081931916162
reciprocal lattice vectors (bohr^-1)
RA =  0.556959481370,  0.000000000000, -0.001392398703
RB =  0.000000000000,  0.556956000374,  0.000000000000
RC = -0.002582742073,  0.000000000000,  1.033096829091
Required cutoff energy (Ryd) for 3D-grids = 200.0000
    Used cutoff energy (Ryd) for 3D-grids = 193.8786, 193.8750, 194.5146
Num. of grids of a-, b-, and c-axes = 50, 50, 27
Cell_Volume =    774.028233187484 (Bohr^3)
GridVol     =      0.011467084936 (Bohr^3)
Cell vectors (bohr) of the grid cell (gtv)
  gtv_a =  0.225625913105,  0.000000000000,  0.000564064783
  gtv_b =  0.000000000000,  0.225625913105,  0.000000000000
  gtv_c =  0.000563141844,  0.000000000000,  0.225256737636
  |gtv_a| =  0.225626618185
  |gtv_b| =  0.225625913105
  |gtv_c| =  0.225257441562
Num. of grids overlapping with atom    1 = 125072
Num. of grids overlapping with atom    2 = 125313
Num. of grids overlapping with atom    3 = 125076
Num. of grids overlapping with atom    4 = 125111

*******************************************************
             SCF calculation at MD =39                
*******************************************************

<MD=39>  Calculation of the overlap matrix
<MD=39>  Calculation of the nonlocal matrix
<MD=39>  Calculation of the VNA projector matrix

******************* MD=39  SCF= 1 *******************
<Restart>  Found restart files
<Poisson>  Poisson's equation using FFT...
<Band>  Solving the eigenvalue problem...
 KGrids1:  -0.45833  -0.37500  -0.29167  -0.20833  -0.12500  -0.04167   0.04167   0.12500   0.20833   0.29167   0.37500   0.45833 
 KGrids2:  -0.45833  -0.37500  -0.29167  -0.20833  -0.12500  -0.04167   0.04167   0.12500   0.20833   0.29167   0.37500   0.45833 
 KGrids3:  -0.47500  -0.42500  -0.37500  -0.32500  -0.27500  -0.22500  -0.17500  -0.12500  -0.07500  -0.02500   0.02500   0.07500   0.12500   0.17500   0.22500   0.27500   0.32500   0.37500   0.42500   0.47500 
<Band_DFT>  Eigen, time=0.739553
<Band_DFT>  DM, time=2.040696
    1   Sn  MulP   6.9999  6.9999 sum  13.9997
    2   Sn  MulP   7.0004  7.0004 sum  14.0009
    3   Sn  MulP   6.9999  6.9999 sum  13.9997
    4   Sn  MulP   6.9998  6.9998 sum  13.9997
 Sum of MulP: up   =    28.00000 down          =    28.00000
              total=    56.00000 ideal(neutral)=    56.00000
<DFT>  Total Spin Moment (muB) =  0.000000000000
<DFT>  Mixing_weight= 0.400000000000
<DFT>  Uele   =  -42.211573966628  dUele     =   1.000000000000
<DFT>  NormRD =    1.000000000000  Criterion =   0.000000100000

******************* MD=39  SCF= 2 *******************
<Poisson>  Poisson's equation using FFT...
<Set_Hamiltonian>  Hamiltonian matrix for VNA+dVH+Vxc...
<Band>  Solving the eigenvalue problem...
 KGrids1:  -0.45833  -0.37500  -0.29167  -0.20833  -0.12500  -0.04167   0.04167   0.12500   0.20833   0.29167   0.37500   0.45833 
 KGrids2:  -0.45833  -0.37500  -0.29167  -0.20833  -0.12500  -0.04167   0.04167   0.12500   0.20833   0.29167   0.37500   0.45833 
 KGrids3:  -0.47500  -0.42500  -0.37500  -0.32500  -0.27500  -0.22500  -0.17500  -0.12500  -0.07500  -0.02500   0.02500   0.07500   0.12500   0.17500   0.22500   0.27500   0.32500   0.37500   0.42500   0.47500 
<Band_DFT>  Eigen, time=0.785606
<Band_DFT>  DM, time=1.980115
    1   Sn  MulP   6.9999  6.9999 sum  13.9997
    2   Sn  MulP   7.0004  7.0004 sum  14.0009
    3   Sn  MulP   6.9999  6.9999 sum  13.9997
    4   Sn  MulP   6.9998  6.9998 sum  13.9997
 Sum of MulP: up   =    28.00000 down          =    28.00000
              total=    56.00000 ideal(neutral)=    56.00000
<DFT>  Total Spin Moment (muB) =  0.000000000000
<DFT>  Mixing_weight= 0.400000000000
<DFT>  Uele   =  -42.211576947231  dUele     =   0.000002980603
<DFT>  NormRD =    0.000074933526  Criterion =   0.000000100000

******************* MD=39  SCF= 3 *******************
<Poisson>  Poisson's equation using FFT...
<Set_Hamiltonian>  Hamiltonian matrix for VNA+dVH+Vxc...
<Band>  Solving the eigenvalue problem...
 KGrids1:  -0.45833  -0.37500  -0.29167  -0.20833  -0.12500  -0.04167   0.04167   0.12500   0.20833   0.29167   0.37500   0.45833 
 KGrids2:  -0.45833  -0.37500  -0.29167  -0.20833  -0.12500  -0.04167   0.04167   0.12500   0.20833   0.29167   0.37500   0.45833 
 KGrids3:  -0.47500  -0.42500  -0.37500  -0.32500  -0.27500  -0.22500  -0.17500  -0.12500  -0.07500  -0.02500   0.02500   0.07500   0.12500   0.17500   0.22500   0.27500   0.32500   0.37500   0.42500   0.47500 
<Band_DFT>  Eigen, time=0.730310
<Band_DFT>  DM, time=2.034225
    1   Sn  MulP   6.9999  6.9999 sum  13.9997
    2   Sn  MulP   7.0004  7.0004 sum  14.0009
    3   Sn  MulP   6.9999  6.9999 sum  13.9997
    4   Sn  MulP   6.9998  6.9998 sum  13.9997
 Sum of MulP: up   =    28.00000 down          =    28.00000
              total=    56.00000 ideal(neutral)=    56.00000
<DFT>  Total Spin Moment (muB) =  0.000000000000
<DFT>  Mixing_weight= 0.040000000000
<DFT>  Uele   =  -42.211578936482  dUele     =   0.000001989251
<DFT>  NormRD =    0.000051210611  Criterion =   0.000000100000

******************* MD=39  SCF= 4 *******************
<Poisson>  Poisson's equation using FFT...
<Set_Hamiltonian>  Hamiltonian matrix for VNA+dVH+Vxc...
<Band>  Solving the eigenvalue problem...
 KGrids1:  -0.45833  -0.37500  -0.29167  -0.20833  -0.12500  -0.04167   0.04167   0.12500   0.20833   0.29167   0.37500   0.45833 
 KGrids2:  -0.45833  -0.37500  -0.29167  -0.20833  -0.12500  -0.04167   0.04167   0.12500   0.20833   0.29167   0.37500   0.45833 
 KGrids3:  -0.47500  -0.42500  -0.37500  -0.32500  -0.27500  -0.22500  -0.17500  -0.12500  -0.07500  -0.02500   0.02500   0.07500   0.12500   0.17500   0.22500   0.27500   0.32500   0.37500   0.42500   0.47500 
<Band_DFT>  Eigen, time=0.744650
<Band_DFT>  DM, time=2.037489
    1   Sn  MulP   6.9999  6.9999 sum  13.9997
    2   Sn  MulP   7.0004  7.0004 sum  14.0009
    3   Sn  MulP   6.9999  6.9999 sum  13.9997
    4   Sn  MulP   6.9998  6.9998 sum  13.9997
 Sum of MulP: up   =    28.00000 down          =    28.00000
              total=    56.00000 ideal(neutral)=    56.00000
<DFT>  Total Spin Moment (muB) =  0.000000000000
<DFT>  Mixing_weight= 0.040000000000
<DFT>  Uele   =  -42.211584046938  dUele     =   0.000005110456
<DFT>  NormRD =    0.000005568808  Criterion =   0.000000100000

******************* MD=39  SCF= 5 *******************
<Poisson>  Poisson's equation using FFT...
<Set_Hamiltonian>  Hamiltonian matrix for VNA+dVH+Vxc...
<Band>  Solving the eigenvalue problem...
 KGrids1:  -0.45833  -0.37500  -0.29167  -0.20833  -0.12500  -0.04167   0.04167   0.12500   0.20833   0.29167   0.37500   0.45833 
 KGrids2:  -0.45833  -0.37500  -0.29167  -0.20833  -0.12500  -0.04167   0.04167   0.12500   0.20833   0.29167   0.37500   0.45833 
 KGrids3:  -0.47500  -0.42500  -0.37500  -0.32500  -0.27500  -0.22500  -0.17500  -0.12500  -0.07500  -0.02500   0.02500   0.07500   0.12500   0.17500   0.22500   0.27500   0.32500   0.37500   0.42500   0.47500 
<Band_DFT>  Eigen, time=0.792261
<Band_DFT>  DM, time=1.990212
    1   Sn  MulP   6.9999  6.9999 sum  13.9997
    2   Sn  MulP   7.0004  7.0004 sum  14.0009
    3   Sn  MulP   6.9999  6.9999 sum  13.9997
    4   Sn  MulP   6.9998  6.9998 sum  13.9997
 Sum of MulP: up   =    28.00000 down          =    28.00000
              total=    56.00000 ideal(neutral)=    56.00000
<DFT>  Total Spin Moment (muB) =  0.000000000000
<DFT>  Mixing_weight= 0.040000000000
<DFT>  Uele   =  -42.211583203720  dUele     =   0.000000843218
<DFT>  NormRD =    0.000004647845  Criterion =   0.000000100000

******************* MD=39  SCF= 6 *******************
<Poisson>  Poisson's equation using FFT...
<Set_Hamiltonian>  Hamiltonian matrix for VNA+dVH+Vxc...
<Band>  Solving the eigenvalue problem...
 KGrids1:  -0.45833  -0.37500  -0.29167  -0.20833  -0.12500  -0.04167   0.04167   0.12500   0.20833   0.29167   0.37500   0.45833 
 KGrids2:  -0.45833  -0.37500  -0.29167  -0.20833  -0.12500  -0.04167   0.04167   0.12500   0.20833   0.29167   0.37500   0.45833 
 KGrids3:  -0.47500  -0.42500  -0.37500  -0.32500  -0.27500  -0.22500  -0.17500  -0.12500  -0.07500  -0.02500   0.02500   0.07500   0.12500   0.17500   0.22500   0.27500   0.32500   0.37500   0.42500   0.47500 
<Band_DFT>  Eigen, time=0.736791
<Band_DFT>  DM, time=2.038097
    1   Sn  MulP   6.9999  6.9999 sum  13.9997
    2   Sn  MulP   7.0004  7.0004 sum  14.0009
    3   Sn  MulP   6.9999  6.9999 sum  13.9997
    4   Sn  MulP   6.9998  6.9998 sum  13.9997
 Sum of MulP: up   =    28.00000 down          =    28.00000
              total=    56.00000 ideal(neutral)=    56.00000
<DFT>  Total Spin Moment (muB) =  0.000000000000
<DFT>  Mixing_weight= 0.040000000000
<DFT>  Uele   =  -42.211583219174  dUele     =   0.000000015454
<DFT>  NormRD =    0.000001993513  Criterion =   0.000000100000
<MD=39>  Force calculation
  Force calculation #1
  Force calculation #2
  Force calculation #3
  Force calculation #4
  Force calculation #5
  Stress calculation #1
  Stress calculation #2
  Stress calculation #3
  Stress calculation #4
  Stress calculation #5
<MD=39>  Total Energy
  Force calculation #6
  Force calculation #7

*******************************************************
                  Dipole moment (Debye)                 
*******************************************************

 Absolute D      520.34731137

                      Dx                Dy                Dz
 Total           -361.58455505     -362.13760856      -94.20343124
 Core             402.43576721      401.43930885      325.30339730
 Electron        -764.02032226     -763.57691741     -419.50682854
 Back ground       -0.00000000       -0.00000000       -0.00000000

*******************************************************
               Stress tensor (Hartree/bohr^3)            
*******************************************************

      -0.00000154        0.00000000        0.00000300 
       0.00000000       -0.00000085        0.00000000 
       0.00000300        0.00000000        0.00000044 

*******************************************************
                Total Energy (Hartree) at MD =39        
*******************************************************

  Uele  =     -42.211583219174

  Ukin  =     203.438673219690
  UH0   =   -2703.961224665965
  UH1   =       0.004897960861
  Una   =    -149.421038812522
  Unl   =     -47.913296651055
  Uxc0  =     -25.237150078987
  Uxc1  =     -25.237150078987
  Ucore =    2464.168966535668
  Uhub  =       0.000000000000
  Ucs   =       0.000000000000
  Uzs   =       0.000000000000
  Uzo   =       0.000000000000
  Uef   =       0.000000000000
  UvdW  =       0.000000000000
  Uch   =       0.000000000000
  Utot  =    -284.157322571299

  UpV   =       0.000000000000
  Enpy  =    -284.157322571299
  Note:

  Uele:   band energy
  Ukin:   kinetic energy
  UH0:    electric part of screened Coulomb energy
  UH1:    difference electron-electron Coulomb energy
  Una:    neutral atom potential energy
  Unl:    non-local potential energy
  Uxc0:   exchange-correlation energy for alpha spin
  Uxc1:   exchange-correlation energy for beta spin
  Ucore:  core-core Coulomb energy
  Uhub:   LDA+U energy
  Ucs:    constraint energy for spin orientation
  Uzs:    Zeeman term for spin magnetic moment
  Uzo:    Zeeman term for orbital magnetic moment
  Uef:    electric energy by electric field
  UvdW:   semi-empirical vdW energy 
  Uch:    penalty term to create a core hole
  UpV:    pressure times volume
  Enpy:   Enthalpy = Utot + UpV
  (see also PRB 72, 045121(2005) for the energy contributions)


*******************************************************
           Computational times (s) at MD =39            
*******************************************************

  DFT in total      =   27.77190

  Set_OLP_Kin       =    0.69922
  Set_Nonlocal      =    1.48165
  Set_ProExpn_VNA   =    2.93547
  Set_Hamiltonian   =    1.39609
  Poisson           =    0.00096
  diagonalization   =   16.98069
  Mixing_DM         =    0.00467
  Force             =    1.75215
  Total_Energy      =    0.30136
  Set_Aden_Grid     =    0.00728
  Set_Orbitals_Grid =    0.09989
  Set_Density_Grid  =    0.52727
  RestartFileDFT    =    0.00286
  Mulliken_Charge   =    0.00100
  FFT(2D)_Density   =    0.00175

The SCF was achieved at MD=  39

*******************************************************
             MD or geometry opt. at MD =39              
*******************************************************


The geometry optimization was achieved.
<BFGS>  |Maximum force| (Hartree/Bohr) = 0.000086501360
<BFGS>  Criterion       (Hartree/Bohr) = 0.000100000000

     atom=   1, XYZ(ang) Fxyz(a.u.)=  -0.0006    0.0000   -0.0002    -0.0001    0.0000   -0.0000
     atom=   2, XYZ(ang) Fxyz(a.u.)=   2.9878    2.9849    1.6134     0.0000    0.0000    0.0000
     atom=   3, XYZ(ang) Fxyz(a.u.)=   0.0051    2.9849    0.8271     0.0001    0.0000   -0.0001
     atom=   4, XYZ(ang) Fxyz(a.u.)=   2.9923    0.0000    2.3972    -0.0001   -0.0000    0.0000

outputting data on grids to files...


***********************************************************
***********************************************************
               Computational Time (second)                 
***********************************************************
***********************************************************

                               Min_ID   Min_Time       Max_ID   Max_Time
   Total Computational Time =     7     1140.224          0     1140.232
   readfile                 =     0        2.530         11        2.531
   truncation               =     6        5.799          3        6.618
   MD_pac                   =     0        0.008         15        0.011
   OutData                  =     6        0.000          0        0.007
   DFT                      =     3     1131.045          6     1131.864

*** In DFT ***

   Set_OLP_Kin              =     9        1.169          2       31.319
   Set_Nonlocal             =     2       48.754          9       78.904
   Set_ProExpn_VNA          =     7       38.611          0      109.164
   Set_Hamiltonian          =     3       63.126         15       63.127
   Poisson                  =     0        0.045          5        0.045
   Diagonalization          =     0      685.148          2      685.153
   Mixing_DM                =     3        0.199         14        0.199
   Force                    =     1       77.765          8       77.765
   Total_Energy             =     3       14.819          0       14.825
   Set_Aden_Grid            =     0        1.876          7       72.395
   Set_Orbitals_Grid        =     7        0.000          2        4.506
   Set_Density_Grid         =     5       23.648          1       23.679
   RestartFileDFT           =     6        0.107          4        4.347
   Mulliken_Charge          =    10        0.042          0        0.042
   FFT(2D)_Density          =     8        0.076         14        0.076
   Others                   =     2       69.955          6       75.801

The calculation was normally finished.
