
The number of threads in each node for OpenMP parallelization is 1.


*******************************************************
*******************************************************
 Welcome to OpenMX   Ver. 3.9.9                           
 Copyright (C), 2002-2019, T. Ozaki                    
 OpenMX comes with ABSOLUTELY NO WARRANTY.             
 This is free software, and you are welcome to         
 redistribute it under the constitution of the GNU-GPL.
*******************************************************
*******************************************************



<Input_std>  Your input file was normally read.
<Input_std>  The system includes 1 species and 4 atoms.

*******************************************************
                     PAO and VPS                       
*******************************************************

<SetPara_DFT>  PAOs of species Sn were normally found.
<SetPara_DFT>  VPSs of species Sn were normally found.
               Sn_PBE19.vps is j-dependent.
               In case of scf.SpinOrbit.Coupling=off,
               j-dependent pseudo potentials are averaged by j-degeneracy,
               which corresponds to a scalar relativistic treatment.

*******************************************************
     Fourier transform of PAO and projectors of VNL    
*******************************************************

<FT_PAO>          Fourier transform of pseudo atomic orbitals
<FT_NLP>          Fourier transform of non-local projectors
<FT_ProExpn_VNA>  Fourier transform of VNA separable projectors
<FT_VNA>          Fourier transform of VNA potentials
<FT_ProductPAO>   Fourier transform of product of PAOs

*******************************************************
  Allocation of atoms to processors at MD_iter=    1     
*******************************************************

 proc =   0  # of atoms=   1  estimated weight=         1.00000
 proc =   1  # of atoms=   1  estimated weight=         1.00000
 proc =   2  # of atoms=   1  estimated weight=         1.00000
 proc =   3  # of atoms=   1  estimated weight=         1.00000
 proc =   4  # of atoms=   0  estimated weight=         0.00000
 proc =   5  # of atoms=   0  estimated weight=         0.00000
 proc =   6  # of atoms=   0  estimated weight=         0.00000
 proc =   7  # of atoms=   0  estimated weight=         0.00000
 proc =   8  # of atoms=   0  estimated weight=         0.00000
 proc =   9  # of atoms=   0  estimated weight=         0.00000
 proc =  10  # of atoms=   0  estimated weight=         0.00000
 proc =  11  # of atoms=   0  estimated weight=         0.00000
 proc =  12  # of atoms=   0  estimated weight=         0.00000
 proc =  13  # of atoms=   0  estimated weight=         0.00000
 proc =  14  # of atoms=   0  estimated weight=         0.00000
 proc =  15  # of atoms=   0  estimated weight=         0.00000




*******************************************************
        Analysis of neighbors and setting of grids        
*******************************************************

TFNAN=     216   Average FNAN=  54.00000
TSNAN=       0   Average SNAN=   0.00000
<truncation> CpyCell= 1 ct_AN=   1 FNAN SNAN  54   0
<truncation> CpyCell= 1 ct_AN=   2 FNAN SNAN  54   0
<truncation> CpyCell= 1 ct_AN=   3 FNAN SNAN  54   0
<truncation> CpyCell= 1 ct_AN=   4 FNAN SNAN  54   0
TFNAN=     256   Average FNAN=  64.00000
TSNAN=       0   Average SNAN=   0.00000
<truncation> CpyCell= 2 ct_AN=   1 FNAN SNAN  64   0
<truncation> CpyCell= 2 ct_AN=   2 FNAN SNAN  64   0
<truncation> CpyCell= 2 ct_AN=   3 FNAN SNAN  64   0
<truncation> CpyCell= 2 ct_AN=   4 FNAN SNAN  64   0
TFNAN=     256   Average FNAN=  64.00000
TSNAN=       0   Average SNAN=   0.00000
<truncation> CpyCell= 3 ct_AN=   1 FNAN SNAN  64   0
<truncation> CpyCell= 3 ct_AN=   2 FNAN SNAN  64   0
<truncation> CpyCell= 3 ct_AN=   3 FNAN SNAN  64   0
<truncation> CpyCell= 3 ct_AN=   4 FNAN SNAN  64   0
TFNAN=     256   Average FNAN=  64.00000
TSNAN=       0   Average SNAN=   0.00000
<truncation> CpyCell= 3 ct_AN=   1 FNAN SNAN  64   0
<truncation> CpyCell= 3 ct_AN=   2 FNAN SNAN  64   0
<truncation> CpyCell= 3 ct_AN=   3 FNAN SNAN  64   0
<truncation> CpyCell= 3 ct_AN=   4 FNAN SNAN  64   0
<Check_System> The system is bulk.
lattice vectors (bohr)
A  = 11.281295655248, -0.028203239138,  0.000000000000
B  = -0.028203239138, 11.281295655248,  0.000000000000
C  =  0.000000000000,  0.000000000000,  6.081931916162
reciprocal lattice vectors (bohr^-1)
RA =  0.556959481370,  0.001392398703, -0.000000000000
RB =  0.001392398703,  0.556959481370, -0.000000000000
RC = -0.000000000000, -0.000000000000,  1.033090372236
Grid_Origin  0.000000000000  0.000000000000  0.000000000000
Cell_Volume =    774.028233187484 (Bohr^3)
GridVol     =      0.011467084936 (Bohr^3)
Grid_Origin  0.000000000000  0.000000000000  0.000000000000
Cell_Volume =    774.028233187484 (Bohr^3)
GridVol     =      0.011467084936 (Bohr^3)
<UCell_Box> Info. of cutoff energy and num. of grids
lattice vectors (bohr)
A  = 11.281295655248, -0.028203239138,  0.000000000000
B  = -0.028203239138, 11.281295655248,  0.000000000000
C  =  0.000000000000,  0.000000000000,  6.081931916162
reciprocal lattice vectors (bohr^-1)
RA =  0.556959481370,  0.001392398703, -0.000000000000
RB =  0.001392398703,  0.556959481370, -0.000000000000
RC = -0.000000000000, -0.000000000000,  1.033090372236
Required cutoff energy (Ryd) for 3D-grids = 200.0000
    Used cutoff energy (Ryd) for 3D-grids = 193.8786, 193.8786, 194.5110
Num. of grids of a-, b-, and c-axes = 50, 50, 27
Grid_Origin  0.000000000000  0.000000000000  0.000000000000
Cell_Volume =    774.028233187484 (Bohr^3)
GridVol     =      0.011467084936 (Bohr^3)
Cell vectors (bohr) of the grid cell (gtv)
  gtv_a =  0.225625913105, -0.000564064783,  0.000000000000
  gtv_b = -0.000564064783,  0.225625913105,  0.000000000000
  gtv_c =  0.000000000000,  0.000000000000,  0.225256737636
  |gtv_a| =  0.225626618185
  |gtv_b| =  0.225626618185
  |gtv_c| =  0.225256737636
Num. of grids overlapping with atom    1 = 125175
Num. of grids overlapping with atom    2 = 125274
Num. of grids overlapping with atom    3 = 125274
Num. of grids overlapping with atom    4 = 125274

*******************************************************
             SCF calculation at MD = 1                
*******************************************************

<MD= 1>  Calculation of the overlap matrix
<MD= 1>  Calculation of the nonlocal matrix
<MD= 1>  Calculation of the VNA projector matrix

******************* MD= 1  SCF= 1 *******************
<Band>  Solving the eigenvalue problem...
 KGrids1:  -0.45833  -0.37500  -0.29167  -0.20833  -0.12500  -0.04167   0.04167   0.12500   0.20833   0.29167   0.37500   0.45833 
 KGrids2:  -0.45833  -0.37500  -0.29167  -0.20833  -0.12500  -0.04167   0.04167   0.12500   0.20833   0.29167   0.37500   0.45833 
 KGrids3:  -0.47500  -0.42500  -0.37500  -0.32500  -0.27500  -0.22500  -0.17500  -0.12500  -0.07500  -0.02500   0.02500   0.07500   0.12500   0.17500   0.22500   0.27500   0.32500   0.37500   0.42500   0.47500 
<Band_DFT>  Eigen, time=0.639008
<Band_DFT>  DM, time=1.449646
    1   Sn  MulP   7.0000  7.0000 sum  14.0000
    2   Sn  MulP   7.0000  7.0000 sum  14.0000
    3   Sn  MulP   7.0000  7.0000 sum  14.0000
    4   Sn  MulP   7.0000  7.0000 sum  14.0000
 Sum of MulP: up   =    28.00000 down          =    28.00000
              total=    56.00000 ideal(neutral)=    56.00000
<DFT>  Total Spin Moment (muB) =  0.000000000000
<DFT>  Mixing_weight= 0.100000000000
<DFT>  Uele   =  -41.307651947654  dUele     =   1.000000000000
<DFT>  NormRD =    1.000000000000  Criterion =   0.000000100000

******************* MD= 1  SCF= 2 *******************
<Poisson>  Poisson's equation using FFT...
<Set_Hamiltonian>  Hamiltonian matrix for VNA+dVH+Vxc...
<Band>  Solving the eigenvalue problem...
 KGrids1:  -0.45833  -0.37500  -0.29167  -0.20833  -0.12500  -0.04167   0.04167   0.12500   0.20833   0.29167   0.37500   0.45833 
 KGrids2:  -0.45833  -0.37500  -0.29167  -0.20833  -0.12500  -0.04167   0.04167   0.12500   0.20833   0.29167   0.37500   0.45833 
 KGrids3:  -0.47500  -0.42500  -0.37500  -0.32500  -0.27500  -0.22500  -0.17500  -0.12500  -0.07500  -0.02500   0.02500   0.07500   0.12500   0.17500   0.22500   0.27500   0.32500   0.37500   0.42500   0.47500 
<Band_DFT>  Eigen, time=0.784715
<Band_DFT>  DM, time=1.668200
    1   Sn  MulP   7.0000  7.0000 sum  14.0000
    2   Sn  MulP   7.0000  7.0000 sum  14.0000
    3   Sn  MulP   7.0000  7.0000 sum  14.0000
    4   Sn  MulP   7.0000  7.0000 sum  14.0000
 Sum of MulP: up   =    28.00000 down          =    28.00000
              total=    56.00000 ideal(neutral)=    56.00000
<DFT>  Total Spin Moment (muB) =  0.000000000000
<DFT>  Mixing_weight= 0.124973251038
<DFT>  Uele   =  -41.307651947653  dUele     =   0.000000000000
<DFT>  NormRD =    0.447022113546  Criterion =   0.000000100000

******************* MD= 1  SCF= 3 *******************
<Poisson>  Poisson's equation using FFT...
<Set_Hamiltonian>  Hamiltonian matrix for VNA+dVH+Vxc...
<Band>  Solving the eigenvalue problem...
 KGrids1:  -0.45833  -0.37500  -0.29167  -0.20833  -0.12500  -0.04167   0.04167   0.12500   0.20833   0.29167   0.37500   0.45833 
 KGrids2:  -0.45833  -0.37500  -0.29167  -0.20833  -0.12500  -0.04167   0.04167   0.12500   0.20833   0.29167   0.37500   0.45833 
 KGrids3:  -0.47500  -0.42500  -0.37500  -0.32500  -0.27500  -0.22500  -0.17500  -0.12500  -0.07500  -0.02500   0.02500   0.07500   0.12500   0.17500   0.22500   0.27500   0.32500   0.37500   0.42500   0.47500 
<Band_DFT>  Eigen, time=0.739089
<Band_DFT>  DM, time=1.913023
    1   Sn  MulP   7.0000  7.0000 sum  14.0000
    2   Sn  MulP   7.0000  7.0000 sum  14.0000
    3   Sn  MulP   7.0000  7.0000 sum  14.0000
    4   Sn  MulP   7.0000  7.0000 sum  14.0000
 Sum of MulP: up   =    28.00000 down          =    28.00000
              total=    56.00000 ideal(neutral)=    56.00000
<DFT>  Total Spin Moment (muB) =  0.000000000000
<DFT>  Mixing_weight= 0.400000000000
<DFT>  Uele   =  -41.401175301929  dUele     =   0.093523354275
<DFT>  NormRD =    0.401754361713  Criterion =   0.000000100000

******************* MD= 1  SCF= 4 *******************
<Poisson>  Poisson's equation using FFT...
<Set_Hamiltonian>  Hamiltonian matrix for VNA+dVH+Vxc...
<Band>  Solving the eigenvalue problem...
 KGrids1:  -0.45833  -0.37500  -0.29167  -0.20833  -0.12500  -0.04167   0.04167   0.12500   0.20833   0.29167   0.37500   0.45833 
 KGrids2:  -0.45833  -0.37500  -0.29167  -0.20833  -0.12500  -0.04167   0.04167   0.12500   0.20833   0.29167   0.37500   0.45833 
 KGrids3:  -0.47500  -0.42500  -0.37500  -0.32500  -0.27500  -0.22500  -0.17500  -0.12500  -0.07500  -0.02500   0.02500   0.07500   0.12500   0.17500   0.22500   0.27500   0.32500   0.37500   0.42500   0.47500 
<Band_DFT>  Eigen, time=0.740842
<Band_DFT>  DM, time=1.914770
    1   Sn  MulP   7.0000  7.0000 sum  14.0001
    2   Sn  MulP   7.0000  7.0000 sum  14.0000
    3   Sn  MulP   7.0000  7.0000 sum  14.0000
    4   Sn  MulP   7.0000  7.0000 sum  14.0000
 Sum of MulP: up   =    28.00000 down          =    28.00000
              total=    56.00000 ideal(neutral)=    56.00000
<DFT>  Total Spin Moment (muB) =  0.000000000000
<DFT>  Mixing_weight= 0.400000000000
<DFT>  Uele   =  -41.668259198304  dUele     =   0.267083896376
<DFT>  NormRD =    0.274557118607  Criterion =   0.000000100000

******************* MD= 1  SCF= 5 *******************
<Poisson>  Poisson's equation using FFT...
<Set_Hamiltonian>  Hamiltonian matrix for VNA+dVH+Vxc...
<Band>  Solving the eigenvalue problem...
 KGrids1:  -0.45833  -0.37500  -0.29167  -0.20833  -0.12500  -0.04167   0.04167   0.12500   0.20833   0.29167   0.37500   0.45833 
 KGrids2:  -0.45833  -0.37500  -0.29167  -0.20833  -0.12500  -0.04167   0.04167   0.12500   0.20833   0.29167   0.37500   0.45833 
 KGrids3:  -0.47500  -0.42500  -0.37500  -0.32500  -0.27500  -0.22500  -0.17500  -0.12500  -0.07500  -0.02500   0.02500   0.07500   0.12500   0.17500   0.22500   0.27500   0.32500   0.37500   0.42500   0.47500 
<Band_DFT>  Eigen, time=0.747204
<Band_DFT>  DM, time=2.040955
    1   Sn  MulP   7.0000  7.0000 sum  14.0001
    2   Sn  MulP   7.0000  7.0000 sum  14.0000
    3   Sn  MulP   7.0000  7.0000 sum  14.0000
    4   Sn  MulP   7.0000  7.0000 sum  14.0000
 Sum of MulP: up   =    28.00000 down          =    28.00000
              total=    56.00000 ideal(neutral)=    56.00000
<DFT>  Total Spin Moment (muB) =  0.000000000000
<DFT>  Mixing_weight= 0.040000000000
<DFT>  Uele   =  -41.843826109634  dUele     =   0.175566911329
<DFT>  NormRD =    0.198646236552  Criterion =   0.000000100000

******************* MD= 1  SCF= 6 *******************
<Poisson>  Poisson's equation using FFT...
<Set_Hamiltonian>  Hamiltonian matrix for VNA+dVH+Vxc...
<Band>  Solving the eigenvalue problem...
 KGrids1:  -0.45833  -0.37500  -0.29167  -0.20833  -0.12500  -0.04167   0.04167   0.12500   0.20833   0.29167   0.37500   0.45833 
 KGrids2:  -0.45833  -0.37500  -0.29167  -0.20833  -0.12500  -0.04167   0.04167   0.12500   0.20833   0.29167   0.37500   0.45833 
 KGrids3:  -0.47500  -0.42500  -0.37500  -0.32500  -0.27500  -0.22500  -0.17500  -0.12500  -0.07500  -0.02500   0.02500   0.07500   0.12500   0.17500   0.22500   0.27500   0.32500   0.37500   0.42500   0.47500 
<Band_DFT>  Eigen, time=0.746467
<Band_DFT>  DM, time=2.044164
    1   Sn  MulP   7.0000  7.0000 sum  14.0001
    2   Sn  MulP   7.0000  7.0000 sum  14.0000
    3   Sn  MulP   7.0000  7.0000 sum  14.0000
    4   Sn  MulP   7.0000  7.0000 sum  14.0000
 Sum of MulP: up   =    28.00000 down          =    28.00000
              total=    56.00000 ideal(neutral)=    56.00000
<DFT>  Total Spin Moment (muB) =  0.000000000000
<DFT>  Mixing_weight= 0.040000000000
<DFT>  Uele   =  -42.207902256587  dUele     =   0.364076146954
<DFT>  NormRD =    0.007988153081  Criterion =   0.000000100000

******************* MD= 1  SCF= 7 *******************
<Poisson>  Poisson's equation using FFT...
<Set_Hamiltonian>  Hamiltonian matrix for VNA+dVH+Vxc...
<Band>  Solving the eigenvalue problem...
 KGrids1:  -0.45833  -0.37500  -0.29167  -0.20833  -0.12500  -0.04167   0.04167   0.12500   0.20833   0.29167   0.37500   0.45833 
 KGrids2:  -0.45833  -0.37500  -0.29167  -0.20833  -0.12500  -0.04167   0.04167   0.12500   0.20833   0.29167   0.37500   0.45833 
 KGrids3:  -0.47500  -0.42500  -0.37500  -0.32500  -0.27500  -0.22500  -0.17500  -0.12500  -0.07500  -0.02500   0.02500   0.07500   0.12500   0.17500   0.22500   0.27500   0.32500   0.37500   0.42500   0.47500 
<Band_DFT>  Eigen, time=0.548363
<Band_DFT>  DM, time=1.793397
    1   Sn  MulP   7.0001  7.0001 sum  14.0001
    2   Sn  MulP   7.0000  7.0000 sum  13.9999
    3   Sn  MulP   7.0000  7.0000 sum  14.0000
    4   Sn  MulP   7.0000  7.0000 sum  14.0000
 Sum of MulP: up   =    28.00000 down          =    28.00000
              total=    56.00000 ideal(neutral)=    56.00000
<DFT>  Total Spin Moment (muB) =  0.000000000000
<DFT>  Mixing_weight= 0.040000000000
<DFT>  Uele   =  -42.207929014489  dUele     =   0.000026757901
<DFT>  NormRD =    0.002988821269  Criterion =   0.000000100000

******************* MD= 1  SCF= 8 *******************
<Poisson>  Poisson's equation using FFT...
<Set_Hamiltonian>  Hamiltonian matrix for VNA+dVH+Vxc...
<Band>  Solving the eigenvalue problem...
 KGrids1:  -0.45833  -0.37500  -0.29167  -0.20833  -0.12500  -0.04167   0.04167   0.12500   0.20833   0.29167   0.37500   0.45833 
 KGrids2:  -0.45833  -0.37500  -0.29167  -0.20833  -0.12500  -0.04167   0.04167   0.12500   0.20833   0.29167   0.37500   0.45833 
 KGrids3:  -0.47500  -0.42500  -0.37500  -0.32500  -0.27500  -0.22500  -0.17500  -0.12500  -0.07500  -0.02500   0.02500   0.07500   0.12500   0.17500   0.22500   0.27500   0.32500   0.37500   0.42500   0.47500 
<Band_DFT>  Eigen, time=0.626461
<Band_DFT>  DM, time=1.595645
    1   Sn  MulP   7.0000  7.0000 sum  14.0001
    2   Sn  MulP   7.0000  7.0000 sum  14.0000
    3   Sn  MulP   7.0000  7.0000 sum  14.0000
    4   Sn  MulP   7.0000  7.0000 sum  14.0000
 Sum of MulP: up   =    28.00000 down          =    28.00000
              total=    56.00000 ideal(neutral)=    56.00000
<DFT>  Total Spin Moment (muB) =  0.000000000000
<DFT>  Mixing_weight= 0.040000000000
<DFT>  Uele   =  -42.213726396595  dUele     =   0.005797382107
<DFT>  NormRD =    0.000957290819  Criterion =   0.000000100000

******************* MD= 1  SCF= 9 *******************
<Poisson>  Poisson's equation using FFT...
<Set_Hamiltonian>  Hamiltonian matrix for VNA+dVH+Vxc...
<Band>  Solving the eigenvalue problem...
 KGrids1:  -0.45833  -0.37500  -0.29167  -0.20833  -0.12500  -0.04167   0.04167   0.12500   0.20833   0.29167   0.37500   0.45833 
 KGrids2:  -0.45833  -0.37500  -0.29167  -0.20833  -0.12500  -0.04167   0.04167   0.12500   0.20833   0.29167   0.37500   0.45833 
 KGrids3:  -0.47500  -0.42500  -0.37500  -0.32500  -0.27500  -0.22500  -0.17500  -0.12500  -0.07500  -0.02500   0.02500   0.07500   0.12500   0.17500   0.22500   0.27500   0.32500   0.37500   0.42500   0.47500 
<Band_DFT>  Eigen, time=0.740305
<Band_DFT>  DM, time=1.793774
    1   Sn  MulP   7.0001  7.0001 sum  14.0002
    2   Sn  MulP   6.9999  6.9999 sum  13.9999
    3   Sn  MulP   7.0000  7.0000 sum  14.0000
    4   Sn  MulP   7.0000  7.0000 sum  14.0000
 Sum of MulP: up   =    28.00000 down          =    28.00000
              total=    56.00000 ideal(neutral)=    56.00000
<DFT>  Total Spin Moment (muB) =  0.000000000000
<DFT>  Mixing_weight= 0.040000000000
<DFT>  Uele   =  -42.211992783523  dUele     =   0.001733613073
<DFT>  NormRD =    0.000217296458  Criterion =   0.000000100000

******************* MD= 1  SCF=10 *******************
<Poisson>  Poisson's equation using FFT...
<Set_Hamiltonian>  Hamiltonian matrix for VNA+dVH+Vxc...
<Band>  Solving the eigenvalue problem...
 KGrids1:  -0.45833  -0.37500  -0.29167  -0.20833  -0.12500  -0.04167   0.04167   0.12500   0.20833   0.29167   0.37500   0.45833 
 KGrids2:  -0.45833  -0.37500  -0.29167  -0.20833  -0.12500  -0.04167   0.04167   0.12500   0.20833   0.29167   0.37500   0.45833 
 KGrids3:  -0.47500  -0.42500  -0.37500  -0.32500  -0.27500  -0.22500  -0.17500  -0.12500  -0.07500  -0.02500   0.02500   0.07500   0.12500   0.17500   0.22500   0.27500   0.32500   0.37500   0.42500   0.47500 
<Band_DFT>  Eigen, time=0.739352
<Band_DFT>  DM, time=1.593483
    1   Sn  MulP   7.0000  7.0000 sum  14.0001
    2   Sn  MulP   7.0000  7.0000 sum  14.0000
    3   Sn  MulP   7.0000  7.0000 sum  14.0000
    4   Sn  MulP   7.0000  7.0000 sum  14.0000
 Sum of MulP: up   =    28.00000 down          =    28.00000
              total=    56.00000 ideal(neutral)=    56.00000
<DFT>  Total Spin Moment (muB) =  0.000000000000
<DFT>  Mixing_weight= 0.040000000000
<DFT>  Uele   =  -42.211964498334  dUele     =   0.000028285189
<DFT>  NormRD =    0.000060151254  Criterion =   0.000000100000

******************* MD= 1  SCF=11 *******************
<Poisson>  Poisson's equation using FFT...
<Set_Hamiltonian>  Hamiltonian matrix for VNA+dVH+Vxc...
<Band>  Solving the eigenvalue problem...
 KGrids1:  -0.45833  -0.37500  -0.29167  -0.20833  -0.12500  -0.04167   0.04167   0.12500   0.20833   0.29167   0.37500   0.45833 
 KGrids2:  -0.45833  -0.37500  -0.29167  -0.20833  -0.12500  -0.04167   0.04167   0.12500   0.20833   0.29167   0.37500   0.45833 
 KGrids3:  -0.47500  -0.42500  -0.37500  -0.32500  -0.27500  -0.22500  -0.17500  -0.12500  -0.07500  -0.02500   0.02500   0.07500   0.12500   0.17500   0.22500   0.27500   0.32500   0.37500   0.42500   0.47500 
<Band_DFT>  Eigen, time=0.743127
<Band_DFT>  DM, time=1.850452
    1   Sn  MulP   7.0000  7.0000 sum  14.0001
    2   Sn  MulP   7.0000  7.0000 sum  14.0000
    3   Sn  MulP   7.0000  7.0000 sum  14.0000
    4   Sn  MulP   7.0000  7.0000 sum  14.0000
 Sum of MulP: up   =    28.00000 down          =    28.00000
              total=    56.00000 ideal(neutral)=    56.00000
<DFT>  Total Spin Moment (muB) =  0.000000000000
<DFT>  Mixing_weight= 0.040000000000
<DFT>  Uele   =  -42.211945324503  dUele     =   0.000019173831
<DFT>  NormRD =    0.000010530775  Criterion =   0.000000100000

******************* MD= 1  SCF=12 *******************
<Poisson>  Poisson's equation using FFT...
<Set_Hamiltonian>  Hamiltonian matrix for VNA+dVH+Vxc...
<Band>  Solving the eigenvalue problem...
 KGrids1:  -0.45833  -0.37500  -0.29167  -0.20833  -0.12500  -0.04167   0.04167   0.12500   0.20833   0.29167   0.37500   0.45833 
 KGrids2:  -0.45833  -0.37500  -0.29167  -0.20833  -0.12500  -0.04167   0.04167   0.12500   0.20833   0.29167   0.37500   0.45833 
 KGrids3:  -0.47500  -0.42500  -0.37500  -0.32500  -0.27500  -0.22500  -0.17500  -0.12500  -0.07500  -0.02500   0.02500   0.07500   0.12500   0.17500   0.22500   0.27500   0.32500   0.37500   0.42500   0.47500 
<Band_DFT>  Eigen, time=0.751112
<Band_DFT>  DM, time=1.680476
    1   Sn  MulP   7.0000  7.0000 sum  14.0001
    2   Sn  MulP   7.0000  7.0000 sum  14.0000
    3   Sn  MulP   7.0000  7.0000 sum  14.0000
    4   Sn  MulP   7.0000  7.0000 sum  14.0000
 Sum of MulP: up   =    28.00000 down          =    28.00000
              total=    56.00000 ideal(neutral)=    56.00000
<DFT>  Total Spin Moment (muB) =  0.000000000000
<DFT>  Mixing_weight= 0.040000000000
<DFT>  Uele   =  -42.211922665304  dUele     =   0.000022659198
<DFT>  NormRD =    0.000000499197  Criterion =   0.000000100000

******************* MD= 1  SCF=13 *******************
<Poisson>  Poisson's equation using FFT...
<Set_Hamiltonian>  Hamiltonian matrix for VNA+dVH+Vxc...
<Band>  Solving the eigenvalue problem...
 KGrids1:  -0.45833  -0.37500  -0.29167  -0.20833  -0.12500  -0.04167   0.04167   0.12500   0.20833   0.29167   0.37500   0.45833 
 KGrids2:  -0.45833  -0.37500  -0.29167  -0.20833  -0.12500  -0.04167   0.04167   0.12500   0.20833   0.29167   0.37500   0.45833 
 KGrids3:  -0.47500  -0.42500  -0.37500  -0.32500  -0.27500  -0.22500  -0.17500  -0.12500  -0.07500  -0.02500   0.02500   0.07500   0.12500   0.17500   0.22500   0.27500   0.32500   0.37500   0.42500   0.47500 
<Band_DFT>  Eigen, time=0.739636
<Band_DFT>  DM, time=1.909045
    1   Sn  MulP   7.0000  7.0000 sum  14.0001
    2   Sn  MulP   7.0000  7.0000 sum  14.0000
    3   Sn  MulP   7.0000  7.0000 sum  14.0000
    4   Sn  MulP   7.0000  7.0000 sum  14.0000
 Sum of MulP: up   =    28.00000 down          =    28.00000
              total=    56.00000 ideal(neutral)=    56.00000
<DFT>  Total Spin Moment (muB) =  0.000000000000
<DFT>  Mixing_weight= 0.040000000000
<DFT>  Uele   =  -42.211922784097  dUele     =   0.000000118793
<DFT>  NormRD =    0.000000545001  Criterion =   0.000000100000

******************* MD= 1  SCF=14 *******************
<Poisson>  Poisson's equation using FFT...
<Set_Hamiltonian>  Hamiltonian matrix for VNA+dVH+Vxc...
<Band>  Solving the eigenvalue problem...
 KGrids1:  -0.45833  -0.37500  -0.29167  -0.20833  -0.12500  -0.04167   0.04167   0.12500   0.20833   0.29167   0.37500   0.45833 
 KGrids2:  -0.45833  -0.37500  -0.29167  -0.20833  -0.12500  -0.04167   0.04167   0.12500   0.20833   0.29167   0.37500   0.45833 
 KGrids3:  -0.47500  -0.42500  -0.37500  -0.32500  -0.27500  -0.22500  -0.17500  -0.12500  -0.07500  -0.02500   0.02500   0.07500   0.12500   0.17500   0.22500   0.27500   0.32500   0.37500   0.42500   0.47500 
<Band_DFT>  Eigen, time=0.733856
<Band_DFT>  DM, time=1.907117
    1   Sn  MulP   7.0000  7.0000 sum  14.0001
    2   Sn  MulP   7.0000  7.0000 sum  14.0000
    3   Sn  MulP   7.0000  7.0000 sum  14.0000
    4   Sn  MulP   7.0000  7.0000 sum  14.0000
 Sum of MulP: up   =    28.00000 down          =    28.00000
              total=    56.00000 ideal(neutral)=    56.00000
<DFT>  Total Spin Moment (muB) =  0.000000000000
<DFT>  Mixing_weight= 0.040000000000
<DFT>  Uele   =  -42.211922808066  dUele     =   0.000000023969
<DFT>  NormRD =    0.000000068506  Criterion =   0.000000100000
<MD= 1>  Force calculation
  Force calculation #1
  Force calculation #2
  Force calculation #3
  Force calculation #4
  Force calculation #5
  Stress calculation #1
  Stress calculation #2
  Stress calculation #3
  Stress calculation #4
  Stress calculation #5
<MD= 1>  Total Energy
  Force calculation #6
  Force calculation #7

*******************************************************
                  Dipole moment (Debye)                 
*******************************************************

 Absolute D      519.24817663

                      Dx                Dy                Dz
 Total           -361.23378084     -361.23377932      -92.94611985
 Core             400.43531418      400.43531418      324.63347331
 Electron        -761.66909503     -761.66909350     -417.57959317
 Back ground       -0.00000000       -0.00000000       -0.00000000

*******************************************************
               Stress tensor (Hartree/bohr^3)            
*******************************************************

      -0.00000044       -0.00000327        0.00000000 
      -0.00000327       -0.00000043        0.00000000 
       0.00000000        0.00000000       -0.00000147 

*******************************************************
                Total Energy (Hartree) at MD = 1        
*******************************************************

  Uele  =     -42.211922808066

  Ukin  =     203.437048889112
  UH0   =   -2703.969547977492
  UH1   =       0.004900304882
  Una   =    -149.420224827118
  Unl   =     -47.912602767723
  Uxc0  =     -25.237063490143
  Uxc1  =     -25.237063490143
  Ucore =    2464.177271851874
  Uhub  =       0.000000000000
  Ucs   =       0.000000000000
  Uzs   =       0.000000000000
  Uzo   =       0.000000000000
  Uef   =       0.000000000000
  UvdW  =       0.000000000000
  Uch   =       0.000000000000
  Utot  =    -284.157281506750

  UpV   =       0.000000000000
  Enpy  =    -284.157281506750
  Note:

  Uele:   band energy
  Ukin:   kinetic energy
  UH0:    electric part of screened Coulomb energy
  UH1:    difference electron-electron Coulomb energy
  Una:    neutral atom potential energy
  Unl:    non-local potential energy
  Uxc0:   exchange-correlation energy for alpha spin
  Uxc1:   exchange-correlation energy for beta spin
  Ucore:  core-core Coulomb energy
  Uhub:   LDA+U energy
  Ucs:    constraint energy for spin orientation
  Uzs:    Zeeman term for spin magnetic moment
  Uzo:    Zeeman term for orbital magnetic moment
  Uef:    electric energy by electric field
  UvdW:   semi-empirical vdW energy 
  Uch:    penalty term to create a core hole
  UpV:    pressure times volume
  Enpy:   Enthalpy = Utot + UpV
  (see also PRB 72, 045121(2005) for the energy contributions)


*******************************************************
           Computational times (s) at MD = 1            
*******************************************************

  DFT in total      =   50.85879

  Set_OLP_Kin       =    0.72771
  Set_Nonlocal      =    1.35604
  Set_ProExpn_VNA   =    3.07392
  Set_Hamiltonian   =    3.33480
  Poisson           =    0.00421
  diagonalization   =   36.01416
  Mixing_DM         =    0.01173
  Force             =    2.35201
  Total_Energy      =    0.46032
  Set_Aden_Grid     =    0.00915
  Set_Orbitals_Grid =    0.09902
  Set_Density_Grid  =    1.16985
  RestartFileDFT    =    0.00233
  Mulliken_Charge   =    0.00193
  FFT(2D)_Density   =    0.00673

The SCF was achieved at MD=   1

*******************************************************
             MD or geometry opt. at MD = 1              
*******************************************************

<Steepest_Descent>  SD_scaling= 1.259817197253
<Steepest_Descent>  |Maximum force| (Hartree/Bohr) = 0.000980658246
<Steepest_Descent>  Criterion       (Hartree/Bohr) = 0.000100000000

  atom=  1, XYZ(ang) Fxyz(a.u.)=   0.0000   -0.0000   -0.0000    -0.0000    0.0000    0.0000
  atom=  2, XYZ(ang) Fxyz(a.u.)=   2.9774    2.9774    1.6092    -0.0000    0.0000    0.0000
  atom=  3, XYZ(ang) Fxyz(a.u.)=  -0.0075    2.9849    0.8053     0.0000   -0.0000   -0.0010
  atom=  4, XYZ(ang) Fxyz(a.u.)=   2.9849   -0.0075    2.4132     0.0000   -0.0000    0.0010

*******************************************************
        Analysis of neighbors and setting of grids        
*******************************************************


*******************************************************
  Allocation of atoms to processors at MD_iter=    2     
*******************************************************

 proc =   0  # of atoms=   1  estimated weight=         1.00000
 proc =   1  # of atoms=   1  estimated weight=         1.00000
 proc =   2  # of atoms=   1  estimated weight=         1.00000
 proc =   3  # of atoms=   1  estimated weight=         1.00000
 proc =   4  # of atoms=   0  estimated weight=         0.00000
 proc =   5  # of atoms=   0  estimated weight=         0.00000
 proc =   6  # of atoms=   0  estimated weight=         0.00000
 proc =   7  # of atoms=   0  estimated weight=         0.00000
 proc =   8  # of atoms=   0  estimated weight=         0.00000
 proc =   9  # of atoms=   0  estimated weight=         0.00000
 proc =  10  # of atoms=   0  estimated weight=         0.00000
 proc =  11  # of atoms=   0  estimated weight=         0.00000
 proc =  12  # of atoms=   0  estimated weight=         0.00000
 proc =  13  # of atoms=   0  estimated weight=         0.00000
 proc =  14  # of atoms=   0  estimated weight=         0.00000
 proc =  15  # of atoms=   0  estimated weight=         0.00000



TFNAN=     256   Average FNAN=  64.00000
TSNAN=       0   Average SNAN=   0.00000
<truncation> CpyCell= 3 ct_AN=   1 FNAN SNAN  64   0
<truncation> CpyCell= 3 ct_AN=   2 FNAN SNAN  64   0
<truncation> CpyCell= 3 ct_AN=   3 FNAN SNAN  64   0
<truncation> CpyCell= 3 ct_AN=   4 FNAN SNAN  64   0
<UCell_Box> Info. of cutoff energy and num. of grids
lattice vectors (bohr)
A  = 11.281295655248, -0.028203239138,  0.000000000000
B  = -0.028203239138, 11.281295655248,  0.000000000000
C  =  0.000000000000,  0.000000000000,  6.081931916162
reciprocal lattice vectors (bohr^-1)
RA =  0.556959481370,  0.001392398703, -0.000000000000
RB =  0.001392398703,  0.556959481370, -0.000000000000
RC = -0.000000000000, -0.000000000000,  1.033090372236
Required cutoff energy (Ryd) for 3D-grids = 200.0000
    Used cutoff energy (Ryd) for 3D-grids = 193.8786, 193.8786, 194.5110
Num. of grids of a-, b-, and c-axes = 50, 50, 27
Cell_Volume =    774.028233187484 (Bohr^3)
GridVol     =      0.011467084936 (Bohr^3)
Cell vectors (bohr) of the grid cell (gtv)
  gtv_a =  0.225625913105, -0.000564064783,  0.000000000000
  gtv_b = -0.000564064783,  0.225625913105,  0.000000000000
  gtv_c =  0.000000000000,  0.000000000000,  0.225256737636
  |gtv_a| =  0.225626618185
  |gtv_b| =  0.225626618185
  |gtv_c| =  0.225256737636
Num. of grids overlapping with atom    1 = 125175
Num. of grids overlapping with atom    2 = 125274
Num. of grids overlapping with atom    3 = 125270
Num. of grids overlapping with atom    4 = 125270

*******************************************************
             SCF calculation at MD = 2                
*******************************************************

<MD= 2>  Calculation of the overlap matrix
<MD= 2>  Calculation of the nonlocal matrix
<MD= 2>  Calculation of the VNA projector matrix

******************* MD= 2  SCF= 1 *******************
<Restart>  Found restart files
<Poisson>  Poisson's equation using FFT...
<Band>  Solving the eigenvalue problem...
 KGrids1:  -0.45833  -0.37500  -0.29167  -0.20833  -0.12500  -0.04167   0.04167   0.12500   0.20833   0.29167   0.37500   0.45833 
 KGrids2:  -0.45833  -0.37500  -0.29167  -0.20833  -0.12500  -0.04167   0.04167   0.12500   0.20833   0.29167   0.37500   0.45833 
 KGrids3:  -0.47500  -0.42500  -0.37500  -0.32500  -0.27500  -0.22500  -0.17500  -0.12500  -0.07500  -0.02500   0.02500   0.07500   0.12500   0.17500   0.22500   0.27500   0.32500   0.37500   0.42500   0.47500 
<Band_DFT>  Eigen, time=0.782505
<Band_DFT>  DM, time=1.727781
    1   Sn  MulP   7.0000  7.0000 sum  14.0000
    2   Sn  MulP   7.0000  7.0000 sum  14.0000
    3   Sn  MulP   7.0000  7.0000 sum  14.0000
    4   Sn  MulP   7.0000  7.0000 sum  14.0000
 Sum of MulP: up   =    28.00000 down          =    28.00000
              total=    56.00000 ideal(neutral)=    56.00000
<DFT>  Total Spin Moment (muB) =  0.000000000000
<DFT>  Mixing_weight= 0.400000000000
<DFT>  Uele   =  -42.211926043374  dUele     =   1.000000000000
<DFT>  NormRD =    1.000000000000  Criterion =   0.000000100000

******************* MD= 2  SCF= 2 *******************
<Poisson>  Poisson's equation using FFT...
<Set_Hamiltonian>  Hamiltonian matrix for VNA+dVH+Vxc...
<Band>  Solving the eigenvalue problem...
 KGrids1:  -0.45833  -0.37500  -0.29167  -0.20833  -0.12500  -0.04167   0.04167   0.12500   0.20833   0.29167   0.37500   0.45833 
 KGrids2:  -0.45833  -0.37500  -0.29167  -0.20833  -0.12500  -0.04167   0.04167   0.12500   0.20833   0.29167   0.37500   0.45833 
 KGrids3:  -0.47500  -0.42500  -0.37500  -0.32500  -0.27500  -0.22500  -0.17500  -0.12500  -0.07500  -0.02500   0.02500   0.07500   0.12500   0.17500   0.22500   0.27500   0.32500   0.37500   0.42500   0.47500 
<Band_DFT>  Eigen, time=0.779918
<Band_DFT>  DM, time=1.689305
    1   Sn  MulP   7.0000  7.0000 sum  14.0001
    2   Sn  MulP   7.0000  7.0000 sum  14.0000
    3   Sn  MulP   7.0000  7.0000 sum  14.0000
    4   Sn  MulP   7.0000  7.0000 sum  14.0000
 Sum of MulP: up   =    28.00000 down          =    28.00000
              total=    56.00000 ideal(neutral)=    56.00000
<DFT>  Total Spin Moment (muB) =  0.000000000000
<DFT>  Mixing_weight= 0.400000000000
<DFT>  Uele   =  -42.211918526070  dUele     =   0.000007517305
<DFT>  NormRD =    0.000228017154  Criterion =   0.000000100000

******************* MD= 2  SCF= 3 *******************
<Poisson>  Poisson's equation using FFT...
<Set_Hamiltonian>  Hamiltonian matrix for VNA+dVH+Vxc...
<Band>  Solving the eigenvalue problem...
 KGrids1:  -0.45833  -0.37500  -0.29167  -0.20833  -0.12500  -0.04167   0.04167   0.12500   0.20833   0.29167   0.37500   0.45833 
 KGrids2:  -0.45833  -0.37500  -0.29167  -0.20833  -0.12500  -0.04167   0.04167   0.12500   0.20833   0.29167   0.37500   0.45833 
 KGrids3:  -0.47500  -0.42500  -0.37500  -0.32500  -0.27500  -0.22500  -0.17500  -0.12500  -0.07500  -0.02500   0.02500   0.07500   0.12500   0.17500   0.22500   0.27500   0.32500   0.37500   0.42500   0.47500 
<Band_DFT>  Eigen, time=0.786089
<Band_DFT>  DM, time=1.348545
    1   Sn  MulP   7.0000  7.0000 sum  14.0001
    2   Sn  MulP   7.0000  7.0000 sum  14.0000
    3   Sn  MulP   7.0000  7.0000 sum  14.0000
    4   Sn  MulP   7.0000  7.0000 sum  14.0000
 Sum of MulP: up   =    28.00000 down          =    28.00000
              total=    56.00000 ideal(neutral)=    56.00000
<DFT>  Total Spin Moment (muB) =  0.000000000000
<DFT>  Mixing_weight= 0.040000000000
<DFT>  Uele   =  -42.211913943748  dUele     =   0.000004582322
<DFT>  NormRD =    0.000155145400  Criterion =   0.000000100000

******************* MD= 2  SCF= 4 *******************
<Poisson>  Poisson's equation using FFT...
<Set_Hamiltonian>  Hamiltonian matrix for VNA+dVH+Vxc...
<Band>  Solving the eigenvalue problem...
 KGrids1:  -0.45833  -0.37500  -0.29167  -0.20833  -0.12500  -0.04167   0.04167   0.12500   0.20833   0.29167   0.37500   0.45833 
 KGrids2:  -0.45833  -0.37500  -0.29167  -0.20833  -0.12500  -0.04167   0.04167   0.12500   0.20833   0.29167   0.37500   0.45833 
 KGrids3:  -0.47500  -0.42500  -0.37500  -0.32500  -0.27500  -0.22500  -0.17500  -0.12500  -0.07500  -0.02500   0.02500   0.07500   0.12500   0.17500   0.22500   0.27500   0.32500   0.37500   0.42500   0.47500 
<Band_DFT>  Eigen, time=0.514276
<Band_DFT>  DM, time=1.388351
    1   Sn  MulP   7.0000  7.0000 sum  14.0001
    2   Sn  MulP   7.0000  7.0000 sum  14.0000
    3   Sn  MulP   7.0000  7.0000 sum  14.0000
    4   Sn  MulP   7.0000  7.0000 sum  14.0000
 Sum of MulP: up   =    28.00000 down          =    28.00000
              total=    56.00000 ideal(neutral)=    56.00000
<DFT>  Total Spin Moment (muB) =  0.000000000000
<DFT>  Mixing_weight= 0.040000000000
<DFT>  Uele   =  -42.211906362947  dUele     =   0.000007580801
<DFT>  NormRD =    0.000015159186  Criterion =   0.000000100000

******************* MD= 2  SCF= 5 *******************
<Poisson>  Poisson's equation using FFT...
<Set_Hamiltonian>  Hamiltonian matrix for VNA+dVH+Vxc...
<Band>  Solving the eigenvalue problem...
 KGrids1:  -0.45833  -0.37500  -0.29167  -0.20833  -0.12500  -0.04167   0.04167   0.12500   0.20833   0.29167   0.37500   0.45833 
 KGrids2:  -0.45833  -0.37500  -0.29167  -0.20833  -0.12500  -0.04167   0.04167   0.12500   0.20833   0.29167   0.37500   0.45833 
 KGrids3:  -0.47500  -0.42500  -0.37500  -0.32500  -0.27500  -0.22500  -0.17500  -0.12500  -0.07500  -0.02500   0.02500   0.07500   0.12500   0.17500   0.22500   0.27500   0.32500   0.37500   0.42500   0.47500 
<Band_DFT>  Eigen, time=0.515961
<Band_DFT>  DM, time=1.497653
    1   Sn  MulP   7.0000  7.0000 sum  14.0001
    2   Sn  MulP   7.0000  7.0000 sum  14.0000
    3   Sn  MulP   7.0000  7.0000 sum  14.0000
    4   Sn  MulP   7.0000  7.0000 sum  14.0000
 Sum of MulP: up   =    28.00000 down          =    28.00000
              total=    56.00000 ideal(neutral)=    56.00000
<DFT>  Total Spin Moment (muB) =  0.000000000000
<DFT>  Mixing_weight= 0.040000000000
<DFT>  Uele   =  -42.211906671174  dUele     =   0.000000308227
<DFT>  NormRD =    0.000006329848  Criterion =   0.000000100000

******************* MD= 2  SCF= 6 *******************
<Poisson>  Poisson's equation using FFT...
<Set_Hamiltonian>  Hamiltonian matrix for VNA+dVH+Vxc...
<Band>  Solving the eigenvalue problem...
 KGrids1:  -0.45833  -0.37500  -0.29167  -0.20833  -0.12500  -0.04167   0.04167   0.12500   0.20833   0.29167   0.37500   0.45833 
 KGrids2:  -0.45833  -0.37500  -0.29167  -0.20833  -0.12500  -0.04167   0.04167   0.12500   0.20833   0.29167   0.37500   0.45833 
 KGrids3:  -0.47500  -0.42500  -0.37500  -0.32500  -0.27500  -0.22500  -0.17500  -0.12500  -0.07500  -0.02500   0.02500   0.07500   0.12500   0.17500   0.22500   0.27500   0.32500   0.37500   0.42500   0.47500 
<Band_DFT>  Eigen, time=0.783960
<Band_DFT>  DM, time=1.731939
    1   Sn  MulP   7.0000  7.0000 sum  14.0001
    2   Sn  MulP   7.0000  7.0000 sum  14.0000
    3   Sn  MulP   7.0000  7.0000 sum  14.0000
    4   Sn  MulP   7.0000  7.0000 sum  14.0000
 Sum of MulP: up   =    28.00000 down          =    28.00000
              total=    56.00000 ideal(neutral)=    56.00000
<DFT>  Total Spin Moment (muB) =  0.000000000000
<DFT>  Mixing_weight= 0.040000000000
<DFT>  Uele   =  -42.211906792822  dUele     =   0.000000121648
<DFT>  NormRD =    0.000008710691  Criterion =   0.000000100000

******************* MD= 2  SCF= 7 *******************
<Poisson>  Poisson's equation using FFT...
<Set_Hamiltonian>  Hamiltonian matrix for VNA+dVH+Vxc...
<Band>  Solving the eigenvalue problem...
 KGrids1:  -0.45833  -0.37500  -0.29167  -0.20833  -0.12500  -0.04167   0.04167   0.12500   0.20833   0.29167   0.37500   0.45833 
 KGrids2:  -0.45833  -0.37500  -0.29167  -0.20833  -0.12500  -0.04167   0.04167   0.12500   0.20833   0.29167   0.37500   0.45833 
 KGrids3:  -0.47500  -0.42500  -0.37500  -0.32500  -0.27500  -0.22500  -0.17500  -0.12500  -0.07500  -0.02500   0.02500   0.07500   0.12500   0.17500   0.22500   0.27500   0.32500   0.37500   0.42500   0.47500 
<Band_DFT>  Eigen, time=0.738145
<Band_DFT>  DM, time=1.788195
    1   Sn  MulP   7.0000  7.0000 sum  14.0001
    2   Sn  MulP   7.0000  7.0000 sum  14.0000
    3   Sn  MulP   7.0000  7.0000 sum  14.0000
    4   Sn  MulP   7.0000  7.0000 sum  14.0000
 Sum of MulP: up   =    28.00000 down          =    28.00000
              total=    56.00000 ideal(neutral)=    56.00000
<DFT>  Total Spin Moment (muB) =  0.000000000000
<DFT>  Mixing_weight= 0.040000000000
<DFT>  Uele   =  -42.211906823411  dUele     =   0.000000030589
<DFT>  NormRD =    0.000000397478  Criterion =   0.000000100000
<MD= 2>  Force calculation
  Force calculation #1
  Force calculation #2
  Force calculation #3
  Force calculation #4
  Force calculation #5
  Stress calculation #1
  Stress calculation #2
  Stress calculation #3
  Stress calculation #4
  Stress calculation #5
<MD= 2>  Total Energy
  Force calculation #6
  Force calculation #7

*******************************************************
                  Dipole moment (Debye)                 
*******************************************************

 Absolute D      519.24940983

                      Dx                Dy                Dz
 Total           -361.23376851     -361.23376693      -92.95310502
 Core             400.43531418      400.43531418      324.63347331
 Electron        -761.66908269     -761.66908111     -417.58657833
 Back ground       -0.00000000       -0.00000000       -0.00000000

*******************************************************
               Stress tensor (Hartree/bohr^3)            
*******************************************************

      -0.00000033       -0.00000323        0.00000000 
      -0.00000323       -0.00000033        0.00000000 
       0.00000000        0.00000000       -0.00000137 

*******************************************************
                Total Energy (Hartree) at MD = 2        
*******************************************************

  Uele  =     -42.211906823411

  Ukin  =     203.437107050326
  UH0   =   -2703.969541364710
  UH1   =       0.004900215885
  Una   =    -149.420253787910
  Unl   =     -47.912627839763
  Uxc0  =     -25.237066706096
  Uxc1  =     -25.237066706096
  Ucore =    2464.177265244964
  Uhub  =       0.000000000000
  Ucs   =       0.000000000000
  Uzs   =       0.000000000000
  Uzo   =       0.000000000000
  Uef   =       0.000000000000
  UvdW  =       0.000000000000
  Uch   =       0.000000000000
  Utot  =    -284.157283893400

  UpV   =       0.000000000000
  Enpy  =    -284.157283893400
  Note:

  Uele:   band energy
  Ukin:   kinetic energy
  UH0:    electric part of screened Coulomb energy
  UH1:    difference electron-electron Coulomb energy
  Una:    neutral atom potential energy
  Unl:    non-local potential energy
  Uxc0:   exchange-correlation energy for alpha spin
  Uxc1:   exchange-correlation energy for beta spin
  Ucore:  core-core Coulomb energy
  Uhub:   LDA+U energy
  Ucs:    constraint energy for spin orientation
  Uzs:    Zeeman term for spin magnetic moment
  Uzo:    Zeeman term for orbital magnetic moment
  Uef:    electric energy by electric field
  UvdW:   semi-empirical vdW energy 
  Uch:    penalty term to create a core hole
  UpV:    pressure times volume
  Enpy:   Enthalpy = Utot + UpV
  (see also PRB 72, 045121(2005) for the energy contributions)


*******************************************************
           Computational times (s) at MD = 2            
*******************************************************

  DFT in total      =   28.91836

  Set_OLP_Kin       =    0.83242
  Set_Nonlocal      =    1.16361
  Set_ProExpn_VNA   =    2.81963
  Set_Hamiltonian   =    2.14725
  Poisson           =    0.00214
  diagonalization   =   16.50827
  Mixing_DM         =    0.00554
  Force             =    2.31922
  Total_Energy      =    0.41698
  Set_Aden_Grid     =    0.02932
  Set_Orbitals_Grid =    0.09778
  Set_Density_Grid  =    0.73299
  RestartFileDFT    =    0.00518
  Mulliken_Charge   =    0.00118
  FFT(2D)_Density   =    0.00233

The SCF was achieved at MD=   2

*******************************************************
             MD or geometry opt. at MD = 2              
*******************************************************

<Steepest_Descent>  SD_scaling= 1.259817197253
<Steepest_Descent>  |Maximum force| (Hartree/Bohr) = 0.000963209491
<Steepest_Descent>  Criterion       (Hartree/Bohr) = 0.000100000000

  atom=  1, XYZ(ang) Fxyz(a.u.)=   0.0000   -0.0000   -0.0000    -0.0000    0.0000    0.0000
  atom=  2, XYZ(ang) Fxyz(a.u.)=   2.9774    2.9774    1.6092    -0.0000    0.0000    0.0000
  atom=  3, XYZ(ang) Fxyz(a.u.)=  -0.0075    2.9849    0.8059     0.0000    0.0000   -0.0010
  atom=  4, XYZ(ang) Fxyz(a.u.)=   2.9849   -0.0075    2.4125     0.0000   -0.0000    0.0010

*******************************************************
        Analysis of neighbors and setting of grids        
*******************************************************


*******************************************************
  Allocation of atoms to processors at MD_iter=    3     
*******************************************************

 proc =   0  # of atoms=   1  estimated weight=         1.00000
 proc =   1  # of atoms=   1  estimated weight=         1.00000
 proc =   2  # of atoms=   1  estimated weight=         1.00000
 proc =   3  # of atoms=   1  estimated weight=         1.00000
 proc =   4  # of atoms=   0  estimated weight=         0.00000
 proc =   5  # of atoms=   0  estimated weight=         0.00000
 proc =   6  # of atoms=   0  estimated weight=         0.00000
 proc =   7  # of atoms=   0  estimated weight=         0.00000
 proc =   8  # of atoms=   0  estimated weight=         0.00000
 proc =   9  # of atoms=   0  estimated weight=         0.00000
 proc =  10  # of atoms=   0  estimated weight=         0.00000
 proc =  11  # of atoms=   0  estimated weight=         0.00000
 proc =  12  # of atoms=   0  estimated weight=         0.00000
 proc =  13  # of atoms=   0  estimated weight=         0.00000
 proc =  14  # of atoms=   0  estimated weight=         0.00000
 proc =  15  # of atoms=   0  estimated weight=         0.00000



TFNAN=     256   Average FNAN=  64.00000
TSNAN=       0   Average SNAN=   0.00000
<truncation> CpyCell= 3 ct_AN=   1 FNAN SNAN  64   0
<truncation> CpyCell= 3 ct_AN=   2 FNAN SNAN  64   0
<truncation> CpyCell= 3 ct_AN=   3 FNAN SNAN  64   0
<truncation> CpyCell= 3 ct_AN=   4 FNAN SNAN  64   0
<UCell_Box> Info. of cutoff energy and num. of grids
lattice vectors (bohr)
A  = 11.281295655248, -0.028203239138,  0.000000000000
B  = -0.028203239138, 11.281295655248,  0.000000000000
C  =  0.000000000000,  0.000000000000,  6.081931916162
reciprocal lattice vectors (bohr^-1)
RA =  0.556959481370,  0.001392398703, -0.000000000000
RB =  0.001392398703,  0.556959481370, -0.000000000000
RC = -0.000000000000, -0.000000000000,  1.033090372236
Required cutoff energy (Ryd) for 3D-grids = 200.0000
    Used cutoff energy (Ryd) for 3D-grids = 193.8786, 193.8786, 194.5110
Num. of grids of a-, b-, and c-axes = 50, 50, 27
Cell_Volume =    774.028233187484 (Bohr^3)
GridVol     =      0.011467084936 (Bohr^3)
Cell vectors (bohr) of the grid cell (gtv)
  gtv_a =  0.225625913105, -0.000564064783,  0.000000000000
  gtv_b = -0.000564064783,  0.225625913105,  0.000000000000
  gtv_c =  0.000000000000,  0.000000000000,  0.225256737636
  |gtv_a| =  0.225626618185
  |gtv_b| =  0.225626618185
  |gtv_c| =  0.225256737636
Num. of grids overlapping with atom    1 = 125175
Num. of grids overlapping with atom    2 = 125274
Num. of grids overlapping with atom    3 = 125262
Num. of grids overlapping with atom    4 = 125262

*******************************************************
             SCF calculation at MD = 3                
*******************************************************

<MD= 3>  Calculation of the overlap matrix
<MD= 3>  Calculation of the nonlocal matrix
<MD= 3>  Calculation of the VNA projector matrix

******************* MD= 3  SCF= 1 *******************
<Restart>  Found restart files
<Poisson>  Poisson's equation using FFT...
<Band>  Solving the eigenvalue problem...
 KGrids1:  -0.45833  -0.37500  -0.29167  -0.20833  -0.12500  -0.04167   0.04167   0.12500   0.20833   0.29167   0.37500   0.45833 
 KGrids2:  -0.45833  -0.37500  -0.29167  -0.20833  -0.12500  -0.04167   0.04167   0.12500   0.20833   0.29167   0.37500   0.45833 
 KGrids3:  -0.47500  -0.42500  -0.37500  -0.32500  -0.27500  -0.22500  -0.17500  -0.12500  -0.07500  -0.02500   0.02500   0.07500   0.12500   0.17500   0.22500   0.27500   0.32500   0.37500   0.42500   0.47500 
<Band_DFT>  Eigen, time=0.510180
<Band_DFT>  DM, time=1.278825
    1   Sn  MulP   7.0000  7.0000 sum  14.0000
    2   Sn  MulP   7.0000  7.0000 sum  14.0000
    3   Sn  MulP   7.0000  7.0000 sum  14.0000
    4   Sn  MulP   7.0000  7.0000 sum  14.0000
 Sum of MulP: up   =    28.00000 down          =    28.00000
              total=    56.00000 ideal(neutral)=    56.00000
<DFT>  Total Spin Moment (muB) =  0.000000000000
<DFT>  Mixing_weight= 0.400000000000
<DFT>  Uele   =  -42.211909395744  dUele     =   1.000000000000
<DFT>  NormRD =    1.000000000000  Criterion =   0.000000100000

******************* MD= 3  SCF= 2 *******************
<Poisson>  Poisson's equation using FFT...
<Set_Hamiltonian>  Hamiltonian matrix for VNA+dVH+Vxc...
<Band>  Solving the eigenvalue problem...
 KGrids1:  -0.45833  -0.37500  -0.29167  -0.20833  -0.12500  -0.04167   0.04167   0.12500   0.20833   0.29167   0.37500   0.45833 
 KGrids2:  -0.45833  -0.37500  -0.29167  -0.20833  -0.12500  -0.04167   0.04167   0.12500   0.20833   0.29167   0.37500   0.45833 
 KGrids3:  -0.47500  -0.42500  -0.37500  -0.32500  -0.27500  -0.22500  -0.17500  -0.12500  -0.07500  -0.02500   0.02500   0.07500   0.12500   0.17500   0.22500   0.27500   0.32500   0.37500   0.42500   0.47500 
<Band_DFT>  Eigen, time=0.561595
<Band_DFT>  DM, time=1.727564
    1   Sn  MulP   7.0000  7.0000 sum  14.0001
    2   Sn  MulP   7.0000  7.0000 sum  14.0000
    3   Sn  MulP   7.0000  7.0000 sum  14.0000
    4   Sn  MulP   7.0000  7.0000 sum  14.0000
 Sum of MulP: up   =    28.00000 down          =    28.00000
              total=    56.00000 ideal(neutral)=    56.00000
<DFT>  Total Spin Moment (muB) =  0.000000000000
<DFT>  Mixing_weight= 0.400000000000
<DFT>  Uele   =  -42.211902085718  dUele     =   0.000007310026
<DFT>  NormRD =    0.000223946314  Criterion =   0.000000100000

******************* MD= 3  SCF= 3 *******************
<Poisson>  Poisson's equation using FFT...
<Set_Hamiltonian>  Hamiltonian matrix for VNA+dVH+Vxc...
<Band>  Solving the eigenvalue problem...
 KGrids1:  -0.45833  -0.37500  -0.29167  -0.20833  -0.12500  -0.04167   0.04167   0.12500   0.20833   0.29167   0.37500   0.45833 
 KGrids2:  -0.45833  -0.37500  -0.29167  -0.20833  -0.12500  -0.04167   0.04167   0.12500   0.20833   0.29167   0.37500   0.45833 
 KGrids3:  -0.47500  -0.42500  -0.37500  -0.32500  -0.27500  -0.22500  -0.17500  -0.12500  -0.07500  -0.02500   0.02500   0.07500   0.12500   0.17500   0.22500   0.27500   0.32500   0.37500   0.42500   0.47500 
<Band_DFT>  Eigen, time=0.788652
<Band_DFT>  DM, time=1.993401
    1   Sn  MulP   7.0000  7.0000 sum  14.0001
    2   Sn  MulP   7.0000  7.0000 sum  14.0000
    3   Sn  MulP   7.0000  7.0000 sum  14.0000
    4   Sn  MulP   7.0000  7.0000 sum  14.0000
 Sum of MulP: up   =    28.00000 down          =    28.00000
              total=    56.00000 ideal(neutral)=    56.00000
<DFT>  Total Spin Moment (muB) =  0.000000000000
<DFT>  Mixing_weight= 0.040000000000
<DFT>  Uele   =  -42.211897637327  dUele     =   0.000004448391
<DFT>  NormRD =    0.000152342686  Criterion =   0.000000100000

******************* MD= 3  SCF= 4 *******************
<Poisson>  Poisson's equation using FFT...
<Set_Hamiltonian>  Hamiltonian matrix for VNA+dVH+Vxc...
<Band>  Solving the eigenvalue problem...
 KGrids1:  -0.45833  -0.37500  -0.29167  -0.20833  -0.12500  -0.04167   0.04167   0.12500   0.20833   0.29167   0.37500   0.45833 
 KGrids2:  -0.45833  -0.37500  -0.29167  -0.20833  -0.12500  -0.04167   0.04167   0.12500   0.20833   0.29167   0.37500   0.45833 
 KGrids3:  -0.47500  -0.42500  -0.37500  -0.32500  -0.27500  -0.22500  -0.17500  -0.12500  -0.07500  -0.02500   0.02500   0.07500   0.12500   0.17500   0.22500   0.27500   0.32500   0.37500   0.42500   0.47500 
<Band_DFT>  Eigen, time=0.795935
<Band_DFT>  DM, time=1.993759
    1   Sn  MulP   7.0000  7.0000 sum  14.0001
    2   Sn  MulP   7.0000  7.0000 sum  14.0000
    3   Sn  MulP   7.0000  7.0000 sum  14.0000
    4   Sn  MulP   7.0000  7.0000 sum  14.0000
 Sum of MulP: up   =    28.00000 down          =    28.00000
              total=    56.00000 ideal(neutral)=    56.00000
<DFT>  Total Spin Moment (muB) =  0.000000000000
<DFT>  Mixing_weight= 0.040000000000
<DFT>  Uele   =  -42.211890351286  dUele     =   0.000007286041
<DFT>  NormRD =    0.000014859103  Criterion =   0.000000100000

******************* MD= 3  SCF= 5 *******************
<Poisson>  Poisson's equation using FFT...
<Set_Hamiltonian>  Hamiltonian matrix for VNA+dVH+Vxc...
<Band>  Solving the eigenvalue problem...
 KGrids1:  -0.45833  -0.37500  -0.29167  -0.20833  -0.12500  -0.04167   0.04167   0.12500   0.20833   0.29167   0.37500   0.45833 
 KGrids2:  -0.45833  -0.37500  -0.29167  -0.20833  -0.12500  -0.04167   0.04167   0.12500   0.20833   0.29167   0.37500   0.45833 
 KGrids3:  -0.47500  -0.42500  -0.37500  -0.32500  -0.27500  -0.22500  -0.17500  -0.12500  -0.07500  -0.02500   0.02500   0.07500   0.12500   0.17500   0.22500   0.27500   0.32500   0.37500   0.42500   0.47500 
<Band_DFT>  Eigen, time=0.770662
<Band_DFT>  DM, time=1.993504
    1   Sn  MulP   7.0000  7.0000 sum  14.0001
    2   Sn  MulP   7.0000  7.0000 sum  14.0000
    3   Sn  MulP   7.0000  7.0000 sum  14.0000
    4   Sn  MulP   7.0000  7.0000 sum  14.0000
 Sum of MulP: up   =    28.00000 down          =    28.00000
              total=    56.00000 ideal(neutral)=    56.00000
<DFT>  Total Spin Moment (muB) =  0.000000000000
<DFT>  Mixing_weight= 0.040000000000
<DFT>  Uele   =  -42.211890625263  dUele     =   0.000000273977
<DFT>  NormRD =    0.000006243128  Criterion =   0.000000100000

******************* MD= 3  SCF= 6 *******************
<Poisson>  Poisson's equation using FFT...
<Set_Hamiltonian>  Hamiltonian matrix for VNA+dVH+Vxc...
<Band>  Solving the eigenvalue problem...
 KGrids1:  -0.45833  -0.37500  -0.29167  -0.20833  -0.12500  -0.04167   0.04167   0.12500   0.20833   0.29167   0.37500   0.45833 
 KGrids2:  -0.45833  -0.37500  -0.29167  -0.20833  -0.12500  -0.04167   0.04167   0.12500   0.20833   0.29167   0.37500   0.45833 
 KGrids3:  -0.47500  -0.42500  -0.37500  -0.32500  -0.27500  -0.22500  -0.17500  -0.12500  -0.07500  -0.02500   0.02500   0.07500   0.12500   0.17500   0.22500   0.27500   0.32500   0.37500   0.42500   0.47500 
<Band_DFT>  Eigen, time=0.744749
<Band_DFT>  DM, time=2.045386
    1   Sn  MulP   7.0000  7.0000 sum  14.0001
    2   Sn  MulP   7.0000  7.0000 sum  14.0000
    3   Sn  MulP   7.0000  7.0000 sum  14.0000
    4   Sn  MulP   7.0000  7.0000 sum  14.0000
 Sum of MulP: up   =    28.00000 down          =    28.00000
              total=    56.00000 ideal(neutral)=    56.00000
<DFT>  Total Spin Moment (muB) =  0.000000000000
<DFT>  Mixing_weight= 0.040000000000
<DFT>  Uele   =  -42.211890749605  dUele     =   0.000000124342
<DFT>  NormRD =    0.000008575270  Criterion =   0.000000100000

******************* MD= 3  SCF= 7 *******************
<Poisson>  Poisson's equation using FFT...
<Set_Hamiltonian>  Hamiltonian matrix for VNA+dVH+Vxc...
<Band>  Solving the eigenvalue problem...
 KGrids1:  -0.45833  -0.37500  -0.29167  -0.20833  -0.12500  -0.04167   0.04167   0.12500   0.20833   0.29167   0.37500   0.45833 
 KGrids2:  -0.45833  -0.37500  -0.29167  -0.20833  -0.12500  -0.04167   0.04167   0.12500   0.20833   0.29167   0.37500   0.45833 
 KGrids3:  -0.47500  -0.42500  -0.37500  -0.32500  -0.27500  -0.22500  -0.17500  -0.12500  -0.07500  -0.02500   0.02500   0.07500   0.12500   0.17500   0.22500   0.27500   0.32500   0.37500   0.42500   0.47500 
<Band_DFT>  Eigen, time=0.793066
<Band_DFT>  DM, time=1.991749
    1   Sn  MulP   7.0000  7.0000 sum  14.0001
    2   Sn  MulP   7.0000  7.0000 sum  14.0000
    3   Sn  MulP   7.0000  7.0000 sum  14.0000
    4   Sn  MulP   7.0000  7.0000 sum  14.0000
 Sum of MulP: up   =    28.00000 down          =    28.00000
              total=    56.00000 ideal(neutral)=    56.00000
<DFT>  Total Spin Moment (muB) =  0.000000000000
<DFT>  Mixing_weight= 0.040000000000
<DFT>  Uele   =  -42.211890782671  dUele     =   0.000000033066
<DFT>  NormRD =    0.000000396067  Criterion =   0.000000100000
<MD= 3>  Force calculation
  Force calculation #1
  Force calculation #2
  Force calculation #3
  Force calculation #4
  Force calculation #5
  Stress calculation #1
  Stress calculation #2
  Stress calculation #3
  Stress calculation #4
  Stress calculation #5
<MD= 3>  Total Energy
  Force calculation #6
  Force calculation #7

*******************************************************
                  Dipole moment (Debye)                 
*******************************************************

 Absolute D      519.25061849

                      Dx                Dy                Dz
 Total           -361.23375854     -361.23375411      -92.95994509
 Core             400.43531395      400.43531180      324.63347437
 Electron        -761.66907248     -761.66906591     -417.59341946
 Back ground       -0.00000000       -0.00000000       -0.00000000

*******************************************************
               Stress tensor (Hartree/bohr^3)            
*******************************************************

      -0.00000021       -0.00000321        0.00000000 
      -0.00000321       -0.00000021        0.00000000 
       0.00000000        0.00000000       -0.00000117 

*******************************************************
                Total Energy (Hartree) at MD = 3        
*******************************************************

  Uele  =     -42.211890782671

  Ukin  =     203.437162615550
  UH0   =   -2703.969521995451
  UH1   =       0.004900129623
  Una   =    -149.420281366122
  Unl   =     -47.912651920691
  Uxc0  =     -25.237069822801
  Uxc1  =     -25.237069822801
  Ucore =    2464.177245892925
  Uhub  =       0.000000000000
  Ucs   =       0.000000000000
  Uzs   =       0.000000000000
  Uzo   =       0.000000000000
  Uef   =       0.000000000000
  UvdW  =       0.000000000000
  Uch   =       0.000000000000
  Utot  =    -284.157286289768

  UpV   =       0.000000000000
  Enpy  =    -284.157286289768
  Note:

  Uele:   band energy
  Ukin:   kinetic energy
  UH0:    electric part of screened Coulomb energy
  UH1:    difference electron-electron Coulomb energy
  Una:    neutral atom potential energy
  Unl:    non-local potential energy
  Uxc0:   exchange-correlation energy for alpha spin
  Uxc1:   exchange-correlation energy for beta spin
  Ucore:  core-core Coulomb energy
  Uhub:   LDA+U energy
  Ucs:    constraint energy for spin orientation
  Uzs:    Zeeman term for spin magnetic moment
  Uzo:    Zeeman term for orbital magnetic moment
  Uef:    electric energy by electric field
  UvdW:   semi-empirical vdW energy 
  Uch:    penalty term to create a core hole
  UpV:    pressure times volume
  Enpy:   Enthalpy = Utot + UpV
  (see also PRB 72, 045121(2005) for the energy contributions)


*******************************************************
           Computational times (s) at MD = 3            
*******************************************************

  DFT in total      =   30.30342

  Set_OLP_Kin       =    1.10277
  Set_Nonlocal      =    1.15966
  Set_ProExpn_VNA   =    2.94887
  Set_Hamiltonian   =    1.64591
  Poisson           =    0.00176
  diagonalization   =   18.42492
  Mixing_DM         =    0.00616
  Force             =    1.95847
  Total_Energy      =    0.40644
  Set_Aden_Grid     =    0.00713
  Set_Orbitals_Grid =    0.09946
  Set_Density_Grid  =    0.63044
  RestartFileDFT    =    0.00290
  Mulliken_Charge   =    0.00115
  FFT(2D)_Density   =    0.00207

The SCF was achieved at MD=   3

*******************************************************
             MD or geometry opt. at MD = 3              
*******************************************************

<Steepest_Descent>  SD_scaling= 1.259817197253
<Steepest_Descent>  |Maximum force| (Hartree/Bohr) = 0.001021667656
<Steepest_Descent>  Criterion       (Hartree/Bohr) = 0.000100000000

  atom=  1, XYZ(ang) Fxyz(a.u.)=   0.0000   -0.0000   -0.0000    -0.0000    0.0000    0.0000
  atom=  2, XYZ(ang) Fxyz(a.u.)=   2.9774    2.9774    1.6092     0.0000   -0.0000    0.0000
  atom=  3, XYZ(ang) Fxyz(a.u.)=  -0.0075    2.9849    0.8066     0.0000   -0.0000   -0.0010
  atom=  4, XYZ(ang) Fxyz(a.u.)=   2.9849   -0.0075    2.4118     0.0000    0.0000    0.0010

*******************************************************
        Analysis of neighbors and setting of grids        
*******************************************************


*******************************************************
  Allocation of atoms to processors at MD_iter=    4     
*******************************************************

 proc =   0  # of atoms=   1  estimated weight=         1.00000
 proc =   1  # of atoms=   1  estimated weight=         1.00000
 proc =   2  # of atoms=   1  estimated weight=         1.00000
 proc =   3  # of atoms=   1  estimated weight=         1.00000
 proc =   4  # of atoms=   0  estimated weight=         0.00000
 proc =   5  # of atoms=   0  estimated weight=         0.00000
 proc =   6  # of atoms=   0  estimated weight=         0.00000
 proc =   7  # of atoms=   0  estimated weight=         0.00000
 proc =   8  # of atoms=   0  estimated weight=         0.00000
 proc =   9  # of atoms=   0  estimated weight=         0.00000
 proc =  10  # of atoms=   0  estimated weight=         0.00000
 proc =  11  # of atoms=   0  estimated weight=         0.00000
 proc =  12  # of atoms=   0  estimated weight=         0.00000
 proc =  13  # of atoms=   0  estimated weight=         0.00000
 proc =  14  # of atoms=   0  estimated weight=         0.00000
 proc =  15  # of atoms=   0  estimated weight=         0.00000



TFNAN=     256   Average FNAN=  64.00000
TSNAN=       0   Average SNAN=   0.00000
<truncation> CpyCell= 3 ct_AN=   1 FNAN SNAN  64   0
<truncation> CpyCell= 3 ct_AN=   2 FNAN SNAN  64   0
<truncation> CpyCell= 3 ct_AN=   3 FNAN SNAN  64   0
<truncation> CpyCell= 3 ct_AN=   4 FNAN SNAN  64   0
<UCell_Box> Info. of cutoff energy and num. of grids
lattice vectors (bohr)
A  = 11.281295655248, -0.028203239138,  0.000000000000
B  = -0.028203239138, 11.281295655248,  0.000000000000
C  =  0.000000000000,  0.000000000000,  6.081931916162
reciprocal lattice vectors (bohr^-1)
RA =  0.556959481370,  0.001392398703, -0.000000000000
RB =  0.001392398703,  0.556959481370, -0.000000000000
RC = -0.000000000000, -0.000000000000,  1.033090372236
Required cutoff energy (Ryd) for 3D-grids = 200.0000
    Used cutoff energy (Ryd) for 3D-grids = 193.8786, 193.8786, 194.5110
Num. of grids of a-, b-, and c-axes = 50, 50, 27
Cell_Volume =    774.028233187484 (Bohr^3)
GridVol     =      0.011467084936 (Bohr^3)
Cell vectors (bohr) of the grid cell (gtv)
  gtv_a =  0.225625913105, -0.000564064783,  0.000000000000
  gtv_b = -0.000564064783,  0.225625913105,  0.000000000000
  gtv_c =  0.000000000000,  0.000000000000,  0.225256737636
  |gtv_a| =  0.225626618185
  |gtv_b| =  0.225626618185
  |gtv_c| =  0.225256737636
Num. of grids overlapping with atom    1 = 125175
Num. of grids overlapping with atom    2 = 125274
Num. of grids overlapping with atom    3 = 125262
Num. of grids overlapping with atom    4 = 125262

*******************************************************
             SCF calculation at MD = 4                
*******************************************************

<MD= 4>  Calculation of the overlap matrix
<MD= 4>  Calculation of the nonlocal matrix
<MD= 4>  Calculation of the VNA projector matrix

******************* MD= 4  SCF= 1 *******************
<Restart>  Found restart files
<Poisson>  Poisson's equation using FFT...
<Band>  Solving the eigenvalue problem...
 KGrids1:  -0.45833  -0.37500  -0.29167  -0.20833  -0.12500  -0.04167   0.04167   0.12500   0.20833   0.29167   0.37500   0.45833 
 KGrids2:  -0.45833  -0.37500  -0.29167  -0.20833  -0.12500  -0.04167   0.04167   0.12500   0.20833   0.29167   0.37500   0.45833 
 KGrids3:  -0.47500  -0.42500  -0.37500  -0.32500  -0.27500  -0.22500  -0.17500  -0.12500  -0.07500  -0.02500   0.02500   0.07500   0.12500   0.17500   0.22500   0.27500   0.32500   0.37500   0.42500   0.47500 
<Band_DFT>  Eigen, time=0.740363
<Band_DFT>  DM, time=2.041747
    1   Sn  MulP   7.0000  7.0000 sum  14.0000
    2   Sn  MulP   7.0000  7.0000 sum  14.0001
    3   Sn  MulP   7.0000  7.0000 sum  14.0000
    4   Sn  MulP   7.0000  7.0000 sum  14.0000
 Sum of MulP: up   =    28.00000 down          =    28.00000
              total=    56.00000 ideal(neutral)=    56.00000
<DFT>  Total Spin Moment (muB) =  0.000000000000
<DFT>  Mixing_weight= 0.400000000000
<DFT>  Uele   =  -42.211893277976  dUele     =   1.000000000000
<DFT>  NormRD =    1.000000000000  Criterion =   0.000000100000

******************* MD= 4  SCF= 2 *******************
<Poisson>  Poisson's equation using FFT...
<Set_Hamiltonian>  Hamiltonian matrix for VNA+dVH+Vxc...
<Band>  Solving the eigenvalue problem...
 KGrids1:  -0.45833  -0.37500  -0.29167  -0.20833  -0.12500  -0.04167   0.04167   0.12500   0.20833   0.29167   0.37500   0.45833 
 KGrids2:  -0.45833  -0.37500  -0.29167  -0.20833  -0.12500  -0.04167   0.04167   0.12500   0.20833   0.29167   0.37500   0.45833 
 KGrids3:  -0.47500  -0.42500  -0.37500  -0.32500  -0.27500  -0.22500  -0.17500  -0.12500  -0.07500  -0.02500   0.02500   0.07500   0.12500   0.17500   0.22500   0.27500   0.32500   0.37500   0.42500   0.47500 
<Band_DFT>  Eigen, time=0.743678
<Band_DFT>  DM, time=1.732135
    1   Sn  MulP   7.0000  7.0000 sum  14.0000
    2   Sn  MulP   7.0000  7.0000 sum  14.0000
    3   Sn  MulP   7.0000  7.0000 sum  14.0000
    4   Sn  MulP   7.0000  7.0000 sum  14.0000
 Sum of MulP: up   =    28.00000 down          =    28.00000
              total=    56.00000 ideal(neutral)=    56.00000
<DFT>  Total Spin Moment (muB) =  0.000000000000
<DFT>  Mixing_weight= 0.400000000000
<DFT>  Uele   =  -42.211885344909  dUele     =   0.000007933067
<DFT>  NormRD =    0.000237119102  Criterion =   0.000000100000

******************* MD= 4  SCF= 3 *******************
<Poisson>  Poisson's equation using FFT...
<Set_Hamiltonian>  Hamiltonian matrix for VNA+dVH+Vxc...
<Band>  Solving the eigenvalue problem...
 KGrids1:  -0.45833  -0.37500  -0.29167  -0.20833  -0.12500  -0.04167   0.04167   0.12500   0.20833   0.29167   0.37500   0.45833 
 KGrids2:  -0.45833  -0.37500  -0.29167  -0.20833  -0.12500  -0.04167   0.04167   0.12500   0.20833   0.29167   0.37500   0.45833 
 KGrids3:  -0.47500  -0.42500  -0.37500  -0.32500  -0.27500  -0.22500  -0.17500  -0.12500  -0.07500  -0.02500   0.02500   0.07500   0.12500   0.17500   0.22500   0.27500   0.32500   0.37500   0.42500   0.47500 
<Band_DFT>  Eigen, time=0.777579
<Band_DFT>  DM, time=1.451491
    1   Sn  MulP   7.0000  7.0000 sum  14.0001
    2   Sn  MulP   7.0000  7.0000 sum  14.0000
    3   Sn  MulP   7.0000  7.0000 sum  14.0000
    4   Sn  MulP   7.0000  7.0000 sum  14.0000
 Sum of MulP: up   =    28.00000 down          =    28.00000
              total=    56.00000 ideal(neutral)=    56.00000
<DFT>  Total Spin Moment (muB) =  0.000000000000
<DFT>  Mixing_weight= 0.040000000000
<DFT>  Uele   =  -42.211880521031  dUele     =   0.000004823878
<DFT>  NormRD =    0.000161320616  Criterion =   0.000000100000

******************* MD= 4  SCF= 4 *******************
<Poisson>  Poisson's equation using FFT...
<Set_Hamiltonian>  Hamiltonian matrix for VNA+dVH+Vxc...
<Band>  Solving the eigenvalue problem...
 KGrids1:  -0.45833  -0.37500  -0.29167  -0.20833  -0.12500  -0.04167   0.04167   0.12500   0.20833   0.29167   0.37500   0.45833 
 KGrids2:  -0.45833  -0.37500  -0.29167  -0.20833  -0.12500  -0.04167   0.04167   0.12500   0.20833   0.29167   0.37500   0.45833 
 KGrids3:  -0.47500  -0.42500  -0.37500  -0.32500  -0.27500  -0.22500  -0.17500  -0.12500  -0.07500  -0.02500   0.02500   0.07500   0.12500   0.17500   0.22500   0.27500   0.32500   0.37500   0.42500   0.47500 
<Band_DFT>  Eigen, time=0.511095
<Band_DFT>  DM, time=1.817350
    1   Sn  MulP   7.0000  7.0000 sum  14.0001
    2   Sn  MulP   7.0000  7.0000 sum  14.0000
    3   Sn  MulP   7.0000  7.0000 sum  14.0000
    4   Sn  MulP   7.0000  7.0000 sum  14.0000
 Sum of MulP: up   =    28.00000 down          =    28.00000
              total=    56.00000 ideal(neutral)=    56.00000
<DFT>  Total Spin Moment (muB) =  0.000000000000
<DFT>  Mixing_weight= 0.040000000000
<DFT>  Uele   =  -42.211872645175  dUele     =   0.000007875857
<DFT>  NormRD =    0.000015707031  Criterion =   0.000000100000

******************* MD= 4  SCF= 5 *******************
<Poisson>  Poisson's equation using FFT...
<Set_Hamiltonian>  Hamiltonian matrix for VNA+dVH+Vxc...
<Band>  Solving the eigenvalue problem...
 KGrids1:  -0.45833  -0.37500  -0.29167  -0.20833  -0.12500  -0.04167   0.04167   0.12500   0.20833   0.29167   0.37500   0.45833 
 KGrids2:  -0.45833  -0.37500  -0.29167  -0.20833  -0.12500  -0.04167   0.04167   0.12500   0.20833   0.29167   0.37500   0.45833 
 KGrids3:  -0.47500  -0.42500  -0.37500  -0.32500  -0.27500  -0.22500  -0.17500  -0.12500  -0.07500  -0.02500   0.02500   0.07500   0.12500   0.17500   0.22500   0.27500   0.32500   0.37500   0.42500   0.47500 
<Band_DFT>  Eigen, time=0.516916
<Band_DFT>  DM, time=1.457904
    1   Sn  MulP   7.0000  7.0000 sum  14.0001
    2   Sn  MulP   7.0000  7.0000 sum  14.0000
    3   Sn  MulP   7.0000  7.0000 sum  14.0000
    4   Sn  MulP   7.0000  7.0000 sum  14.0000
 Sum of MulP: up   =    28.00000 down          =    28.00000
              total=    56.00000 ideal(neutral)=    56.00000
<DFT>  Total Spin Moment (muB) =  0.000000000000
<DFT>  Mixing_weight= 0.040000000000
<DFT>  Uele   =  -42.211872928385  dUele     =   0.000000283211
<DFT>  NormRD =    0.000006659827  Criterion =   0.000000100000

******************* MD= 4  SCF= 6 *******************
<Poisson>  Poisson's equation using FFT...
<Set_Hamiltonian>  Hamiltonian matrix for VNA+dVH+Vxc...
<Band>  Solving the eigenvalue problem...
 KGrids1:  -0.45833  -0.37500  -0.29167  -0.20833  -0.12500  -0.04167   0.04167   0.12500   0.20833   0.29167   0.37500   0.45833 
 KGrids2:  -0.45833  -0.37500  -0.29167  -0.20833  -0.12500  -0.04167   0.04167   0.12500   0.20833   0.29167   0.37500   0.45833 
 KGrids3:  -0.47500  -0.42500  -0.37500  -0.32500  -0.27500  -0.22500  -0.17500  -0.12500  -0.07500  -0.02500   0.02500   0.07500   0.12500   0.17500   0.22500   0.27500   0.32500   0.37500   0.42500   0.47500 
<Band_DFT>  Eigen, time=0.745413
<Band_DFT>  DM, time=2.026492
    1   Sn  MulP   7.0000  7.0000 sum  14.0001
    2   Sn  MulP   7.0000  7.0000 sum  14.0000
    3   Sn  MulP   7.0000  7.0000 sum  14.0000
    4   Sn  MulP   7.0000  7.0000 sum  14.0000
 Sum of MulP: up   =    28.00000 down          =    28.00000
              total=    56.00000 ideal(neutral)=    56.00000
<DFT>  Total Spin Moment (muB) =  0.000000000000
<DFT>  Mixing_weight= 0.040000000000
<DFT>  Uele   =  -42.211873072499  dUele     =   0.000000144114
<DFT>  NormRD =    0.000009120825  Criterion =   0.000000100000

******************* MD= 4  SCF= 7 *******************
<Poisson>  Poisson's equation using FFT...
<Set_Hamiltonian>  Hamiltonian matrix for VNA+dVH+Vxc...
<Band>  Solving the eigenvalue problem...
 KGrids1:  -0.45833  -0.37500  -0.29167  -0.20833  -0.12500  -0.04167   0.04167   0.12500   0.20833   0.29167   0.37500   0.45833 
 KGrids2:  -0.45833  -0.37500  -0.29167  -0.20833  -0.12500  -0.04167   0.04167   0.12500   0.20833   0.29167   0.37500   0.45833 
 KGrids3:  -0.47500  -0.42500  -0.37500  -0.32500  -0.27500  -0.22500  -0.17500  -0.12500  -0.07500  -0.02500   0.02500   0.07500   0.12500   0.17500   0.22500   0.27500   0.32500   0.37500   0.42500   0.47500 
<Band_DFT>  Eigen, time=0.793540
<Band_DFT>  DM, time=1.986374
    1   Sn  MulP   7.0000  7.0000 sum  14.0001
    2   Sn  MulP   7.0000  7.0000 sum  14.0000
    3   Sn  MulP   7.0000  7.0000 sum  14.0000
    4   Sn  MulP   7.0000  7.0000 sum  14.0000
 Sum of MulP: up   =    28.00000 down          =    28.00000
              total=    56.00000 ideal(neutral)=    56.00000
<DFT>  Total Spin Moment (muB) =  0.000000000000
<DFT>  Mixing_weight= 0.040000000000
<DFT>  Uele   =  -42.211873112157  dUele     =   0.000000039658
<DFT>  NormRD =    0.000000422010  Criterion =   0.000000100000
<MD= 4>  Force calculation
  Force calculation #1
  Force calculation #2
  Force calculation #3
  Force calculation #4
  Force calculation #5
  Stress calculation #1
  Stress calculation #2
  Stress calculation #3
  Stress calculation #4
  Stress calculation #5
<MD= 4>  Total Energy
  Force calculation #6
  Force calculation #7

*******************************************************
                  Dipole moment (Debye)                 
*******************************************************

 Absolute D      519.25189412

                      Dx                Dy                Dz
 Total           -361.23374169     -361.23374252      -92.96718067
 Core             400.43531255      400.43531210      324.63347415
 Electron        -761.66905424     -761.66905462     -417.60065482
 Back ground       -0.00000000       -0.00000000       -0.00000000

*******************************************************
               Stress tensor (Hartree/bohr^3)            
*******************************************************

      -0.00000011       -0.00000321        0.00000000 
      -0.00000321       -0.00000011        0.00000000 
       0.00000000        0.00000000       -0.00000086 

*******************************************************
                Total Energy (Hartree) at MD = 4        
*******************************************************

  Uele  =     -42.211873112157

  Ukin  =     203.437220253835
  UH0   =   -2703.969487505959
  UH1   =       0.004900034754
  Una   =    -149.420310217281
  Unl   =     -47.912676653386
  Uxc0  =     -25.237073905576
  Uxc1  =     -25.237073905576
  Ucore =    2464.177211434258
  Uhub  =       0.000000000000
  Ucs   =       0.000000000000
  Uzs   =       0.000000000000
  Uzo   =       0.000000000000
  Uef   =       0.000000000000
  UvdW  =       0.000000000000
  Uch   =       0.000000000000
  Utot  =    -284.157290464930

  UpV   =       0.000000000000
  Enpy  =    -284.157290464930
  Note:

  Uele:   band energy
  Ukin:   kinetic energy
  UH0:    electric part of screened Coulomb energy
  UH1:    difference electron-electron Coulomb energy
  Una:    neutral atom potential energy
  Unl:    non-local potential energy
  Uxc0:   exchange-correlation energy for alpha spin
  Uxc1:   exchange-correlation energy for beta spin
  Ucore:  core-core Coulomb energy
  Uhub:   LDA+U energy
  Ucs:    constraint energy for spin orientation
  Uzs:    Zeeman term for spin magnetic moment
  Uzo:    Zeeman term for orbital magnetic moment
  Uef:    electric energy by electric field
  UvdW:   semi-empirical vdW energy 
  Uch:    penalty term to create a core hole
  UpV:    pressure times volume
  Enpy:   Enthalpy = Utot + UpV
  (see also PRB 72, 045121(2005) for the energy contributions)


*******************************************************
           Computational times (s) at MD = 4            
*******************************************************

  DFT in total      =   30.05644

  Set_OLP_Kin       =    0.69956
  Set_Nonlocal      =    1.46310
  Set_ProExpn_VNA   =    2.95785
  Set_Hamiltonian   =    1.72998
  Poisson           =    0.00156
  diagonalization   =   17.79856
  Mixing_DM         =    0.00534
  Force             =    2.28650
  Total_Energy      =    0.40301
  Set_Aden_Grid     =    0.00727
  Set_Orbitals_Grid =    0.10043
  Set_Density_Grid  =    0.63785
  RestartFileDFT    =    0.00489
  Mulliken_Charge   =    0.00115
  FFT(2D)_Density   =    0.00197

The SCF was achieved at MD=   4

*******************************************************
             MD or geometry opt. at MD = 4              
*******************************************************

<Steepest_Descent>  SD_scaling= 1.259817197253
<Steepest_Descent>  |Maximum force| (Hartree/Bohr) = 0.001057498849
<Steepest_Descent>  Criterion       (Hartree/Bohr) = 0.000100000000

  atom=  1, XYZ(ang) Fxyz(a.u.)=   0.0000   -0.0000   -0.0000    -0.0000   -0.0000    0.0000
  atom=  2, XYZ(ang) Fxyz(a.u.)=   2.9774    2.9774    1.6092    -0.0000   -0.0000    0.0000
  atom=  3, XYZ(ang) Fxyz(a.u.)=  -0.0075    2.9849    0.8073     0.0000   -0.0000   -0.0011
  atom=  4, XYZ(ang) Fxyz(a.u.)=   2.9849   -0.0075    2.4111     0.0000   -0.0000    0.0011

*******************************************************
        Analysis of neighbors and setting of grids        
*******************************************************


*******************************************************
  Allocation of atoms to processors at MD_iter=    5     
*******************************************************

 proc =   0  # of atoms=   1  estimated weight=         1.00000
 proc =   1  # of atoms=   1  estimated weight=         1.00000
 proc =   2  # of atoms=   1  estimated weight=         1.00000
 proc =   3  # of atoms=   1  estimated weight=         1.00000
 proc =   4  # of atoms=   0  estimated weight=         0.00000
 proc =   5  # of atoms=   0  estimated weight=         0.00000
 proc =   6  # of atoms=   0  estimated weight=         0.00000
 proc =   7  # of atoms=   0  estimated weight=         0.00000
 proc =   8  # of atoms=   0  estimated weight=         0.00000
 proc =   9  # of atoms=   0  estimated weight=         0.00000
 proc =  10  # of atoms=   0  estimated weight=         0.00000
 proc =  11  # of atoms=   0  estimated weight=         0.00000
 proc =  12  # of atoms=   0  estimated weight=         0.00000
 proc =  13  # of atoms=   0  estimated weight=         0.00000
 proc =  14  # of atoms=   0  estimated weight=         0.00000
 proc =  15  # of atoms=   0  estimated weight=         0.00000



TFNAN=     256   Average FNAN=  64.00000
TSNAN=       0   Average SNAN=   0.00000
<truncation> CpyCell= 3 ct_AN=   1 FNAN SNAN  64   0
<truncation> CpyCell= 3 ct_AN=   2 FNAN SNAN  64   0
<truncation> CpyCell= 3 ct_AN=   3 FNAN SNAN  64   0
<truncation> CpyCell= 3 ct_AN=   4 FNAN SNAN  64   0
<UCell_Box> Info. of cutoff energy and num. of grids
lattice vectors (bohr)
A  = 11.281295655248, -0.028203239138,  0.000000000000
B  = -0.028203239138, 11.281295655248,  0.000000000000
C  =  0.000000000000,  0.000000000000,  6.081931916162
reciprocal lattice vectors (bohr^-1)
RA =  0.556959481370,  0.001392398703, -0.000000000000
RB =  0.001392398703,  0.556959481370, -0.000000000000
RC = -0.000000000000, -0.000000000000,  1.033090372236
Required cutoff energy (Ryd) for 3D-grids = 200.0000
    Used cutoff energy (Ryd) for 3D-grids = 193.8786, 193.8786, 194.5110
Num. of grids of a-, b-, and c-axes = 50, 50, 27
Cell_Volume =    774.028233187484 (Bohr^3)
GridVol     =      0.011467084936 (Bohr^3)
Cell vectors (bohr) of the grid cell (gtv)
  gtv_a =  0.225625913105, -0.000564064783,  0.000000000000
  gtv_b = -0.000564064783,  0.225625913105,  0.000000000000
  gtv_c =  0.000000000000,  0.000000000000,  0.225256737636
  |gtv_a| =  0.225626618185
  |gtv_b| =  0.225626618185
  |gtv_c| =  0.225256737636
Num. of grids overlapping with atom    1 = 125175
Num. of grids overlapping with atom    2 = 125274
Num. of grids overlapping with atom    3 = 125256
Num. of grids overlapping with atom    4 = 125256

*******************************************************
             SCF calculation at MD = 5                
*******************************************************

<MD= 5>  Calculation of the overlap matrix
<MD= 5>  Calculation of the nonlocal matrix
<MD= 5>  Calculation of the VNA projector matrix

******************* MD= 5  SCF= 1 *******************
<Restart>  Found restart files
<Poisson>  Poisson's equation using FFT...
<Band>  Solving the eigenvalue problem...
 KGrids1:  -0.45833  -0.37500  -0.29167  -0.20833  -0.12500  -0.04167   0.04167   0.12500   0.20833   0.29167   0.37500   0.45833 
 KGrids2:  -0.45833  -0.37500  -0.29167  -0.20833  -0.12500  -0.04167   0.04167   0.12500   0.20833   0.29167   0.37500   0.45833 
 KGrids3:  -0.47500  -0.42500  -0.37500  -0.32500  -0.27500  -0.22500  -0.17500  -0.12500  -0.07500  -0.02500   0.02500   0.07500   0.12500   0.17500   0.22500   0.27500   0.32500   0.37500   0.42500   0.47500 
<Band_DFT>  Eigen, time=0.637142
<Band_DFT>  DM, time=1.867666
    1   Sn  MulP   7.0000  7.0000 sum  14.0000
    2   Sn  MulP   7.0000  7.0000 sum  14.0001
    3   Sn  MulP   7.0000  7.0000 sum  14.0000
    4   Sn  MulP   7.0000  7.0000 sum  14.0000
 Sum of MulP: up   =    28.00000 down          =    28.00000
              total=    56.00000 ideal(neutral)=    56.00000
<DFT>  Total Spin Moment (muB) =  0.000000000000
<DFT>  Mixing_weight= 0.400000000000
<DFT>  Uele   =  -42.211875445549  dUele     =   1.000000000000
<DFT>  NormRD =    1.000000000000  Criterion =   0.000000100000

******************* MD= 5  SCF= 2 *******************
<Poisson>  Poisson's equation using FFT...
<Set_Hamiltonian>  Hamiltonian matrix for VNA+dVH+Vxc...
<Band>  Solving the eigenvalue problem...
 KGrids1:  -0.45833  -0.37500  -0.29167  -0.20833  -0.12500  -0.04167   0.04167   0.12500   0.20833   0.29167   0.37500   0.45833 
 KGrids2:  -0.45833  -0.37500  -0.29167  -0.20833  -0.12500  -0.04167   0.04167   0.12500   0.20833   0.29167   0.37500   0.45833 
 KGrids3:  -0.47500  -0.42500  -0.37500  -0.32500  -0.27500  -0.22500  -0.17500  -0.12500  -0.07500  -0.02500   0.02500   0.07500   0.12500   0.17500   0.22500   0.27500   0.32500   0.37500   0.42500   0.47500 
<Band_DFT>  Eigen, time=0.788009
<Band_DFT>  DM, time=1.828861
    1   Sn  MulP   7.0000  7.0000 sum  14.0000
    2   Sn  MulP   7.0000  7.0000 sum  14.0001
    3   Sn  MulP   7.0000  7.0000 sum  14.0000
    4   Sn  MulP   7.0000  7.0000 sum  14.0000
 Sum of MulP: up   =    28.00000 down          =    28.00000
              total=    56.00000 ideal(neutral)=    56.00000
<DFT>  Total Spin Moment (muB) =  0.000000000000
<DFT>  Mixing_weight= 0.400000000000
<DFT>  Uele   =  -42.211867428897  dUele     =   0.000008016652
<DFT>  NormRD =    0.000244923504  Criterion =   0.000000100000

******************* MD= 5  SCF= 3 *******************
<Poisson>  Poisson's equation using FFT...
<Set_Hamiltonian>  Hamiltonian matrix for VNA+dVH+Vxc...
<Band>  Solving the eigenvalue problem...
 KGrids1:  -0.45833  -0.37500  -0.29167  -0.20833  -0.12500  -0.04167   0.04167   0.12500   0.20833   0.29167   0.37500   0.45833 
 KGrids2:  -0.45833  -0.37500  -0.29167  -0.20833  -0.12500  -0.04167   0.04167   0.12500   0.20833   0.29167   0.37500   0.45833 
 KGrids3:  -0.47500  -0.42500  -0.37500  -0.32500  -0.27500  -0.22500  -0.17500  -0.12500  -0.07500  -0.02500   0.02500   0.07500   0.12500   0.17500   0.22500   0.27500   0.32500   0.37500   0.42500   0.47500 
<Band_DFT>  Eigen, time=0.608280
<Band_DFT>  DM, time=1.470291
    1   Sn  MulP   7.0000  7.0000 sum  14.0000
    2   Sn  MulP   7.0000  7.0000 sum  14.0001
    3   Sn  MulP   7.0000  7.0000 sum  14.0000
    4   Sn  MulP   7.0000  7.0000 sum  14.0000
 Sum of MulP: up   =    28.00000 down          =    28.00000
              total=    56.00000 ideal(neutral)=    56.00000
<DFT>  Total Spin Moment (muB) =  0.000000000000
<DFT>  Mixing_weight= 0.040000000000
<DFT>  Uele   =  -42.211862555195  dUele     =   0.000004873702
<DFT>  NormRD =    0.000166654250  Criterion =   0.000000100000

******************* MD= 5  SCF= 4 *******************
<Poisson>  Poisson's equation using FFT...
<Set_Hamiltonian>  Hamiltonian matrix for VNA+dVH+Vxc...
<Band>  Solving the eigenvalue problem...
 KGrids1:  -0.45833  -0.37500  -0.29167  -0.20833  -0.12500  -0.04167   0.04167   0.12500   0.20833   0.29167   0.37500   0.45833 
 KGrids2:  -0.45833  -0.37500  -0.29167  -0.20833  -0.12500  -0.04167   0.04167   0.12500   0.20833   0.29167   0.37500   0.45833 
 KGrids3:  -0.47500  -0.42500  -0.37500  -0.32500  -0.27500  -0.22500  -0.17500  -0.12500  -0.07500  -0.02500   0.02500   0.07500   0.12500   0.17500   0.22500   0.27500   0.32500   0.37500   0.42500   0.47500 
<Band_DFT>  Eigen, time=0.517228
<Band_DFT>  DM, time=1.389283
    1   Sn  MulP   7.0000  7.0000 sum  14.0001
    2   Sn  MulP   7.0000  7.0000 sum  14.0000
    3   Sn  MulP   7.0000  7.0000 sum  14.0000
    4   Sn  MulP   7.0000  7.0000 sum  14.0000
 Sum of MulP: up   =    28.00000 down          =    28.00000
              total=    56.00000 ideal(neutral)=    56.00000
<DFT>  Total Spin Moment (muB) =  0.000000000000
<DFT>  Mixing_weight= 0.040000000000
<DFT>  Uele   =  -42.211854617063  dUele     =   0.000007938132
<DFT>  NormRD =    0.000016203220  Criterion =   0.000000100000

******************* MD= 5  SCF= 5 *******************
<Poisson>  Poisson's equation using FFT...
<Set_Hamiltonian>  Hamiltonian matrix for VNA+dVH+Vxc...
<Band>  Solving the eigenvalue problem...
 KGrids1:  -0.45833  -0.37500  -0.29167  -0.20833  -0.12500  -0.04167   0.04167   0.12500   0.20833   0.29167   0.37500   0.45833 
 KGrids2:  -0.45833  -0.37500  -0.29167  -0.20833  -0.12500  -0.04167   0.04167   0.12500   0.20833   0.29167   0.37500   0.45833 
 KGrids3:  -0.47500  -0.42500  -0.37500  -0.32500  -0.27500  -0.22500  -0.17500  -0.12500  -0.07500  -0.02500   0.02500   0.07500   0.12500   0.17500   0.22500   0.27500   0.32500   0.37500   0.42500   0.47500 
<Band_DFT>  Eigen, time=0.516770
<Band_DFT>  DM, time=1.388526
    1   Sn  MulP   7.0000  7.0000 sum  14.0001
    2   Sn  MulP   7.0000  7.0000 sum  14.0000
    3   Sn  MulP   7.0000  7.0000 sum  14.0000
    4   Sn  MulP   7.0000  7.0000 sum  14.0000
 Sum of MulP: up   =    28.00000 down          =    28.00000
              total=    56.00000 ideal(neutral)=    56.00000
<DFT>  Total Spin Moment (muB) =  0.000000000000
<DFT>  Mixing_weight= 0.040000000000
<DFT>  Uele   =  -42.211854898613  dUele     =   0.000000281550
<DFT>  NormRD =    0.000007007874  Criterion =   0.000000100000

******************* MD= 5  SCF= 6 *******************
<Poisson>  Poisson's equation using FFT...
<Set_Hamiltonian>  Hamiltonian matrix for VNA+dVH+Vxc...
<Band>  Solving the eigenvalue problem...
 KGrids1:  -0.45833  -0.37500  -0.29167  -0.20833  -0.12500  -0.04167   0.04167   0.12500   0.20833   0.29167   0.37500   0.45833 
 KGrids2:  -0.45833  -0.37500  -0.29167  -0.20833  -0.12500  -0.04167   0.04167   0.12500   0.20833   0.29167   0.37500   0.45833 
 KGrids3:  -0.47500  -0.42500  -0.37500  -0.32500  -0.27500  -0.22500  -0.17500  -0.12500  -0.07500  -0.02500   0.02500   0.07500   0.12500   0.17500   0.22500   0.27500   0.32500   0.37500   0.42500   0.47500 
<Band_DFT>  Eigen, time=0.679633
<Band_DFT>  DM, time=1.981969
    1   Sn  MulP   7.0000  7.0000 sum  14.0000
    2   Sn  MulP   7.0000  7.0000 sum  14.0000
    3   Sn  MulP   7.0000  7.0000 sum  14.0000
    4   Sn  MulP   7.0000  7.0000 sum  14.0000
 Sum of MulP: up   =    28.00000 down          =    28.00000
              total=    56.00000 ideal(neutral)=    56.00000
<DFT>  Total Spin Moment (muB) =  0.000000000000
<DFT>  Mixing_weight= 0.040000000000
<DFT>  Uele   =  -42.211855038435  dUele     =   0.000000139821
<DFT>  NormRD =    0.000009541411  Criterion =   0.000000100000

******************* MD= 5  SCF= 7 *******************
<Poisson>  Poisson's equation using FFT...
<Set_Hamiltonian>  Hamiltonian matrix for VNA+dVH+Vxc...
<Band>  Solving the eigenvalue problem...
 KGrids1:  -0.45833  -0.37500  -0.29167  -0.20833  -0.12500  -0.04167   0.04167   0.12500   0.20833   0.29167   0.37500   0.45833 
 KGrids2:  -0.45833  -0.37500  -0.29167  -0.20833  -0.12500  -0.04167   0.04167   0.12500   0.20833   0.29167   0.37500   0.45833 
 KGrids3:  -0.47500  -0.42500  -0.37500  -0.32500  -0.27500  -0.22500  -0.17500  -0.12500  -0.07500  -0.02500   0.02500   0.07500   0.12500   0.17500   0.22500   0.27500   0.32500   0.37500   0.42500   0.47500 
<Band_DFT>  Eigen, time=0.736939
<Band_DFT>  DM, time=2.031876
    1   Sn  MulP   7.0000  7.0000 sum  14.0001
    2   Sn  MulP   7.0000  7.0000 sum  14.0000
    3   Sn  MulP   7.0000  7.0000 sum  14.0000
    4   Sn  MulP   7.0000  7.0000 sum  14.0000
 Sum of MulP: up   =    28.00000 down          =    28.00000
              total=    56.00000 ideal(neutral)=    56.00000
<DFT>  Total Spin Moment (muB) =  0.000000000000
<DFT>  Mixing_weight= 0.040000000000
<DFT>  Uele   =  -42.211855080874  dUele     =   0.000000042439
<DFT>  NormRD =    0.000000442990  Criterion =   0.000000100000
<MD= 5>  Force calculation
  Force calculation #1
  Force calculation #2
  Force calculation #3
  Force calculation #4
  Force calculation #5
  Stress calculation #1
  Stress calculation #2
  Stress calculation #3
  Stress calculation #4
  Stress calculation #5
<MD= 5>  Total Energy
  Force calculation #6
  Force calculation #7

*******************************************************
                  Dipole moment (Debye)                 
*******************************************************

 Absolute D      519.25320630

                      Dx                Dy                Dz
 Total           -361.23373008     -361.23371944      -92.97464407
 Core             400.43531055      400.43531383      324.63347547
 Electron        -761.66904063     -761.66903327     -417.60811954
 Back ground       -0.00000000       -0.00000000       -0.00000000

*******************************************************
               Stress tensor (Hartree/bohr^3)            
*******************************************************

      -0.00000008       -0.00000320        0.00000000 
      -0.00000320       -0.00000008        0.00000000 
       0.00000000        0.00000000       -0.00000075 

*******************************************************
                Total Energy (Hartree) at MD = 5        
*******************************************************

  Uele  =     -42.211855080874

  Ukin  =     203.437279616759
  UH0   =   -2703.969436687869
  UH1   =       0.004899937996
  Una   =    -149.420339578636
  Unl   =     -47.912702535754
  Uxc0  =     -25.237077498261
  Uxc1  =     -25.237077498261
  Ucore =    2464.177160661562
  Uhub  =       0.000000000000
  Ucs   =       0.000000000000
  Uzs   =       0.000000000000
  Uzo   =       0.000000000000
  Uef   =       0.000000000000
  UvdW  =       0.000000000000
  Uch   =       0.000000000000
  Utot  =    -284.157293582465

  UpV   =       0.000000000000
  Enpy  =    -284.157293582465
  Note:

  Uele:   band energy
  Ukin:   kinetic energy
  UH0:    electric part of screened Coulomb energy
  UH1:    difference electron-electron Coulomb energy
  Una:    neutral atom potential energy
  Unl:    non-local potential energy
  Uxc0:   exchange-correlation energy for alpha spin
  Uxc1:   exchange-correlation energy for beta spin
  Ucore:  core-core Coulomb energy
  Uhub:   LDA+U energy
  Ucs:    constraint energy for spin orientation
  Uzs:    Zeeman term for spin magnetic moment
  Uzo:    Zeeman term for orbital magnetic moment
  Uef:    electric energy by electric field
  UvdW:   semi-empirical vdW energy 
  Uch:    penalty term to create a core hole
  UpV:    pressure times volume
  Enpy:   Enthalpy = Utot + UpV
  (see also PRB 72, 045121(2005) for the energy contributions)


*******************************************************
           Computational times (s) at MD = 5            
*******************************************************

  DFT in total      =   28.70004

  Set_OLP_Kin       =    0.70122
  Set_Nonlocal      =    1.36962
  Set_ProExpn_VNA   =    2.86822
  Set_Hamiltonian   =    1.76285
  Poisson           =    0.00109
  diagonalization   =   16.87754
  Mixing_DM         =    0.00518
  Force             =    1.92791
  Total_Energy      =    0.31565
  Set_Aden_Grid     =    0.00707
  Set_Orbitals_Grid =    0.10002
  Set_Density_Grid  =    0.62856
  RestartFileDFT    =    0.00305
  Mulliken_Charge   =    0.00115
  FFT(2D)_Density   =    0.00196

The SCF was achieved at MD=   5

*******************************************************
             MD or geometry opt. at MD = 5              
*******************************************************

<BFGS>  |Maximum force| (Hartree/Bohr) = 0.001058909778
<BFGS>  Criterion       (Hartree/Bohr) = 0.000100000000

     atom=   1, XYZ(ang) Fxyz(a.u.)=   0.0000    0.0000   -0.0000     0.0000   -0.0000    0.0000
     atom=   2, XYZ(ang) Fxyz(a.u.)=   2.9774    2.9774    1.6092    -0.0000   -0.0000    0.0000
     atom=   3, XYZ(ang) Fxyz(a.u.)=  -0.0075    2.9849    0.8078     0.0000   -0.0000   -0.0011
     atom=   4, XYZ(ang) Fxyz(a.u.)=   2.9849   -0.0075    2.4106     0.0000   -0.0000    0.0011

*******************************************************
        Analysis of neighbors and setting of grids        
*******************************************************


*******************************************************
  Allocation of atoms to processors at MD_iter=    6     
*******************************************************

 proc =   0  # of atoms=   1  estimated weight=         1.00000
 proc =   1  # of atoms=   1  estimated weight=         1.00000
 proc =   2  # of atoms=   1  estimated weight=         1.00000
 proc =   3  # of atoms=   1  estimated weight=         1.00000
 proc =   4  # of atoms=   0  estimated weight=         0.00000
 proc =   5  # of atoms=   0  estimated weight=         0.00000
 proc =   6  # of atoms=   0  estimated weight=         0.00000
 proc =   7  # of atoms=   0  estimated weight=         0.00000
 proc =   8  # of atoms=   0  estimated weight=         0.00000
 proc =   9  # of atoms=   0  estimated weight=         0.00000
 proc =  10  # of atoms=   0  estimated weight=         0.00000
 proc =  11  # of atoms=   0  estimated weight=         0.00000
 proc =  12  # of atoms=   0  estimated weight=         0.00000
 proc =  13  # of atoms=   0  estimated weight=         0.00000
 proc =  14  # of atoms=   0  estimated weight=         0.00000
 proc =  15  # of atoms=   0  estimated weight=         0.00000



TFNAN=     256   Average FNAN=  64.00000
TSNAN=       0   Average SNAN=   0.00000
<truncation> CpyCell= 3 ct_AN=   1 FNAN SNAN  64   0
<truncation> CpyCell= 3 ct_AN=   2 FNAN SNAN  64   0
<truncation> CpyCell= 3 ct_AN=   3 FNAN SNAN  64   0
<truncation> CpyCell= 3 ct_AN=   4 FNAN SNAN  64   0
<UCell_Box> Info. of cutoff energy and num. of grids
lattice vectors (bohr)
A  = 11.281295655248, -0.028203239138,  0.000000000000
B  = -0.028203239138, 11.281295655248,  0.000000000000
C  =  0.000000000000,  0.000000000000,  6.081931916162
reciprocal lattice vectors (bohr^-1)
RA =  0.556959481370,  0.001392398703, -0.000000000000
RB =  0.001392398703,  0.556959481370, -0.000000000000
RC = -0.000000000000, -0.000000000000,  1.033090372236
Required cutoff energy (Ryd) for 3D-grids = 200.0000
    Used cutoff energy (Ryd) for 3D-grids = 193.8786, 193.8786, 194.5110
Num. of grids of a-, b-, and c-axes = 50, 50, 27
Cell_Volume =    774.028233187484 (Bohr^3)
GridVol     =      0.011467084936 (Bohr^3)
Cell vectors (bohr) of the grid cell (gtv)
  gtv_a =  0.225625913105, -0.000564064783,  0.000000000000
  gtv_b = -0.000564064783,  0.225625913105,  0.000000000000
  gtv_c =  0.000000000000,  0.000000000000,  0.225256737636
  |gtv_a| =  0.225626618185
  |gtv_b| =  0.225626618185
  |gtv_c| =  0.225256737636
Num. of grids overlapping with atom    1 = 125175
Num. of grids overlapping with atom    2 = 125274
Num. of grids overlapping with atom    3 = 125260
Num. of grids overlapping with atom    4 = 125260

*******************************************************
             SCF calculation at MD = 6                
*******************************************************

<MD= 6>  Calculation of the overlap matrix
<MD= 6>  Calculation of the nonlocal matrix
<MD= 6>  Calculation of the VNA projector matrix

******************* MD= 6  SCF= 1 *******************
<Restart>  Found restart files
<Poisson>  Poisson's equation using FFT...
<Band>  Solving the eigenvalue problem...
 KGrids1:  -0.45833  -0.37500  -0.29167  -0.20833  -0.12500  -0.04167   0.04167   0.12500   0.20833   0.29167   0.37500   0.45833 
 KGrids2:  -0.45833  -0.37500  -0.29167  -0.20833  -0.12500  -0.04167   0.04167   0.12500   0.20833   0.29167   0.37500   0.45833 
 KGrids3:  -0.47500  -0.42500  -0.37500  -0.32500  -0.27500  -0.22500  -0.17500  -0.12500  -0.07500  -0.02500   0.02500   0.07500   0.12500   0.17500   0.22500   0.27500   0.32500   0.37500   0.42500   0.47500 
<Band_DFT>  Eigen, time=0.743278
<Band_DFT>  DM, time=2.045189
    1   Sn  MulP   7.0000  7.0000 sum  14.0000
    2   Sn  MulP   7.0000  7.0000 sum  14.0001
    3   Sn  MulP   7.0000  7.0000 sum  13.9999
    4   Sn  MulP   7.0000  7.0000 sum  13.9999
 Sum of MulP: up   =    28.00000 down          =    28.00000
              total=    56.00000 ideal(neutral)=    56.00000
<DFT>  Total Spin Moment (muB) =  0.000000000000
<DFT>  Mixing_weight= 0.400000000000
<DFT>  Uele   =  -42.211856963942  dUele     =   1.000000000000
<DFT>  NormRD =    1.000000000000  Criterion =   0.000000100000

******************* MD= 6  SCF= 2 *******************
<Poisson>  Poisson's equation using FFT...
<Set_Hamiltonian>  Hamiltonian matrix for VNA+dVH+Vxc...
<Band>  Solving the eigenvalue problem...
 KGrids1:  -0.45833  -0.37500  -0.29167  -0.20833  -0.12500  -0.04167   0.04167   0.12500   0.20833   0.29167   0.37500   0.45833 
 KGrids2:  -0.45833  -0.37500  -0.29167  -0.20833  -0.12500  -0.04167   0.04167   0.12500   0.20833   0.29167   0.37500   0.45833 
 KGrids3:  -0.47500  -0.42500  -0.37500  -0.32500  -0.27500  -0.22500  -0.17500  -0.12500  -0.07500  -0.02500   0.02500   0.07500   0.12500   0.17500   0.22500   0.27500   0.32500   0.37500   0.42500   0.47500 
<Band_DFT>  Eigen, time=0.742019
<Band_DFT>  DM, time=2.041516
    1   Sn  MulP   7.0000  7.0000 sum  14.0000
    2   Sn  MulP   7.0000  7.0000 sum  14.0001
    3   Sn  MulP   7.0000  7.0000 sum  13.9999
    4   Sn  MulP   7.0000  7.0000 sum  13.9999
 Sum of MulP: up   =    28.00000 down          =    28.00000
              total=    56.00000 ideal(neutral)=    56.00000
<DFT>  Total Spin Moment (muB) =  0.000000000000
<DFT>  Mixing_weight= 0.400000000000
<DFT>  Uele   =  -42.211850568609  dUele     =   0.000006395333
<DFT>  NormRD =    0.000194546615  Criterion =   0.000000100000

******************* MD= 6  SCF= 3 *******************
<Poisson>  Poisson's equation using FFT...
<Set_Hamiltonian>  Hamiltonian matrix for VNA+dVH+Vxc...
<Band>  Solving the eigenvalue problem...
 KGrids1:  -0.45833  -0.37500  -0.29167  -0.20833  -0.12500  -0.04167   0.04167   0.12500   0.20833   0.29167   0.37500   0.45833 
 KGrids2:  -0.45833  -0.37500  -0.29167  -0.20833  -0.12500  -0.04167   0.04167   0.12500   0.20833   0.29167   0.37500   0.45833 
 KGrids3:  -0.47500  -0.42500  -0.37500  -0.32500  -0.27500  -0.22500  -0.17500  -0.12500  -0.07500  -0.02500   0.02500   0.07500   0.12500   0.17500   0.22500   0.27500   0.32500   0.37500   0.42500   0.47500 
<Band_DFT>  Eigen, time=0.741787
<Band_DFT>  DM, time=2.037496
    1   Sn  MulP   7.0000  7.0000 sum  14.0000
    2   Sn  MulP   7.0000  7.0000 sum  14.0001
    3   Sn  MulP   7.0000  7.0000 sum  13.9999
    4   Sn  MulP   7.0000  7.0000 sum  13.9999
 Sum of MulP: up   =    28.00000 down          =    28.00000
              total=    56.00000 ideal(neutral)=    56.00000
<DFT>  Total Spin Moment (muB) =  0.000000000000
<DFT>  Mixing_weight= 0.040000000000
<DFT>  Uele   =  -42.211846685188  dUele     =   0.000003883421
<DFT>  NormRD =    0.000132362591  Criterion =   0.000000100000

******************* MD= 6  SCF= 4 *******************
<Poisson>  Poisson's equation using FFT...
<Set_Hamiltonian>  Hamiltonian matrix for VNA+dVH+Vxc...
<Band>  Solving the eigenvalue problem...
 KGrids1:  -0.45833  -0.37500  -0.29167  -0.20833  -0.12500  -0.04167   0.04167   0.12500   0.20833   0.29167   0.37500   0.45833 
 KGrids2:  -0.45833  -0.37500  -0.29167  -0.20833  -0.12500  -0.04167   0.04167   0.12500   0.20833   0.29167   0.37500   0.45833 
 KGrids3:  -0.47500  -0.42500  -0.37500  -0.32500  -0.27500  -0.22500  -0.17500  -0.12500  -0.07500  -0.02500   0.02500   0.07500   0.12500   0.17500   0.22500   0.27500   0.32500   0.37500   0.42500   0.47500 
<Band_DFT>  Eigen, time=0.744389
<Band_DFT>  DM, time=2.040971
    1   Sn  MulP   7.0000  7.0000 sum  14.0000
    2   Sn  MulP   7.0000  7.0000 sum  14.0001
    3   Sn  MulP   7.0000  7.0000 sum  13.9999
    4   Sn  MulP   7.0000  7.0000 sum  13.9999
 Sum of MulP: up   =    28.00000 down          =    28.00000
              total=    56.00000 ideal(neutral)=    56.00000
<DFT>  Total Spin Moment (muB) =  0.000000000000
<DFT>  Mixing_weight= 0.040000000000
<DFT>  Uele   =  -42.211840405412  dUele     =   0.000006279777
<DFT>  NormRD =    0.000012840976  Criterion =   0.000000100000

******************* MD= 6  SCF= 5 *******************
<Poisson>  Poisson's equation using FFT...
<Set_Hamiltonian>  Hamiltonian matrix for VNA+dVH+Vxc...
<Band>  Solving the eigenvalue problem...
 KGrids1:  -0.45833  -0.37500  -0.29167  -0.20833  -0.12500  -0.04167   0.04167   0.12500   0.20833   0.29167   0.37500   0.45833 
 KGrids2:  -0.45833  -0.37500  -0.29167  -0.20833  -0.12500  -0.04167   0.04167   0.12500   0.20833   0.29167   0.37500   0.45833 
 KGrids3:  -0.47500  -0.42500  -0.37500  -0.32500  -0.27500  -0.22500  -0.17500  -0.12500  -0.07500  -0.02500   0.02500   0.07500   0.12500   0.17500   0.22500   0.27500   0.32500   0.37500   0.42500   0.47500 
<Band_DFT>  Eigen, time=0.744155
<Band_DFT>  DM, time=2.041773
    1   Sn  MulP   7.0000  7.0000 sum  14.0000
    2   Sn  MulP   7.0000  7.0000 sum  14.0001
    3   Sn  MulP   7.0000  7.0000 sum  13.9999
    4   Sn  MulP   7.0000  7.0000 sum  13.9999
 Sum of MulP: up   =    28.00000 down          =    28.00000
              total=    56.00000 ideal(neutral)=    56.00000
<DFT>  Total Spin Moment (muB) =  0.000000000000
<DFT>  Mixing_weight= 0.040000000000
<DFT>  Uele   =  -42.211840614295  dUele     =   0.000000208883
<DFT>  NormRD =    0.000005582354  Criterion =   0.000000100000

******************* MD= 6  SCF= 6 *******************
<Poisson>  Poisson's equation using FFT...
<Set_Hamiltonian>  Hamiltonian matrix for VNA+dVH+Vxc...
<Band>  Solving the eigenvalue problem...
 KGrids1:  -0.45833  -0.37500  -0.29167  -0.20833  -0.12500  -0.04167   0.04167   0.12500   0.20833   0.29167   0.37500   0.45833 
 KGrids2:  -0.45833  -0.37500  -0.29167  -0.20833  -0.12500  -0.04167   0.04167   0.12500   0.20833   0.29167   0.37500   0.45833 
 KGrids3:  -0.47500  -0.42500  -0.37500  -0.32500  -0.27500  -0.22500  -0.17500  -0.12500  -0.07500  -0.02500   0.02500   0.07500   0.12500   0.17500   0.22500   0.27500   0.32500   0.37500   0.42500   0.47500 
<Band_DFT>  Eigen, time=0.743384
<Band_DFT>  DM, time=2.039945
    1   Sn  MulP   7.0000  7.0000 sum  14.0000
    2   Sn  MulP   7.0000  7.0000 sum  14.0001
    3   Sn  MulP   7.0000  7.0000 sum  13.9999
    4   Sn  MulP   7.0000  7.0000 sum  13.9999
 Sum of MulP: up   =    28.00000 down          =    28.00000
              total=    56.00000 ideal(neutral)=    56.00000
<DFT>  Total Spin Moment (muB) =  0.000000000000
<DFT>  Mixing_weight= 0.040000000000
<DFT>  Uele   =  -42.211840729760  dUele     =   0.000000115465
<DFT>  NormRD =    0.000007581664  Criterion =   0.000000100000

******************* MD= 6  SCF= 7 *******************
<Poisson>  Poisson's equation using FFT...
<Set_Hamiltonian>  Hamiltonian matrix for VNA+dVH+Vxc...
<Band>  Solving the eigenvalue problem...
 KGrids1:  -0.45833  -0.37500  -0.29167  -0.20833  -0.12500  -0.04167   0.04167   0.12500   0.20833   0.29167   0.37500   0.45833 
 KGrids2:  -0.45833  -0.37500  -0.29167  -0.20833  -0.12500  -0.04167   0.04167   0.12500   0.20833   0.29167   0.37500   0.45833 
 KGrids3:  -0.47500  -0.42500  -0.37500  -0.32500  -0.27500  -0.22500  -0.17500  -0.12500  -0.07500  -0.02500   0.02500   0.07500   0.12500   0.17500   0.22500   0.27500   0.32500   0.37500   0.42500   0.47500 
<Band_DFT>  Eigen, time=0.740976
<Band_DFT>  DM, time=2.038426
    1   Sn  MulP   7.0000  7.0000 sum  14.0000
    2   Sn  MulP   7.0000  7.0000 sum  14.0001
    3   Sn  MulP   7.0000  7.0000 sum  13.9999
    4   Sn  MulP   7.0000  7.0000 sum  13.9999
 Sum of MulP: up   =    28.00000 down          =    28.00000
              total=    56.00000 ideal(neutral)=    56.00000
<DFT>  Total Spin Moment (muB) =  0.000000000000
<DFT>  Mixing_weight= 0.040000000000
<DFT>  Uele   =  -42.211840765972  dUele     =   0.000000036212
<DFT>  NormRD =    0.000000355036  Criterion =   0.000000100000
<MD= 6>  Force calculation
  Force calculation #1
  Force calculation #2
  Force calculation #3
  Force calculation #4
  Force calculation #5
  Stress calculation #1
  Stress calculation #2
  Stress calculation #3
  Stress calculation #4
  Stress calculation #5
<MD= 6>  Total Energy
  Force calculation #6
  Force calculation #7

*******************************************************
                  Dipole moment (Debye)                 
*******************************************************

 Absolute D      519.25424663

                      Dx                Dy                Dz
 Total           -361.23372381     -361.23369850      -92.98055976
 Core             400.43530939      400.43531622      324.63347654
 Electron        -761.66903320     -761.66901473     -417.61403630
 Back ground       -0.00000000       -0.00000000       -0.00000000

*******************************************************
               Stress tensor (Hartree/bohr^3)            
*******************************************************

      -0.00000008       -0.00000319        0.00000000 
      -0.00000319       -0.00000008        0.00000000 
       0.00000000        0.00000000       -0.00000066 

*******************************************************
                Total Energy (Hartree) at MD = 6        
*******************************************************

  Uele  =     -42.211840765972

  Ukin  =     203.437325960347
  UH0   =   -2703.969385326301
  UH1   =       0.004899860746
  Una   =    -149.420362734687
  Unl   =     -47.912722484773
  Uxc0  =     -25.237080387870
  Uxc1  =     -25.237080387870
  Ucore =    2464.177109345870
  Uhub  =       0.000000000000
  Ucs   =       0.000000000000
  Uzs   =       0.000000000000
  Uzo   =       0.000000000000
  Uef   =       0.000000000000
  UvdW  =       0.000000000000
  Uch   =       0.000000000000
  Utot  =    -284.157296154539

  UpV   =       0.000000000000
  Enpy  =    -284.157296154539
  Note:

  Uele:   band energy
  Ukin:   kinetic energy
  UH0:    electric part of screened Coulomb energy
  UH1:    difference electron-electron Coulomb energy
  Una:    neutral atom potential energy
  Unl:    non-local potential energy
  Uxc0:   exchange-correlation energy for alpha spin
  Uxc1:   exchange-correlation energy for beta spin
  Ucore:  core-core Coulomb energy
  Uhub:   LDA+U energy
  Ucs:    constraint energy for spin orientation
  Uzs:    Zeeman term for spin magnetic moment
  Uzo:    Zeeman term for orbital magnetic moment
  Uef:    electric energy by electric field
  UvdW:   semi-empirical vdW energy 
  Uch:    penalty term to create a core hole
  UpV:    pressure times volume
  Enpy:   Enthalpy = Utot + UpV
  (see also PRB 72, 045121(2005) for the energy contributions)


*******************************************************
           Computational times (s) at MD = 6            
*******************************************************

  DFT in total      =   30.56361

  Set_OLP_Kin       =    0.69510
  Set_Nonlocal      =    0.95522
  Set_ProExpn_VNA   =    2.45856
  Set_Hamiltonian   =    1.59898
  Poisson           =    0.00134
  diagonalization   =   19.86679
  Mixing_DM         =    0.00554
  Force             =    2.09955
  Total_Energy      =    0.40763
  Set_Aden_Grid     =    0.00711
  Set_Orbitals_Grid =    0.09840
  Set_Density_Grid  =    0.61432
  RestartFileDFT    =    0.00312
  Mulliken_Charge   =    0.00108
  FFT(2D)_Density   =    0.00206

The SCF was achieved at MD=   6

*******************************************************
             MD or geometry opt. at MD = 6              
*******************************************************

<BFGS>  |Maximum force| (Hartree/Bohr) = 0.000991748351
<BFGS>  Criterion       (Hartree/Bohr) = 0.000100000000

     atom=   1, XYZ(ang) Fxyz(a.u.)=   0.0000    0.0000   -0.0000    -0.0000   -0.0000    0.0000
     atom=   2, XYZ(ang) Fxyz(a.u.)=   2.9774    2.9774    1.6092     0.0000    0.0000    0.0000
     atom=   3, XYZ(ang) Fxyz(a.u.)=  -0.0075    2.9849    0.8161     0.0000   -0.0000   -0.0010
     atom=   4, XYZ(ang) Fxyz(a.u.)=   2.9849   -0.0075    2.4023     0.0000   -0.0000    0.0010

*******************************************************
        Analysis of neighbors and setting of grids        
*******************************************************


*******************************************************
  Allocation of atoms to processors at MD_iter=    7     
*******************************************************

 proc =   0  # of atoms=   1  estimated weight=         1.00000
 proc =   1  # of atoms=   1  estimated weight=         1.00000
 proc =   2  # of atoms=   1  estimated weight=         1.00000
 proc =   3  # of atoms=   1  estimated weight=         1.00000
 proc =   4  # of atoms=   0  estimated weight=         0.00000
 proc =   5  # of atoms=   0  estimated weight=         0.00000
 proc =   6  # of atoms=   0  estimated weight=         0.00000
 proc =   7  # of atoms=   0  estimated weight=         0.00000
 proc =   8  # of atoms=   0  estimated weight=         0.00000
 proc =   9  # of atoms=   0  estimated weight=         0.00000
 proc =  10  # of atoms=   0  estimated weight=         0.00000
 proc =  11  # of atoms=   0  estimated weight=         0.00000
 proc =  12  # of atoms=   0  estimated weight=         0.00000
 proc =  13  # of atoms=   0  estimated weight=         0.00000
 proc =  14  # of atoms=   0  estimated weight=         0.00000
 proc =  15  # of atoms=   0  estimated weight=         0.00000



TFNAN=     256   Average FNAN=  64.00000
TSNAN=       0   Average SNAN=   0.00000
<truncation> CpyCell= 3 ct_AN=   1 FNAN SNAN  64   0
<truncation> CpyCell= 3 ct_AN=   2 FNAN SNAN  64   0
<truncation> CpyCell= 3 ct_AN=   3 FNAN SNAN  64   0
<truncation> CpyCell= 3 ct_AN=   4 FNAN SNAN  64   0
<UCell_Box> Info. of cutoff energy and num. of grids
lattice vectors (bohr)
A  = 11.281295655248, -0.028203239138,  0.000000000000
B  = -0.028203239138, 11.281295655248,  0.000000000000
C  =  0.000000000000,  0.000000000000,  6.081931916162
reciprocal lattice vectors (bohr^-1)
RA =  0.556959481370,  0.001392398703, -0.000000000000
RB =  0.001392398703,  0.556959481370, -0.000000000000
RC = -0.000000000000, -0.000000000000,  1.033090372236
Required cutoff energy (Ryd) for 3D-grids = 200.0000
    Used cutoff energy (Ryd) for 3D-grids = 193.8786, 193.8786, 194.5110
Num. of grids of a-, b-, and c-axes = 50, 50, 27
Cell_Volume =    774.028233187484 (Bohr^3)
GridVol     =      0.011467084936 (Bohr^3)
Cell vectors (bohr) of the grid cell (gtv)
  gtv_a =  0.225625913105, -0.000564064783,  0.000000000000
  gtv_b = -0.000564064783,  0.225625913105,  0.000000000000
  gtv_c =  0.000000000000,  0.000000000000,  0.225256737636
  |gtv_a| =  0.225626618185
  |gtv_b| =  0.225626618185
  |gtv_c| =  0.225256737636
Num. of grids overlapping with atom    1 = 125175
Num. of grids overlapping with atom    2 = 125274
Num. of grids overlapping with atom    3 = 125214
Num. of grids overlapping with atom    4 = 125214

*******************************************************
             SCF calculation at MD = 7                
*******************************************************

<MD= 7>  Calculation of the overlap matrix
<MD= 7>  Calculation of the nonlocal matrix
<MD= 7>  Calculation of the VNA projector matrix

******************* MD= 7  SCF= 1 *******************
<Restart>  Found restart files
<Poisson>  Poisson's equation using FFT...
<Band>  Solving the eigenvalue problem...
 KGrids1:  -0.45833  -0.37500  -0.29167  -0.20833  -0.12500  -0.04167   0.04167   0.12500   0.20833   0.29167   0.37500   0.45833 
 KGrids2:  -0.45833  -0.37500  -0.29167  -0.20833  -0.12500  -0.04167   0.04167   0.12500   0.20833   0.29167   0.37500   0.45833 
 KGrids3:  -0.47500  -0.42500  -0.37500  -0.32500  -0.27500  -0.22500  -0.17500  -0.12500  -0.07500  -0.02500   0.02500   0.07500   0.12500   0.17500   0.22500   0.27500   0.32500   0.37500   0.42500   0.47500 
<Band_DFT>  Eigen, time=0.788593
<Band_DFT>  DM, time=1.754416
    1   Sn  MulP   6.9998  6.9998 sum  13.9995
    2   Sn  MulP   7.0004  7.0004 sum  14.0008
    3   Sn  MulP   6.9999  6.9999 sum  13.9998
    4   Sn  MulP   6.9999  6.9999 sum  13.9998
 Sum of MulP: up   =    28.00000 down          =    28.00000
              total=    56.00000 ideal(neutral)=    56.00000
<DFT>  Total Spin Moment (muB) =  0.000000000000
<DFT>  Mixing_weight= 0.400000000000
<DFT>  Uele   =  -42.211861155610  dUele     =   1.000000000000
<DFT>  NormRD =    1.000000000000  Criterion =   0.000000100000

******************* MD= 7  SCF= 2 *******************
<Poisson>  Poisson's equation using FFT...
<Set_Hamiltonian>  Hamiltonian matrix for VNA+dVH+Vxc...
<Band>  Solving the eigenvalue problem...
 KGrids1:  -0.45833  -0.37500  -0.29167  -0.20833  -0.12500  -0.04167   0.04167   0.12500   0.20833   0.29167   0.37500   0.45833 
 KGrids2:  -0.45833  -0.37500  -0.29167  -0.20833  -0.12500  -0.04167   0.04167   0.12500   0.20833   0.29167   0.37500   0.45833 
 KGrids3:  -0.47500  -0.42500  -0.37500  -0.32500  -0.27500  -0.22500  -0.17500  -0.12500  -0.07500  -0.02500   0.02500   0.07500   0.12500   0.17500   0.22500   0.27500   0.32500   0.37500   0.42500   0.47500 
<Band_DFT>  Eigen, time=0.741089
<Band_DFT>  DM, time=1.911020
    1   Sn  MulP   6.9999  6.9999 sum  13.9997
    2   Sn  MulP   7.0003  7.0003 sum  14.0006
    3   Sn  MulP   6.9999  6.9999 sum  13.9998
    4   Sn  MulP   6.9999  6.9999 sum  13.9998
 Sum of MulP: up   =    28.00000 down          =    28.00000
              total=    56.00000 ideal(neutral)=    56.00000
<DFT>  Total Spin Moment (muB) =  0.000000000000
<DFT>  Mixing_weight= 0.400000000000
<DFT>  Uele   =  -42.211793771958  dUele     =   0.000067383651
<DFT>  NormRD =    0.002893121993  Criterion =   0.000000100000

******************* MD= 7  SCF= 3 *******************
<Poisson>  Poisson's equation using FFT...
<Set_Hamiltonian>  Hamiltonian matrix for VNA+dVH+Vxc...
<Band>  Solving the eigenvalue problem...
 KGrids1:  -0.45833  -0.37500  -0.29167  -0.20833  -0.12500  -0.04167   0.04167   0.12500   0.20833   0.29167   0.37500   0.45833 
 KGrids2:  -0.45833  -0.37500  -0.29167  -0.20833  -0.12500  -0.04167   0.04167   0.12500   0.20833   0.29167   0.37500   0.45833 
 KGrids3:  -0.47500  -0.42500  -0.37500  -0.32500  -0.27500  -0.22500  -0.17500  -0.12500  -0.07500  -0.02500   0.02500   0.07500   0.12500   0.17500   0.22500   0.27500   0.32500   0.37500   0.42500   0.47500 
<Band_DFT>  Eigen, time=0.727867
<Band_DFT>  DM, time=1.807158
    1   Sn  MulP   6.9999  6.9999 sum  13.9998
    2   Sn  MulP   7.0002  7.0002 sum  14.0005
    3   Sn  MulP   6.9999  6.9999 sum  13.9998
    4   Sn  MulP   6.9999  6.9999 sum  13.9998
 Sum of MulP: up   =    28.00000 down          =    28.00000
              total=    56.00000 ideal(neutral)=    56.00000
<DFT>  Total Spin Moment (muB) =  0.000000000000
<DFT>  Mixing_weight= 0.040000000000
<DFT>  Uele   =  -42.211753413740  dUele     =   0.000040358219
<DFT>  NormRD =    0.001962546219  Criterion =   0.000000100000

******************* MD= 7  SCF= 4 *******************
<Poisson>  Poisson's equation using FFT...
<Set_Hamiltonian>  Hamiltonian matrix for VNA+dVH+Vxc...
<Band>  Solving the eigenvalue problem...
 KGrids1:  -0.45833  -0.37500  -0.29167  -0.20833  -0.12500  -0.04167   0.04167   0.12500   0.20833   0.29167   0.37500   0.45833 
 KGrids2:  -0.45833  -0.37500  -0.29167  -0.20833  -0.12500  -0.04167   0.04167   0.12500   0.20833   0.29167   0.37500   0.45833 
 KGrids3:  -0.47500  -0.42500  -0.37500  -0.32500  -0.27500  -0.22500  -0.17500  -0.12500  -0.07500  -0.02500   0.02500   0.07500   0.12500   0.17500   0.22500   0.27500   0.32500   0.37500   0.42500   0.47500 
<Band_DFT>  Eigen, time=0.643030
<Band_DFT>  DM, time=1.385412
    1   Sn  MulP   7.0000  7.0000 sum  13.9999
    2   Sn  MulP   7.0002  7.0002 sum  14.0004
    3   Sn  MulP   6.9999  6.9999 sum  13.9999
    4   Sn  MulP   6.9999  6.9999 sum  13.9999
 Sum of MulP: up   =    28.00000 down          =    28.00000
              total=    56.00000 ideal(neutral)=    56.00000
<DFT>  Total Spin Moment (muB) =  0.000000000000
<DFT>  Mixing_weight= 0.040000000000
<DFT>  Uele   =  -42.211692729538  dUele     =   0.000060684202
<DFT>  NormRD =    0.000191671266  Criterion =   0.000000100000

******************* MD= 7  SCF= 5 *******************
<Poisson>  Poisson's equation using FFT...
<Set_Hamiltonian>  Hamiltonian matrix for VNA+dVH+Vxc...
<Band>  Solving the eigenvalue problem...
 KGrids1:  -0.45833  -0.37500  -0.29167  -0.20833  -0.12500  -0.04167   0.04167   0.12500   0.20833   0.29167   0.37500   0.45833 
 KGrids2:  -0.45833  -0.37500  -0.29167  -0.20833  -0.12500  -0.04167   0.04167   0.12500   0.20833   0.29167   0.37500   0.45833 
 KGrids3:  -0.47500  -0.42500  -0.37500  -0.32500  -0.27500  -0.22500  -0.17500  -0.12500  -0.07500  -0.02500   0.02500   0.07500   0.12500   0.17500   0.22500   0.27500   0.32500   0.37500   0.42500   0.47500 
<Band_DFT>  Eigen, time=0.797002
<Band_DFT>  DM, time=1.763458
    1   Sn  MulP   7.0000  7.0000 sum  13.9999
    2   Sn  MulP   7.0002  7.0002 sum  14.0004
    3   Sn  MulP   6.9999  6.9999 sum  13.9998
    4   Sn  MulP   6.9999  6.9999 sum  13.9998
 Sum of MulP: up   =    28.00000 down          =    28.00000
              total=    56.00000 ideal(neutral)=    56.00000
<DFT>  Total Spin Moment (muB) =  0.000000000000
<DFT>  Mixing_weight= 0.040000000000
<DFT>  Uele   =  -42.211696842733  dUele     =   0.000004113195
<DFT>  NormRD =    0.000070257752  Criterion =   0.000000100000

******************* MD= 7  SCF= 6 *******************
<Poisson>  Poisson's equation using FFT...
<Set_Hamiltonian>  Hamiltonian matrix for VNA+dVH+Vxc...
<Band>  Solving the eigenvalue problem...
 KGrids1:  -0.45833  -0.37500  -0.29167  -0.20833  -0.12500  -0.04167   0.04167   0.12500   0.20833   0.29167   0.37500   0.45833 
 KGrids2:  -0.45833  -0.37500  -0.29167  -0.20833  -0.12500  -0.04167   0.04167   0.12500   0.20833   0.29167   0.37500   0.45833 
 KGrids3:  -0.47500  -0.42500  -0.37500  -0.32500  -0.27500  -0.22500  -0.17500  -0.12500  -0.07500  -0.02500   0.02500   0.07500   0.12500   0.17500   0.22500   0.27500   0.32500   0.37500   0.42500   0.47500 
<Band_DFT>  Eigen, time=0.739213
<Band_DFT>  DM, time=1.806162
    1   Sn  MulP   7.0000  7.0000 sum  13.9999
    2   Sn  MulP   7.0002  7.0002 sum  14.0004
    3   Sn  MulP   6.9999  6.9999 sum  13.9999
    4   Sn  MulP   6.9999  6.9999 sum  13.9999
 Sum of MulP: up   =    28.00000 down          =    28.00000
              total=    56.00000 ideal(neutral)=    56.00000
<DFT>  Total Spin Moment (muB) =  0.000000000000
<DFT>  Mixing_weight= 0.040000000000
<DFT>  Uele   =  -42.211697455551  dUele     =   0.000000612818
<DFT>  NormRD =    0.000040488693  Criterion =   0.000000100000

******************* MD= 7  SCF= 7 *******************
<Poisson>  Poisson's equation using FFT...
<Set_Hamiltonian>  Hamiltonian matrix for VNA+dVH+Vxc...
<Band>  Solving the eigenvalue problem...
 KGrids1:  -0.45833  -0.37500  -0.29167  -0.20833  -0.12500  -0.04167   0.04167   0.12500   0.20833   0.29167   0.37500   0.45833 
 KGrids2:  -0.45833  -0.37500  -0.29167  -0.20833  -0.12500  -0.04167   0.04167   0.12500   0.20833   0.29167   0.37500   0.45833 
 KGrids3:  -0.47500  -0.42500  -0.37500  -0.32500  -0.27500  -0.22500  -0.17500  -0.12500  -0.07500  -0.02500   0.02500   0.07500   0.12500   0.17500   0.22500   0.27500   0.32500   0.37500   0.42500   0.47500 
<Band_DFT>  Eigen, time=0.736897
<Band_DFT>  DM, time=1.799693
    1   Sn  MulP   7.0000  7.0000 sum  13.9999
    2   Sn  MulP   7.0002  7.0002 sum  14.0004
    3   Sn  MulP   6.9999  6.9999 sum  13.9999
    4   Sn  MulP   6.9999  6.9999 sum  13.9999
 Sum of MulP: up   =    28.00000 down          =    28.00000
              total=    56.00000 ideal(neutral)=    56.00000
<DFT>  Total Spin Moment (muB) =  0.000000000000
<DFT>  Mixing_weight= 0.040000000000
<DFT>  Uele   =  -42.211697132339  dUele     =   0.000000323212
<DFT>  NormRD =    0.000017426071  Criterion =   0.000000100000

******************* MD= 7  SCF= 8 *******************
<Poisson>  Poisson's equation using FFT...
<Set_Hamiltonian>  Hamiltonian matrix for VNA+dVH+Vxc...
<Band>  Solving the eigenvalue problem...
 KGrids1:  -0.45833  -0.37500  -0.29167  -0.20833  -0.12500  -0.04167   0.04167   0.12500   0.20833   0.29167   0.37500   0.45833 
 KGrids2:  -0.45833  -0.37500  -0.29167  -0.20833  -0.12500  -0.04167   0.04167   0.12500   0.20833   0.29167   0.37500   0.45833 
 KGrids3:  -0.47500  -0.42500  -0.37500  -0.32500  -0.27500  -0.22500  -0.17500  -0.12500  -0.07500  -0.02500   0.02500   0.07500   0.12500   0.17500   0.22500   0.27500   0.32500   0.37500   0.42500   0.47500 
<Band_DFT>  Eigen, time=0.732895
<Band_DFT>  DM, time=1.629344
    1   Sn  MulP   7.0000  7.0000 sum  13.9999
    2   Sn  MulP   7.0002  7.0002 sum  14.0004
    3   Sn  MulP   6.9999  6.9999 sum  13.9998
    4   Sn  MulP   6.9999  6.9999 sum  13.9998
 Sum of MulP: up   =    28.00000 down          =    28.00000
              total=    56.00000 ideal(neutral)=    56.00000
<DFT>  Total Spin Moment (muB) =  0.000000000000
<DFT>  Mixing_weight= 0.040000000000
<DFT>  Uele   =  -42.211696856255  dUele     =   0.000000276084
<DFT>  NormRD =    0.000004072638  Criterion =   0.000000100000

******************* MD= 7  SCF= 9 *******************
<Poisson>  Poisson's equation using FFT...
<Set_Hamiltonian>  Hamiltonian matrix for VNA+dVH+Vxc...
<Band>  Solving the eigenvalue problem...
 KGrids1:  -0.45833  -0.37500  -0.29167  -0.20833  -0.12500  -0.04167   0.04167   0.12500   0.20833   0.29167   0.37500   0.45833 
 KGrids2:  -0.45833  -0.37500  -0.29167  -0.20833  -0.12500  -0.04167   0.04167   0.12500   0.20833   0.29167   0.37500   0.45833 
 KGrids3:  -0.47500  -0.42500  -0.37500  -0.32500  -0.27500  -0.22500  -0.17500  -0.12500  -0.07500  -0.02500   0.02500   0.07500   0.12500   0.17500   0.22500   0.27500   0.32500   0.37500   0.42500   0.47500 
<Band_DFT>  Eigen, time=0.740648
<Band_DFT>  DM, time=1.523666
    1   Sn  MulP   7.0000  7.0000 sum  13.9999
    2   Sn  MulP   7.0002  7.0002 sum  14.0004
    3   Sn  MulP   6.9999  6.9999 sum  13.9999
    4   Sn  MulP   6.9999  6.9999 sum  13.9998
 Sum of MulP: up   =    28.00000 down          =    28.00000
              total=    56.00000 ideal(neutral)=    56.00000
<DFT>  Total Spin Moment (muB) =  0.000000000000
<DFT>  Mixing_weight= 0.040000000000
<DFT>  Uele   =  -42.211696857886  dUele     =   0.000000001631
<DFT>  NormRD =    0.000001964746  Criterion =   0.000000100000
<MD= 7>  Force calculation
  Force calculation #1
  Force calculation #2
  Force calculation #3
  Force calculation #4
  Force calculation #5
  Stress calculation #1
  Stress calculation #2
  Stress calculation #3
  Stress calculation #4
  Stress calculation #5
<MD= 7>  Total Energy
  Force calculation #6
  Force calculation #7

*******************************************************
                  Dipole moment (Debye)                 
*******************************************************

 Absolute D      519.26955456

                      Dx                Dy                Dz
 Total           -361.23371378     -361.23356562      -93.06656432
 Core             400.43528587      400.43533692      324.63345210
 Electron        -761.66899965     -761.66890254     -417.70001642
 Back ground       -0.00000000       -0.00000000       -0.00000000

*******************************************************
               Stress tensor (Hartree/bohr^3)            
*******************************************************

       0.00000010       -0.00000303        0.00000000 
      -0.00000303        0.00000010        0.00000000 
       0.00000000        0.00000000       -0.00000045 

*******************************************************
                Total Energy (Hartree) at MD = 7        
*******************************************************

  Uele  =     -42.211696857886

  Ukin  =     203.438017482746
  UH0   =   -2703.967494384490
  UH1   =       0.004898936446
  Una   =    -149.420709562943
  Unl   =     -47.913016013832
  Uxc0  =     -25.237113762742
  Uxc1  =     -25.237113762742
  Ucore =    2464.175220099046
  Uhub  =       0.000000000000
  Ucs   =       0.000000000000
  Uzs   =       0.000000000000
  Uzo   =       0.000000000000
  Uef   =       0.000000000000
  UvdW  =       0.000000000000
  Uch   =       0.000000000000
  Utot  =    -284.157310968510

  UpV   =       0.000000000000
  Enpy  =    -284.157310968510
  Note:

  Uele:   band energy
  Ukin:   kinetic energy
  UH0:    electric part of screened Coulomb energy
  UH1:    difference electron-electron Coulomb energy
  Una:    neutral atom potential energy
  Unl:    non-local potential energy
  Uxc0:   exchange-correlation energy for alpha spin
  Uxc1:   exchange-correlation energy for beta spin
  Ucore:  core-core Coulomb energy
  Uhub:   LDA+U energy
  Ucs:    constraint energy for spin orientation
  Uzs:    Zeeman term for spin magnetic moment
  Uzo:    Zeeman term for orbital magnetic moment
  Uef:    electric energy by electric field
  UvdW:   semi-empirical vdW energy 
  Uch:    penalty term to create a core hole
  UpV:    pressure times volume
  Enpy:   Enthalpy = Utot + UpV
  (see also PRB 72, 045121(2005) for the energy contributions)


*******************************************************
           Computational times (s) at MD = 7            
*******************************************************

  DFT in total      =   35.53586

  Set_OLP_Kin       =    0.76250
  Set_Nonlocal      =    1.31479
  Set_ProExpn_VNA   =    3.29961
  Set_Hamiltonian   =    2.31339
  Poisson           =    0.00188
  diagonalization   =   22.53380
  Mixing_DM         =    0.00659
  Force             =    2.03054
  Total_Energy      =    0.40778
  Set_Aden_Grid     =    0.00777
  Set_Orbitals_Grid =    0.17282
  Set_Density_Grid  =    0.82757
  RestartFileDFT    =    0.00304
  Mulliken_Charge   =    0.00141
  FFT(2D)_Density   =    0.00230

The SCF was achieved at MD=   7

*******************************************************
             MD or geometry opt. at MD = 7              
*******************************************************

<BFGS>  |Maximum force| (Hartree/Bohr) = 0.001014594239
<BFGS>  Criterion       (Hartree/Bohr) = 0.000100000000

     atom=   1, XYZ(ang) Fxyz(a.u.)=   0.0000    0.0000   -0.0000     0.0000   -0.0000   -0.0000
     atom=   2, XYZ(ang) Fxyz(a.u.)=   2.9774    2.9774    1.6092    -0.0000   -0.0000   -0.0000
     atom=   3, XYZ(ang) Fxyz(a.u.)=  -0.0075    2.9849    0.8431     0.0000    0.0000   -0.0010
     atom=   4, XYZ(ang) Fxyz(a.u.)=   2.9849   -0.0075    2.3754    -0.0000    0.0000    0.0010

*******************************************************
        Analysis of neighbors and setting of grids        
*******************************************************


*******************************************************
  Allocation of atoms to processors at MD_iter=    8     
*******************************************************

 proc =   0  # of atoms=   1  estimated weight=         1.00000
 proc =   1  # of atoms=   1  estimated weight=         1.00000
 proc =   2  # of atoms=   1  estimated weight=         1.00000
 proc =   3  # of atoms=   1  estimated weight=         1.00000
 proc =   4  # of atoms=   0  estimated weight=         0.00000
 proc =   5  # of atoms=   0  estimated weight=         0.00000
 proc =   6  # of atoms=   0  estimated weight=         0.00000
 proc =   7  # of atoms=   0  estimated weight=         0.00000
 proc =   8  # of atoms=   0  estimated weight=         0.00000
 proc =   9  # of atoms=   0  estimated weight=         0.00000
 proc =  10  # of atoms=   0  estimated weight=         0.00000
 proc =  11  # of atoms=   0  estimated weight=         0.00000
 proc =  12  # of atoms=   0  estimated weight=         0.00000
 proc =  13  # of atoms=   0  estimated weight=         0.00000
 proc =  14  # of atoms=   0  estimated weight=         0.00000
 proc =  15  # of atoms=   0  estimated weight=         0.00000



TFNAN=     256   Average FNAN=  64.00000
TSNAN=       0   Average SNAN=   0.00000
<truncation> CpyCell= 3 ct_AN=   1 FNAN SNAN  64   0
<truncation> CpyCell= 3 ct_AN=   2 FNAN SNAN  64   0
<truncation> CpyCell= 3 ct_AN=   3 FNAN SNAN  64   0
<truncation> CpyCell= 3 ct_AN=   4 FNAN SNAN  64   0
<UCell_Box> Info. of cutoff energy and num. of grids
lattice vectors (bohr)
A  = 11.281295655248, -0.028203239138,  0.000000000000
B  = -0.028203239138, 11.281295655248,  0.000000000000
C  =  0.000000000000,  0.000000000000,  6.081931916162
reciprocal lattice vectors (bohr^-1)
RA =  0.556959481370,  0.001392398703, -0.000000000000
RB =  0.001392398703,  0.556959481370, -0.000000000000
RC = -0.000000000000, -0.000000000000,  1.033090372236
Required cutoff energy (Ryd) for 3D-grids = 200.0000
    Used cutoff energy (Ryd) for 3D-grids = 193.8786, 193.8786, 194.5110
Num. of grids of a-, b-, and c-axes = 50, 50, 27
Cell_Volume =    774.028233187484 (Bohr^3)
GridVol     =      0.011467084936 (Bohr^3)
Cell vectors (bohr) of the grid cell (gtv)
  gtv_a =  0.225625913105, -0.000564064783,  0.000000000000
  gtv_b = -0.000564064783,  0.225625913105,  0.000000000000
  gtv_c =  0.000000000000,  0.000000000000,  0.225256737636
  |gtv_a| =  0.225626618185
  |gtv_b| =  0.225626618185
  |gtv_c| =  0.225256737636
Num. of grids overlapping with atom    1 = 125175
Num. of grids overlapping with atom    2 = 125274
Num. of grids overlapping with atom    3 = 125127
Num. of grids overlapping with atom    4 = 125127

*******************************************************
             SCF calculation at MD = 8                
*******************************************************

<MD= 8>  Calculation of the overlap matrix
<MD= 8>  Calculation of the nonlocal matrix
<MD= 8>  Calculation of the VNA projector matrix

******************* MD= 8  SCF= 1 *******************
<Restart>  Found restart files
<Poisson>  Poisson's equation using FFT...
<Band>  Solving the eigenvalue problem...
 KGrids1:  -0.45833  -0.37500  -0.29167  -0.20833  -0.12500  -0.04167   0.04167   0.12500   0.20833   0.29167   0.37500   0.45833 
 KGrids2:  -0.45833  -0.37500  -0.29167  -0.20833  -0.12500  -0.04167   0.04167   0.12500   0.20833   0.29167   0.37500   0.45833 
 KGrids3:  -0.47500  -0.42500  -0.37500  -0.32500  -0.27500  -0.22500  -0.17500  -0.12500  -0.07500  -0.02500   0.02500   0.07500   0.12500   0.17500   0.22500   0.27500   0.32500   0.37500   0.42500   0.47500 
<Band_DFT>  Eigen, time=0.783180
<Band_DFT>  DM, time=1.989266
    1   Sn  MulP   6.9991  6.9991 sum  13.9982
    2   Sn  MulP   7.0015  7.0015 sum  14.0029
    3   Sn  MulP   6.9997  6.9997 sum  13.9995
    4   Sn  MulP   6.9997  6.9997 sum  13.9995
 Sum of MulP: up   =    28.00000 down          =    28.00000
              total=    56.00000 ideal(neutral)=    56.00000
<DFT>  Total Spin Moment (muB) =  0.000000000000
<DFT>  Mixing_weight= 0.400000000000
<DFT>  Uele   =  -42.211405777983  dUele     =   1.000000000000
<DFT>  NormRD =    1.000000000000  Criterion =   0.000000100000

******************* MD= 8  SCF= 2 *******************
<Poisson>  Poisson's equation using FFT...
<Set_Hamiltonian>  Hamiltonian matrix for VNA+dVH+Vxc...
<Band>  Solving the eigenvalue problem...
 KGrids1:  -0.45833  -0.37500  -0.29167  -0.20833  -0.12500  -0.04167   0.04167   0.12500   0.20833   0.29167   0.37500   0.45833 
 KGrids2:  -0.45833  -0.37500  -0.29167  -0.20833  -0.12500  -0.04167   0.04167   0.12500   0.20833   0.29167   0.37500   0.45833 
 KGrids3:  -0.47500  -0.42500  -0.37500  -0.32500  -0.27500  -0.22500  -0.17500  -0.12500  -0.07500  -0.02500   0.02500   0.07500   0.12500   0.17500   0.22500   0.27500   0.32500   0.37500   0.42500   0.47500 
<Band_DFT>  Eigen, time=0.791882
<Band_DFT>  DM, time=1.987030
    1   Sn  MulP   6.9994  6.9994 sum  13.9988
    2   Sn  MulP   7.0011  7.0011 sum  14.0022
    3   Sn  MulP   6.9997  6.9997 sum  13.9995
    4   Sn  MulP   6.9997  6.9997 sum  13.9995
 Sum of MulP: up   =    28.00000 down          =    28.00000
              total=    56.00000 ideal(neutral)=    56.00000
<DFT>  Total Spin Moment (muB) =  0.000000000000
<DFT>  Mixing_weight= 0.400000000000
<DFT>  Uele   =  -42.211472334004  dUele     =   0.000066556021
<DFT>  NormRD =    0.009563932552  Criterion =   0.000000100000

******************* MD= 8  SCF= 3 *******************
<Poisson>  Poisson's equation using FFT...
<Set_Hamiltonian>  Hamiltonian matrix for VNA+dVH+Vxc...
<Band>  Solving the eigenvalue problem...
 KGrids1:  -0.45833  -0.37500  -0.29167  -0.20833  -0.12500  -0.04167   0.04167   0.12500   0.20833   0.29167   0.37500   0.45833 
 KGrids2:  -0.45833  -0.37500  -0.29167  -0.20833  -0.12500  -0.04167   0.04167   0.12500   0.20833   0.29167   0.37500   0.45833 
 KGrids3:  -0.47500  -0.42500  -0.37500  -0.32500  -0.27500  -0.22500  -0.17500  -0.12500  -0.07500  -0.02500   0.02500   0.07500   0.12500   0.17500   0.22500   0.27500   0.32500   0.37500   0.42500   0.47500 
<Band_DFT>  Eigen, time=0.790922
<Band_DFT>  DM, time=1.987533
    1   Sn  MulP   6.9996  6.9996 sum  13.9991
    2   Sn  MulP   7.0009  7.0009 sum  14.0019
    3   Sn  MulP   6.9997  6.9997 sum  13.9995
    4   Sn  MulP   6.9997  6.9997 sum  13.9995
 Sum of MulP: up   =    28.00000 down          =    28.00000
              total=    56.00000 ideal(neutral)=    56.00000
<DFT>  Total Spin Moment (muB) =  0.000000000000
<DFT>  Mixing_weight= 0.040000000000
<DFT>  Uele   =  -42.211519522364  dUele     =   0.000047188361
<DFT>  NormRD =    0.006444850191  Criterion =   0.000000100000

******************* MD= 8  SCF= 4 *******************
<Poisson>  Poisson's equation using FFT...
<Set_Hamiltonian>  Hamiltonian matrix for VNA+dVH+Vxc...
<Band>  Solving the eigenvalue problem...
 KGrids1:  -0.45833  -0.37500  -0.29167  -0.20833  -0.12500  -0.04167   0.04167   0.12500   0.20833   0.29167   0.37500   0.45833 
 KGrids2:  -0.45833  -0.37500  -0.29167  -0.20833  -0.12500  -0.04167   0.04167   0.12500   0.20833   0.29167   0.37500   0.45833 
 KGrids3:  -0.47500  -0.42500  -0.37500  -0.32500  -0.27500  -0.22500  -0.17500  -0.12500  -0.07500  -0.02500   0.02500   0.07500   0.12500   0.17500   0.22500   0.27500   0.32500   0.37500   0.42500   0.47500 
<Band_DFT>  Eigen, time=0.789674
<Band_DFT>  DM, time=1.990064
    1   Sn  MulP   6.9997  6.9997 sum  13.9995
    2   Sn  MulP   7.0007  7.0007 sum  14.0015
    3   Sn  MulP   6.9998  6.9998 sum  13.9995
    4   Sn  MulP   6.9998  6.9998 sum  13.9995
 Sum of MulP: up   =    28.00000 down          =    28.00000
              total=    56.00000 ideal(neutral)=    56.00000
<DFT>  Total Spin Moment (muB) =  0.000000000000
<DFT>  Mixing_weight= 0.040000000000
<DFT>  Uele   =  -42.211668826396  dUele     =   0.000149304031
<DFT>  NormRD =    0.000613962568  Criterion =   0.000000100000

******************* MD= 8  SCF= 5 *******************
<Poisson>  Poisson's equation using FFT...
<Set_Hamiltonian>  Hamiltonian matrix for VNA+dVH+Vxc...
<Band>  Solving the eigenvalue problem...
 KGrids1:  -0.45833  -0.37500  -0.29167  -0.20833  -0.12500  -0.04167   0.04167   0.12500   0.20833   0.29167   0.37500   0.45833 
 KGrids2:  -0.45833  -0.37500  -0.29167  -0.20833  -0.12500  -0.04167   0.04167   0.12500   0.20833   0.29167   0.37500   0.45833 
 KGrids3:  -0.47500  -0.42500  -0.37500  -0.32500  -0.27500  -0.22500  -0.17500  -0.12500  -0.07500  -0.02500   0.02500   0.07500   0.12500   0.17500   0.22500   0.27500   0.32500   0.37500   0.42500   0.47500 
<Band_DFT>  Eigen, time=0.738123
<Band_DFT>  DM, time=2.036900
    1   Sn  MulP   6.9997  6.9997 sum  13.9994
    2   Sn  MulP   7.0008  7.0008 sum  14.0016
    3   Sn  MulP   6.9998  6.9998 sum  13.9995
    4   Sn  MulP   6.9998  6.9998 sum  13.9995
 Sum of MulP: up   =    28.00000 down          =    28.00000
              total=    56.00000 ideal(neutral)=    56.00000
<DFT>  Total Spin Moment (muB) =  0.000000000000
<DFT>  Mixing_weight= 0.040000000000
<DFT>  Uele   =  -42.211648139437  dUele     =   0.000020686959
<DFT>  NormRD =    0.000245516724  Criterion =   0.000000100000

******************* MD= 8  SCF= 6 *******************
<Poisson>  Poisson's equation using FFT...
<Set_Hamiltonian>  Hamiltonian matrix for VNA+dVH+Vxc...
<Band>  Solving the eigenvalue problem...
 KGrids1:  -0.45833  -0.37500  -0.29167  -0.20833  -0.12500  -0.04167   0.04167   0.12500   0.20833   0.29167   0.37500   0.45833 
 KGrids2:  -0.45833  -0.37500  -0.29167  -0.20833  -0.12500  -0.04167   0.04167   0.12500   0.20833   0.29167   0.37500   0.45833 
 KGrids3:  -0.47500  -0.42500  -0.37500  -0.32500  -0.27500  -0.22500  -0.17500  -0.12500  -0.07500  -0.02500   0.02500   0.07500   0.12500   0.17500   0.22500   0.27500   0.32500   0.37500   0.42500   0.47500 
<Band_DFT>  Eigen, time=0.733370
<Band_DFT>  DM, time=2.039454
    1   Sn  MulP   6.9998  6.9998 sum  13.9995
    2   Sn  MulP   7.0007  7.0007 sum  14.0015
    3   Sn  MulP   6.9998  6.9998 sum  13.9995
    4   Sn  MulP   6.9998  6.9998 sum  13.9995
 Sum of MulP: up   =    28.00000 down          =    28.00000
              total=    56.00000 ideal(neutral)=    56.00000
<DFT>  Total Spin Moment (muB) =  0.000000000000
<DFT>  Mixing_weight= 0.040000000000
<DFT>  Uele   =  -42.211653392327  dUele     =   0.000005252890
<DFT>  NormRD =    0.000159700662  Criterion =   0.000000100000

******************* MD= 8  SCF= 7 *******************
<Poisson>  Poisson's equation using FFT...
<Set_Hamiltonian>  Hamiltonian matrix for VNA+dVH+Vxc...
<Band>  Solving the eigenvalue problem...
 KGrids1:  -0.45833  -0.37500  -0.29167  -0.20833  -0.12500  -0.04167   0.04167   0.12500   0.20833   0.29167   0.37500   0.45833 
 KGrids2:  -0.45833  -0.37500  -0.29167  -0.20833  -0.12500  -0.04167   0.04167   0.12500   0.20833   0.29167   0.37500   0.45833 
 KGrids3:  -0.47500  -0.42500  -0.37500  -0.32500  -0.27500  -0.22500  -0.17500  -0.12500  -0.07500  -0.02500   0.02500   0.07500   0.12500   0.17500   0.22500   0.27500   0.32500   0.37500   0.42500   0.47500 
<Band_DFT>  Eigen, time=0.729157
<Band_DFT>  DM, time=1.736348
    1   Sn  MulP   6.9997  6.9997 sum  13.9994
    2   Sn  MulP   7.0008  7.0008 sum  14.0015
    3   Sn  MulP   6.9998  6.9998 sum  13.9995
    4   Sn  MulP   6.9998  6.9998 sum  13.9995
 Sum of MulP: up   =    28.00000 down          =    28.00000
              total=    56.00000 ideal(neutral)=    56.00000
<DFT>  Total Spin Moment (muB) =  0.000000000000
<DFT>  Mixing_weight= 0.040000000000
<DFT>  Uele   =  -42.211653931972  dUele     =   0.000000539645
<DFT>  NormRD =    0.000048610864  Criterion =   0.000000100000

******************* MD= 8  SCF= 8 *******************
<Poisson>  Poisson's equation using FFT...
<Set_Hamiltonian>  Hamiltonian matrix for VNA+dVH+Vxc...
<Band>  Solving the eigenvalue problem...
 KGrids1:  -0.45833  -0.37500  -0.29167  -0.20833  -0.12500  -0.04167   0.04167   0.12500   0.20833   0.29167   0.37500   0.45833 
 KGrids2:  -0.45833  -0.37500  -0.29167  -0.20833  -0.12500  -0.04167   0.04167   0.12500   0.20833   0.29167   0.37500   0.45833 
 KGrids3:  -0.47500  -0.42500  -0.37500  -0.32500  -0.27500  -0.22500  -0.17500  -0.12500  -0.07500  -0.02500   0.02500   0.07500   0.12500   0.17500   0.22500   0.27500   0.32500   0.37500   0.42500   0.47500 
<Band_DFT>  Eigen, time=0.737695
<Band_DFT>  DM, time=1.615237
    1   Sn  MulP   6.9997  6.9997 sum  13.9995
    2   Sn  MulP   7.0008  7.0008 sum  14.0015
    3   Sn  MulP   6.9998  6.9998 sum  13.9995
    4   Sn  MulP   6.9998  6.9998 sum  13.9995
 Sum of MulP: up   =    28.00000 down          =    28.00000
              total=    56.00000 ideal(neutral)=    56.00000
<DFT>  Total Spin Moment (muB) =  0.000000000000
<DFT>  Mixing_weight= 0.040000000000
<DFT>  Uele   =  -42.211654673620  dUele     =   0.000000741648
<DFT>  NormRD =    0.000007914063  Criterion =   0.000000100000

******************* MD= 8  SCF= 9 *******************
<Poisson>  Poisson's equation using FFT...
<Set_Hamiltonian>  Hamiltonian matrix for VNA+dVH+Vxc...
<Band>  Solving the eigenvalue problem...
 KGrids1:  -0.45833  -0.37500  -0.29167  -0.20833  -0.12500  -0.04167   0.04167   0.12500   0.20833   0.29167   0.37500   0.45833 
 KGrids2:  -0.45833  -0.37500  -0.29167  -0.20833  -0.12500  -0.04167   0.04167   0.12500   0.20833   0.29167   0.37500   0.45833 
 KGrids3:  -0.47500  -0.42500  -0.37500  -0.32500  -0.27500  -0.22500  -0.17500  -0.12500  -0.07500  -0.02500   0.02500   0.07500   0.12500   0.17500   0.22500   0.27500   0.32500   0.37500   0.42500   0.47500 
<Band_DFT>  Eigen, time=0.727362
<Band_DFT>  DM, time=1.427558
    1   Sn  MulP   6.9997  6.9997 sum  13.9995
    2   Sn  MulP   7.0008  7.0008 sum  14.0015
    3   Sn  MulP   6.9998  6.9998 sum  13.9995
    4   Sn  MulP   6.9998  6.9998 sum  13.9995
 Sum of MulP: up   =    28.00000 down          =    28.00000
              total=    56.00000 ideal(neutral)=    56.00000
<DFT>  Total Spin Moment (muB) =  0.000000000000
<DFT>  Mixing_weight= 0.040000000000
<DFT>  Uele   =  -42.211654741648  dUele     =   0.000000068028
<DFT>  NormRD =    0.000003864525  Criterion =   0.000000100000
<MD= 8>  Force calculation
  Force calculation #1
  Force calculation #2
  Force calculation #3
  Force calculation #4
  Force calculation #5
  Stress calculation #1
  Stress calculation #2
  Stress calculation #3
  Stress calculation #4
  Stress calculation #5
<MD= 8>  Total Energy
  Force calculation #6
  Force calculation #7

*******************************************************
                  Dipole moment (Debye)                 
*******************************************************

 Absolute D      519.31672143

                      Dx                Dy                Dz
 Total           -361.23420115     -361.23366133      -93.32711823
 Core             400.43521683      400.43538836      324.63340167
 Electron        -761.66941797     -761.66904969     -417.96051990
 Back ground       -0.00000000       -0.00000000       -0.00000000

*******************************************************
               Stress tensor (Hartree/bohr^3)            
*******************************************************

      -0.00000075       -0.00000277        0.00000000 
      -0.00000277       -0.00000074        0.00000000 
       0.00000000        0.00000000        0.00000141 

*******************************************************
                Total Energy (Hartree) at MD = 8        
*******************************************************

  Uele  =     -42.211654741648

  Ukin  =     203.438674084412
  UH0   =   -2703.946659218820
  UH1   =       0.004897624603
  Una   =    -149.421006598796
  Unl   =     -47.913319013546
  Uxc0  =     -25.237140037800
  Uxc1  =     -25.237140037800
  Ucore =    2464.154403660509
  Uhub  =       0.000000000000
  Ucs   =       0.000000000000
  Uzs   =       0.000000000000
  Uzo   =       0.000000000000
  Uef   =       0.000000000000
  UvdW  =       0.000000000000
  Uch   =       0.000000000000
  Utot  =    -284.157289537239

  UpV   =       0.000000000000
  Enpy  =    -284.157289537239
  Note:

  Uele:   band energy
  Ukin:   kinetic energy
  UH0:    electric part of screened Coulomb energy
  UH1:    difference electron-electron Coulomb energy
  Una:    neutral atom potential energy
  Unl:    non-local potential energy
  Uxc0:   exchange-correlation energy for alpha spin
  Uxc1:   exchange-correlation energy for beta spin
  Ucore:  core-core Coulomb energy
  Uhub:   LDA+U energy
  Ucs:    constraint energy for spin orientation
  Uzs:    Zeeman term for spin magnetic moment
  Uzo:    Zeeman term for orbital magnetic moment
  Uef:    electric energy by electric field
  UvdW:   semi-empirical vdW energy 
  Uch:    penalty term to create a core hole
  UpV:    pressure times volume
  Enpy:   Enthalpy = Utot + UpV
  (see also PRB 72, 045121(2005) for the energy contributions)


*******************************************************
           Computational times (s) at MD = 8            
*******************************************************

  DFT in total      =   37.43707

  Set_OLP_Kin       =    0.73154
  Set_Nonlocal      =    1.35383
  Set_ProExpn_VNA   =    3.50629
  Set_Hamiltonian   =    2.53277
  Poisson           =    0.00187
  diagonalization   =   24.17969
  Mixing_DM         =    0.00674
  Force             =    1.94161
  Total_Energy      =    0.40991
  Set_Aden_Grid     =    0.00739
  Set_Orbitals_Grid =    0.12520
  Set_Density_Grid  =    0.88325
  RestartFileDFT    =    0.00450
  Mulliken_Charge   =    0.00147
  FFT(2D)_Density   =    0.00237

The SCF was achieved at MD=   8

*******************************************************
             MD or geometry opt. at MD = 8              
*******************************************************

<BFGS>  |Maximum force| (Hartree/Bohr) = 0.001293487743
<BFGS>  Criterion       (Hartree/Bohr) = 0.000100000000

     atom=   1, XYZ(ang) Fxyz(a.u.)=   0.0000   -0.0000   -0.0000     0.0000    0.0000   -0.0000
     atom=   2, XYZ(ang) Fxyz(a.u.)=   2.9774    2.9774    1.6092    -0.0000   -0.0000   -0.0000
     atom=   3, XYZ(ang) Fxyz(a.u.)=  -0.0075    2.9849    0.8160     0.0000    0.0000    0.0013
     atom=   4, XYZ(ang) Fxyz(a.u.)=   2.9849   -0.0075    2.4024    -0.0000    0.0000   -0.0013

*******************************************************
        Analysis of neighbors and setting of grids        
*******************************************************


*******************************************************
  Allocation of atoms to processors at MD_iter=    9     
*******************************************************

 proc =   0  # of atoms=   1  estimated weight=         1.00000
 proc =   1  # of atoms=   1  estimated weight=         1.00000
 proc =   2  # of atoms=   1  estimated weight=         1.00000
 proc =   3  # of atoms=   1  estimated weight=         1.00000
 proc =   4  # of atoms=   0  estimated weight=         0.00000
 proc =   5  # of atoms=   0  estimated weight=         0.00000
 proc =   6  # of atoms=   0  estimated weight=         0.00000
 proc =   7  # of atoms=   0  estimated weight=         0.00000
 proc =   8  # of atoms=   0  estimated weight=         0.00000
 proc =   9  # of atoms=   0  estimated weight=         0.00000
 proc =  10  # of atoms=   0  estimated weight=         0.00000
 proc =  11  # of atoms=   0  estimated weight=         0.00000
 proc =  12  # of atoms=   0  estimated weight=         0.00000
 proc =  13  # of atoms=   0  estimated weight=         0.00000
 proc =  14  # of atoms=   0  estimated weight=         0.00000
 proc =  15  # of atoms=   0  estimated weight=         0.00000



TFNAN=     256   Average FNAN=  64.00000
TSNAN=       0   Average SNAN=   0.00000
<truncation> CpyCell= 3 ct_AN=   1 FNAN SNAN  64   0
<truncation> CpyCell= 3 ct_AN=   2 FNAN SNAN  64   0
<truncation> CpyCell= 3 ct_AN=   3 FNAN SNAN  64   0
<truncation> CpyCell= 3 ct_AN=   4 FNAN SNAN  64   0
<UCell_Box> Info. of cutoff energy and num. of grids
lattice vectors (bohr)
A  = 11.281295655248, -0.028203239138,  0.000000000000
B  = -0.028203239138, 11.281295655248,  0.000000000000
C  =  0.000000000000,  0.000000000000,  6.081931916162
reciprocal lattice vectors (bohr^-1)
RA =  0.556959481370,  0.001392398703, -0.000000000000
RB =  0.001392398703,  0.556959481370, -0.000000000000
RC = -0.000000000000, -0.000000000000,  1.033090372236
Required cutoff energy (Ryd) for 3D-grids = 200.0000
    Used cutoff energy (Ryd) for 3D-grids = 193.8786, 193.8786, 194.5110
Num. of grids of a-, b-, and c-axes = 50, 50, 27
Cell_Volume =    774.028233187484 (Bohr^3)
GridVol     =      0.011467084936 (Bohr^3)
Cell vectors (bohr) of the grid cell (gtv)
  gtv_a =  0.225625913105, -0.000564064783,  0.000000000000
  gtv_b = -0.000564064783,  0.225625913105,  0.000000000000
  gtv_c =  0.000000000000,  0.000000000000,  0.225256737636
  |gtv_a| =  0.225626618185
  |gtv_b| =  0.225626618185
  |gtv_c| =  0.225256737636
Num. of grids overlapping with atom    1 = 125175
Num. of grids overlapping with atom    2 = 125274
Num. of grids overlapping with atom    3 = 125210
Num. of grids overlapping with atom    4 = 125210

*******************************************************
             SCF calculation at MD = 9                
*******************************************************

<MD= 9>  Calculation of the overlap matrix
<MD= 9>  Calculation of the nonlocal matrix
<MD= 9>  Calculation of the VNA projector matrix

******************* MD= 9  SCF= 1 *******************
<Restart>  Found restart files
<Poisson>  Poisson's equation using FFT...
<Band>  Solving the eigenvalue problem...
 KGrids1:  -0.45833  -0.37500  -0.29167  -0.20833  -0.12500  -0.04167   0.04167   0.12500   0.20833   0.29167   0.37500   0.45833 
 KGrids2:  -0.45833  -0.37500  -0.29167  -0.20833  -0.12500  -0.04167   0.04167   0.12500   0.20833   0.29167   0.37500   0.45833 
 KGrids3:  -0.47500  -0.42500  -0.37500  -0.32500  -0.27500  -0.22500  -0.17500  -0.12500  -0.07500  -0.02500   0.02500   0.07500   0.12500   0.17500   0.22500   0.27500   0.32500   0.37500   0.42500   0.47500 
<Band_DFT>  Eigen, time=0.750516
<Band_DFT>  DM, time=2.041377
    1   Sn  MulP   7.0006  7.0006 sum  14.0012
    2   Sn  MulP   6.9995  6.9995 sum  13.9990
    3   Sn  MulP   6.9999  6.9999 sum  13.9999
    4   Sn  MulP   6.9999  6.9999 sum  13.9999
 Sum of MulP: up   =    28.00000 down          =    28.00000
              total=    56.00000 ideal(neutral)=    56.00000
<DFT>  Total Spin Moment (muB) =  0.000000000000
<DFT>  Mixing_weight= 0.400000000000
<DFT>  Uele   =  -42.211399859501  dUele     =   1.000000000000
<DFT>  NormRD =    1.000000000000  Criterion =   0.000000100000

******************* MD= 9  SCF= 2 *******************
<Poisson>  Poisson's equation using FFT...
<Set_Hamiltonian>  Hamiltonian matrix for VNA+dVH+Vxc...
<Band>  Solving the eigenvalue problem...
 KGrids1:  -0.45833  -0.37500  -0.29167  -0.20833  -0.12500  -0.04167   0.04167   0.12500   0.20833   0.29167   0.37500   0.45833 
 KGrids2:  -0.45833  -0.37500  -0.29167  -0.20833  -0.12500  -0.04167   0.04167   0.12500   0.20833   0.29167   0.37500   0.45833 
 KGrids3:  -0.47500  -0.42500  -0.37500  -0.32500  -0.27500  -0.22500  -0.17500  -0.12500  -0.07500  -0.02500   0.02500   0.07500   0.12500   0.17500   0.22500   0.27500   0.32500   0.37500   0.42500   0.47500 
<Band_DFT>  Eigen, time=0.740909
<Band_DFT>  DM, time=1.433201
    1   Sn  MulP   7.0003  7.0003 sum  14.0006
    2   Sn  MulP   6.9998  6.9998 sum  13.9997
    3   Sn  MulP   6.9999  6.9999 sum  13.9999
    4   Sn  MulP   6.9999  6.9999 sum  13.9999
 Sum of MulP: up   =    28.00000 down          =    28.00000
              total=    56.00000 ideal(neutral)=    56.00000
<DFT>  Total Spin Moment (muB) =  0.000000000000
<DFT>  Mixing_weight= 0.400000000000
<DFT>  Uele   =  -42.211521595166  dUele     =   0.000121735665
<DFT>  NormRD =    0.009592212660  Criterion =   0.000000100000

******************* MD= 9  SCF= 3 *******************
<Poisson>  Poisson's equation using FFT...
<Set_Hamiltonian>  Hamiltonian matrix for VNA+dVH+Vxc...
<Band>  Solving the eigenvalue problem...
 KGrids1:  -0.45833  -0.37500  -0.29167  -0.20833  -0.12500  -0.04167   0.04167   0.12500   0.20833   0.29167   0.37500   0.45833 
 KGrids2:  -0.45833  -0.37500  -0.29167  -0.20833  -0.12500  -0.04167   0.04167   0.12500   0.20833   0.29167   0.37500   0.45833 
 KGrids3:  -0.47500  -0.42500  -0.37500  -0.32500  -0.27500  -0.22500  -0.17500  -0.12500  -0.07500  -0.02500   0.02500   0.07500   0.12500   0.17500   0.22500   0.27500   0.32500   0.37500   0.42500   0.47500 
<Band_DFT>  Eigen, time=0.515307
<Band_DFT>  DM, time=1.654269
    1   Sn  MulP   7.0001  7.0001 sum  14.0002
    2   Sn  MulP   7.0000  7.0000 sum  14.0000
    3   Sn  MulP   6.9999  6.9999 sum  13.9999
    4   Sn  MulP   6.9999  6.9999 sum  13.9999
 Sum of MulP: up   =    28.00000 down          =    28.00000
              total=    56.00000 ideal(neutral)=    56.00000
<DFT>  Total Spin Moment (muB) =  0.000000000000
<DFT>  Mixing_weight= 0.040000000000
<DFT>  Uele   =  -42.211594382686  dUele     =   0.000072787520
<DFT>  NormRD =    0.006464148649  Criterion =   0.000000100000

******************* MD= 9  SCF= 4 *******************
<Poisson>  Poisson's equation using FFT...
<Set_Hamiltonian>  Hamiltonian matrix for VNA+dVH+Vxc...
<Band>  Solving the eigenvalue problem...
 KGrids1:  -0.45833  -0.37500  -0.29167  -0.20833  -0.12500  -0.04167   0.04167   0.12500   0.20833   0.29167   0.37500   0.45833 
 KGrids2:  -0.45833  -0.37500  -0.29167  -0.20833  -0.12500  -0.04167   0.04167   0.12500   0.20833   0.29167   0.37500   0.45833 
 KGrids3:  -0.47500  -0.42500  -0.37500  -0.32500  -0.27500  -0.22500  -0.17500  -0.12500  -0.07500  -0.02500   0.02500   0.07500   0.12500   0.17500   0.22500   0.27500   0.32500   0.37500   0.42500   0.47500 
<Band_DFT>  Eigen, time=0.740512
<Band_DFT>  DM, time=2.035271
    1   Sn  MulP   6.9999  6.9999 sum  13.9999
    2   Sn  MulP   7.0002  7.0002 sum  14.0004
    3   Sn  MulP   6.9999  6.9999 sum  13.9998
    4   Sn  MulP   6.9999  6.9999 sum  13.9998
 Sum of MulP: up   =    28.00000 down          =    28.00000
              total=    56.00000 ideal(neutral)=    56.00000
<DFT>  Total Spin Moment (muB) =  0.000000000000
<DFT>  Mixing_weight= 0.040000000000
<DFT>  Uele   =  -42.211707106623  dUele     =   0.000112723936
<DFT>  NormRD =    0.000616758633  Criterion =   0.000000100000

******************* MD= 9  SCF= 5 *******************
<Poisson>  Poisson's equation using FFT...
<Set_Hamiltonian>  Hamiltonian matrix for VNA+dVH+Vxc...
<Band>  Solving the eigenvalue problem...
 KGrids1:  -0.45833  -0.37500  -0.29167  -0.20833  -0.12500  -0.04167   0.04167   0.12500   0.20833   0.29167   0.37500   0.45833 
 KGrids2:  -0.45833  -0.37500  -0.29167  -0.20833  -0.12500  -0.04167   0.04167   0.12500   0.20833   0.29167   0.37500   0.45833 
 KGrids3:  -0.47500  -0.42500  -0.37500  -0.32500  -0.27500  -0.22500  -0.17500  -0.12500  -0.07500  -0.02500   0.02500   0.07500   0.12500   0.17500   0.22500   0.27500   0.32500   0.37500   0.42500   0.47500 
<Band_DFT>  Eigen, time=0.747672
<Band_DFT>  DM, time=1.903875
    1   Sn  MulP   7.0000  7.0000 sum  14.0000
    2   Sn  MulP   7.0002  7.0002 sum  14.0003
    3   Sn  MulP   6.9999  6.9999 sum  13.9999
    4   Sn  MulP   6.9999  6.9999 sum  13.9999
 Sum of MulP: up   =    28.00000 down          =    28.00000
              total=    56.00000 ideal(neutral)=    56.00000
<DFT>  Total Spin Moment (muB) =  0.000000000000
<DFT>  Mixing_weight= 0.040000000000
<DFT>  Uele   =  -42.211698368652  dUele     =   0.000008737971
<DFT>  NormRD =    0.000249144693  Criterion =   0.000000100000

******************* MD= 9  SCF= 6 *******************
<Poisson>  Poisson's equation using FFT...
<Set_Hamiltonian>  Hamiltonian matrix for VNA+dVH+Vxc...
<Band>  Solving the eigenvalue problem...
 KGrids1:  -0.45833  -0.37500  -0.29167  -0.20833  -0.12500  -0.04167   0.04167   0.12500   0.20833   0.29167   0.37500   0.45833 
 KGrids2:  -0.45833  -0.37500  -0.29167  -0.20833  -0.12500  -0.04167   0.04167   0.12500   0.20833   0.29167   0.37500   0.45833 
 KGrids3:  -0.47500  -0.42500  -0.37500  -0.32500  -0.27500  -0.22500  -0.17500  -0.12500  -0.07500  -0.02500   0.02500   0.07500   0.12500   0.17500   0.22500   0.27500   0.32500   0.37500   0.42500   0.47500 
<Band_DFT>  Eigen, time=0.552006
<Band_DFT>  DM, time=1.391177
    1   Sn  MulP   6.9999  6.9999 sum  13.9999
    2   Sn  MulP   7.0002  7.0002 sum  14.0004
    3   Sn  MulP   6.9999  6.9999 sum  13.9998
    4   Sn  MulP   6.9999  6.9999 sum  13.9998
 Sum of MulP: up   =    28.00000 down          =    28.00000
              total=    56.00000 ideal(neutral)=    56.00000
<DFT>  Total Spin Moment (muB) =  0.000000000000
<DFT>  Mixing_weight= 0.040000000000
<DFT>  Uele   =  -42.211697534031  dUele     =   0.000000834621
<DFT>  NormRD =    0.000160588813  Criterion =   0.000000100000

******************* MD= 9  SCF= 7 *******************
<Poisson>  Poisson's equation using FFT...
<Set_Hamiltonian>  Hamiltonian matrix for VNA+dVH+Vxc...
<Band>  Solving the eigenvalue problem...
 KGrids1:  -0.45833  -0.37500  -0.29167  -0.20833  -0.12500  -0.04167   0.04167   0.12500   0.20833   0.29167   0.37500   0.45833 
 KGrids2:  -0.45833  -0.37500  -0.29167  -0.20833  -0.12500  -0.04167   0.04167   0.12500   0.20833   0.29167   0.37500   0.45833 
 KGrids3:  -0.47500  -0.42500  -0.37500  -0.32500  -0.27500  -0.22500  -0.17500  -0.12500  -0.07500  -0.02500   0.02500   0.07500   0.12500   0.17500   0.22500   0.27500   0.32500   0.37500   0.42500   0.47500 
<Band_DFT>  Eigen, time=0.514238
<Band_DFT>  DM, time=1.391123
    1   Sn  MulP   7.0000  7.0000 sum  13.9999
    2   Sn  MulP   7.0002  7.0002 sum  14.0004
    3   Sn  MulP   6.9999  6.9999 sum  13.9998
    4   Sn  MulP   6.9999  6.9999 sum  13.9998
 Sum of MulP: up   =    28.00000 down          =    28.00000
              total=    56.00000 ideal(neutral)=    56.00000
<DFT>  Total Spin Moment (muB) =  0.000000000000
<DFT>  Mixing_weight= 0.040000000000
<DFT>  Uele   =  -42.211697923497  dUele     =   0.000000389466
<DFT>  NormRD =    0.000051044623  Criterion =   0.000000100000

******************* MD= 9  SCF= 8 *******************
<Poisson>  Poisson's equation using FFT...
<Set_Hamiltonian>  Hamiltonian matrix for VNA+dVH+Vxc...
<Band>  Solving the eigenvalue problem...
 KGrids1:  -0.45833  -0.37500  -0.29167  -0.20833  -0.12500  -0.04167   0.04167   0.12500   0.20833   0.29167   0.37500   0.45833 
 KGrids2:  -0.45833  -0.37500  -0.29167  -0.20833  -0.12500  -0.04167   0.04167   0.12500   0.20833   0.29167   0.37500   0.45833 
 KGrids3:  -0.47500  -0.42500  -0.37500  -0.32500  -0.27500  -0.22500  -0.17500  -0.12500  -0.07500  -0.02500   0.02500   0.07500   0.12500   0.17500   0.22500   0.27500   0.32500   0.37500   0.42500   0.47500 
<Band_DFT>  Eigen, time=0.514214
<Band_DFT>  DM, time=1.389294
    1   Sn  MulP   7.0000  7.0000 sum  13.9999
    2   Sn  MulP   7.0002  7.0002 sum  14.0004
    3   Sn  MulP   6.9999  6.9999 sum  13.9999
    4   Sn  MulP   6.9999  6.9999 sum  13.9999
 Sum of MulP: up   =    28.00000 down          =    28.00000
              total=    56.00000 ideal(neutral)=    56.00000
<DFT>  Total Spin Moment (muB) =  0.000000000000
<DFT>  Mixing_weight= 0.040000000000
<DFT>  Uele   =  -42.211698505041  dUele     =   0.000000581544
<DFT>  NormRD =    0.000015345326  Criterion =   0.000000100000

******************* MD= 9  SCF= 9 *******************
<Poisson>  Poisson's equation using FFT...
<Set_Hamiltonian>  Hamiltonian matrix for VNA+dVH+Vxc...
<Band>  Solving the eigenvalue problem...
 KGrids1:  -0.45833  -0.37500  -0.29167  -0.20833  -0.12500  -0.04167   0.04167   0.12500   0.20833   0.29167   0.37500   0.45833 
 KGrids2:  -0.45833  -0.37500  -0.29167  -0.20833  -0.12500  -0.04167   0.04167   0.12500   0.20833   0.29167   0.37500   0.45833 
 KGrids3:  -0.47500  -0.42500  -0.37500  -0.32500  -0.27500  -0.22500  -0.17500  -0.12500  -0.07500  -0.02500   0.02500   0.07500   0.12500   0.17500   0.22500   0.27500   0.32500   0.37500   0.42500   0.47500 
<Band_DFT>  Eigen, time=0.515057
<Band_DFT>  DM, time=1.390355
    1   Sn  MulP   7.0000  7.0000 sum  13.9999
    2   Sn  MulP   7.0002  7.0002 sum  14.0004
    3   Sn  MulP   6.9999  6.9999 sum  13.9999
    4   Sn  MulP   6.9999  6.9999 sum  13.9999
 Sum of MulP: up   =    28.00000 down          =    28.00000
              total=    56.00000 ideal(neutral)=    56.00000
<DFT>  Total Spin Moment (muB) =  0.000000000000
<DFT>  Mixing_weight= 0.040000000000
<DFT>  Uele   =  -42.211698507220  dUele     =   0.000000002179
<DFT>  NormRD =    0.000004596946  Criterion =   0.000000100000
<MD= 9>  Force calculation
  Force calculation #1
  Force calculation #2
  Force calculation #3
  Force calculation #4
  Force calculation #5
  Stress calculation #1
  Stress calculation #2
  Stress calculation #3
  Stress calculation #4
  Stress calculation #5
<MD= 9>  Total Energy
  Force calculation #6
  Force calculation #7

*******************************************************
                  Dipole moment (Debye)                 
*******************************************************

 Absolute D      519.26944449

                      Dx                Dy                Dz
 Total           -361.23374258     -361.23359742      -93.06571497
 Core             400.43529071      400.43533127      324.63346458
 Electron        -761.66903329     -761.66892869     -417.69917955
 Back ground       -0.00000000       -0.00000000       -0.00000000

*******************************************************
               Stress tensor (Hartree/bohr^3)            
*******************************************************

       0.00000010       -0.00000301        0.00000000 
      -0.00000301        0.00000010        0.00000000 
       0.00000000        0.00000000       -0.00000050 

*******************************************************
                Total Energy (Hartree) at MD = 9        
*******************************************************

  Uele  =     -42.211698507220

  Ukin  =     203.438011783439
  UH0   =   -2703.967523362328
  UH1   =       0.004898947289
  Una   =    -149.420706778089
  Unl   =     -47.913013503228
  Uxc0  =     -25.237113413447
  Uxc1  =     -25.237113413447
  Ucore =    2464.175249050861
  Uhub  =       0.000000000000
  Ucs   =       0.000000000000
  Uzs   =       0.000000000000
  Uzo   =       0.000000000000
  Uef   =       0.000000000000
  UvdW  =       0.000000000000
  Uch   =       0.000000000000
  Utot  =    -284.157310688952

  UpV   =       0.000000000000
  Enpy  =    -284.157310688952
  Note:

  Uele:   band energy
  Ukin:   kinetic energy
  UH0:    electric part of screened Coulomb energy
  UH1:    difference electron-electron Coulomb energy
  Una:    neutral atom potential energy
  Unl:    non-local potential energy
  Uxc0:   exchange-correlation energy for alpha spin
  Uxc1:   exchange-correlation energy for beta spin
  Ucore:  core-core Coulomb energy
  Uhub:   LDA+U energy
  Ucs:    constraint energy for spin orientation
  Uzs:    Zeeman term for spin magnetic moment
  Uzo:    Zeeman term for orbital magnetic moment
  Uef:    electric energy by electric field
  UvdW:   semi-empirical vdW energy 
  Uch:    penalty term to create a core hole
  UpV:    pressure times volume
  Enpy:   Enthalpy = Utot + UpV
  (see also PRB 72, 045121(2005) for the energy contributions)


*******************************************************
           Computational times (s) at MD = 9            
*******************************************************

  DFT in total      =   33.60158

  Set_OLP_Kin       =    0.70009
  Set_Nonlocal      =    1.18396
  Set_ProExpn_VNA   =    2.97401
  Set_Hamiltonian   =    2.23632
  Poisson           =    0.00121
  diagonalization   =   20.72997
  Mixing_DM         =    0.00607
  Force             =    2.23766
  Total_Energy      =    0.40381
  Set_Aden_Grid     =    0.00736
  Set_Orbitals_Grid =    0.09883
  Set_Density_Grid  =    0.78771
  RestartFileDFT    =    0.03230
  Mulliken_Charge   =    0.00139
  FFT(2D)_Density   =    0.00213

The SCF was achieved at MD=   9

*******************************************************
             MD or geometry opt. at MD = 9              
*******************************************************

<BFGS>  |Maximum force| (Hartree/Bohr) = 0.000999021141
<BFGS>  Criterion       (Hartree/Bohr) = 0.000100000000

     atom=   1, XYZ(ang) Fxyz(a.u.)=   0.0000   -0.0000   -0.0000     0.0000    0.0000   -0.0000
     atom=   2, XYZ(ang) Fxyz(a.u.)=   2.9774    2.9774    1.6092     0.0000   -0.0000    0.0000
     atom=   3, XYZ(ang) Fxyz(a.u.)=  -0.0075    2.9849    0.8274    -0.0000    0.0000   -0.0010
     atom=   4, XYZ(ang) Fxyz(a.u.)=   2.9849   -0.0075    2.3910    -0.0000    0.0000    0.0010

*******************************************************
        Analysis of neighbors and setting of grids        
*******************************************************


*******************************************************
  Allocation of atoms to processors at MD_iter=   10     
*******************************************************

 proc =   0  # of atoms=   1  estimated weight=         1.00000
 proc =   1  # of atoms=   1  estimated weight=         1.00000
 proc =   2  # of atoms=   1  estimated weight=         1.00000
 proc =   3  # of atoms=   1  estimated weight=         1.00000
 proc =   4  # of atoms=   0  estimated weight=         0.00000
 proc =   5  # of atoms=   0  estimated weight=         0.00000
 proc =   6  # of atoms=   0  estimated weight=         0.00000
 proc =   7  # of atoms=   0  estimated weight=         0.00000
 proc =   8  # of atoms=   0  estimated weight=         0.00000
 proc =   9  # of atoms=   0  estimated weight=         0.00000
 proc =  10  # of atoms=   0  estimated weight=         0.00000
 proc =  11  # of atoms=   0  estimated weight=         0.00000
 proc =  12  # of atoms=   0  estimated weight=         0.00000
 proc =  13  # of atoms=   0  estimated weight=         0.00000
 proc =  14  # of atoms=   0  estimated weight=         0.00000
 proc =  15  # of atoms=   0  estimated weight=         0.00000



TFNAN=     256   Average FNAN=  64.00000
TSNAN=       0   Average SNAN=   0.00000
<truncation> CpyCell= 3 ct_AN=   1 FNAN SNAN  64   0
<truncation> CpyCell= 3 ct_AN=   2 FNAN SNAN  64   0
<truncation> CpyCell= 3 ct_AN=   3 FNAN SNAN  64   0
<truncation> CpyCell= 3 ct_AN=   4 FNAN SNAN  64   0
<UCell_Box> Info. of cutoff energy and num. of grids
lattice vectors (bohr)
A  = 11.281295655248, -0.028203239138,  0.000000000000
B  = -0.028203239138, 11.281295655248,  0.000000000000
C  =  0.000000000000,  0.000000000000,  6.081931916162
reciprocal lattice vectors (bohr^-1)
RA =  0.556959481370,  0.001392398703, -0.000000000000
RB =  0.001392398703,  0.556959481370, -0.000000000000
RC = -0.000000000000, -0.000000000000,  1.033090372236
Required cutoff energy (Ryd) for 3D-grids = 200.0000
    Used cutoff energy (Ryd) for 3D-grids = 193.8786, 193.8786, 194.5110
Num. of grids of a-, b-, and c-axes = 50, 50, 27
Cell_Volume =    774.028233187484 (Bohr^3)
GridVol     =      0.011467084936 (Bohr^3)
Cell vectors (bohr) of the grid cell (gtv)
  gtv_a =  0.225625913105, -0.000564064783,  0.000000000000
  gtv_b = -0.000564064783,  0.225625913105,  0.000000000000
  gtv_c =  0.000000000000,  0.000000000000,  0.225256737636
  |gtv_a| =  0.225626618185
  |gtv_b| =  0.225626618185
  |gtv_c| =  0.225256737636
Num. of grids overlapping with atom    1 = 125175
Num. of grids overlapping with atom    2 = 125274
Num. of grids overlapping with atom    3 = 125121
Num. of grids overlapping with atom    4 = 125121

*******************************************************
             SCF calculation at MD =10                
*******************************************************

<MD=10>  Calculation of the overlap matrix
<MD=10>  Calculation of the nonlocal matrix
<MD=10>  Calculation of the VNA projector matrix

******************* MD=10  SCF= 1 *******************
<Restart>  Found restart files
<Poisson>  Poisson's equation using FFT...
<Band>  Solving the eigenvalue problem...
 KGrids1:  -0.45833  -0.37500  -0.29167  -0.20833  -0.12500  -0.04167   0.04167   0.12500   0.20833   0.29167   0.37500   0.45833 
 KGrids2:  -0.45833  -0.37500  -0.29167  -0.20833  -0.12500  -0.04167   0.04167   0.12500   0.20833   0.29167   0.37500   0.45833 
 KGrids3:  -0.47500  -0.42500  -0.37500  -0.32500  -0.27500  -0.22500  -0.17500  -0.12500  -0.07500  -0.02500   0.02500   0.07500   0.12500   0.17500   0.22500   0.27500   0.32500   0.37500   0.42500   0.47500 
<Band_DFT>  Eigen, time=0.762373
<Band_DFT>  DM, time=1.997576
    1   Sn  MulP   6.9996  6.9996 sum  13.9992
    2   Sn  MulP   7.0007  7.0007 sum  14.0014
    3   Sn  MulP   6.9999  6.9999 sum  13.9997
    4   Sn  MulP   6.9999  6.9999 sum  13.9997
 Sum of MulP: up   =    28.00000 down          =    28.00000
              total=    56.00000 ideal(neutral)=    56.00000
<DFT>  Total Spin Moment (muB) =  0.000000000000
<DFT>  Mixing_weight= 0.400000000000
<DFT>  Uele   =  -42.211681487438  dUele     =   1.000000000000
<DFT>  NormRD =    1.000000000000  Criterion =   0.000000100000

******************* MD=10  SCF= 2 *******************
<Poisson>  Poisson's equation using FFT...
<Set_Hamiltonian>  Hamiltonian matrix for VNA+dVH+Vxc...
<Band>  Solving the eigenvalue problem...
 KGrids1:  -0.45833  -0.37500  -0.29167  -0.20833  -0.12500  -0.04167   0.04167   0.12500   0.20833   0.29167   0.37500   0.45833 
 KGrids2:  -0.45833  -0.37500  -0.29167  -0.20833  -0.12500  -0.04167   0.04167   0.12500   0.20833   0.29167   0.37500   0.45833 
 KGrids3:  -0.47500  -0.42500  -0.37500  -0.32500  -0.27500  -0.22500  -0.17500  -0.12500  -0.07500  -0.02500   0.02500   0.07500   0.12500   0.17500   0.22500   0.27500   0.32500   0.37500   0.42500   0.47500 
<Band_DFT>  Eigen, time=0.795607
<Band_DFT>  DM, time=1.709204
    1   Sn  MulP   6.9997  6.9997 sum  13.9995
    2   Sn  MulP   7.0006  7.0006 sum  14.0011
    3   Sn  MulP   6.9999  6.9999 sum  13.9997
    4   Sn  MulP   6.9999  6.9999 sum  13.9997
 Sum of MulP: up   =    28.00000 down          =    28.00000
              total=    56.00000 ideal(neutral)=    56.00000
<DFT>  Total Spin Moment (muB) =  0.000000000000
<DFT>  Mixing_weight= 0.400000000000
<DFT>  Uele   =  -42.211631122086  dUele     =   0.000050365352
<DFT>  NormRD =    0.004028656408  Criterion =   0.000000100000

******************* MD=10  SCF= 3 *******************
<Poisson>  Poisson's equation using FFT...
<Set_Hamiltonian>  Hamiltonian matrix for VNA+dVH+Vxc...
<Band>  Solving the eigenvalue problem...
 KGrids1:  -0.45833  -0.37500  -0.29167  -0.20833  -0.12500  -0.04167   0.04167   0.12500   0.20833   0.29167   0.37500   0.45833 
 KGrids2:  -0.45833  -0.37500  -0.29167  -0.20833  -0.12500  -0.04167   0.04167   0.12500   0.20833   0.29167   0.37500   0.45833 
 KGrids3:  -0.47500  -0.42500  -0.37500  -0.32500  -0.27500  -0.22500  -0.17500  -0.12500  -0.07500  -0.02500   0.02500   0.07500   0.12500   0.17500   0.22500   0.27500   0.32500   0.37500   0.42500   0.47500 
<Band_DFT>  Eigen, time=0.740491
<Band_DFT>  DM, time=1.609576
    1   Sn  MulP   6.9998  6.9998 sum  13.9996
    2   Sn  MulP   7.0005  7.0005 sum  14.0010
    3   Sn  MulP   6.9999  6.9999 sum  13.9997
    4   Sn  MulP   6.9999  6.9999 sum  13.9997
 Sum of MulP: up   =    28.00000 down          =    28.00000
              total=    56.00000 ideal(neutral)=    56.00000
<DFT>  Total Spin Moment (muB) =  0.000000000000
<DFT>  Mixing_weight= 0.040000000000
<DFT>  Uele   =  -42.211602050168  dUele     =   0.000029071918
<DFT>  NormRD =    0.002718600458  Criterion =   0.000000100000

******************* MD=10  SCF= 4 *******************
<Poisson>  Poisson's equation using FFT...
<Set_Hamiltonian>  Hamiltonian matrix for VNA+dVH+Vxc...
<Band>  Solving the eigenvalue problem...
 KGrids1:  -0.45833  -0.37500  -0.29167  -0.20833  -0.12500  -0.04167   0.04167   0.12500   0.20833   0.29167   0.37500   0.45833 
 KGrids2:  -0.45833  -0.37500  -0.29167  -0.20833  -0.12500  -0.04167   0.04167   0.12500   0.20833   0.29167   0.37500   0.45833 
 KGrids3:  -0.47500  -0.42500  -0.37500  -0.32500  -0.27500  -0.22500  -0.17500  -0.12500  -0.07500  -0.02500   0.02500   0.07500   0.12500   0.17500   0.22500   0.27500   0.32500   0.37500   0.42500   0.47500 
<Band_DFT>  Eigen, time=0.515449
<Band_DFT>  DM, time=1.375467
    1   Sn  MulP   6.9999  6.9999 sum  13.9997
    2   Sn  MulP   7.0004  7.0004 sum  14.0008
    3   Sn  MulP   6.9999  6.9999 sum  13.9997
    4   Sn  MulP   6.9999  6.9999 sum  13.9997
 Sum of MulP: up   =    28.00000 down          =    28.00000
              total=    56.00000 ideal(neutral)=    56.00000
<DFT>  Total Spin Moment (muB) =  0.000000000000
<DFT>  Mixing_weight= 0.040000000000
<DFT>  Uele   =  -42.211569294796  dUele     =   0.000032755372
<DFT>  NormRD =    0.000260604604  Criterion =   0.000000100000

******************* MD=10  SCF= 5 *******************
<Poisson>  Poisson's equation using FFT...
<Set_Hamiltonian>  Hamiltonian matrix for VNA+dVH+Vxc...
<Band>  Solving the eigenvalue problem...
 KGrids1:  -0.45833  -0.37500  -0.29167  -0.20833  -0.12500  -0.04167   0.04167   0.12500   0.20833   0.29167   0.37500   0.45833 
 KGrids2:  -0.45833  -0.37500  -0.29167  -0.20833  -0.12500  -0.04167   0.04167   0.12500   0.20833   0.29167   0.37500   0.45833 
 KGrids3:  -0.47500  -0.42500  -0.37500  -0.32500  -0.27500  -0.22500  -0.17500  -0.12500  -0.07500  -0.02500   0.02500   0.07500   0.12500   0.17500   0.22500   0.27500   0.32500   0.37500   0.42500   0.47500 
<Band_DFT>  Eigen, time=0.744363
<Band_DFT>  DM, time=2.039662
    1   Sn  MulP   6.9999  6.9999 sum  13.9997
    2   Sn  MulP   7.0004  7.0004 sum  14.0009
    3   Sn  MulP   6.9999  6.9999 sum  13.9997
    4   Sn  MulP   6.9999  6.9999 sum  13.9997
 Sum of MulP: up   =    28.00000 down          =    28.00000
              total=    56.00000 ideal(neutral)=    56.00000
<DFT>  Total Spin Moment (muB) =  0.000000000000
<DFT>  Mixing_weight= 0.040000000000
<DFT>  Uele   =  -42.211570092089  dUele     =   0.000000797294
<DFT>  NormRD =    0.000103203187  Criterion =   0.000000100000

******************* MD=10  SCF= 6 *******************
<Poisson>  Poisson's equation using FFT...
<Set_Hamiltonian>  Hamiltonian matrix for VNA+dVH+Vxc...
<Band>  Solving the eigenvalue problem...
 KGrids1:  -0.45833  -0.37500  -0.29167  -0.20833  -0.12500  -0.04167   0.04167   0.12500   0.20833   0.29167   0.37500   0.45833 
 KGrids2:  -0.45833  -0.37500  -0.29167  -0.20833  -0.12500  -0.04167   0.04167   0.12500   0.20833   0.29167   0.37500   0.45833 
 KGrids3:  -0.47500  -0.42500  -0.37500  -0.32500  -0.27500  -0.22500  -0.17500  -0.12500  -0.07500  -0.02500   0.02500   0.07500   0.12500   0.17500   0.22500   0.27500   0.32500   0.37500   0.42500   0.47500 
<Band_DFT>  Eigen, time=0.743288
<Band_DFT>  DM, time=2.043714
    1   Sn  MulP   6.9999  6.9999 sum  13.9998
    2   Sn  MulP   7.0004  7.0004 sum  14.0008
    3   Sn  MulP   6.9999  6.9999 sum  13.9997
    4   Sn  MulP   6.9999  6.9999 sum  13.9997
 Sum of MulP: up   =    28.00000 down          =    28.00000
              total=    56.00000 ideal(neutral)=    56.00000
<DFT>  Total Spin Moment (muB) =  0.000000000000
<DFT>  Mixing_weight= 0.040000000000
<DFT>  Uele   =  -42.211571530015  dUele     =   0.000001437925
<DFT>  NormRD =    0.000065754487  Criterion =   0.000000100000

******************* MD=10  SCF= 7 *******************
<Poisson>  Poisson's equation using FFT...
<Set_Hamiltonian>  Hamiltonian matrix for VNA+dVH+Vxc...
<Band>  Solving the eigenvalue problem...
 KGrids1:  -0.45833  -0.37500  -0.29167  -0.20833  -0.12500  -0.04167   0.04167   0.12500   0.20833   0.29167   0.37500   0.45833 
 KGrids2:  -0.45833  -0.37500  -0.29167  -0.20833  -0.12500  -0.04167   0.04167   0.12500   0.20833   0.29167   0.37500   0.45833 
 KGrids3:  -0.47500  -0.42500  -0.37500  -0.32500  -0.27500  -0.22500  -0.17500  -0.12500  -0.07500  -0.02500   0.02500   0.07500   0.12500   0.17500   0.22500   0.27500   0.32500   0.37500   0.42500   0.47500 
<Band_DFT>  Eigen, time=0.745764
<Band_DFT>  DM, time=2.046799
    1   Sn  MulP   6.9999  6.9999 sum  13.9997
    2   Sn  MulP   7.0004  7.0004 sum  14.0009
    3   Sn  MulP   6.9999  6.9999 sum  13.9997
    4   Sn  MulP   6.9999  6.9999 sum  13.9997
 Sum of MulP: up   =    28.00000 down          =    28.00000
              total=    56.00000 ideal(neutral)=    56.00000
<DFT>  Total Spin Moment (muB) =  0.000000000000
<DFT>  Mixing_weight= 0.040000000000
<DFT>  Uele   =  -42.211571432163  dUele     =   0.000000097851
<DFT>  NormRD =    0.000021768016  Criterion =   0.000000100000
<MD=10>  Force calculation
  Force calculation #1
  Force calculation #2
  Force calculation #3
  Force calculation #4
  Force calculation #5
  Stress calculation #1
  Stress calculation #2
  Stress calculation #3
  Stress calculation #4
  Stress calculation #5
<MD=10>  Total Energy
  Force calculation #6
  Force calculation #7

*******************************************************
                  Dipole moment (Debye)                 
*******************************************************

 Absolute D      519.28992689

                      Dx                Dy                Dz
 Total           -361.23389113     -361.23361298      -93.17929450
 Core             400.43527171      400.43534194      324.63346860
 Electron        -761.66916285     -761.66895492     -417.81276310
 Back ground       -0.00000000       -0.00000000       -0.00000000

*******************************************************
               Stress tensor (Hartree/bohr^3)            
*******************************************************

      -0.00000083       -0.00000279        0.00000000 
      -0.00000279       -0.00000083        0.00000000 
       0.00000000        0.00000000        0.00000142 

*******************************************************
                Total Energy (Hartree) at MD =10        
*******************************************************

  Uele  =     -42.211571432163

  Ukin  =     203.438659810512
  UH0   =   -2703.961491168776
  UH1   =       0.004897880103
  Una   =    -149.421023605770
  Unl   =     -47.913295912439
  Uxc0  =     -25.237146024940
  Uxc1  =     -25.237146024940
  Ucore =    2464.169222288473
  Uhub  =       0.000000000000
  Ucs   =       0.000000000000
  Uzs   =       0.000000000000
  Uzo   =       0.000000000000
  Uef   =       0.000000000000
  UvdW  =       0.000000000000
  Uch   =       0.000000000000
  Utot  =    -284.157322757777

  UpV   =       0.000000000000
  Enpy  =    -284.157322757777
  Note:

  Uele:   band energy
  Ukin:   kinetic energy
  UH0:    electric part of screened Coulomb energy
  UH1:    difference electron-electron Coulomb energy
  Una:    neutral atom potential energy
  Unl:    non-local potential energy
  Uxc0:   exchange-correlation energy for alpha spin
  Uxc1:   exchange-correlation energy for beta spin
  Ucore:  core-core Coulomb energy
  Uhub:   LDA+U energy
  Ucs:    constraint energy for spin orientation
  Uzs:    Zeeman term for spin magnetic moment
  Uzo:    Zeeman term for orbital magnetic moment
  Uef:    electric energy by electric field
  UvdW:   semi-empirical vdW energy 
  Uch:    penalty term to create a core hole
  UpV:    pressure times volume
  Enpy:   Enthalpy = Utot + UpV
  (see also PRB 72, 045121(2005) for the energy contributions)


*******************************************************
           Computational times (s) at MD =10            
*******************************************************

  DFT in total      =   30.16882

  Set_OLP_Kin       =    0.91204
  Set_Nonlocal      =    1.19783
  Set_ProExpn_VNA   =    3.20461
  Set_Hamiltonian   =    1.69670
  Poisson           =    0.00167
  diagonalization   =   18.28732
  Mixing_DM         =    0.00571
  Force             =    1.96332
  Total_Energy      =    0.40874
  Set_Aden_Grid     =    0.00740
  Set_Orbitals_Grid =    0.09945
  Set_Density_Grid  =    0.60752
  RestartFileDFT    =    0.02915
  Mulliken_Charge   =    0.00109
  FFT(2D)_Density   =    0.00216

The SCF was achieved at MD=  10

*******************************************************
             MD or geometry opt. at MD =10              
*******************************************************

<BFGS>  |Maximum force| (Hartree/Bohr) = 0.000337103605
<BFGS>  Criterion       (Hartree/Bohr) = 0.000100000000

     atom=   1, XYZ(ang) Fxyz(a.u.)=   0.0000   -0.0000   -0.0000     0.0000    0.0000   -0.0000
     atom=   2, XYZ(ang) Fxyz(a.u.)=   2.9774    2.9774    1.6092    -0.0000   -0.0000   -0.0000
     atom=   3, XYZ(ang) Fxyz(a.u.)=  -0.0075    2.9849    0.8299     0.0000    0.0000   -0.0003
     atom=   4, XYZ(ang) Fxyz(a.u.)=   2.9849   -0.0075    2.3885    -0.0000   -0.0000    0.0003

*******************************************************
        Analysis of neighbors and setting of grids        
*******************************************************


*******************************************************
  Allocation of atoms to processors at MD_iter=   11     
*******************************************************

 proc =   0  # of atoms=   1  estimated weight=         1.00000
 proc =   1  # of atoms=   1  estimated weight=         1.00000
 proc =   2  # of atoms=   1  estimated weight=         1.00000
 proc =   3  # of atoms=   1  estimated weight=         1.00000
 proc =   4  # of atoms=   0  estimated weight=         0.00000
 proc =   5  # of atoms=   0  estimated weight=         0.00000
 proc =   6  # of atoms=   0  estimated weight=         0.00000
 proc =   7  # of atoms=   0  estimated weight=         0.00000
 proc =   8  # of atoms=   0  estimated weight=         0.00000
 proc =   9  # of atoms=   0  estimated weight=         0.00000
 proc =  10  # of atoms=   0  estimated weight=         0.00000
 proc =  11  # of atoms=   0  estimated weight=         0.00000
 proc =  12  # of atoms=   0  estimated weight=         0.00000
 proc =  13  # of atoms=   0  estimated weight=         0.00000
 proc =  14  # of atoms=   0  estimated weight=         0.00000
 proc =  15  # of atoms=   0  estimated weight=         0.00000



TFNAN=     256   Average FNAN=  64.00000
TSNAN=       0   Average SNAN=   0.00000
<truncation> CpyCell= 3 ct_AN=   1 FNAN SNAN  64   0
<truncation> CpyCell= 3 ct_AN=   2 FNAN SNAN  64   0
<truncation> CpyCell= 3 ct_AN=   3 FNAN SNAN  64   0
<truncation> CpyCell= 3 ct_AN=   4 FNAN SNAN  64   0
<UCell_Box> Info. of cutoff energy and num. of grids
lattice vectors (bohr)
A  = 11.281295655248, -0.028203239138,  0.000000000000
B  = -0.028203239138, 11.281295655248,  0.000000000000
C  =  0.000000000000,  0.000000000000,  6.081931916162
reciprocal lattice vectors (bohr^-1)
RA =  0.556959481370,  0.001392398703, -0.000000000000
RB =  0.001392398703,  0.556959481370, -0.000000000000
RC = -0.000000000000, -0.000000000000,  1.033090372236
Required cutoff energy (Ryd) for 3D-grids = 200.0000
    Used cutoff energy (Ryd) for 3D-grids = 193.8786, 193.8786, 194.5110
Num. of grids of a-, b-, and c-axes = 50, 50, 27
Cell_Volume =    774.028233187484 (Bohr^3)
GridVol     =      0.011467084936 (Bohr^3)
Cell vectors (bohr) of the grid cell (gtv)
  gtv_a =  0.225625913105, -0.000564064783,  0.000000000000
  gtv_b = -0.000564064783,  0.225625913105,  0.000000000000
  gtv_c =  0.000000000000,  0.000000000000,  0.225256737636
  |gtv_a| =  0.225626618185
  |gtv_b| =  0.225626618185
  |gtv_c| =  0.225256737636
Num. of grids overlapping with atom    1 = 125175
Num. of grids overlapping with atom    2 = 125274
Num. of grids overlapping with atom    3 = 125117
Num. of grids overlapping with atom    4 = 125117

*******************************************************
             SCF calculation at MD =11                
*******************************************************

<MD=11>  Calculation of the overlap matrix
<MD=11>  Calculation of the nonlocal matrix
<MD=11>  Calculation of the VNA projector matrix

******************* MD=11  SCF= 1 *******************
<Restart>  Found restart files
<Poisson>  Poisson's equation using FFT...
<Band>  Solving the eigenvalue problem...
 KGrids1:  -0.45833  -0.37500  -0.29167  -0.20833  -0.12500  -0.04167   0.04167   0.12500   0.20833   0.29167   0.37500   0.45833 
 KGrids2:  -0.45833  -0.37500  -0.29167  -0.20833  -0.12500  -0.04167   0.04167   0.12500   0.20833   0.29167   0.37500   0.45833 
 KGrids3:  -0.47500  -0.42500  -0.37500  -0.32500  -0.27500  -0.22500  -0.17500  -0.12500  -0.07500  -0.02500   0.02500   0.07500   0.12500   0.17500   0.22500   0.27500   0.32500   0.37500   0.42500   0.47500 
<Band_DFT>  Eigen, time=0.742712
<Band_DFT>  DM, time=2.044364
    1   Sn  MulP   6.9998  6.9998 sum  13.9996
    2   Sn  MulP   7.0005  7.0005 sum  14.0011
    3   Sn  MulP   6.9998  6.9998 sum  13.9997
    4   Sn  MulP   6.9998  6.9998 sum  13.9997
 Sum of MulP: up   =    28.00000 down          =    28.00000
              total=    56.00000 ideal(neutral)=    56.00000
<DFT>  Total Spin Moment (muB) =  0.000000000000
<DFT>  Mixing_weight= 0.400000000000
<DFT>  Uele   =  -42.211566410032  dUele     =   1.000000000000
<DFT>  NormRD =    1.000000000000  Criterion =   0.000000100000

******************* MD=11  SCF= 2 *******************
<Poisson>  Poisson's equation using FFT...
<Set_Hamiltonian>  Hamiltonian matrix for VNA+dVH+Vxc...
<Band>  Solving the eigenvalue problem...
 KGrids1:  -0.45833  -0.37500  -0.29167  -0.20833  -0.12500  -0.04167   0.04167   0.12500   0.20833   0.29167   0.37500   0.45833 
 KGrids2:  -0.45833  -0.37500  -0.29167  -0.20833  -0.12500  -0.04167   0.04167   0.12500   0.20833   0.29167   0.37500   0.45833 
 KGrids3:  -0.47500  -0.42500  -0.37500  -0.32500  -0.27500  -0.22500  -0.17500  -0.12500  -0.07500  -0.02500   0.02500   0.07500   0.12500   0.17500   0.22500   0.27500   0.32500   0.37500   0.42500   0.47500 
<Band_DFT>  Eigen, time=0.701463
<Band_DFT>  DM, time=1.696403
    1   Sn  MulP   6.9998  6.9998 sum  13.9996
    2   Sn  MulP   7.0005  7.0005 sum  14.0010
    3   Sn  MulP   6.9998  6.9998 sum  13.9997
    4   Sn  MulP   6.9998  6.9998 sum  13.9997
 Sum of MulP: up   =    28.00000 down          =    28.00000
              total=    56.00000 ideal(neutral)=    56.00000
<DFT>  Total Spin Moment (muB) =  0.000000000000
<DFT>  Mixing_weight= 0.400000000000
<DFT>  Uele   =  -42.211563065656  dUele     =   0.000003344376
<DFT>  NormRD =    0.000882159593  Criterion =   0.000000100000

******************* MD=11  SCF= 3 *******************
<Poisson>  Poisson's equation using FFT...
<Set_Hamiltonian>  Hamiltonian matrix for VNA+dVH+Vxc...
<Band>  Solving the eigenvalue problem...
 KGrids1:  -0.45833  -0.37500  -0.29167  -0.20833  -0.12500  -0.04167   0.04167   0.12500   0.20833   0.29167   0.37500   0.45833 
 KGrids2:  -0.45833  -0.37500  -0.29167  -0.20833  -0.12500  -0.04167   0.04167   0.12500   0.20833   0.29167   0.37500   0.45833 
 KGrids3:  -0.47500  -0.42500  -0.37500  -0.32500  -0.27500  -0.22500  -0.17500  -0.12500  -0.07500  -0.02500   0.02500   0.07500   0.12500   0.17500   0.22500   0.27500   0.32500   0.37500   0.42500   0.47500 
<Band_DFT>  Eigen, time=0.741181
<Band_DFT>  DM, time=1.717924
    1   Sn  MulP   6.9998  6.9998 sum  13.9997
    2   Sn  MulP   7.0005  7.0005 sum  14.0010
    3   Sn  MulP   6.9998  6.9998 sum  13.9997
    4   Sn  MulP   6.9998  6.9998 sum  13.9997
 Sum of MulP: up   =    28.00000 down          =    28.00000
              total=    56.00000 ideal(neutral)=    56.00000
<DFT>  Total Spin Moment (muB) =  0.000000000000
<DFT>  Mixing_weight= 0.040000000000
<DFT>  Uele   =  -42.211561422383  dUele     =   0.000001643273
<DFT>  NormRD =    0.000593832729  Criterion =   0.000000100000

******************* MD=11  SCF= 4 *******************
<Poisson>  Poisson's equation using FFT...
<Set_Hamiltonian>  Hamiltonian matrix for VNA+dVH+Vxc...
<Band>  Solving the eigenvalue problem...
 KGrids1:  -0.45833  -0.37500  -0.29167  -0.20833  -0.12500  -0.04167   0.04167   0.12500   0.20833   0.29167   0.37500   0.45833 
 KGrids2:  -0.45833  -0.37500  -0.29167  -0.20833  -0.12500  -0.04167   0.04167   0.12500   0.20833   0.29167   0.37500   0.45833 
 KGrids3:  -0.47500  -0.42500  -0.37500  -0.32500  -0.27500  -0.22500  -0.17500  -0.12500  -0.07500  -0.02500   0.02500   0.07500   0.12500   0.17500   0.22500   0.27500   0.32500   0.37500   0.42500   0.47500 
<Band_DFT>  Eigen, time=0.738715
<Band_DFT>  DM, time=1.822585
    1   Sn  MulP   6.9998  6.9998 sum  13.9997
    2   Sn  MulP   7.0005  7.0005 sum  14.0009
    3   Sn  MulP   6.9998  6.9998 sum  13.9997
    4   Sn  MulP   6.9998  6.9998 sum  13.9997
 Sum of MulP: up   =    28.00000 down          =    28.00000
              total=    56.00000 ideal(neutral)=    56.00000
<DFT>  Total Spin Moment (muB) =  0.000000000000
<DFT>  Mixing_weight= 0.040000000000
<DFT>  Uele   =  -42.211563156092  dUele     =   0.000001733709
<DFT>  NormRD =    0.000054569998  Criterion =   0.000000100000

******************* MD=11  SCF= 5 *******************
<Poisson>  Poisson's equation using FFT...
<Set_Hamiltonian>  Hamiltonian matrix for VNA+dVH+Vxc...
<Band>  Solving the eigenvalue problem...
 KGrids1:  -0.45833  -0.37500  -0.29167  -0.20833  -0.12500  -0.04167   0.04167   0.12500   0.20833   0.29167   0.37500   0.45833 
 KGrids2:  -0.45833  -0.37500  -0.29167  -0.20833  -0.12500  -0.04167   0.04167   0.12500   0.20833   0.29167   0.37500   0.45833 
 KGrids3:  -0.47500  -0.42500  -0.37500  -0.32500  -0.27500  -0.22500  -0.17500  -0.12500  -0.07500  -0.02500   0.02500   0.07500   0.12500   0.17500   0.22500   0.27500   0.32500   0.37500   0.42500   0.47500 
<Band_DFT>  Eigen, time=0.793413
<Band_DFT>  DM, time=1.760419
    1   Sn  MulP   6.9998  6.9998 sum  13.9997
    2   Sn  MulP   7.0005  7.0005 sum  14.0009
    3   Sn  MulP   6.9998  6.9998 sum  13.9997
    4   Sn  MulP   6.9998  6.9998 sum  13.9997
 Sum of MulP: up   =    28.00000 down          =    28.00000
              total=    56.00000 ideal(neutral)=    56.00000
<DFT>  Total Spin Moment (muB) =  0.000000000000
<DFT>  Mixing_weight= 0.040000000000
<DFT>  Uele   =  -42.211561904809  dUele     =   0.000001251283
<DFT>  NormRD =    0.000019678705  Criterion =   0.000000100000

******************* MD=11  SCF= 6 *******************
<Poisson>  Poisson's equation using FFT...
<Set_Hamiltonian>  Hamiltonian matrix for VNA+dVH+Vxc...
<Band>  Solving the eigenvalue problem...
 KGrids1:  -0.45833  -0.37500  -0.29167  -0.20833  -0.12500  -0.04167   0.04167   0.12500   0.20833   0.29167   0.37500   0.45833 
 KGrids2:  -0.45833  -0.37500  -0.29167  -0.20833  -0.12500  -0.04167   0.04167   0.12500   0.20833   0.29167   0.37500   0.45833 
 KGrids3:  -0.47500  -0.42500  -0.37500  -0.32500  -0.27500  -0.22500  -0.17500  -0.12500  -0.07500  -0.02500   0.02500   0.07500   0.12500   0.17500   0.22500   0.27500   0.32500   0.37500   0.42500   0.47500 
<Band_DFT>  Eigen, time=0.738386
<Band_DFT>  DM, time=1.602627
    1   Sn  MulP   6.9998  6.9998 sum  13.9997
    2   Sn  MulP   7.0005  7.0005 sum  14.0010
    3   Sn  MulP   6.9998  6.9998 sum  13.9997
    4   Sn  MulP   6.9998  6.9998 sum  13.9997
 Sum of MulP: up   =    28.00000 down          =    28.00000
              total=    56.00000 ideal(neutral)=    56.00000
<DFT>  Total Spin Moment (muB) =  0.000000000000
<DFT>  Mixing_weight= 0.040000000000
<DFT>  Uele   =  -42.211562274985  dUele     =   0.000000370176
<DFT>  NormRD =    0.000022937956  Criterion =   0.000000100000

******************* MD=11  SCF= 7 *******************
<Poisson>  Poisson's equation using FFT...
<Set_Hamiltonian>  Hamiltonian matrix for VNA+dVH+Vxc...
<Band>  Solving the eigenvalue problem...
 KGrids1:  -0.45833  -0.37500  -0.29167  -0.20833  -0.12500  -0.04167   0.04167   0.12500   0.20833   0.29167   0.37500   0.45833 
 KGrids2:  -0.45833  -0.37500  -0.29167  -0.20833  -0.12500  -0.04167   0.04167   0.12500   0.20833   0.29167   0.37500   0.45833 
 KGrids3:  -0.47500  -0.42500  -0.37500  -0.32500  -0.27500  -0.22500  -0.17500  -0.12500  -0.07500  -0.02500   0.02500   0.07500   0.12500   0.17500   0.22500   0.27500   0.32500   0.37500   0.42500   0.47500 
<Band_DFT>  Eigen, time=0.580868
<Band_DFT>  DM, time=1.694165
    1   Sn  MulP   6.9998  6.9998 sum  13.9997
    2   Sn  MulP   7.0005  7.0005 sum  14.0010
    3   Sn  MulP   6.9998  6.9998 sum  13.9997
    4   Sn  MulP   6.9998  6.9998 sum  13.9997
 Sum of MulP: up   =    28.00000 down          =    28.00000
              total=    56.00000 ideal(neutral)=    56.00000
<DFT>  Total Spin Moment (muB) =  0.000000000000
<DFT>  Mixing_weight= 0.040000000000
<DFT>  Uele   =  -42.211562329341  dUele     =   0.000000054356
<DFT>  NormRD =    0.000001169617  Criterion =   0.000000100000
<MD=11>  Force calculation
  Force calculation #1
  Force calculation #2
  Force calculation #3
  Force calculation #4
  Force calculation #5
  Stress calculation #1
  Stress calculation #2
  Stress calculation #3
  Stress calculation #4
  Stress calculation #5
<MD=11>  Total Energy
  Force calculation #6
  Force calculation #7

*******************************************************
                  Dipole moment (Debye)                 
*******************************************************

 Absolute D      519.29423146

                      Dx                Dy                Dz
 Total           -361.23392300     -361.23358463      -93.20326728
 Core             400.43526065      400.43534985      324.63345119
 Electron        -761.66918366     -761.66893448     -417.83671848
 Back ground       -0.00000000       -0.00000000       -0.00000000

*******************************************************
               Stress tensor (Hartree/bohr^3)            
*******************************************************

      -0.00000096       -0.00000298        0.00000000 
      -0.00000298       -0.00000096        0.00000000 
       0.00000000        0.00000000        0.00000112 

*******************************************************
                Total Energy (Hartree) at MD =11        
*******************************************************

  Uele  =     -42.211562329341

  Ukin  =     203.438737086016
  UH0   =   -2703.959652349246
  UH1   =       0.004897749314
  Una   =    -149.421059815866
  Unl   =     -47.913330662084
  Uxc0  =     -25.237149204759
  Uxc1  =     -25.237149204759
  Ucore =    2464.167385126748
  Uhub  =       0.000000000000
  Ucs   =       0.000000000000
  Uzs   =       0.000000000000
  Uzo   =       0.000000000000
  Uef   =       0.000000000000
  UvdW  =       0.000000000000
  Uch   =       0.000000000000
  Utot  =    -284.157321274636

  UpV   =       0.000000000000
  Enpy  =    -284.157321274636
  Note:

  Uele:   band energy
  Ukin:   kinetic energy
  UH0:    electric part of screened Coulomb energy
  UH1:    difference electron-electron Coulomb energy
  Una:    neutral atom potential energy
  Unl:    non-local potential energy
  Uxc0:   exchange-correlation energy for alpha spin
  Uxc1:   exchange-correlation energy for beta spin
  Ucore:  core-core Coulomb energy
  Uhub:   LDA+U energy
  Ucs:    constraint energy for spin orientation
  Uzs:    Zeeman term for spin magnetic moment
  Uzo:    Zeeman term for orbital magnetic moment
  Uef:    electric energy by electric field
  UvdW:   semi-empirical vdW energy 
  Uch:    penalty term to create a core hole
  UpV:    pressure times volume
  Enpy:   Enthalpy = Utot + UpV
  (see also PRB 72, 045121(2005) for the energy contributions)


*******************************************************
           Computational times (s) at MD =11            
*******************************************************

  DFT in total      =   29.57512

  Set_OLP_Kin       =    0.70030
  Set_Nonlocal      =    1.16745
  Set_ProExpn_VNA   =    2.88439
  Set_Hamiltonian   =    1.54647
  Poisson           =    0.00106
  diagonalization   =   17.81071
  Mixing_DM         =    0.00533
  Force             =    2.39930
  Total_Energy      =    0.40777
  Set_Aden_Grid     =    0.00707
  Set_Orbitals_Grid =    0.09795
  Set_Density_Grid  =    0.60788
  RestartFileDFT    =    0.00592
  Mulliken_Charge   =    0.00115
  FFT(2D)_Density   =    0.00195

The SCF was achieved at MD=  11

*******************************************************
             MD or geometry opt. at MD =11              
*******************************************************

<BFGS>  |Maximum force| (Hartree/Bohr) = 0.000413198179
<BFGS>  Criterion       (Hartree/Bohr) = 0.000100000000

     atom=   1, XYZ(ang) Fxyz(a.u.)=   0.0000   -0.0000   -0.0000     0.0000    0.0000   -0.0000
     atom=   2, XYZ(ang) Fxyz(a.u.)=   2.9774    2.9774    1.6092    -0.0000   -0.0000    0.0000
     atom=   3, XYZ(ang) Fxyz(a.u.)=  -0.0075    2.9849    0.8279    -0.0000   -0.0000    0.0004
     atom=   4, XYZ(ang) Fxyz(a.u.)=   2.9849   -0.0075    2.3905    -0.0000    0.0000   -0.0004

*******************************************************
        Analysis of neighbors and setting of grids        
*******************************************************


*******************************************************
  Allocation of atoms to processors at MD_iter=   12     
*******************************************************

 proc =   0  # of atoms=   1  estimated weight=         1.00000
 proc =   1  # of atoms=   1  estimated weight=         1.00000
 proc =   2  # of atoms=   1  estimated weight=         1.00000
 proc =   3  # of atoms=   1  estimated weight=         1.00000
 proc =   4  # of atoms=   0  estimated weight=         0.00000
 proc =   5  # of atoms=   0  estimated weight=         0.00000
 proc =   6  # of atoms=   0  estimated weight=         0.00000
 proc =   7  # of atoms=   0  estimated weight=         0.00000
 proc =   8  # of atoms=   0  estimated weight=         0.00000
 proc =   9  # of atoms=   0  estimated weight=         0.00000
 proc =  10  # of atoms=   0  estimated weight=         0.00000
 proc =  11  # of atoms=   0  estimated weight=         0.00000
 proc =  12  # of atoms=   0  estimated weight=         0.00000
 proc =  13  # of atoms=   0  estimated weight=         0.00000
 proc =  14  # of atoms=   0  estimated weight=         0.00000
 proc =  15  # of atoms=   0  estimated weight=         0.00000



TFNAN=     256   Average FNAN=  64.00000
TSNAN=       0   Average SNAN=   0.00000
<truncation> CpyCell= 3 ct_AN=   1 FNAN SNAN  64   0
<truncation> CpyCell= 3 ct_AN=   2 FNAN SNAN  64   0
<truncation> CpyCell= 3 ct_AN=   3 FNAN SNAN  64   0
<truncation> CpyCell= 3 ct_AN=   4 FNAN SNAN  64   0
<UCell_Box> Info. of cutoff energy and num. of grids
lattice vectors (bohr)
A  = 11.281295655248, -0.028203239138,  0.000000000000
B  = -0.028203239138, 11.281295655248,  0.000000000000
C  =  0.000000000000,  0.000000000000,  6.081931916162
reciprocal lattice vectors (bohr^-1)
RA =  0.556959481370,  0.001392398703, -0.000000000000
RB =  0.001392398703,  0.556959481370, -0.000000000000
RC = -0.000000000000, -0.000000000000,  1.033090372236
Required cutoff energy (Ryd) for 3D-grids = 200.0000
    Used cutoff energy (Ryd) for 3D-grids = 193.8786, 193.8786, 194.5110
Num. of grids of a-, b-, and c-axes = 50, 50, 27
Cell_Volume =    774.028233187484 (Bohr^3)
GridVol     =      0.011467084936 (Bohr^3)
Cell vectors (bohr) of the grid cell (gtv)
  gtv_a =  0.225625913105, -0.000564064783,  0.000000000000
  gtv_b = -0.000564064783,  0.225625913105,  0.000000000000
  gtv_c =  0.000000000000,  0.000000000000,  0.225256737636
  |gtv_a| =  0.225626618185
  |gtv_b| =  0.225626618185
  |gtv_c| =  0.225256737636
Num. of grids overlapping with atom    1 = 125175
Num. of grids overlapping with atom    2 = 125274
Num. of grids overlapping with atom    3 = 125123
Num. of grids overlapping with atom    4 = 125123

*******************************************************
             SCF calculation at MD =12                
*******************************************************

<MD=12>  Calculation of the overlap matrix
<MD=12>  Calculation of the nonlocal matrix
<MD=12>  Calculation of the VNA projector matrix

******************* MD=12  SCF= 1 *******************
<Restart>  Found restart files
<Poisson>  Poisson's equation using FFT...
<Band>  Solving the eigenvalue problem...
 KGrids1:  -0.45833  -0.37500  -0.29167  -0.20833  -0.12500  -0.04167   0.04167   0.12500   0.20833   0.29167   0.37500   0.45833 
 KGrids2:  -0.45833  -0.37500  -0.29167  -0.20833  -0.12500  -0.04167   0.04167   0.12500   0.20833   0.29167   0.37500   0.45833 
 KGrids3:  -0.47500  -0.42500  -0.37500  -0.32500  -0.27500  -0.22500  -0.17500  -0.12500  -0.07500  -0.02500   0.02500   0.07500   0.12500   0.17500   0.22500   0.27500   0.32500   0.37500   0.42500   0.47500 
<Band_DFT>  Eigen, time=0.743497
<Band_DFT>  DM, time=1.849309
    1   Sn  MulP   6.9999  6.9999 sum  13.9998
    2   Sn  MulP   7.0004  7.0004 sum  14.0008
    3   Sn  MulP   6.9999  6.9999 sum  13.9997
    4   Sn  MulP   6.9999  6.9999 sum  13.9997
 Sum of MulP: up   =    28.00000 down          =    28.00000
              total=    56.00000 ideal(neutral)=    56.00000
<DFT>  Total Spin Moment (muB) =  0.000000000000
<DFT>  Mixing_weight= 0.400000000000
<DFT>  Uele   =  -42.211563367086  dUele     =   1.000000000000
<DFT>  NormRD =    1.000000000000  Criterion =   0.000000100000

******************* MD=12  SCF= 2 *******************
<Poisson>  Poisson's equation using FFT...
<Set_Hamiltonian>  Hamiltonian matrix for VNA+dVH+Vxc...
<Band>  Solving the eigenvalue problem...
 KGrids1:  -0.45833  -0.37500  -0.29167  -0.20833  -0.12500  -0.04167   0.04167   0.12500   0.20833   0.29167   0.37500   0.45833 
 KGrids2:  -0.45833  -0.37500  -0.29167  -0.20833  -0.12500  -0.04167   0.04167   0.12500   0.20833   0.29167   0.37500   0.45833 
 KGrids3:  -0.47500  -0.42500  -0.37500  -0.32500  -0.27500  -0.22500  -0.17500  -0.12500  -0.07500  -0.02500   0.02500   0.07500   0.12500   0.17500   0.22500   0.27500   0.32500   0.37500   0.42500   0.47500 
<Band_DFT>  Eigen, time=0.734830
<Band_DFT>  DM, time=1.822547
    1   Sn  MulP   6.9999  6.9999 sum  13.9998
    2   Sn  MulP   7.0004  7.0004 sum  14.0008
    3   Sn  MulP   6.9999  6.9999 sum  13.9997
    4   Sn  MulP   6.9999  6.9999 sum  13.9997
 Sum of MulP: up   =    28.00000 down          =    28.00000
              total=    56.00000 ideal(neutral)=    56.00000
<DFT>  Total Spin Moment (muB) =  0.000000000000
<DFT>  Mixing_weight= 0.400000000000
<DFT>  Uele   =  -42.211566290533  dUele     =   0.000002923447
<DFT>  NormRD =    0.000703036397  Criterion =   0.000000100000

******************* MD=12  SCF= 3 *******************
<Poisson>  Poisson's equation using FFT...
<Set_Hamiltonian>  Hamiltonian matrix for VNA+dVH+Vxc...
<Band>  Solving the eigenvalue problem...
 KGrids1:  -0.45833  -0.37500  -0.29167  -0.20833  -0.12500  -0.04167   0.04167   0.12500   0.20833   0.29167   0.37500   0.45833 
 KGrids2:  -0.45833  -0.37500  -0.29167  -0.20833  -0.12500  -0.04167   0.04167   0.12500   0.20833   0.29167   0.37500   0.45833 
 KGrids3:  -0.47500  -0.42500  -0.37500  -0.32500  -0.27500  -0.22500  -0.17500  -0.12500  -0.07500  -0.02500   0.02500   0.07500   0.12500   0.17500   0.22500   0.27500   0.32500   0.37500   0.42500   0.47500 
<Band_DFT>  Eigen, time=0.734293
<Band_DFT>  DM, time=1.815033
    1   Sn  MulP   6.9999  6.9999 sum  13.9997
    2   Sn  MulP   7.0004  7.0004 sum  14.0008
    3   Sn  MulP   6.9999  6.9999 sum  13.9997
    4   Sn  MulP   6.9999  6.9999 sum  13.9997
 Sum of MulP: up   =    28.00000 down          =    28.00000
              total=    56.00000 ideal(neutral)=    56.00000
<DFT>  Total Spin Moment (muB) =  0.000000000000
<DFT>  Mixing_weight= 0.040000000000
<DFT>  Uele   =  -42.211567780937  dUele     =   0.000001490403
<DFT>  NormRD =    0.000473206081  Criterion =   0.000000100000

******************* MD=12  SCF= 4 *******************
<Poisson>  Poisson's equation using FFT...
<Set_Hamiltonian>  Hamiltonian matrix for VNA+dVH+Vxc...
<Band>  Solving the eigenvalue problem...
 KGrids1:  -0.45833  -0.37500  -0.29167  -0.20833  -0.12500  -0.04167   0.04167   0.12500   0.20833   0.29167   0.37500   0.45833 
 KGrids2:  -0.45833  -0.37500  -0.29167  -0.20833  -0.12500  -0.04167   0.04167   0.12500   0.20833   0.29167   0.37500   0.45833 
 KGrids3:  -0.47500  -0.42500  -0.37500  -0.32500  -0.27500  -0.22500  -0.17500  -0.12500  -0.07500  -0.02500   0.02500   0.07500   0.12500   0.17500   0.22500   0.27500   0.32500   0.37500   0.42500   0.47500 
<Band_DFT>  Eigen, time=0.734184
<Band_DFT>  DM, time=1.911005
    1   Sn  MulP   6.9999  6.9999 sum  13.9997
    2   Sn  MulP   7.0004  7.0004 sum  14.0009
    3   Sn  MulP   6.9999  6.9999 sum  13.9997
    4   Sn  MulP   6.9999  6.9999 sum  13.9997
 Sum of MulP: up   =    28.00000 down          =    28.00000
              total=    56.00000 ideal(neutral)=    56.00000
<DFT>  Total Spin Moment (muB) =  0.000000000000
<DFT>  Mixing_weight= 0.040000000000
<DFT>  Uele   =  -42.211566980090  dUele     =   0.000000800846
<DFT>  NormRD =    0.000043386161  Criterion =   0.000000100000

******************* MD=12  SCF= 5 *******************
<Poisson>  Poisson's equation using FFT...
<Set_Hamiltonian>  Hamiltonian matrix for VNA+dVH+Vxc...
<Band>  Solving the eigenvalue problem...
 KGrids1:  -0.45833  -0.37500  -0.29167  -0.20833  -0.12500  -0.04167   0.04167   0.12500   0.20833   0.29167   0.37500   0.45833 
 KGrids2:  -0.45833  -0.37500  -0.29167  -0.20833  -0.12500  -0.04167   0.04167   0.12500   0.20833   0.29167   0.37500   0.45833 
 KGrids3:  -0.47500  -0.42500  -0.37500  -0.32500  -0.27500  -0.22500  -0.17500  -0.12500  -0.07500  -0.02500   0.02500   0.07500   0.12500   0.17500   0.22500   0.27500   0.32500   0.37500   0.42500   0.47500 
<Band_DFT>  Eigen, time=0.733986
<Band_DFT>  DM, time=1.505718
    1   Sn  MulP   6.9999  6.9999 sum  13.9997
    2   Sn  MulP   7.0004  7.0004 sum  14.0009
    3   Sn  MulP   6.9999  6.9999 sum  13.9997
    4   Sn  MulP   6.9999  6.9999 sum  13.9997
 Sum of MulP: up   =    28.00000 down          =    28.00000
              total=    56.00000 ideal(neutral)=    56.00000
<DFT>  Total Spin Moment (muB) =  0.000000000000
<DFT>  Mixing_weight= 0.040000000000
<DFT>  Uele   =  -42.211567863034  dUele     =   0.000000882943
<DFT>  NormRD =    0.000015455679  Criterion =   0.000000100000

******************* MD=12  SCF= 6 *******************
<Poisson>  Poisson's equation using FFT...
<Set_Hamiltonian>  Hamiltonian matrix for VNA+dVH+Vxc...
<Band>  Solving the eigenvalue problem...
 KGrids1:  -0.45833  -0.37500  -0.29167  -0.20833  -0.12500  -0.04167   0.04167   0.12500   0.20833   0.29167   0.37500   0.45833 
 KGrids2:  -0.45833  -0.37500  -0.29167  -0.20833  -0.12500  -0.04167   0.04167   0.12500   0.20833   0.29167   0.37500   0.45833 
 KGrids3:  -0.47500  -0.42500  -0.37500  -0.32500  -0.27500  -0.22500  -0.17500  -0.12500  -0.07500  -0.02500   0.02500   0.07500   0.12500   0.17500   0.22500   0.27500   0.32500   0.37500   0.42500   0.47500 
<Band_DFT>  Eigen, time=0.516791
<Band_DFT>  DM, time=1.652571
    1   Sn  MulP   6.9999  6.9999 sum  13.9997
    2   Sn  MulP   7.0004  7.0004 sum  14.0009
    3   Sn  MulP   6.9999  6.9999 sum  13.9997
    4   Sn  MulP   6.9999  6.9999 sum  13.9997
 Sum of MulP: up   =    28.00000 down          =    28.00000
              total=    56.00000 ideal(neutral)=    56.00000
<DFT>  Total Spin Moment (muB) =  0.000000000000
<DFT>  Mixing_weight= 0.040000000000
<DFT>  Uele   =  -42.211567606407  dUele     =   0.000000256627
<DFT>  NormRD =    0.000017813657  Criterion =   0.000000100000

******************* MD=12  SCF= 7 *******************
<Poisson>  Poisson's equation using FFT...
<Set_Hamiltonian>  Hamiltonian matrix for VNA+dVH+Vxc...
<Band>  Solving the eigenvalue problem...
 KGrids1:  -0.45833  -0.37500  -0.29167  -0.20833  -0.12500  -0.04167   0.04167   0.12500   0.20833   0.29167   0.37500   0.45833 
 KGrids2:  -0.45833  -0.37500  -0.29167  -0.20833  -0.12500  -0.04167   0.04167   0.12500   0.20833   0.29167   0.37500   0.45833 
 KGrids3:  -0.47500  -0.42500  -0.37500  -0.32500  -0.27500  -0.22500  -0.17500  -0.12500  -0.07500  -0.02500   0.02500   0.07500   0.12500   0.17500   0.22500   0.27500   0.32500   0.37500   0.42500   0.47500 
<Band_DFT>  Eigen, time=0.737080
<Band_DFT>  DM, time=1.847799
    1   Sn  MulP   6.9999  6.9999 sum  13.9997
    2   Sn  MulP   7.0004  7.0004 sum  14.0009
    3   Sn  MulP   6.9999  6.9999 sum  13.9997
    4   Sn  MulP   6.9999  6.9999 sum  13.9997
 Sum of MulP: up   =    28.00000 down          =    28.00000
              total=    56.00000 ideal(neutral)=    56.00000
<DFT>  Total Spin Moment (muB) =  0.000000000000
<DFT>  Mixing_weight= 0.040000000000
<DFT>  Uele   =  -42.211567572011  dUele     =   0.000000034395
<DFT>  NormRD =    0.000000913182  Criterion =   0.000000100000
<MD=12>  Force calculation
  Force calculation #1
  Force calculation #2
  Force calculation #3
  Force calculation #4
  Force calculation #5
  Stress calculation #1
  Stress calculation #2
  Stress calculation #3
  Stress calculation #4
  Stress calculation #5
<MD=12>  Total Energy
  Force calculation #6
  Force calculation #7

*******************************************************
                  Dipole moment (Debye)                 
*******************************************************

 Absolute D      519.29080707

                      Dx                Dy                Dz
 Total           -361.23391195     -361.23360779      -93.18413903
 Core             400.43526639      400.43534519      324.63346338
 Electron        -761.66917835     -761.66895298     -417.81760241
 Back ground       -0.00000000       -0.00000000       -0.00000000

*******************************************************
               Stress tensor (Hartree/bohr^3)            
*******************************************************

      -0.00000091       -0.00000286        0.00000000 
      -0.00000286       -0.00000091        0.00000000 
       0.00000000        0.00000000        0.00000133 

*******************************************************
                Total Energy (Hartree) at MD =12        
*******************************************************

  Uele  =     -42.211567572011

  Ukin  =     203.438676510827
  UH0   =   -2703.961135992675
  UH1   =       0.004897840527
  Una   =    -149.421031241727
  Unl   =     -47.913303720217
  Uxc0  =     -25.237147006784
  Uxc1  =     -25.237147006784
  Ucore =    2464.168867432551
  Uhub  =       0.000000000000
  Ucs   =       0.000000000000
  Uzs   =       0.000000000000
  Uzo   =       0.000000000000
  Uef   =       0.000000000000
  UvdW  =       0.000000000000
  Uch   =       0.000000000000
  Utot  =    -284.157323184281

  UpV   =       0.000000000000
  Enpy  =    -284.157323184281
  Note:

  Uele:   band energy
  Ukin:   kinetic energy
  UH0:    electric part of screened Coulomb energy
  UH1:    difference electron-electron Coulomb energy
  Una:    neutral atom potential energy
  Unl:    non-local potential energy
  Uxc0:   exchange-correlation energy for alpha spin
  Uxc1:   exchange-correlation energy for beta spin
  Ucore:  core-core Coulomb energy
  Uhub:   LDA+U energy
  Ucs:    constraint energy for spin orientation
  Uzs:    Zeeman term for spin magnetic moment
  Uzo:    Zeeman term for orbital magnetic moment
  Uef:    electric energy by electric field
  UvdW:   semi-empirical vdW energy 
  Uch:    penalty term to create a core hole
  UpV:    pressure times volume
  Enpy:   Enthalpy = Utot + UpV
  (see also PRB 72, 045121(2005) for the energy contributions)


*******************************************************
           Computational times (s) at MD =12            
*******************************************************

  DFT in total      =   28.69814

  Set_OLP_Kin       =    0.90952
  Set_Nonlocal      =    1.13327
  Set_ProExpn_VNA   =    2.57772
  Set_Hamiltonian   =    1.46808
  Poisson           =    0.00102
  diagonalization   =   17.72027
  Mixing_DM         =    0.00523
  Force             =    1.94761
  Total_Energy      =    0.40949
  Set_Aden_Grid     =    0.05897
  Set_Orbitals_Grid =    0.10576
  Set_Density_Grid  =    0.54240
  RestartFileDFT    =    0.00283
  Mulliken_Charge   =    0.00110
  FFT(2D)_Density   =    0.00194

The SCF was achieved at MD=  12

*******************************************************
             MD or geometry opt. at MD =12              
*******************************************************

<BFGS>  |Maximum force| (Hartree/Bohr) = 0.000125320678
<BFGS>  Criterion       (Hartree/Bohr) = 0.000100000000

     atom=   1, XYZ(ang) Fxyz(a.u.)=   0.0000   -0.0000   -0.0000     0.0000    0.0000   -0.0000
     atom=   2, XYZ(ang) Fxyz(a.u.)=   2.9774    2.9774    1.6092    -0.0000   -0.0000   -0.0000
     atom=   3, XYZ(ang) Fxyz(a.u.)=  -0.0075    2.9849    0.8285     0.0000    0.0000   -0.0001
     atom=   4, XYZ(ang) Fxyz(a.u.)=   2.9849   -0.0075    2.3899    -0.0000    0.0000    0.0001

*******************************************************
        Analysis of neighbors and setting of grids        
*******************************************************


*******************************************************
  Allocation of atoms to processors at MD_iter=   13     
*******************************************************

 proc =   0  # of atoms=   1  estimated weight=         1.00000
 proc =   1  # of atoms=   1  estimated weight=         1.00000
 proc =   2  # of atoms=   1  estimated weight=         1.00000
 proc =   3  # of atoms=   1  estimated weight=         1.00000
 proc =   4  # of atoms=   0  estimated weight=         0.00000
 proc =   5  # of atoms=   0  estimated weight=         0.00000
 proc =   6  # of atoms=   0  estimated weight=         0.00000
 proc =   7  # of atoms=   0  estimated weight=         0.00000
 proc =   8  # of atoms=   0  estimated weight=         0.00000
 proc =   9  # of atoms=   0  estimated weight=         0.00000
 proc =  10  # of atoms=   0  estimated weight=         0.00000
 proc =  11  # of atoms=   0  estimated weight=         0.00000
 proc =  12  # of atoms=   0  estimated weight=         0.00000
 proc =  13  # of atoms=   0  estimated weight=         0.00000
 proc =  14  # of atoms=   0  estimated weight=         0.00000
 proc =  15  # of atoms=   0  estimated weight=         0.00000



TFNAN=     256   Average FNAN=  64.00000
TSNAN=       0   Average SNAN=   0.00000
<truncation> CpyCell= 3 ct_AN=   1 FNAN SNAN  64   0
<truncation> CpyCell= 3 ct_AN=   2 FNAN SNAN  64   0
<truncation> CpyCell= 3 ct_AN=   3 FNAN SNAN  64   0
<truncation> CpyCell= 3 ct_AN=   4 FNAN SNAN  64   0
<UCell_Box> Info. of cutoff energy and num. of grids
lattice vectors (bohr)
A  = 11.281295655248, -0.028203239138,  0.000000000000
B  = -0.028203239138, 11.281295655248,  0.000000000000
C  =  0.000000000000,  0.000000000000,  6.081931916162
reciprocal lattice vectors (bohr^-1)
RA =  0.556959481370,  0.001392398703, -0.000000000000
RB =  0.001392398703,  0.556959481370, -0.000000000000
RC = -0.000000000000, -0.000000000000,  1.033090372236
Required cutoff energy (Ryd) for 3D-grids = 200.0000
    Used cutoff energy (Ryd) for 3D-grids = 193.8786, 193.8786, 194.5110
Num. of grids of a-, b-, and c-axes = 50, 50, 27
Cell_Volume =    774.028233187484 (Bohr^3)
GridVol     =      0.011467084936 (Bohr^3)
Cell vectors (bohr) of the grid cell (gtv)
  gtv_a =  0.225625913105, -0.000564064783,  0.000000000000
  gtv_b = -0.000564064783,  0.225625913105,  0.000000000000
  gtv_c =  0.000000000000,  0.000000000000,  0.225256737636
  |gtv_a| =  0.225626618185
  |gtv_b| =  0.225626618185
  |gtv_c| =  0.225256737636
Num. of grids overlapping with atom    1 = 125175
Num. of grids overlapping with atom    2 = 125274
Num. of grids overlapping with atom    3 = 125115
Num. of grids overlapping with atom    4 = 125115

*******************************************************
             SCF calculation at MD =13                
*******************************************************

<MD=13>  Calculation of the overlap matrix
<MD=13>  Calculation of the nonlocal matrix
<MD=13>  Calculation of the VNA projector matrix

******************* MD=13  SCF= 1 *******************
<Restart>  Found restart files
<Poisson>  Poisson's equation using FFT...
<Band>  Solving the eigenvalue problem...
 KGrids1:  -0.45833  -0.37500  -0.29167  -0.20833  -0.12500  -0.04167   0.04167   0.12500   0.20833   0.29167   0.37500   0.45833 
 KGrids2:  -0.45833  -0.37500  -0.29167  -0.20833  -0.12500  -0.04167   0.04167   0.12500   0.20833   0.29167   0.37500   0.45833 
 KGrids3:  -0.47500  -0.42500  -0.37500  -0.32500  -0.27500  -0.22500  -0.17500  -0.12500  -0.07500  -0.02500   0.02500   0.07500   0.12500   0.17500   0.22500   0.27500   0.32500   0.37500   0.42500   0.47500 
<Band_DFT>  Eigen, time=0.744506
<Band_DFT>  DM, time=2.040449
    1   Sn  MulP   6.9998  6.9998 sum  13.9997
    2   Sn  MulP   7.0005  7.0005 sum  14.0009
    3   Sn  MulP   6.9998  6.9998 sum  13.9997
    4   Sn  MulP   6.9998  6.9998 sum  13.9997
 Sum of MulP: up   =    28.00000 down          =    28.00000
              total=    56.00000 ideal(neutral)=    56.00000
<DFT>  Total Spin Moment (muB) =  0.000000000000
<DFT>  Mixing_weight= 0.400000000000
<DFT>  Uele   =  -42.211567060160  dUele     =   1.000000000000
<DFT>  NormRD =    1.000000000000  Criterion =   0.000000100000

******************* MD=13  SCF= 2 *******************
<Poisson>  Poisson's equation using FFT...
<Set_Hamiltonian>  Hamiltonian matrix for VNA+dVH+Vxc...
<Band>  Solving the eigenvalue problem...
 KGrids1:  -0.45833  -0.37500  -0.29167  -0.20833  -0.12500  -0.04167   0.04167   0.12500   0.20833   0.29167   0.37500   0.45833 
 KGrids2:  -0.45833  -0.37500  -0.29167  -0.20833  -0.12500  -0.04167   0.04167   0.12500   0.20833   0.29167   0.37500   0.45833 
 KGrids3:  -0.47500  -0.42500  -0.37500  -0.32500  -0.27500  -0.22500  -0.17500  -0.12500  -0.07500  -0.02500   0.02500   0.07500   0.12500   0.17500   0.22500   0.27500   0.32500   0.37500   0.42500   0.47500 
<Band_DFT>  Eigen, time=0.740060
<Band_DFT>  DM, time=2.036608
    1   Sn  MulP   6.9998  6.9998 sum  13.9997
    2   Sn  MulP   7.0005  7.0005 sum  14.0009
    3   Sn  MulP   6.9998  6.9998 sum  13.9997
    4   Sn  MulP   6.9998  6.9998 sum  13.9997
 Sum of MulP: up   =    28.00000 down          =    28.00000
              total=    56.00000 ideal(neutral)=    56.00000
<DFT>  Total Spin Moment (muB) =  0.000000000000
<DFT>  Mixing_weight= 0.400000000000
<DFT>  Uele   =  -42.211565558427  dUele     =   0.000001501733
<DFT>  NormRD =    0.000221555084  Criterion =   0.000000100000

******************* MD=13  SCF= 3 *******************
<Poisson>  Poisson's equation using FFT...
<Set_Hamiltonian>  Hamiltonian matrix for VNA+dVH+Vxc...
<Band>  Solving the eigenvalue problem...
 KGrids1:  -0.45833  -0.37500  -0.29167  -0.20833  -0.12500  -0.04167   0.04167   0.12500   0.20833   0.29167   0.37500   0.45833 
 KGrids2:  -0.45833  -0.37500  -0.29167  -0.20833  -0.12500  -0.04167   0.04167   0.12500   0.20833   0.29167   0.37500   0.45833 
 KGrids3:  -0.47500  -0.42500  -0.37500  -0.32500  -0.27500  -0.22500  -0.17500  -0.12500  -0.07500  -0.02500   0.02500   0.07500   0.12500   0.17500   0.22500   0.27500   0.32500   0.37500   0.42500   0.47500 
<Band_DFT>  Eigen, time=0.740875
<Band_DFT>  DM, time=1.929388
    1   Sn  MulP   6.9999  6.9999 sum  13.9997
    2   Sn  MulP   7.0004  7.0004 sum  14.0009
    3   Sn  MulP   6.9998  6.9998 sum  13.9997
    4   Sn  MulP   6.9998  6.9998 sum  13.9997
 Sum of MulP: up   =    28.00000 down          =    28.00000
              total=    56.00000 ideal(neutral)=    56.00000
<DFT>  Total Spin Moment (muB) =  0.000000000000
<DFT>  Mixing_weight= 0.040000000000
<DFT>  Uele   =  -42.211564734718  dUele     =   0.000000823709
<DFT>  NormRD =    0.000149134321  Criterion =   0.000000100000

******************* MD=13  SCF= 4 *******************
<Poisson>  Poisson's equation using FFT...
<Set_Hamiltonian>  Hamiltonian matrix for VNA+dVH+Vxc...
<Band>  Solving the eigenvalue problem...
 KGrids1:  -0.45833  -0.37500  -0.29167  -0.20833  -0.12500  -0.04167   0.04167   0.12500   0.20833   0.29167   0.37500   0.45833 
 KGrids2:  -0.45833  -0.37500  -0.29167  -0.20833  -0.12500  -0.04167   0.04167   0.12500   0.20833   0.29167   0.37500   0.45833 
 KGrids3:  -0.47500  -0.42500  -0.37500  -0.32500  -0.27500  -0.22500  -0.17500  -0.12500  -0.07500  -0.02500   0.02500   0.07500   0.12500   0.17500   0.22500   0.27500   0.32500   0.37500   0.42500   0.47500 
<Band_DFT>  Eigen, time=0.740863
<Band_DFT>  DM, time=1.912770
    1   Sn  MulP   6.9999  6.9999 sum  13.9997
    2   Sn  MulP   7.0004  7.0004 sum  14.0009
    3   Sn  MulP   6.9998  6.9998 sum  13.9997
    4   Sn  MulP   6.9998  6.9998 sum  13.9997
 Sum of MulP: up   =    28.00000 down          =    28.00000
              total=    56.00000 ideal(neutral)=    56.00000
<DFT>  Total Spin Moment (muB) =  0.000000000000
<DFT>  Mixing_weight= 0.040000000000
<DFT>  Uele   =  -42.211564372839  dUele     =   0.000000361879
<DFT>  NormRD =    0.000013679154  Criterion =   0.000000100000

******************* MD=13  SCF= 5 *******************
<Poisson>  Poisson's equation using FFT...
<Set_Hamiltonian>  Hamiltonian matrix for VNA+dVH+Vxc...
<Band>  Solving the eigenvalue problem...
 KGrids1:  -0.45833  -0.37500  -0.29167  -0.20833  -0.12500  -0.04167   0.04167   0.12500   0.20833   0.29167   0.37500   0.45833 
 KGrids2:  -0.45833  -0.37500  -0.29167  -0.20833  -0.12500  -0.04167   0.04167   0.12500   0.20833   0.29167   0.37500   0.45833 
 KGrids3:  -0.47500  -0.42500  -0.37500  -0.32500  -0.27500  -0.22500  -0.17500  -0.12500  -0.07500  -0.02500   0.02500   0.07500   0.12500   0.17500   0.22500   0.27500   0.32500   0.37500   0.42500   0.47500 
<Band_DFT>  Eigen, time=0.745497
<Band_DFT>  DM, time=2.041179
    1   Sn  MulP   6.9999  6.9999 sum  13.9997
    2   Sn  MulP   7.0004  7.0004 sum  14.0009
    3   Sn  MulP   6.9998  6.9998 sum  13.9997
    4   Sn  MulP   6.9998  6.9998 sum  13.9997
 Sum of MulP: up   =    28.00000 down          =    28.00000
              total=    56.00000 ideal(neutral)=    56.00000
<DFT>  Total Spin Moment (muB) =  0.000000000000
<DFT>  Mixing_weight= 0.040000000000
<DFT>  Uele   =  -42.211564123781  dUele     =   0.000000249058
<DFT>  NormRD =    0.000004835003  Criterion =   0.000000100000

******************* MD=13  SCF= 6 *******************
<Poisson>  Poisson's equation using FFT...
<Set_Hamiltonian>  Hamiltonian matrix for VNA+dVH+Vxc...
<Band>  Solving the eigenvalue problem...
 KGrids1:  -0.45833  -0.37500  -0.29167  -0.20833  -0.12500  -0.04167   0.04167   0.12500   0.20833   0.29167   0.37500   0.45833 
 KGrids2:  -0.45833  -0.37500  -0.29167  -0.20833  -0.12500  -0.04167   0.04167   0.12500   0.20833   0.29167   0.37500   0.45833 
 KGrids3:  -0.47500  -0.42500  -0.37500  -0.32500  -0.27500  -0.22500  -0.17500  -0.12500  -0.07500  -0.02500   0.02500   0.07500   0.12500   0.17500   0.22500   0.27500   0.32500   0.37500   0.42500   0.47500 
<Band_DFT>  Eigen, time=0.739612
<Band_DFT>  DM, time=2.040785
    1   Sn  MulP   6.9999  6.9999 sum  13.9997
    2   Sn  MulP   7.0004  7.0004 sum  14.0009
    3   Sn  MulP   6.9998  6.9998 sum  13.9997
    4   Sn  MulP   6.9998  6.9998 sum  13.9997
 Sum of MulP: up   =    28.00000 down          =    28.00000
              total=    56.00000 ideal(neutral)=    56.00000
<DFT>  Total Spin Moment (muB) =  0.000000000000
<DFT>  Mixing_weight= 0.040000000000
<DFT>  Uele   =  -42.211564230311  dUele     =   0.000000106530
<DFT>  NormRD =    0.000006303360  Criterion =   0.000000100000

******************* MD=13  SCF= 7 *******************
<Poisson>  Poisson's equation using FFT...
<Set_Hamiltonian>  Hamiltonian matrix for VNA+dVH+Vxc...
<Band>  Solving the eigenvalue problem...
 KGrids1:  -0.45833  -0.37500  -0.29167  -0.20833  -0.12500  -0.04167   0.04167   0.12500   0.20833   0.29167   0.37500   0.45833 
 KGrids2:  -0.45833  -0.37500  -0.29167  -0.20833  -0.12500  -0.04167   0.04167   0.12500   0.20833   0.29167   0.37500   0.45833 
 KGrids3:  -0.47500  -0.42500  -0.37500  -0.32500  -0.27500  -0.22500  -0.17500  -0.12500  -0.07500  -0.02500   0.02500   0.07500   0.12500   0.17500   0.22500   0.27500   0.32500   0.37500   0.42500   0.47500 
<Band_DFT>  Eigen, time=0.741629
<Band_DFT>  DM, time=2.042366
    1   Sn  MulP   6.9999  6.9999 sum  13.9997
    2   Sn  MulP   7.0004  7.0004 sum  14.0009
    3   Sn  MulP   6.9998  6.9998 sum  13.9997
    4   Sn  MulP   6.9998  6.9998 sum  13.9997
 Sum of MulP: up   =    28.00000 down          =    28.00000
              total=    56.00000 ideal(neutral)=    56.00000
<DFT>  Total Spin Moment (muB) =  0.000000000000
<DFT>  Mixing_weight= 0.040000000000
<DFT>  Uele   =  -42.211564246599  dUele     =   0.000000016289
<DFT>  NormRD =    0.000000324684  Criterion =   0.000000100000
<MD=13>  Force calculation
  Force calculation #1
  Force calculation #2
  Force calculation #3
  Force calculation #4
  Force calculation #5
  Stress calculation #1
  Stress calculation #2
  Stress calculation #3
  Stress calculation #4
  Stress calculation #5
<MD=13>  Total Energy
  Force calculation #6
  Force calculation #7

*******************************************************
                  Dipole moment (Debye)                 
*******************************************************

 Absolute D      519.29190027

                      Dx                Dy                Dz
 Total           -361.23392293     -361.23360937      -93.19018227
 Core             400.43526516      400.43534567      324.63346274
 Electron        -761.66918809     -761.66895504     -417.82364501
 Back ground       -0.00000000       -0.00000000       -0.00000000

*******************************************************
               Stress tensor (Hartree/bohr^3)            
*******************************************************

      -0.00000098       -0.00000294        0.00000000 
      -0.00000294       -0.00000098        0.00000000 
       0.00000000        0.00000000        0.00000119 

*******************************************************
                Total Energy (Hartree) at MD =13        
*******************************************************

  Uele  =     -42.211564246599

  Ukin  =     203.438696426947
  UH0   =   -2703.960681278576
  UH1   =       0.004897800539
  Una   =    -149.421040531940
  Unl   =     -47.913312739848
  Uxc0  =     -25.237147991915
  Uxc1  =     -25.237147991915
  Ucore =    2464.168413128407
  Uhub  =       0.000000000000
  Ucs   =       0.000000000000
  Uzs   =       0.000000000000
  Uzo   =       0.000000000000
  Uef   =       0.000000000000
  UvdW  =       0.000000000000
  Uch   =       0.000000000000
  Utot  =    -284.157323178302

  UpV   =       0.000000000000
  Enpy  =    -284.157323178302
  Note:

  Uele:   band energy
  Ukin:   kinetic energy
  UH0:    electric part of screened Coulomb energy
  UH1:    difference electron-electron Coulomb energy
  Una:    neutral atom potential energy
  Unl:    non-local potential energy
  Uxc0:   exchange-correlation energy for alpha spin
  Uxc1:   exchange-correlation energy for beta spin
  Ucore:  core-core Coulomb energy
  Uhub:   LDA+U energy
  Ucs:    constraint energy for spin orientation
  Uzs:    Zeeman term for spin magnetic moment
  Uzo:    Zeeman term for orbital magnetic moment
  Uef:    electric energy by electric field
  UvdW:   semi-empirical vdW energy 
  Uch:    penalty term to create a core hole
  UpV:    pressure times volume
  Enpy:   Enthalpy = Utot + UpV
  (see also PRB 72, 045121(2005) for the energy contributions)


*******************************************************
           Computational times (s) at MD =13            
*******************************************************

  DFT in total      =   31.24486

  Set_OLP_Kin       =    0.69943
  Set_Nonlocal      =    1.44698
  Set_ProExpn_VNA   =    2.66686
  Set_Hamiltonian   =    1.70832
  Poisson           =    0.00121
  diagonalization   =   19.61915
  Mixing_DM         =    0.00530
  Force             =    1.95129
  Total_Energy      =    0.40902
  Set_Aden_Grid     =    0.16258
  Set_Orbitals_Grid =    0.10011
  Set_Density_Grid  =    0.64691
  RestartFileDFT    =    0.04025
  Mulliken_Charge   =    0.00110
  FFT(2D)_Density   =    0.00195

The SCF was achieved at MD=  13

*******************************************************
             MD or geometry opt. at MD =13              
*******************************************************

<BFGS>  |Maximum force| (Hartree/Bohr) = 0.000133668726
<BFGS>  Criterion       (Hartree/Bohr) = 0.000100000000

     atom=   1, XYZ(ang) Fxyz(a.u.)=   0.0000   -0.0000   -0.0000     0.0000    0.0000   -0.0000
     atom=   2, XYZ(ang) Fxyz(a.u.)=   2.9774    2.9774    1.6092    -0.0000   -0.0000   -0.0000
     atom=   3, XYZ(ang) Fxyz(a.u.)=  -0.0075    2.9849    0.8286     0.0000    0.0000    0.0001
     atom=   4, XYZ(ang) Fxyz(a.u.)=   2.9849   -0.0075    2.3899    -0.0000    0.0000   -0.0001

*******************************************************
        Analysis of neighbors and setting of grids        
*******************************************************


*******************************************************
  Allocation of atoms to processors at MD_iter=   14     
*******************************************************

 proc =   0  # of atoms=   1  estimated weight=         1.00000
 proc =   1  # of atoms=   1  estimated weight=         1.00000
 proc =   2  # of atoms=   1  estimated weight=         1.00000
 proc =   3  # of atoms=   1  estimated weight=         1.00000
 proc =   4  # of atoms=   0  estimated weight=         0.00000
 proc =   5  # of atoms=   0  estimated weight=         0.00000
 proc =   6  # of atoms=   0  estimated weight=         0.00000
 proc =   7  # of atoms=   0  estimated weight=         0.00000
 proc =   8  # of atoms=   0  estimated weight=         0.00000
 proc =   9  # of atoms=   0  estimated weight=         0.00000
 proc =  10  # of atoms=   0  estimated weight=         0.00000
 proc =  11  # of atoms=   0  estimated weight=         0.00000
 proc =  12  # of atoms=   0  estimated weight=         0.00000
 proc =  13  # of atoms=   0  estimated weight=         0.00000
 proc =  14  # of atoms=   0  estimated weight=         0.00000
 proc =  15  # of atoms=   0  estimated weight=         0.00000



TFNAN=     256   Average FNAN=  64.00000
TSNAN=       0   Average SNAN=   0.00000
<truncation> CpyCell= 3 ct_AN=   1 FNAN SNAN  64   0
<truncation> CpyCell= 3 ct_AN=   2 FNAN SNAN  64   0
<truncation> CpyCell= 3 ct_AN=   3 FNAN SNAN  64   0
<truncation> CpyCell= 3 ct_AN=   4 FNAN SNAN  64   0
<UCell_Box> Info. of cutoff energy and num. of grids
lattice vectors (bohr)
A  = 11.281295655248, -0.028203239138,  0.000000000000
B  = -0.028203239138, 11.281295655248,  0.000000000000
C  =  0.000000000000,  0.000000000000,  6.081931916162
reciprocal lattice vectors (bohr^-1)
RA =  0.556959481370,  0.001392398703, -0.000000000000
RB =  0.001392398703,  0.556959481370, -0.000000000000
RC = -0.000000000000, -0.000000000000,  1.033090372236
Required cutoff energy (Ryd) for 3D-grids = 200.0000
    Used cutoff energy (Ryd) for 3D-grids = 193.8786, 193.8786, 194.5110
Num. of grids of a-, b-, and c-axes = 50, 50, 27
Cell_Volume =    774.028233187484 (Bohr^3)
GridVol     =      0.011467084936 (Bohr^3)
Cell vectors (bohr) of the grid cell (gtv)
  gtv_a =  0.225625913105, -0.000564064783,  0.000000000000
  gtv_b = -0.000564064783,  0.225625913105,  0.000000000000
  gtv_c =  0.000000000000,  0.000000000000,  0.225256737636
  |gtv_a| =  0.225626618185
  |gtv_b| =  0.225626618185
  |gtv_c| =  0.225256737636
Num. of grids overlapping with atom    1 = 125175
Num. of grids overlapping with atom    2 = 125274
Num. of grids overlapping with atom    3 = 125114
Num. of grids overlapping with atom    4 = 125115

*******************************************************
             SCF calculation at MD =14                
*******************************************************

<MD=14>  Calculation of the overlap matrix
<MD=14>  Calculation of the nonlocal matrix
<MD=14>  Calculation of the VNA projector matrix

******************* MD=14  SCF= 1 *******************
<Restart>  Found restart files
<Poisson>  Poisson's equation using FFT...
<Band>  Solving the eigenvalue problem...
 KGrids1:  -0.45833  -0.37500  -0.29167  -0.20833  -0.12500  -0.04167   0.04167   0.12500   0.20833   0.29167   0.37500   0.45833 
 KGrids2:  -0.45833  -0.37500  -0.29167  -0.20833  -0.12500  -0.04167   0.04167   0.12500   0.20833   0.29167   0.37500   0.45833 
 KGrids3:  -0.47500  -0.42500  -0.37500  -0.32500  -0.27500  -0.22500  -0.17500  -0.12500  -0.07500  -0.02500   0.02500   0.07500   0.12500   0.17500   0.22500   0.27500   0.32500   0.37500   0.42500   0.47500 
<Band_DFT>  Eigen, time=0.792048
<Band_DFT>  DM, time=1.993610
    1   Sn  MulP   6.9999  6.9999 sum  13.9997
    2   Sn  MulP   7.0004  7.0004 sum  14.0009
    3   Sn  MulP   6.9998  6.9998 sum  13.9997
    4   Sn  MulP   6.9998  6.9998 sum  13.9997
 Sum of MulP: up   =    28.00000 down          =    28.00000
              total=    56.00000 ideal(neutral)=    56.00000
<DFT>  Total Spin Moment (muB) =  0.000000000000
<DFT>  Mixing_weight= 0.400000000000
<DFT>  Uele   =  -42.211564216702  dUele     =   1.000000000000
<DFT>  NormRD =    1.000000000000  Criterion =   0.000000100000

******************* MD=14  SCF= 2 *******************
<Poisson>  Poisson's equation using FFT...
<Set_Hamiltonian>  Hamiltonian matrix for VNA+dVH+Vxc...
<Band>  Solving the eigenvalue problem...
 KGrids1:  -0.45833  -0.37500  -0.29167  -0.20833  -0.12500  -0.04167   0.04167   0.12500   0.20833   0.29167   0.37500   0.45833 
 KGrids2:  -0.45833  -0.37500  -0.29167  -0.20833  -0.12500  -0.04167   0.04167   0.12500   0.20833   0.29167   0.37500   0.45833 
 KGrids3:  -0.47500  -0.42500  -0.37500  -0.32500  -0.27500  -0.22500  -0.17500  -0.12500  -0.07500  -0.02500   0.02500   0.07500   0.12500   0.17500   0.22500   0.27500   0.32500   0.37500   0.42500   0.47500 
<Band_DFT>  Eigen, time=0.794273
<Band_DFT>  DM, time=1.996736
    1   Sn  MulP   6.9999  6.9999 sum  13.9997
    2   Sn  MulP   7.0004  7.0004 sum  14.0009
    3   Sn  MulP   6.9998  6.9998 sum  13.9997
    4   Sn  MulP   6.9998  6.9998 sum  13.9997
 Sum of MulP: up   =    28.00000 down          =    28.00000
              total=    56.00000 ideal(neutral)=    56.00000
<DFT>  Total Spin Moment (muB) =  0.000000000000
<DFT>  Mixing_weight= 0.400000000000
<DFT>  Uele   =  -42.211564171011  dUele     =   0.000000045691
<DFT>  NormRD =    0.000008228693  Criterion =   0.000000100000

******************* MD=14  SCF= 3 *******************
<Poisson>  Poisson's equation using FFT...
<Set_Hamiltonian>  Hamiltonian matrix for VNA+dVH+Vxc...
<Band>  Solving the eigenvalue problem...
 KGrids1:  -0.45833  -0.37500  -0.29167  -0.20833  -0.12500  -0.04167   0.04167   0.12500   0.20833   0.29167   0.37500   0.45833 
 KGrids2:  -0.45833  -0.37500  -0.29167  -0.20833  -0.12500  -0.04167   0.04167   0.12500   0.20833   0.29167   0.37500   0.45833 
 KGrids3:  -0.47500  -0.42500  -0.37500  -0.32500  -0.27500  -0.22500  -0.17500  -0.12500  -0.07500  -0.02500   0.02500   0.07500   0.12500   0.17500   0.22500   0.27500   0.32500   0.37500   0.42500   0.47500 
<Band_DFT>  Eigen, time=0.745690
<Band_DFT>  DM, time=2.045054
    1   Sn  MulP   6.9999  6.9999 sum  13.9997
    2   Sn  MulP   7.0004  7.0004 sum  14.0009
    3   Sn  MulP   6.9998  6.9998 sum  13.9997
    4   Sn  MulP   6.9998  6.9998 sum  13.9997
 Sum of MulP: up   =    28.00000 down          =    28.00000
              total=    56.00000 ideal(neutral)=    56.00000
<DFT>  Total Spin Moment (muB) =  0.000000000000
<DFT>  Mixing_weight= 0.040000000000
<DFT>  Uele   =  -42.211564145974  dUele     =   0.000000025037
<DFT>  NormRD =    0.000005534932  Criterion =   0.000000100000
<MD=14>  Force calculation
  Force calculation #1
  Force calculation #2
  Force calculation #3
  Force calculation #4
  Force calculation #5
  Stress calculation #1
  Stress calculation #2
  Stress calculation #3
  Stress calculation #4
  Stress calculation #5
<MD=14>  Total Energy
  Force calculation #6
  Force calculation #7

*******************************************************
                  Dipole moment (Debye)                 
*******************************************************

 Absolute D      519.29193563

                      Dx                Dy                Dz
 Total           -361.23391320     -361.23361216      -93.19040621
 Core             400.43526654      400.43534691      324.63345612
 Electron        -761.66917974     -761.66895907     -417.82386233
 Back ground       -0.00000000       -0.00000000       -0.00000000

*******************************************************
               Stress tensor (Hartree/bohr^3)            
*******************************************************

      -0.00000098       -0.00000294        0.00000000 
      -0.00000294       -0.00000098        0.00000000 
       0.00000000        0.00000000        0.00000118 

*******************************************************
                Total Energy (Hartree) at MD =14        
*******************************************************

  Uele  =     -42.211564145974

  Ukin  =     203.438697271666
  UH0   =   -2703.960664343029
  UH1   =       0.004897799602
  Una   =    -149.421040963647
  Unl   =     -47.913313098190
  Uxc0  =     -25.237148023786
  Uxc1  =     -25.237148023786
  Ucore =    2464.168396208132
  Uhub  =       0.000000000000
  Ucs   =       0.000000000000
  Uzs   =       0.000000000000
  Uzo   =       0.000000000000
  Uef   =       0.000000000000
  UvdW  =       0.000000000000
  Uch   =       0.000000000000
  Utot  =    -284.157323173038

  UpV   =       0.000000000000
  Enpy  =    -284.157323173038
  Note:

  Uele:   band energy
  Ukin:   kinetic energy
  UH0:    electric part of screened Coulomb energy
  UH1:    difference electron-electron Coulomb energy
  Una:    neutral atom potential energy
  Unl:    non-local potential energy
  Uxc0:   exchange-correlation energy for alpha spin
  Uxc1:   exchange-correlation energy for beta spin
  Ucore:  core-core Coulomb energy
  Uhub:   LDA+U energy
  Ucs:    constraint energy for spin orientation
  Uzs:    Zeeman term for spin magnetic moment
  Uzo:    Zeeman term for orbital magnetic moment
  Uef:    electric energy by electric field
  UvdW:   semi-empirical vdW energy 
  Uch:    penalty term to create a core hole
  UpV:    pressure times volume
  Enpy:   Enthalpy = Utot + UpV
  (see also PRB 72, 045121(2005) for the energy contributions)


*******************************************************
           Computational times (s) at MD =14            
*******************************************************

  DFT in total      =   19.01462

  Set_OLP_Kin       =    0.87442
  Set_Nonlocal      =    1.20918
  Set_ProExpn_VNA   =    3.05941
  Set_Hamiltonian   =    0.63560
  Poisson           =    0.00051
  diagonalization   =    8.52991
  Mixing_DM         =    0.00256
  Force             =    2.14164
  Total_Energy      =    0.29163
  Set_Aden_Grid     =    0.00732
  Set_Orbitals_Grid =    0.12827
  Set_Density_Grid  =    0.27094
  RestartFileDFT    =    0.00280
  Mulliken_Charge   =    0.00068
  FFT(2D)_Density   =    0.00125

The SCF was achieved at MD=  14

*******************************************************
             MD or geometry opt. at MD =14              
*******************************************************

<BFGS>  |Maximum force| (Hartree/Bohr) = 0.000143239467
<BFGS>  Criterion       (Hartree/Bohr) = 0.000100000000

     atom=   1, XYZ(ang) Fxyz(a.u.)=   0.0000   -0.0000   -0.0000     0.0000   -0.0000   -0.0000
     atom=   2, XYZ(ang) Fxyz(a.u.)=   2.9774    2.9774    1.6092    -0.0000   -0.0000   -0.0000
     atom=   3, XYZ(ang) Fxyz(a.u.)=  -0.0075    2.9849    0.8282     0.0000    0.0000    0.0001
     atom=   4, XYZ(ang) Fxyz(a.u.)=   2.9849   -0.0075    2.3902    -0.0000    0.0000   -0.0001

*******************************************************
        Analysis of neighbors and setting of grids        
*******************************************************


*******************************************************
  Allocation of atoms to processors at MD_iter=   15     
*******************************************************

 proc =   0  # of atoms=   1  estimated weight=         1.00000
 proc =   1  # of atoms=   1  estimated weight=         1.00000
 proc =   2  # of atoms=   1  estimated weight=         1.00000
 proc =   3  # of atoms=   1  estimated weight=         1.00000
 proc =   4  # of atoms=   0  estimated weight=         0.00000
 proc =   5  # of atoms=   0  estimated weight=         0.00000
 proc =   6  # of atoms=   0  estimated weight=         0.00000
 proc =   7  # of atoms=   0  estimated weight=         0.00000
 proc =   8  # of atoms=   0  estimated weight=         0.00000
 proc =   9  # of atoms=   0  estimated weight=         0.00000
 proc =  10  # of atoms=   0  estimated weight=         0.00000
 proc =  11  # of atoms=   0  estimated weight=         0.00000
 proc =  12  # of atoms=   0  estimated weight=         0.00000
 proc =  13  # of atoms=   0  estimated weight=         0.00000
 proc =  14  # of atoms=   0  estimated weight=         0.00000
 proc =  15  # of atoms=   0  estimated weight=         0.00000



TFNAN=     256   Average FNAN=  64.00000
TSNAN=       0   Average SNAN=   0.00000
<truncation> CpyCell= 3 ct_AN=   1 FNAN SNAN  64   0
<truncation> CpyCell= 3 ct_AN=   2 FNAN SNAN  64   0
<truncation> CpyCell= 3 ct_AN=   3 FNAN SNAN  64   0
<truncation> CpyCell= 3 ct_AN=   4 FNAN SNAN  64   0
<UCell_Box> Info. of cutoff energy and num. of grids
lattice vectors (bohr)
A  = 11.281295655248, -0.028203239138,  0.000000000000
B  = -0.028203239138, 11.281295655248,  0.000000000000
C  =  0.000000000000,  0.000000000000,  6.081931916162
reciprocal lattice vectors (bohr^-1)
RA =  0.556959481370,  0.001392398703, -0.000000000000
RB =  0.001392398703,  0.556959481370, -0.000000000000
RC = -0.000000000000, -0.000000000000,  1.033090372236
Required cutoff energy (Ryd) for 3D-grids = 200.0000
    Used cutoff energy (Ryd) for 3D-grids = 193.8786, 193.8786, 194.5110
Num. of grids of a-, b-, and c-axes = 50, 50, 27
Cell_Volume =    774.028233187484 (Bohr^3)
GridVol     =      0.011467084936 (Bohr^3)
Cell vectors (bohr) of the grid cell (gtv)
  gtv_a =  0.225625913105, -0.000564064783,  0.000000000000
  gtv_b = -0.000564064783,  0.225625913105,  0.000000000000
  gtv_c =  0.000000000000,  0.000000000000,  0.225256737636
  |gtv_a| =  0.225626618185
  |gtv_b| =  0.225626618185
  |gtv_c| =  0.225256737636
Num. of grids overlapping with atom    1 = 125175
Num. of grids overlapping with atom    2 = 125274
Num. of grids overlapping with atom    3 = 125115
Num. of grids overlapping with atom    4 = 125115

*******************************************************
             SCF calculation at MD =15                
*******************************************************

<MD=15>  Calculation of the overlap matrix
<MD=15>  Calculation of the nonlocal matrix
<MD=15>  Calculation of the VNA projector matrix

******************* MD=15  SCF= 1 *******************
<Restart>  Found restart files
<Poisson>  Poisson's equation using FFT...
<Band>  Solving the eigenvalue problem...
 KGrids1:  -0.45833  -0.37500  -0.29167  -0.20833  -0.12500  -0.04167   0.04167   0.12500   0.20833   0.29167   0.37500   0.45833 
 KGrids2:  -0.45833  -0.37500  -0.29167  -0.20833  -0.12500  -0.04167   0.04167   0.12500   0.20833   0.29167   0.37500   0.45833 
 KGrids3:  -0.47500  -0.42500  -0.37500  -0.32500  -0.27500  -0.22500  -0.17500  -0.12500  -0.07500  -0.02500   0.02500   0.07500   0.12500   0.17500   0.22500   0.27500   0.32500   0.37500   0.42500   0.47500 
<Band_DFT>  Eigen, time=0.749751
<Band_DFT>  DM, time=2.041441
    1   Sn  MulP   6.9999  6.9999 sum  13.9997
    2   Sn  MulP   7.0004  7.0004 sum  14.0009
    3   Sn  MulP   6.9999  6.9999 sum  13.9997
    4   Sn  MulP   6.9999  6.9999 sum  13.9997
 Sum of MulP: up   =    28.00000 down          =    28.00000
              total=    56.00000 ideal(neutral)=    56.00000
<DFT>  Total Spin Moment (muB) =  0.000000000000
<DFT>  Mixing_weight= 0.400000000000
<DFT>  Uele   =  -42.211564391615  dUele     =   1.000000000000
<DFT>  NormRD =    1.000000000000  Criterion =   0.000000100000

******************* MD=15  SCF= 2 *******************
<Poisson>  Poisson's equation using FFT...
<Set_Hamiltonian>  Hamiltonian matrix for VNA+dVH+Vxc...
<Band>  Solving the eigenvalue problem...
 KGrids1:  -0.45833  -0.37500  -0.29167  -0.20833  -0.12500  -0.04167   0.04167   0.12500   0.20833   0.29167   0.37500   0.45833 
 KGrids2:  -0.45833  -0.37500  -0.29167  -0.20833  -0.12500  -0.04167   0.04167   0.12500   0.20833   0.29167   0.37500   0.45833 
 KGrids3:  -0.47500  -0.42500  -0.37500  -0.32500  -0.27500  -0.22500  -0.17500  -0.12500  -0.07500  -0.02500   0.02500   0.07500   0.12500   0.17500   0.22500   0.27500   0.32500   0.37500   0.42500   0.47500 
<Band_DFT>  Eigen, time=0.751481
<Band_DFT>  DM, time=2.029313
    1   Sn  MulP   6.9999  6.9999 sum  13.9997
    2   Sn  MulP   7.0004  7.0004 sum  14.0009
    3   Sn  MulP   6.9999  6.9999 sum  13.9997
    4   Sn  MulP   6.9999  6.9999 sum  13.9997
 Sum of MulP: up   =    28.00000 down          =    28.00000
              total=    56.00000 ideal(neutral)=    56.00000
<DFT>  Total Spin Moment (muB) =  0.000000000000
<DFT>  Mixing_weight= 0.400000000000
<DFT>  Uele   =  -42.211565147849  dUele     =   0.000000756235
<DFT>  NormRD =    0.000122943343  Criterion =   0.000000100000

******************* MD=15  SCF= 3 *******************
<Poisson>  Poisson's equation using FFT...
<Set_Hamiltonian>  Hamiltonian matrix for VNA+dVH+Vxc...
<Band>  Solving the eigenvalue problem...
 KGrids1:  -0.45833  -0.37500  -0.29167  -0.20833  -0.12500  -0.04167   0.04167   0.12500   0.20833   0.29167   0.37500   0.45833 
 KGrids2:  -0.45833  -0.37500  -0.29167  -0.20833  -0.12500  -0.04167   0.04167   0.12500   0.20833   0.29167   0.37500   0.45833 
 KGrids3:  -0.47500  -0.42500  -0.37500  -0.32500  -0.27500  -0.22500  -0.17500  -0.12500  -0.07500  -0.02500   0.02500   0.07500   0.12500   0.17500   0.22500   0.27500   0.32500   0.37500   0.42500   0.47500 
<Band_DFT>  Eigen, time=0.740274
<Band_DFT>  DM, time=1.971704
    1   Sn  MulP   6.9999  6.9999 sum  13.9997
    2   Sn  MulP   7.0004  7.0004 sum  14.0009
    3   Sn  MulP   6.9999  6.9999 sum  13.9997
    4   Sn  MulP   6.9999  6.9999 sum  13.9997
 Sum of MulP: up   =    28.00000 down          =    28.00000
              total=    56.00000 ideal(neutral)=    56.00000
<DFT>  Total Spin Moment (muB) =  0.000000000000
<DFT>  Mixing_weight= 0.040000000000
<DFT>  Uele   =  -42.211565557550  dUele     =   0.000000409700
<DFT>  NormRD =    0.000082772149  Criterion =   0.000000100000

******************* MD=15  SCF= 4 *******************
<Poisson>  Poisson's equation using FFT...
<Set_Hamiltonian>  Hamiltonian matrix for VNA+dVH+Vxc...
<Band>  Solving the eigenvalue problem...
 KGrids1:  -0.45833  -0.37500  -0.29167  -0.20833  -0.12500  -0.04167   0.04167   0.12500   0.20833   0.29167   0.37500   0.45833 
 KGrids2:  -0.45833  -0.37500  -0.29167  -0.20833  -0.12500  -0.04167   0.04167   0.12500   0.20833   0.29167   0.37500   0.45833 
 KGrids3:  -0.47500  -0.42500  -0.37500  -0.32500  -0.27500  -0.22500  -0.17500  -0.12500  -0.07500  -0.02500   0.02500   0.07500   0.12500   0.17500   0.22500   0.27500   0.32500   0.37500   0.42500   0.47500 
<Band_DFT>  Eigen, time=0.740551
<Band_DFT>  DM, time=2.032984
    1   Sn  MulP   6.9999  6.9999 sum  13.9997
    2   Sn  MulP   7.0004  7.0004 sum  14.0009
    3   Sn  MulP   6.9999  6.9999 sum  13.9997
    4   Sn  MulP   6.9999  6.9999 sum  13.9997
 Sum of MulP: up   =    28.00000 down          =    28.00000
              total=    56.00000 ideal(neutral)=    56.00000
<DFT>  Total Spin Moment (muB) =  0.000000000000
<DFT>  Mixing_weight= 0.040000000000
<DFT>  Uele   =  -42.211565585600  dUele     =   0.000000028050
<DFT>  NormRD =    0.000008138482  Criterion =   0.000000100000
<MD=15>  Force calculation
  Force calculation #1
  Force calculation #2
  Force calculation #3
  Force calculation #4
  Force calculation #5
  Stress calculation #1
  Stress calculation #2
  Stress calculation #3
  Stress calculation #4
  Stress calculation #5
<MD=15>  Total Energy
  Force calculation #6
  Force calculation #7

*******************************************************
                  Dipole moment (Debye)                 
*******************************************************

 Absolute D      519.29134366

                      Dx                Dy                Dz
 Total           -361.23391187     -361.23362361      -93.18706822
 Core             400.43527099      400.43534326      324.63344006
 Electron        -761.66918286     -761.66896687     -417.82050828
 Back ground       -0.00000000       -0.00000000       -0.00000000

*******************************************************
               Stress tensor (Hartree/bohr^3)            
*******************************************************

      -0.00000094       -0.00000290        0.00000000 
      -0.00000290       -0.00000094        0.00000000 
       0.00000000        0.00000000        0.00000126 

*******************************************************
                Total Energy (Hartree) at MD =15        
*******************************************************

  Uele  =     -42.211565585600

  Ukin  =     203.438686040629
  UH0   =   -2703.960917697777
  UH1   =       0.004897819355
  Una   =    -149.421035609947
  Unl   =     -47.913308140767
  Uxc0  =     -25.237147515972
  Uxc1  =     -25.237147515972
  Ucore =    2464.168649334447
  Uhub  =       0.000000000000
  Ucs   =       0.000000000000
  Uzs   =       0.000000000000
  Uzo   =       0.000000000000
  Uef   =       0.000000000000
  UvdW  =       0.000000000000
  Uch   =       0.000000000000
  Utot  =    -284.157323286005

  UpV   =       0.000000000000
  Enpy  =    -284.157323286005
  Note:

  Uele:   band energy
  Ukin:   kinetic energy
  UH0:    electric part of screened Coulomb energy
  UH1:    difference electron-electron Coulomb energy
  Una:    neutral atom potential energy
  Unl:    non-local potential energy
  Uxc0:   exchange-correlation energy for alpha spin
  Uxc1:   exchange-correlation energy for beta spin
  Ucore:  core-core Coulomb energy
  Uhub:   LDA+U energy
  Ucs:    constraint energy for spin orientation
  Uzs:    Zeeman term for spin magnetic moment
  Uzo:    Zeeman term for orbital magnetic moment
  Uef:    electric energy by electric field
  UvdW:   semi-empirical vdW energy 
  Uch:    penalty term to create a core hole
  UpV:    pressure times volume
  Enpy:   Enthalpy = Utot + UpV
  (see also PRB 72, 045121(2005) for the energy contributions)


*******************************************************
           Computational times (s) at MD =15            
*******************************************************

  DFT in total      =   22.01362

  Set_OLP_Kin       =    0.70612
  Set_Nonlocal      =    0.93995
  Set_ProExpn_VNA   =    2.67504
  Set_Hamiltonian   =    0.97463
  Poisson           =    0.00066
  diagonalization   =   11.28580
  Mixing_DM         =    0.00325
  Force             =    2.15171
  Total_Energy      =    0.43183
  Set_Aden_Grid     =    0.13426
  Set_Orbitals_Grid =    0.09834
  Set_Density_Grid  =    0.39105
  RestartFileDFT    =    0.04499
  Mulliken_Charge   =    0.00076
  FFT(2D)_Density   =    0.00135

The SCF was achieved at MD=  15

*******************************************************
             MD or geometry opt. at MD =15              
*******************************************************


The geometry optimization was achieved.
<BFGS>  |Maximum force| (Hartree/Bohr) = 0.000003230153
<BFGS>  Criterion       (Hartree/Bohr) = 0.000100000000

     atom=   1, XYZ(ang) Fxyz(a.u.)=   0.0000   -0.0000   -0.0000    -0.0000   -0.0000   -0.0000
     atom=   2, XYZ(ang) Fxyz(a.u.)=   2.9774    2.9774    1.6092    -0.0000   -0.0000   -0.0000
     atom=   3, XYZ(ang) Fxyz(a.u.)=  -0.0075    2.9849    0.8282     0.0000    0.0000   -0.0000
     atom=   4, XYZ(ang) Fxyz(a.u.)=   2.9849   -0.0075    2.3902    -0.0000    0.0000    0.0000

outputting data on grids to files...


***********************************************************
***********************************************************
               Computational Time (second)                 
***********************************************************
***********************************************************

                               Min_ID   Min_Time       Max_ID   Max_Time
   Total Computational Time =     2      471.903          0      471.916
   readfile                 =     3        2.525          0        2.530
   truncation               =    11        2.356          2        2.702
   MD_pac                   =     0        0.003         15        0.004
   OutData                  =     8        0.000          0        0.007
   DFT                      =     2      466.661         11      467.007

*** In DFT ***

   Set_OLP_Kin              =    11        0.458          2       12.056
   Set_Nonlocal             =     2       18.114         11       29.712
   Set_ProExpn_VNA          =     7       15.275          0       43.975
   Set_Hamiltonian          =     2       27.332         14       27.332
   Poisson                  =    10        0.023         14        0.023
   Diagonalization          =     0      286.187          2      286.189
   Mixing_DM                =     3        0.086         10        0.086
   Force                    =     1       31.708          8       31.708
   Total_Energy             =     1        5.988          0        5.990
   Set_Aden_Grid            =     0        0.467          7       29.154
   Set_Orbitals_Grid        =     8        0.000          2        1.725
   Set_Density_Grid         =     5        9.966          1        9.980
   RestartFileDFT           =     6        0.041         15        1.568
   Mulliken_Charge          =    13        0.018          0        0.018
   FFT(2D)_Density          =     8        0.035         15        0.035
   Others                   =     2       28.736          6       31.021

The calculation was normally finished.
